{
 "features": [
  {
   "geometry": {
    "coordinates": [
     [
      [
       19.957416,
       50.053976
      ],
      [
       19.957493,
       50.053963
      ],
      [
       19.957578,
       50.053948
      ],
      [
       19.957536,
       50.053846
      ],
      [
       19.957375,
       50.053873
      ],
      [
       19.957416,
       50.053976
      ]
     ]
    ],
    "type": "Polygon"
   },
   "id": 1,
   "properties": {
    "ADRES": "",
    "ATRYBUTY_O": "",
    "BUDOWNICZY": "",
    "CHARAKTER": "",
    "DATA_WPISU": null,
    "DATA_WZNIE": "",
    "DZIELNICA": "",
    "FID": 1,
    "FUNKCJA_OB": "",
    "FUNKCJA_PI": "",
    "GDB_AREA": 140.03,
    "GDB_PRM": 47.34,
    "GDB_PRMEX": 47.34,
    "GPT_DATE": null,
    "GPT_USER": "",
    "ID": 31816,
    "IDENT_OBIE": "126105_9.0017.236/53.1_BUD",
    "ID_ISDP": 0,
    "ID_SPRAWY": 80605750,
    "ID_WARSTWY": "eg_budynki",
    "ISDP_FID": "GDB$G_EOZ_ARCHEOLOGIA_EOZ_A.4d9eef0c-e0e9-557a-e055-000000000001",
    "ISTNIEJE": "Tak",
    "KARTA_MAPY": "",
    "LOKALIZACJ": "",
    "MATERIAL": "",
    "NAZWA": "",
    "NUMER": "",
    "NUMER_EWID": "",
    "NUMER_REJ_": "",
    "OBREB": "",
    "REJESTR_TA": "EW_ARCHEOLOGIA",
    "RODZAJE_ZA": "",
    "RODZAJ_OBI": "",
    "RODZAJ_WLA": "",
    "STAN_ZACHO": "",
    "STATUS": "",
    "STYL_OBIEK": "",
    "SYMBOL_EWI": "",
    "SYMBOL_REJ": "",
    "Shape__Area": 339.271484375,
    "Shape__Length": 73.68603819154237,
    "UWAGI": "",
    "WIEK_CZ_PO": "",
    "WIEK_POWST": "",
    "WYDRUK_LIN": "",
    "ZAJETA_NA_": 0,
    "ZALACZNIKI": "",
    "ZDJECIE_1": "",
    "ZDJECIE_2": "",
    "ZDJECIE_3": "",
    "ZDJECIE_4": "",
    "ZDJECIE_5": "",
    "ZDJECIE_6": "",
    "ZDJECIE_7": "",
    "ZDJECIE_8": "",
    "ZWERYFIKOW": "Nie",
    "ZWIAZANA_Z": 0
   },
   "type": "Feature"
  },
  {
   "geometry": {
    "coordinates": [
     [
      [
       19.958,
       50.053611
      ],
      [
       19.957816,
       50.053617
      ],
      [
       19.957707,
       50.053634
      ],
      [
       19.957762,
       50.053778
      ],
      [
       19.957978,
       50.053763
      ],
      [
       19.958002,
       50.053761
      ],
      [
       19.958,
       50.053611
      ]
     ]
    ],
    "type": "Polygon"
   },
   "id": 2,
   "properties": {
    "ADRES": "",
    "ATRYBUTY_O": "",
    "BUDOWNICZY": "",
    "CHARAKTER": "",
    "DATA_WPISU": null,
    "DATA_WZNIE": "",
    "DZIELNICA": "",
    "FID": 2,
    "FUNKCJA_OB": "",
    "FUNKCJA_PI": "",
    "GDB_AREA": 327.07,
    "GDB_PRM": 71.71,
    "GDB_PRMEX": 71.71,
    "GPT_DATE": null,
    "GPT_USER": "",
    "ID": 31818,
    "IDENT_OBIE": "126105_9.0017.236/46",
    "ID_ISDP": 0,
    "ID_SPRAWY": 80605750,
    "ID_WARSTWY": "eg_dzialki",
    "ISDP_FID": "GDB$G_EOZ_ARCHEOLOGIA_EOZ_A.4d9eef0c-e0ea-557a-e055-000000000001",
    "ISTNIEJE": "Tak",
    "KARTA_MAPY": "",
    "LOKALIZACJ": "",
    "MATERIAL": "",
    "NAZWA": "",
    "NUMER": "",
    "NUMER_EWID": "",
    "NUMER_REJ_": "",
    "OBREB": "",
    "REJESTR_TA": "EW_ARCHEOLOGIA",
    "RODZAJE_ZA": "",
    "RODZAJ_OBI": "",
    "RODZAJ_WLA": "",
    "STAN_ZACHO": "",
    "STATUS": "",
    "STYL_OBIEK": "",
    "SYMBOL_EWI": "",
    "SYMBOL_REJ": "",
    "Shape__Area": 792.453125,
    "Shape__Length": 111.61098454758633,
    "UWAGI": "",
    "WIEK_CZ_PO": "",
    "WIEK_POWST": "",
    "WYDRUK_LIN": "",
    "ZAJETA_NA_": 0,
    "ZALACZNIKI": "",
    "ZDJECIE_1": "",
    "ZDJECIE_2": "",
    "ZDJECIE_3": "",
    "ZDJECIE_4": "",
    "ZDJECIE_5": "",
    "ZDJECIE_6": "",
    "ZDJECIE_7": "",
    "ZDJECIE_8": "",
    "ZWERYFIKOW": "Nie",
    "ZWIAZANA_Z": 0
   },
   "type": "Feature"
  },
  {
   "geometry": {
    "coordinates": [
     [
      [
       19.957416,
       50.053976
      ],
      [
       19.957493,
       50.053963
      ],
      [
       19.957578,
       50.053948
      ],
      [
       19.957536,
       50.053846
      ],
      [
       19.957375,
       50.053873
      ],
      [
       19.957416,
       50.053976
      ]
     ]
    ],
    "type": "Polygon"
   },
   "id": 3,
   "properties": {
    "ADRES": "",
    "ATRYBUTY_O": "",
    "BUDOWNICZY": "",
    "CHARAKTER": "",
    "DATA_WPISU": null,
    "DATA_WZNIE": "",
    "DZIELNICA": "",
    "FID": 3,
    "FUNKCJA_OB": "",
    "FUNKCJA_PI": "",
    "GDB_AREA": 140.03,
    "GDB_PRM": 47.34,
    "GDB_PRMEX": 47.34,
    "GPT_DATE": null,
    "GPT_USER": "",
    "ID": 31821,
    "IDENT_OBIE": "126105_9.0017.236/53.1_BUD",
    "ID_ISDP": 0,
    "ID_SPRAWY": 80605750,
    "ID_WARSTWY": "eg_budynki",
    "ISDP_FID": "GDB$G_EOZ_ARCHEOLOGIA_EOZ_A.4d9eef0c-e0eb-557a-e055-000000000001",
    "ISTNIEJE": "Tak",
    "KARTA_MAPY": "",
    "LOKALIZACJ": "",
    "MATERIAL": "",
    "NAZWA": "",
    "NUMER": "",
    "NUMER_EWID": "",
    "NUMER_REJ_": "",
    "OBREB": "",
    "REJESTR_TA": "EW_ARCHEOLOGIA",
    "RODZAJE_ZA": "",
    "RODZAJ_OBI": "",
    "RODZAJ_WLA": "",
    "STAN_ZACHO": "",
    "STATUS": "",
    "STYL_OBIEK": "",
    "SYMBOL_EWI": "",
    "SYMBOL_REJ": "",
    "Shape__Area": 339.271484375,
    "Shape__Length": 73.68603819154237,
    "UWAGI": "",
    "WIEK_CZ_PO": "",
    "WIEK_POWST": "",
    "WYDRUK_LIN": "",
    "ZAJETA_NA_": 0,
    "ZALACZNIKI": "",
    "ZDJECIE_1": "",
    "ZDJECIE_2": "",
    "ZDJECIE_3": "",
    "ZDJECIE_4": "",
    "ZDJECIE_5": "",
    "ZDJECIE_6": "",
    "ZDJECIE_7": "",
    "ZDJECIE_8": "",
    "ZWERYFIKOW": "Nie",
    "ZWIAZANA_Z": 0
   },
   "type": "Feature"
  },
  {
   "geometry": {
    "coordinates": [
     [
      [
       19.936643,
       50.060917
      ],
      [
       19.936767,
       50.060877
      ],
      [
       19.9368,
       50.060866
      ],
      [
       19.936914,
       50.060829
      ],
      [
       19.936913,
       50.060828
      ],
      [
       19.936804,
       50.060703
      ],
      [
       19.936809,
       50.060701
      ],
      [
       19.936763,
       50.060654
      ],
      [
       19.936675,
       50.060532
      ],
      [
       19.936648,
       50.060488
      ],
      [
       19.93638,
       50.060514
      ],
      [
       19.936382,
       50.06052
      ],
      [
       19.936395,
       50.060562
      ],
      [
       19.936399,
       50.060573
      ],
      [
       19.936413,
       50.060594
      ],
      [
       19.936417,
       50.060594
      ],
      [
       19.93644,
       50.06063
      ],
      [
       19.936442,
       50.06063
      ],
      [
       19.936468,
       50.060672
      ],
      [
       19.936509,
       50.060734
      ],
      [
       19.936528,
       50.060761
      ],
      [
       19.936548,
       50.060789
      ],
      [
       19.936569,
       50.060817
      ],
      [
       19.936564,
       50.060819
      ],
      [
       19.936624,
       50.060895
      ],
      [
       19.936643,
       50.060917
      ]
     ]
    ],
    "type": "Polygon"
   },
   "id": 4,
   "properties": {
    "ADRES": "",
    "ATRYBUTY_O": "",
    "BUDOWNICZY": "",
    "CHARAKTER": "",
    "DATA_WPISU": null,
    "DATA_WZNIE": "",
    "DZIELNICA": "",
    "FID": 4,
    "FUNKCJA_OB": "",
    "FUNKCJA_PI": "",
    "GDB_AREA": 935.31,
    "GDB_PRM": 133.42,
    "GDB_PRMEX": 133.42,
    "GPT_DATE": null,
    "GPT_USER": "",
    "ID": 31823,
    "IDENT_OBIE": "",
    "ID_ISDP": 0,
    "ID_SPRAWY": 80605750,
    "ID_WARSTWY": "eg_dzialki",
    "ISDP_FID": "GDB$G_EOZ_ARCHEOLOGIA_EOZ_A.4d9eef0c-e0ec-557a-e055-000000000001",
    "ISTNIEJE": "Tak",
    "KARTA_MAPY": "",
    "LOKALIZACJ": "",
    "MATERIAL": "",
    "NAZWA": "",
    "NUMER": "",
    "NUMER_EWID": "",
    "NUMER_REJ_": "",
    "OBREB": "",
    "REJESTR_TA": "EW_ARCHEOLOGIA",
    "RODZAJE_ZA": "",
    "RODZAJ_OBI": "",
    "RODZAJ_WLA": "",
    "STAN_ZACHO": "",
    "STATUS": "",
    "STYL_OBIEK": "",
    "SYMBOL_EWI": "",
    "SYMBOL_REJ": "",
    "Shape__Area": 2266.8046875,
    "Shape__Length": 207.7614365914373,
    "UWAGI": "",
    "WIEK_CZ_PO": "",
    "WIEK_POWST": "",
    "WYDRUK_LIN": "",
    "ZAJETA_NA_": 1,
    "ZALACZNIKI": "",
    "ZDJECIE_1": "",
    "ZDJECIE_2": "",
    "ZDJECIE_3": "",
    "ZDJECIE_4": "",
    "ZDJECIE_5": "",
    "ZDJECIE_6": "",
    "ZDJECIE_7": "",
    "ZDJECIE_8": "",
    "ZWERYFIKOW": "Nie",
    "ZWIAZANA_Z": 0
   },
   "type": "Feature"
  },
  {
   "geometry": {
    "coordinates": [
     [
      [
       19.956726,
       50.053976
      ],
      [
       19.956737,
       50.053975
      ],
      [
       19.957026,
       50.053928
      ],
      [
       19.956991,
       50.05383
      ],
      [
       19.956936,
       50.053838
      ],
      [
       19.956948,
       50.05387
      ],
      [
       19.956834,
       50.053889
      ],
      [
       19.956841,
       50.053906
      ],
      [
       19.956708,
       50.053928
      ],
      [
       19.956726,
       50.053976
      ]
     ]
    ],
    "type": "Polygon"
   },
   "id": 5,
   "properties": {
    "ADRES": "",
    "ATRYBUTY_O": "",
    "BUDOWNICZY": "",
    "CHARAKTER": "",
    "DATA_WPISU": null,
    "DATA_WZNIE": "",
    "DZIELNICA": "",
    "FID": 5,
    "FUNKCJA_OB": "",
    "FUNKCJA_PI": "",
    "GDB_AREA": 163.33,
    "GDB_PRM": 66.8,
    "GDB_PRMEX": 66.8,
    "GPT_DATE": null,
    "GPT_USER": "",
    "ID": 31817,
    "IDENT_OBIE": "126105_9.0017.236/16.2_BUD",
    "ID_ISDP": 0,
    "ID_SPRAWY": 80605750,
    "ID_WARSTWY": "eg_budynki",
    "ISDP_FID": "GDB$G_EOZ_ARCHEOLOGIA_EOZ_A.4d9eef0c-e0ed-557a-e055-000000000001",
    "ISTNIEJE": "Tak",
    "KARTA_MAPY": "",
    "LOKALIZACJ": "",
    "MATERIAL": "",
    "NAZWA": "",
    "NUMER": "",
    "NUMER_EWID": "",
    "NUMER_REJ_": "",
    "OBREB": "",
    "REJESTR_TA": "EW_ARCHEOLOGIA",
    "RODZAJE_ZA": "",
    "RODZAJ_OBI": "",
    "RODZAJ_WLA": "",
    "STAN_ZACHO": "",
    "STATUS": "",
    "STYL_OBIEK": "",
    "SYMBOL_EWI": "",
    "SYMBOL_REJ": "",
    "Shape__Area": 395.7353515625,
    "Shape__Length": 103.93239104728627,
    "UWAGI": "",
    "WIEK_CZ_PO": "",
    "WIEK_POWST": "",
    "WYDRUK_LIN": "",
    "ZAJETA_NA_": 0,
    "ZALACZNIKI": "",
    "ZDJECIE_1": "",
    "ZDJECIE_2": "",
    "ZDJECIE_3": "",
    "ZDJECIE_4": "",
    "ZDJECIE_5": "",
    "ZDJECIE_6": "",
    "ZDJECIE_7": "",
    "ZDJECIE_8": "",
    "ZWERYFIKOW": "Nie",
    "ZWIAZANA_Z": 0
   },
   "type": "Feature"
  },
  {
   "geometry": {
    "coordinates": [
     [
      [
       19.958,
       50.053611
      ],
      [
       19.957816,
       50.053617
      ],
      [
       19.957707,
       50.053634
      ],
      [
       19.957762,
       50.053778
      ],
      [
       19.957978,
       50.053763
      ],
      [
       19.958002,
       50.053761
      ],
      [
       19.958,
       50.053611
      ]
     ]
    ],
    "type": "Polygon"
   },
   "id": 6,
   "properties": {
    "ADRES": "",
    "ATRYBUTY_O": "",
    "BUDOWNICZY": "",
    "CHARAKTER": "",
    "DATA_WPISU": null,
    "DATA_WZNIE": "",
    "DZIELNICA": "",
    "FID": 6,
    "FUNKCJA_OB": "",
    "FUNKCJA_PI": "",
    "GDB_AREA": 327.07,
    "GDB_PRM": 71.71,
    "GDB_PRMEX": 71.71,
    "GPT_DATE": null,
    "GPT_USER": "",
    "ID": 31819,
    "IDENT_OBIE": "126105_9.0017.236/46",
    "ID_ISDP": 0,
    "ID_SPRAWY": 80605750,
    "ID_WARSTWY": "eg_dzialki",
    "ISDP_FID": "GDB$G_EOZ_ARCHEOLOGIA_EOZ_A.4d9eef0c-e0ee-557a-e055-000000000001",
    "ISTNIEJE": "Tak",
    "KARTA_MAPY": "",
    "LOKALIZACJ": "",
    "MATERIAL": "",
    "NAZWA": "",
    "NUMER": "",
    "NUMER_EWID": "",
    "NUMER_REJ_": "",
    "OBREB": "",
    "REJESTR_TA": "EW_ARCHEOLOGIA",
    "RODZAJE_ZA": "",
    "RODZAJ_OBI": "",
    "RODZAJ_WLA": "",
    "STAN_ZACHO": "",
    "STATUS": "",
    "STYL_OBIEK": "",
    "SYMBOL_EWI": "",
    "SYMBOL_REJ": "",
    "Shape__Area": 792.453125,
    "Shape__Length": 111.61098454758633,
    "UWAGI": "",
    "WIEK_CZ_PO": "",
    "WIEK_POWST": "",
    "WYDRUK_LIN": "",
    "ZAJETA_NA_": 0,
    "ZALACZNIKI": "",
    "ZDJECIE_1": "",
    "ZDJECIE_2": "",
    "ZDJECIE_3": "",
    "ZDJECIE_4": "",
    "ZDJECIE_5": "",
    "ZDJECIE_6": "",
    "ZDJECIE_7": "",
    "ZDJECIE_8": "",
    "ZWERYFIKOW": "Nie",
    "ZWIAZANA_Z": 0
   },
   "type": "Feature"
  },
  {
   "geometry": {
    "coordinates": [
     [
      [
       19.956726,
       50.053976
      ],
      [
       19.956737,
       50.053975
      ],
      [
       19.957026,
       50.053928
      ],
      [
       19.956991,
       50.05383
      ],
      [
       19.956936,
       50.053838
      ],
      [
       19.956948,
       50.05387
      ],
      [
       19.956834,
       50.053889
      ],
      [
       19.956841,
       50.053906
      ],
      [
       19.956708,
       50.053928
      ],
      [
       19.956726,
       50.053976
      ]
     ]
    ],
    "type": "Polygon"
   },
   "id": 7,
   "properties": {
    "ADRES": "",
    "ATRYBUTY_O": "",
    "BUDOWNICZY": "",
    "CHARAKTER": "",
    "DATA_WPISU": null,
    "DATA_WZNIE": "",
    "DZIELNICA": "",
    "FID": 7,
    "FUNKCJA_OB": "",
    "FUNKCJA_PI": "",
    "GDB_AREA": 163.33,
    "GDB_PRM": 66.8,
    "GDB_PRMEX": 66.8,
    "GPT_DATE": null,
    "GPT_USER": "",
    "ID": 31820,
    "IDENT_OBIE": "126105_9.0017.236/16.2_BUD",
    "ID_ISDP": 0,
    "ID_SPRAWY": 80605750,
    "ID_WARSTWY": "eg_budynki",
    "ISDP_FID": "GDB$G_EOZ_ARCHEOLOGIA_EOZ_A.4d9eef0c-e0ef-557a-e055-000000000001",
    "ISTNIEJE": "Tak",
    "KARTA_MAPY": "",
    "LOKALIZACJ": "",
    "MATERIAL": "",
    "NAZWA": "",
    "NUMER": "",
    "NUMER_EWID": "",
    "NUMER_REJ_": "",
    "OBREB": "",
    "REJESTR_TA": "EW_ARCHEOLOGIA",
    "RODZAJE_ZA": "",
    "RODZAJ_OBI": "",
    "RODZAJ_WLA": "",
    "STAN_ZACHO": "",
    "STATUS": "",
    "STYL_OBIEK": "",
    "SYMBOL_EWI": "",
    "SYMBOL_REJ": "",
    "Shape__Area": 395.7353515625,
    "Shape__Length": 103.93239104728627,
    "UWAGI": "",
    "WIEK_CZ_PO": "",
    "WIEK_POWST": "",
    "WYDRUK_LIN": "",
    "ZAJETA_NA_": 0,
    "ZALACZNIKI": "",
    "ZDJECIE_1": "",
    "ZDJECIE_2": "",
    "ZDJECIE_3": "",
    "ZDJECIE_4": "",
    "ZDJECIE_5": "",
    "ZDJECIE_6": "",
    "ZDJECIE_7": "",
    "ZDJECIE_8": "",
    "ZWERYFIKOW": "Nie",
    "ZWIAZANA_Z": 0
   },
   "type": "Feature"
  },
  {
   "geometry": {
    "coordinates": [
     [
      [
       19.936643,
       50.060917
      ],
      [
       19.936767,
       50.060877
      ],
      [
       19.9368,
       50.060866
      ],
      [
       19.936914,
       50.060829
      ],
      [
       19.936913,
       50.060828
      ],
      [
       19.936804,
       50.060703
      ],
      [
       19.936809,
       50.060701
      ],
      [
       19.936763,
       50.060654
      ],
      [
       19.936675,
       50.060532
      ],
      [
       19.936648,
       50.060488
      ],
      [
       19.93638,
       50.060514
      ],
      [
       19.936382,
       50.06052
      ],
      [
       19.936395,
       50.060562
      ],
      [
       19.936399,
       50.060573
      ],
      [
       19.936413,
       50.060594
      ],
      [
       19.936417,
       50.060594
      ],
      [
       19.93644,
       50.06063
      ],
      [
       19.936442,
       50.06063
      ],
      [
       19.936468,
       50.060672
      ],
      [
       19.936509,
       50.060734
      ],
      [
       19.936528,
       50.060761
      ],
      [
       19.936548,
       50.060789
      ],
      [
       19.936569,
       50.060817
      ],
      [
       19.936564,
       50.060819
      ],
      [
       19.936624,
       50.060895
      ],
      [
       19.936643,
       50.060917
      ]
     ]
    ],
    "type": "Polygon"
   },
   "id": 8,
   "properties": {
    "ADRES": "",
    "ATRYBUTY_O": "",
    "BUDOWNICZY": "",
    "CHARAKTER": "",
    "DATA_WPISU": null,
    "DATA_WZNIE": "",
    "DZIELNICA": "",
    "FID": 8,
    "FUNKCJA_OB": "",
    "FUNKCJA_PI": "",
    "GDB_AREA": 935.31,
    "GDB_PRM": 133.42,
    "GDB_PRMEX": 133.42,
    "GPT_DATE": null,
    "GPT_USER": "",
    "ID": 31822,
    "IDENT_OBIE": "",
    "ID_ISDP": 0,
    "ID_SPRAWY": 80605750,
    "ID_WARSTWY": "eg_dzialki",
    "ISDP_FID": "GDB$G_EOZ_ARCHEOLOGIA_EOZ_A.4d9eef0c-e0f0-557a-e055-000000000001",
    "ISTNIEJE": "Tak",
    "KARTA_MAPY": "",
    "LOKALIZACJ": "",
    "MATERIAL": "",
    "NAZWA": "",
    "NUMER": "",
    "NUMER_EWID": "",
    "NUMER_REJ_": "",
    "OBREB": "",
    "REJESTR_TA": "EW_ARCHEOLOGIA",
    "RODZAJE_ZA": "",
    "RODZAJ_OBI": "",
    "RODZAJ_WLA": "",
    "STAN_ZACHO": "",
    "STATUS": "",
    "STYL_OBIEK": "",
    "SYMBOL_EWI": "",
    "SYMBOL_REJ": "",
    "Shape__Area": 2266.8046875,
    "Shape__Length": 207.7614365914373,
    "UWAGI": "",
    "WIEK_CZ_PO": "",
    "WIEK_POWST": "",
    "WYDRUK_LIN": "",
    "ZAJETA_NA_": 1,
    "ZALACZNIKI": "",
    "ZDJECIE_1": "",
    "ZDJECIE_2": "",
    "ZDJECIE_3": "",
    "ZDJECIE_4": "",
    "ZDJECIE_5": "",
    "ZDJECIE_6": "",
    "ZDJECIE_7": "",
    "ZDJECIE_8": "",
    "ZWERYFIKOW": "Nie",
    "ZWIAZANA_Z": 0
   },
   "type": "Feature"
  },
  {
   "geometry": {
    "coordinates": [
     [
      [
       19.87769,
       50.05282
      ],
      [
       19.877633,
       50.052929
      ],
      [
       19.877684,
       50.053027
      ],
      [
       19.877776,
       50.053055
      ],
      [
       19.878064,
       50.053087
      ],
      [
       19.878424,
       50.053093
      ],
      [
       19.878656,
       50.053012
      ],
      [
       19.878763,
       50.052937
      ],
      [
       19.878674,
       50.052809
      ],
      [
       19.878359,
       50.052747
      ],
      [
       19.877932,
       50.052757
      ],
      [
       19.87769,
       50.05282
      ]
     ]
    ],
    "type": "Polygon"
   },
   "id": 9,
   "properties": {
    "ADRES": "",
    "ATRYBUTY_O": "Nr stanowiska: 120",
    "BUDOWNICZY": "",
    "CHARAKTER": "",
    "DATA_WPISU": null,
    "DATA_WZNIE": "",
    "DZIELNICA": "",
    "FID": 9,
    "FUNKCJA_OB": "",
    "FUNKCJA_PI": "",
    "GDB_AREA": 2470.78,
    "GDB_PRM": 196.98,
    "GDB_PRMEX": 196.98,
    "GPT_DATE": null,
    "GPT_USER": "",
    "ID": 31265,
    "IDENT_OBIE": "67850499",
    "ID_ISDP": 0,
    "ID_SPRAWY": 80579299,
    "ID_WARSTWY": "F19_STAN_ARCH",
    "ISDP_FID": "GDB$G_EOZ_ARCHEOLOGIA_EOZ_A.4d9eef0c-e241-557a-e055-000000000001",
    "ISTNIEJE": "",
    "KARTA_MAPY": "",
    "LOKALIZACJ": "",
    "MATERIAL": "",
    "NAZWA": "",
    "NUMER": "",
    "NUMER_EWID": "",
    "NUMER_REJ_": "",
    "OBREB": "",
    "REJESTR_TA": "EW_ARCHEOLOGIA",
    "RODZAJE_ZA": "",
    "RODZAJ_OBI": "",
    "RODZAJ_WLA": "",
    "STAN_ZACHO": "",
    "STATUS": "",
    "STYL_OBIEK": "",
    "SYMBOL_EWI": "",
    "SYMBOL_REJ": "",
    "Shape__Area": 5986.1455078125,
    "Shape__Length": 306.41000712816555,
    "UWAGI": "",
    "WIEK_CZ_PO": "",
    "WIEK_POWST": "",
    "WYDRUK_LIN": "",
    "ZAJETA_NA_": 1,
    "ZALACZNIKI": "http://172.16.11.22:8085/SOWA2-services/doc/print/65346849/0120.pdf",
    "ZDJECIE_1": "",
    "ZDJECIE_2": "",
    "ZDJECIE_3": "",
    "ZDJECIE_4": "",
    "ZDJECIE_5": "",
    "ZDJECIE_6": "",
    "ZDJECIE_7": "",
    "ZDJECIE_8": "",
    "ZWERYFIKOW": "",
    "ZWIAZANA_Z": 0
   },
   "type": "Feature"
  },
  {
   "geometry": {
    "coordinates": [
     [
      [
       19.873372,
       50.052167
      ],
      [
       19.87329,
       50.052324
      ],
      [
       19.873378,
       50.052443
      ],
      [
       19.873625,
       50.052532
      ],
      [
       19.87397,
       50.052577
      ],
      [
       19.874301,
       50.052553
      ],
      [
       19.874474,
       50.052485
      ],
      [
       19.874577,
       50.052371
      ],
      [
       19.874542,
       50.05226
      ],
      [
       19.874342,
       50.05214
      ],
      [
       19.873995,
       50.052062
      ],
      [
       19.873646,
       50.052065
      ],
      [
       19.873372,
       50.052167
      ]
     ]
    ],
    "type": "Polygon"
   },
   "id": 10,
   "properties": {
    "ADRES": "",
    "ATRYBUTY_O": "Nr stanowiska: 122",
    "BUDOWNICZY": "",
    "CHARAKTER": "",
    "DATA_WPISU": null,
    "DATA_WZNIE": "",
    "DZIELNICA": "",
    "FID": 10,
    "FUNKCJA_OB": "",
    "FUNKCJA_PI": "",
    "GDB_AREA": 4035.62,
    "GDB_PRM": 237.88,
    "GDB_PRMEX": 237.88,
    "GPT_DATE": null,
    "GPT_USER": "",
    "ID": 31266,
    "IDENT_OBIE": "67850549",
    "ID_ISDP": 0,
    "ID_SPRAWY": 80579399,
    "ID_WARSTWY": "F19_STAN_ARCH",
    "ISDP_FID": "GDB$G_EOZ_ARCHEOLOGIA_EOZ_A.4d9eef0c-e242-557a-e055-000000000001",
    "ISTNIEJE": "",
    "KARTA_MAPY": "",
    "LOKALIZACJ": "",
    "MATERIAL": "",
    "NAZWA": "",
    "NUMER": "",
    "NUMER_EWID": "",
    "NUMER_REJ_": "",
    "OBREB": "",
    "REJESTR_TA": "EW_ARCHEOLOGIA",
    "RODZAJE_ZA": "",
    "RODZAJ_OBI": "",
    "RODZAJ_WLA": "",
    "STAN_ZACHO": "",
    "STATUS": "",
    "STYL_OBIEK": "",
    "SYMBOL_EWI": "",
    "SYMBOL_REJ": "",
    "Shape__Area": 9777.1328125,
    "Shape__Length": 370.0889409388075,
    "UWAGI": "",
    "WIEK_CZ_PO": "",
    "WIEK_POWST": "",
    "WYDRUK_LIN": "",
    "ZAJETA_NA_": 1,
    "ZALACZNIKI": "http://172.16.11.22:8085/SOWA2-services/doc/print/65346899/0122.pdf",
    "ZDJECIE_1": "",
    "ZDJECIE_2": "",
    "ZDJECIE_3": "",
    "ZDJECIE_4": "",
    "ZDJECIE_5": "",
    "ZDJECIE_6": "",
    "ZDJECIE_7": "",
    "ZDJECIE_8": "",
    "ZWERYFIKOW": "",
    "ZWIAZANA_Z": 0
   },
   "type": "Feature"
  },
  {
   "geometry": {
    "coordinates": [
     [
      [
       19.872313,
       50.053502
      ],
      [
       19.872251,
       50.053646
      ],
      [
       19.872255,
       50.053822
      ],
      [
       19.872347,
       50.05396
      ],
      [
       19.872444,
       50.05403
      ],
      [
       19.872629,
       50.054062
      ],
      [
       19.872774,
       50.05403
      ],
      [
       19.872872,
       50.053909
      ],
      [
       19.872889,
       50.053581
      ],
      [
       19.872769,
       50.053468
      ],
      [
       19.872631,
       50.053421
      ],
      [
       19.872462,
       50.053427
      ],
      [
       19.872313,
       50.053502
      ]
     ]
    ],
    "type": "Polygon"
   },
   "id": 11,
   "properties": {
    "ADRES": "",
    "ATRYBUTY_O": "Nr stanowiska: 123",
    "BUDOWNICZY": "",
    "CHARAKTER": "",
    "DATA_WPISU": null,
    "DATA_WZNIE": "",
    "DZIELNICA": "",
    "FID": 11,
    "FUNKCJA_OB": "",
    "FUNKCJA_PI": "",
    "GDB_AREA": 2658.54,
    "GDB_PRM": 191.84,
    "GDB_PRMEX": 191.84,
    "GPT_DATE": null,
    "GPT_USER": "",
    "ID": 31267,
    "IDENT_OBIE": "67850599",
    "ID_ISDP": 0,
    "ID_SPRAWY": 80579449,
    "ID_WARSTWY": "F19_STAN_ARCH",
    "ISDP_FID": "GDB$G_EOZ_ARCHEOLOGIA_EOZ_A.4d9eef0c-e243-557a-e055-000000000001",
    "ISTNIEJE": "",
    "KARTA_MAPY": "",
    "LOKALIZACJ": "",
    "MATERIAL": "",
    "NAZWA": "",
    "NUMER": "",
    "NUMER_EWID": "",
    "NUMER_REJ_": "",
    "OBREB": "",
    "REJESTR_TA": "EW_ARCHEOLOGIA",
    "RODZAJE_ZA": "",
    "RODZAJ_OBI": "",
    "RODZAJ_WLA": "",
    "STAN_ZACHO": "",
    "STATUS": "",
    "STYL_OBIEK": "",
    "SYMBOL_EWI": "",
    "SYMBOL_REJ": "",
    "Shape__Area": 6441.25,
    "Shape__Length": 298.72356306457436,
    "UWAGI": "",
    "WIEK_CZ_PO": "",
    "WIEK_POWST": "",
    "WYDRUK_LIN": "",
    "ZAJETA_NA_": 1,
    "ZALACZNIKI": "http://172.16.11.22:8085/SOWA2-services/doc/print/65346949/0123.pdf",
    "ZDJECIE_1": "",
    "ZDJECIE_2": "",
    "ZDJECIE_3": "",
    "ZDJECIE_4": "",
    "ZDJECIE_5": "",
    "ZDJECIE_6": "",
    "ZDJECIE_7": "",
    "ZDJECIE_8": "",
    "ZWERYFIKOW": "",
    "ZWIAZANA_Z": 0
   },
   "type": "Feature"
  },
  {
   "geometry": {
    "coordinates": [
     [
      [
       19.872923,
       50.05524
      ],
      [
       19.873135,
       50.055337
      ],
      [
       19.873401,
       50.055333
      ],
      [
       19.87349,
       50.055252
      ],
      [
       19.873515,
       50.055114
      ],
      [
       19.873414,
       50.05498
      ],
      [
       19.873175,
       50.054925
      ],
      [
       19.87301,
       50.054955
      ],
      [
       19.87289,
       50.055046
      ],
      [
       19.872895,
       50.05519
      ],
      [
       19.872923,
       50.05524
      ]
     ]
    ],
    "type": "Polygon"
   },
   "id": 12,
   "properties": {
    "ADRES": "",
    "ATRYBUTY_O": "Nr stanowiska: 124",
    "BUDOWNICZY": "",
    "CHARAKTER": "",
    "DATA_WPISU": null,
    "DATA_WZNIE": "",
    "DZIELNICA": "",
    "FID": 12,
    "FUNKCJA_OB": "",
    "FUNKCJA_PI": "",
    "GDB_AREA": 1624.5,
    "GDB_PRM": 146.43,
    "GDB_PRMEX": 146.43,
    "GPT_DATE": null,
    "GPT_USER": "",
    "ID": 31268,
    "IDENT_OBIE": "67850649",
    "ID_ISDP": 0,
    "ID_SPRAWY": 80579499,
    "ID_WARSTWY": "F19_STAN_ARCH",
    "ISDP_FID": "GDB$G_EOZ_ARCHEOLOGIA_EOZ_A.4d9eef0c-e244-557a-e055-000000000001",
    "ISTNIEJE": "",
    "KARTA_MAPY": "",
    "LOKALIZACJ": "",
    "MATERIAL": "",
    "NAZWA": "",
    "NUMER": "",
    "NUMER_EWID": "",
    "NUMER_REJ_": "",
    "OBREB": "",
    "REJESTR_TA": "EW_ARCHEOLOGIA",
    "RODZAJE_ZA": "",
    "RODZAJ_OBI": "",
    "RODZAJ_WLA": "",
    "STAN_ZACHO": "",
    "STATUS": "",
    "STYL_OBIEK": "",
    "SYMBOL_EWI": "",
    "SYMBOL_REJ": "",
    "Shape__Area": 3936.1396484375,
    "Shape__Length": 227.93733591811727,
    "UWAGI": "",
    "WIEK_CZ_PO": "",
    "WIEK_POWST": "",
    "WYDRUK_LIN": "",
    "ZAJETA_NA_": 1,
    "ZALACZNIKI": "http://172.16.11.22:8085/SOWA2-services/doc/print/65346999/0124.pdf",
    "ZDJECIE_1": "",
    "ZDJECIE_2": "",
    "ZDJECIE_3": "",
    "ZDJECIE_4": "",
    "ZDJECIE_5": "",
    "ZDJECIE_6": "",
    "ZDJECIE_7": "",
    "ZDJECIE_8": "",
    "ZWERYFIKOW": "",
    "ZWIAZANA_Z": 0
   },
   "type": "Feature"
  },
  {
   "geometry": {
    "coordinates": [
     [
      [
       19.898768,
       50.031338
      ],
      [
       19.898729,
       50.031421
      ],
      [
       19.898735,
       50.031522
      ],
      [
       19.898783,
       50.031611
      ],
      [
       19.898863,
       50.031647
      ],
      [
       19.898944,
       50.031665
      ],
      [
       19.899015,
       50.031633
      ],
      [
       19.899095,
       50.031529
      ],
      [
       19.899136,
       50.031466
      ],
      [
       19.899155,
       50.031411
      ],
      [
       19.899167,
       50.031347
      ],
      [
       19.899162,
       50.031267
      ],
      [
       19.899068,
       50.03122
      ],
      [
       19.899009,
       50.031217
      ],
      [
       19.898896,
       50.031232
      ],
      [
       19.898814,
       50.031285
      ],
      [
       19.898768,
       50.031338
      ]
     ]
    ],
    "type": "Polygon"
   },
   "id": 13,
   "properties": {
    "ADRES": "",
    "ATRYBUTY_O": "Nr stanowiska: 400",
    "BUDOWNICZY": "",
    "CHARAKTER": "",
    "DATA_WPISU": null,
    "DATA_WZNIE": "",
    "DZIELNICA": "",
    "FID": 13,
    "FUNKCJA_OB": "",
    "FUNKCJA_PI": "",
    "GDB_AREA": 1165.86,
    "GDB_PRM": 129.66,
    "GDB_PRMEX": 129.66,
    "GPT_DATE": null,
    "GPT_USER": "",
    "ID": 31269,
    "IDENT_OBIE": "67850699",
    "ID_ISDP": 0,
    "ID_SPRAWY": 80579549,
    "ID_WARSTWY": "F19_STAN_ARCH",
    "ISDP_FID": "GDB$G_EOZ_ARCHEOLOGIA_EOZ_A.4d9eef0c-e245-557a-e055-000000000001",
    "ISTNIEJE": "",
    "KARTA_MAPY": "",
    "LOKALIZACJ": "",
    "MATERIAL": "",
    "NAZWA": "",
    "NUMER": "",
    "NUMER_EWID": "",
    "NUMER_REJ_": "",
    "OBREB": "",
    "REJESTR_TA": "EW_ARCHEOLOGIA",
    "RODZAJE_ZA": "",
    "RODZAJ_OBI": "",
    "RODZAJ_WLA": "",
    "STAN_ZACHO": "",
    "STATUS": "",
    "STYL_OBIEK": "",
    "SYMBOL_EWI": "",
    "SYMBOL_REJ": "",
    "Shape__Area": 2822.125,
    "Shape__Length": 201.82441753933088,
    "UWAGI": "",
    "WIEK_CZ_PO": "",
    "WIEK_POWST": "",
    "WYDRUK_LIN": "",
    "ZAJETA_NA_": 1,
    "ZALACZNIKI": "http://172.16.11.22:8085/SOWA2-services/doc/print/65350399/0400.pdf",
    "ZDJECIE_1": "",
    "ZDJECIE_2": "",
    "ZDJECIE_3": "",
    "ZDJECIE_4": "",
    "ZDJECIE_5": "",
    "ZDJECIE_6": "",
    "ZDJECIE_7": "",
    "ZDJECIE_8": "",
    "ZWERYFIKOW": "",
    "ZWIAZANA_Z": 0
   },
   "type": "Feature"
  },
  {
   "geometry": {
    "coordinates": [
     [
      [
       19.884717,
       50.031878
      ],
      [
       19.884665,
       50.032082
      ],
      [
       19.884681,
       50.032298
      ],
      [
       19.884829,
       50.032628
      ],
      [
       19.885089,
       50.033084
      ],
      [
       19.885148,
       50.03328
      ],
      [
       19.885078,
       50.033527
      ],
      [
       19.885007,
       50.033647
      ],
      [
       19.884868,
       50.033757
      ],
      [
       19.884869,
       50.033822
      ],
      [
       19.884908,
       50.03392
      ],
      [
       19.885035,
       50.034035
      ],
      [
       19.885249,
       50.034073
      ],
      [
       19.885314,
       50.034115
      ],
      [
       19.885403,
       50.034192
      ],
      [
       19.885423,
       50.034268
      ],
      [
       19.885508,
       50.03431
      ],
      [
       19.885666,
       50.034298
      ],
      [
       19.885896,
       50.034241
      ],
      [
       19.886075,
       50.034138
      ],
      [
       19.88623,
       50.033994
      ],
      [
       19.886326,
       50.033826
      ],
      [
       19.886432,
       50.033549
      ],
      [
       19.886491,
       50.033187
      ],
      [
       19.886549,
       50.032746
      ],
      [
       19.886586,
       50.032401
      ],
      [
       19.886658,
       50.032276
      ],
      [
       19.886961,
       50.031681
      ],
      [
       19.887039,
       50.03157
      ],
      [
       19.887171,
       50.031303
      ],
      [
       19.887282,
       50.03096
      ],
      [
       19.887322,
       50.030738
      ],
      [
       19.887264,
       50.030538
      ],
      [
       19.887213,
       50.030418
      ],
      [
       19.887089,
       50.030269
      ],
      [
       19.88696,
       50.03019
      ],
      [
       19.8868,
       50.030149
      ],
      [
       19.886637,
       50.030143
      ],
      [
       19.886501,
       50.030138
      ],
      [
       19.886362,
       50.030168
      ],
      [
       19.886162,
       50.030288
      ],
      [
       19.886055,
       50.030416
      ],
      [
       19.885719,
       50.03076
      ],
      [
       19.885513,
       50.030932
      ],
      [
       19.885249,
       50.031076
      ],
      [
       19.885072,
       50.031237
      ],
      [
       19.884913,
       50.03142
      ],
      [
       19.884818,
       50.031649
      ],
      [
       19.884717,
       50.031878
      ]
     ]
    ],
    "type": "Polygon"
   },
   "id": 14,
   "properties": {
    "ADRES": "",
    "ATRYBUTY_O": "Nr stanowiska: 401",
    "BUDOWNICZY": "",
    "CHARAKTER": "",
    "DATA_WPISU": null,
    "DATA_WZNIE": "",
    "DZIELNICA": "",
    "FID": 14,
    "FUNKCJA_OB": "",
    "FUNKCJA_PI": "",
    "GDB_AREA": 53113.26,
    "GDB_PRM": 1082.02,
    "GDB_PRMEX": 1082.02,
    "GPT_DATE": null,
    "GPT_USER": "",
    "ID": 31270,
    "IDENT_OBIE": "67850749",
    "ID_ISDP": 0,
    "ID_SPRAWY": 80579599,
    "ID_WARSTWY": "F19_STAN_ARCH",
    "ISDP_FID": "GDB$G_EOZ_ARCHEOLOGIA_EOZ_A.4d9eef0c-e246-557a-e055-000000000001",
    "ISTNIEJE": "",
    "KARTA_MAPY": "",
    "LOKALIZACJ": "",
    "MATERIAL": "",
    "NAZWA": "",
    "NUMER": "",
    "NUMER_EWID": "",
    "NUMER_REJ_": "",
    "OBREB": "",
    "REJESTR_TA": "EW_ARCHEOLOGIA",
    "RODZAJE_ZA": "",
    "RODZAJ_OBI": "",
    "RODZAJ_WLA": "",
    "STAN_ZACHO": "",
    "STATUS": "",
    "STYL_OBIEK": "",
    "SYMBOL_EWI": "",
    "SYMBOL_REJ": "",
    "Shape__Area": 128570.8564453125,
    "Shape__Length": 1684.783182883257,
    "UWAGI": "",
    "WIEK_CZ_PO": "",
    "WIEK_POWST": "",
    "WYDRUK_LIN": "",
    "ZAJETA_NA_": 1,
    "ZALACZNIKI": "http://172.16.11.22:8085/SOWA2-services/doc/print/65350449/0401.pdf",
    "ZDJECIE_1": "",
    "ZDJECIE_2": "",
    "ZDJECIE_3": "",
    "ZDJECIE_4": "",
    "ZDJECIE_5": "",
    "ZDJECIE_6": "",
    "ZDJECIE_7": "",
    "ZDJECIE_8": "",
    "ZWERYFIKOW": "",
    "ZWIAZANA_Z": 0
   },
   "type": "Feature"
  },
  {
   "geometry": {
    "coordinates": [
     [
      [
       19.890024,
       50.028485
      ],
      [
       19.889363,
       50.028846
      ],
      [
       19.888827,
       50.02909
      ],
      [
       19.888446,
       50.029223
      ],
      [
       19.888058,
       50.029415
      ],
      [
       19.887776,
       50.029605
      ],
      [
       19.887685,
       50.029705
      ],
      [
       19.887709,
       50.029813
      ],
      [
       19.887833,
       50.02991
      ],
      [
       19.888001,
       50.029948
      ],
      [
       19.888195,
       50.029944
      ],
      [
       19.888426,
       50.029895
      ],
      [
       19.888667,
       50.029793
      ],
      [
       19.888856,
       50.029725
      ],
      [
       19.889129,
       50.029635
      ],
      [
       19.889849,
       50.02943
      ],
      [
       19.889977,
       50.029359
      ],
      [
       19.890162,
       50.029259
      ],
      [
       19.890411,
       50.029001
      ],
      [
       19.890806,
       50.028527
      ],
      [
       19.891001,
       50.028188
      ],
      [
       19.890991,
       50.028049
      ],
      [
       19.890951,
       50.028001
      ],
      [
       19.890814,
       50.027986
      ],
      [
       19.890615,
       50.028046
      ],
      [
       19.890438,
       50.028182
      ],
      [
       19.890024,
       50.028485
      ]
     ]
    ],
    "type": "Polygon"
   },
   "id": 15,
   "properties": {
    "ADRES": "",
    "ATRYBUTY_O": "Nr stanowiska: 402",
    "BUDOWNICZY": "",
    "CHARAKTER": "",
    "DATA_WPISU": null,
    "DATA_WZNIE": "",
    "DZIELNICA": "",
    "FID": 15,
    "FUNKCJA_OB": "",
    "FUNKCJA_PI": "",
    "GDB_AREA": 17378.75,
    "GDB_PRM": 677.2,
    "GDB_PRMEX": 677.2,
    "GPT_DATE": null,
    "GPT_USER": "",
    "ID": 31271,
    "IDENT_OBIE": "67850799",
    "ID_ISDP": 0,
    "ID_SPRAWY": 80579649,
    "ID_WARSTWY": "F19_STAN_ARCH",
    "ISDP_FID": "GDB$G_EOZ_ARCHEOLOGIA_EOZ_A.4d9eef0c-e247-557a-e055-000000000001",
    "ISTNIEJE": "",
    "KARTA_MAPY": "",
    "LOKALIZACJ": "",
    "MATERIAL": "",
    "NAZWA": "",
    "NUMER": "",
    "NUMER_EWID": "",
    "NUMER_REJ_": "",
    "OBREB": "",
    "REJESTR_TA": "EW_ARCHEOLOGIA",
    "RODZAJE_ZA": "",
    "RODZAJ_OBI": "",
    "RODZAJ_WLA": "",
    "STAN_ZACHO": "",
    "STATUS": "",
    "STYL_OBIEK": "",
    "SYMBOL_EWI": "",
    "SYMBOL_REJ": "",
    "Shape__Area": 42063.3935546875,
    "Shape__Length": 1053.4501045293682,
    "UWAGI": "",
    "WIEK_CZ_PO": "",
    "WIEK_POWST": "",
    "WYDRUK_LIN": "",
    "ZAJETA_NA_": 1,
    "ZALACZNIKI": "http://172.16.11.22:8085/SOWA2-services/doc/print/65350499/0402.pdf",
    "ZDJECIE_1": "",
    "ZDJECIE_2": "",
    "ZDJECIE_3": "",
    "ZDJECIE_4": "",
    "ZDJECIE_5": "",
    "ZDJECIE_6": "",
    "ZDJECIE_7": "",
    "ZDJECIE_8": "",
    "ZWERYFIKOW": "",
    "ZWIAZANA_Z": 0
   },
   "type": "Feature"
  },
  {
   "geometry": {
    "coordinates": [
     [
      [
       19.997762,
       49.985209
      ],
      [
       19.997681,
       49.985191
      ],
      [
       19.997615,
       49.985189
      ],
      [
       19.997542,
       49.985204
      ],
      [
       19.9975,
       49.985224
      ],
      [
       19.997478,
       49.985241
      ],
      [
       19.997471,
       49.985262
      ],
      [
       19.997476,
       49.985292
      ],
      [
       19.997518,
       49.985333
      ],
      [
       19.997594,
       49.985368
      ],
      [
       19.997656,
       49.985388
      ],
      [
       19.9977,
       49.985399
      ],
      [
       19.997773,
       49.985403
      ],
      [
       19.997843,
       49.985391
      ],
      [
       19.997887,
       49.985365
      ],
      [
       19.997902,
       49.985337
      ],
      [
       19.997906,
       49.985303
      ],
      [
       19.997883,
       49.985273
      ],
      [
       19.997824,
       49.985238
      ],
      [
       19.997762,
       49.985209
      ]
     ]
    ],
    "type": "Polygon"
   },
   "id": 16,
   "properties": {
    "ADRES": "",
    "ATRYBUTY_O": "Nr stanowiska: 542",
    "BUDOWNICZY": "",
    "CHARAKTER": "",
    "DATA_WPISU": null,
    "DATA_WZNIE": "",
    "DZIELNICA": "",
    "FID": 16,
    "FUNKCJA_OB": "",
    "FUNKCJA_PI": "",
    "GDB_AREA": 538.82,
    "GDB_PRM": 85.6,
    "GDB_PRMEX": 85.6,
    "GPT_DATE": null,
    "GPT_USER": "",
    "ID": 31318,
    "IDENT_OBIE": "67853149",
    "ID_ISDP": 0,
    "ID_SPRAWY": 80585349,
    "ID_WARSTWY": "F19_STAN_ARCH",
    "ISDP_FID": "GDB$G_EOZ_ARCHEOLOGIA_EOZ_A.4d9eef0c-e263-557a-e055-000000000001",
    "ISTNIEJE": "",
    "KARTA_MAPY": "",
    "LOKALIZACJ": "",
    "MATERIAL": "",
    "NAZWA": "",
    "NUMER": "",
    "NUMER_EWID": "",
    "NUMER_REJ_": "",
    "OBREB": "",
    "REJESTR_TA": "EW_ARCHEOLOGIA",
    "RODZAJE_ZA": "",
    "RODZAJ_OBI": "",
    "RODZAJ_WLA": "",
    "STAN_ZACHO": "",
    "STATUS": "",
    "STYL_OBIEK": "",
    "SYMBOL_EWI": "",
    "SYMBOL_REJ": "",
    "Shape__Area": 1301.828125,
    "Shape__Length": 133.00727370425923,
    "UWAGI": "",
    "WIEK_CZ_PO": "",
    "WIEK_POWST": "",
    "WYDRUK_LIN": "",
    "ZAJETA_NA_": 1,
    "ZALACZNIKI": "http://172.16.11.22:8085/SOWA2-services/doc/print/65352949/0542.pdf",
    "ZDJECIE_1": "",
    "ZDJECIE_2": "",
    "ZDJECIE_3": "",
    "ZDJECIE_4": "",
    "ZDJECIE_5": "",
    "ZDJECIE_6": "",
    "ZDJECIE_7": "",
    "ZDJECIE_8": "",
    "ZWERYFIKOW": "",
    "ZWIAZANA_Z": 0
   },
   "type": "Feature"
  },
  {
   "geometry": {
    "coordinates": [
     [
      [
       19.984913,
       49.975231
      ],
      [
       19.984816,
       49.975225
      ],
      [
       19.984727,
       49.97523
      ],
      [
       19.984658,
       49.975249
      ],
      [
       19.984608,
       49.975271
      ],
      [
       19.984599,
       49.975296
      ],
      [
       19.984614,
       49.975331
      ],
      [
       19.984657,
       49.975363
      ],
      [
       19.984711,
       49.975387
      ],
      [
       19.98479,
       49.975413
      ],
      [
       19.98487,
       49.97542
      ],
      [
       19.98493,
       49.97542
      ],
      [
       19.985014,
       49.9754
      ],
      [
       19.985038,
       49.975376
      ],
      [
       19.985054,
       49.975339
      ],
      [
       19.985045,
       49.975285
      ],
      [
       19.985009,
       49.975253
      ],
      [
       19.984958,
       49.975239
      ],
      [
       19.984913,
       49.975231
      ]
     ]
    ],
    "type": "Polygon"
   },
   "id": 17,
   "properties": {
    "ADRES": "",
    "ATRYBUTY_O": "Nr stanowiska: 545",
    "BUDOWNICZY": "",
    "CHARAKTER": "",
    "DATA_WPISU": null,
    "DATA_WZNIE": "",
    "DZIELNICA": "",
    "FID": 17,
    "FUNKCJA_OB": "",
    "FUNKCJA_PI": "",
    "GDB_AREA": 553.89,
    "GDB_PRM": 87.52,
    "GDB_PRMEX": 87.52,
    "GPT_DATE": null,
    "GPT_USER": "",
    "ID": 31320,
    "IDENT_OBIE": "67853249",
    "ID_ISDP": 0,
    "ID_SPRAWY": 80585499,
    "ID_WARSTWY": "F19_STAN_ARCH",
    "ISDP_FID": "GDB$G_EOZ_ARCHEOLOGIA_EOZ_A.4d9eef0c-e264-557a-e055-000000000001",
    "ISTNIEJE": "",
    "KARTA_MAPY": "",
    "LOKALIZACJ": "",
    "MATERIAL": "",
    "NAZWA": "",
    "NUMER": "",
    "NUMER_EWID": "",
    "NUMER_REJ_": "",
    "OBREB": "",
    "REJESTR_TA": "EW_ARCHEOLOGIA",
    "RODZAJE_ZA": "",
    "RODZAJ_OBI": "",
    "RODZAJ_WLA": "",
    "STAN_ZACHO": "",
    "STATUS": "",
    "STYL_OBIEK": "",
    "SYMBOL_EWI": "",
    "SYMBOL_REJ": "",
    "Shape__Area": 1337.6875,
    "Shape__Length": 135.96032777223354,
    "UWAGI": "",
    "WIEK_CZ_PO": "",
    "WIEK_POWST": "",
    "WYDRUK_LIN": "",
    "ZAJETA_NA_": 1,
    "ZALACZNIKI": "http://172.16.11.22:8085/SOWA2-services/doc/print/65353049/0545.pdf",
    "ZDJECIE_1": "",
    "ZDJECIE_2": "",
    "ZDJECIE_3": "",
    "ZDJECIE_4": "",
    "ZDJECIE_5": "",
    "ZDJECIE_6": "",
    "ZDJECIE_7": "",
    "ZDJECIE_8": "",
    "ZWERYFIKOW": "",
    "ZWIAZANA_Z": 0
   },
   "type": "Feature"
  },
  {
   "geometry": {
    "coordinates": [
     [
      [
       19.945905,
       49.995954
      ],
      [
       19.945786,
       49.995904
      ],
      [
       19.945637,
       49.995885
      ],
      [
       19.945485,
       49.995909
      ],
      [
       19.945353,
       49.995966
      ],
      [
       19.945301,
       49.996067
      ],
      [
       19.94528,
       49.996255
      ],
      [
       19.945293,
       49.996367
      ],
      [
       19.945392,
       49.996454
      ],
      [
       19.945525,
       49.996499
      ],
      [
       19.945641,
       49.996509
      ],
      [
       19.945739,
       49.996504
      ],
      [
       19.945814,
       49.996479
      ],
      [
       19.94588,
       49.996425
      ],
      [
       19.945897,
       49.996359
      ],
      [
       19.945936,
       49.996233
      ],
      [
       19.945954,
       49.996116
      ],
      [
       19.945959,
       49.996054
      ],
      [
       19.945953,
       49.996008
      ],
      [
       19.945905,
       49.995954
      ]
     ]
    ],
    "type": "Polygon"
   },
   "id": 18,
   "properties": {
    "ADRES": "",
    "ATRYBUTY_O": "Nr stanowiska: 606",
    "BUDOWNICZY": "",
    "CHARAKTER": "",
    "DATA_WPISU": null,
    "DATA_WZNIE": "",
    "DZIELNICA": "",
    "FID": 18,
    "FUNKCJA_OB": "",
    "FUNKCJA_PI": "",
    "GDB_AREA": 2785.52,
    "GDB_PRM": 194.72,
    "GDB_PRMEX": 194.72,
    "GPT_DATE": null,
    "GPT_USER": "",
    "ID": 31322,
    "IDENT_OBIE": "67853349",
    "ID_ISDP": 0,
    "ID_SPRAWY": 80586449,
    "ID_WARSTWY": "F19_STAN_ARCH",
    "ISDP_FID": "GDB$G_EOZ_ARCHEOLOGIA_EOZ_A.4d9eef0c-e265-557a-e055-000000000001",
    "ISTNIEJE": "",
    "KARTA_MAPY": "",
    "LOKALIZACJ": "",
    "MATERIAL": "",
    "NAZWA": "",
    "NUMER": "",
    "NUMER_EWID": "",
    "NUMER_REJ_": "",
    "OBREB": "",
    "REJESTR_TA": "EW_ARCHEOLOGIA",
    "RODZAJE_ZA": "",
    "RODZAJ_OBI": "",
    "RODZAJ_WLA": "",
    "STAN_ZACHO": "",
    "STATUS": "",
    "STYL_OBIEK": "",
    "SYMBOL_EWI": "",
    "SYMBOL_REJ": "",
    "Shape__Area": 6732.978515625,
    "Shape__Length": 302.82340721346276,
    "UWAGI": "",
    "WIEK_CZ_PO": "",
    "WIEK_POWST": "",
    "WYDRUK_LIN": "",
    "ZAJETA_NA_": 1,
    "ZALACZNIKI": "http://172.16.11.22:8085/SOWA2-services/doc/print/65354349/0606.pdf",
    "ZDJECIE_1": "",
    "ZDJECIE_2": "",
    "ZDJECIE_3": "",
    "ZDJECIE_4": "",
    "ZDJECIE_5": "",
    "ZDJECIE_6": "",
    "ZDJECIE_7": "",
    "ZDJECIE_8": "",
    "ZWERYFIKOW": "",
    "ZWIAZANA_Z": 0
   },
   "type": "Feature"
  },
  {
   "geometry": {
    "coordinates": [
     [
      [
       19.935853,
       49.997986
      ],
      [
       19.935712,
       49.997976
      ],
      [
       19.935624,
       49.99798
      ],
      [
       19.935548,
       49.998002
      ],
      [
       19.935516,
       49.998037
      ],
      [
       19.935513,
       49.998062
      ],
      [
       19.935549,
       49.998125
      ],
      [
       19.935632,
       49.998181
      ],
      [
       19.935739,
       49.998227
      ],
      [
       19.935787,
       49.998255
      ],
      [
       19.935851,
       49.998258
      ],
      [
       19.935914,
       49.998251
      ],
      [
       19.935971,
       49.998228
      ],
      [
       19.936033,
       49.998185
      ],
      [
       19.936083,
       49.998111
      ],
      [
       19.936085,
       49.998087
      ],
      [
       19.936052,
       49.998048
      ],
      [
       19.935966,
       49.998009
      ],
      [
       19.935911,
       49.997998
      ],
      [
       19.935853,
       49.997986
      ]
     ]
    ],
    "type": "Polygon"
   },
   "id": 19,
   "properties": {
    "ADRES": "",
    "ATRYBUTY_O": "Nr stanowiska: 608",
    "BUDOWNICZY": "",
    "CHARAKTER": "",
    "DATA_WPISU": null,
    "DATA_WZNIE": "",
    "DZIELNICA": "",
    "FID": 19,
    "FUNKCJA_OB": "",
    "FUNKCJA_PI": "",
    "GDB_AREA": 926.1,
    "GDB_PRM": 112.92,
    "GDB_PRMEX": 112.92,
    "GPT_DATE": null,
    "GPT_USER": "",
    "ID": 31323,
    "IDENT_OBIE": "67853399",
    "ID_ISDP": 0,
    "ID_SPRAWY": 80586549,
    "ID_WARSTWY": "F19_STAN_ARCH",
    "ISDP_FID": "GDB$G_EOZ_ARCHEOLOGIA_EOZ_A.4d9eef0c-e266-557a-e055-000000000001",
    "ISTNIEJE": "",
    "KARTA_MAPY": "",
    "LOKALIZACJ": "",
    "MATERIAL": "",
    "NAZWA": "",
    "NUMER": "",
    "NUMER_EWID": "",
    "NUMER_REJ_": "",
    "OBREB": "",
    "REJESTR_TA": "EW_ARCHEOLOGIA",
    "RODZAJE_ZA": "",
    "RODZAJ_OBI": "",
    "RODZAJ_WLA": "",
    "STAN_ZACHO": "",
    "STATUS": "",
    "STYL_OBIEK": "",
    "SYMBOL_EWI": "",
    "SYMBOL_REJ": "",
    "Shape__Area": 2238.6767578125,
    "Shape__Length": 175.5130159617554,
    "UWAGI": "",
    "WIEK_CZ_PO": "",
    "WIEK_POWST": "",
    "WYDRUK_LIN": "",
    "ZAJETA_NA_": 1,
    "ZALACZNIKI": "http://172.16.11.22:8085/SOWA2-services/doc/print/65354399/0608.pdf",
    "ZDJECIE_1": "",
    "ZDJECIE_2": "",
    "ZDJECIE_3": "",
    "ZDJECIE_4": "",
    "ZDJECIE_5": "",
    "ZDJECIE_6": "",
    "ZDJECIE_7": "",
    "ZDJECIE_8": "",
    "ZWERYFIKOW": "",
    "ZWIAZANA_Z": 0
   },
   "type": "Feature"
  },
  {
   "geometry": {
    "coordinates": [
     [
      [
       19.933862,
       49.988109
      ],
      [
       19.933703,
       49.988119
      ],
      [
       19.933607,
       49.98815
      ],
      [
       19.933529,
       49.988198
      ],
      [
       19.933482,
       49.988249
      ],
      [
       19.933481,
       49.988297
      ],
      [
       19.933539,
       49.988364
      ],
      [
       19.933671,
       49.988425
      ],
      [
       19.933784,
       49.988431
      ],
      [
       19.933886,
       49.988417
      ],
      [
       19.933979,
       49.988391
      ],
      [
       19.934043,
       49.98836
      ],
      [
       19.934121,
       49.988304
      ],
      [
       19.934143,
       49.988258
      ],
      [
       19.934116,
       49.988187
      ],
      [
       19.934013,
       49.988124
      ],
      [
       19.933929,
       49.98811
      ],
      [
       19.933862,
       49.988109
      ]
     ]
    ],
    "type": "Polygon"
   },
   "id": 20,
   "properties": {
    "ADRES": "",
    "ATRYBUTY_O": "Nr stanowiska: 618",
    "BUDOWNICZY": "",
    "CHARAKTER": "",
    "DATA_WPISU": null,
    "DATA_WZNIE": "",
    "DZIELNICA": "",
    "FID": 20,
    "FUNKCJA_OB": "",
    "FUNKCJA_PI": "",
    "GDB_AREA": 1292.14,
    "GDB_PRM": 130.7,
    "GDB_PRMEX": 130.7,
    "GPT_DATE": null,
    "GPT_USER": "",
    "ID": 31325,
    "IDENT_OBIE": "67853499",
    "ID_ISDP": 0,
    "ID_SPRAWY": 80587049,
    "ID_WARSTWY": "F19_STAN_ARCH",
    "ISDP_FID": "GDB$G_EOZ_ARCHEOLOGIA_EOZ_A.4d9eef0c-e267-557a-e055-000000000001",
    "ISTNIEJE": "",
    "KARTA_MAPY": "",
    "LOKALIZACJ": "",
    "MATERIAL": "",
    "NAZWA": "",
    "NUMER": "",
    "NUMER_EWID": "",
    "NUMER_REJ_": "",
    "OBREB": "",
    "REJESTR_TA": "EW_ARCHEOLOGIA",
    "RODZAJE_ZA": "",
    "RODZAJ_OBI": "",
    "RODZAJ_WLA": "",
    "STAN_ZACHO": "",
    "STATUS": "",
    "STYL_OBIEK": "",
    "SYMBOL_EWI": "",
    "SYMBOL_REJ": "",
    "Shape__Area": 3122.2470703125,
    "Shape__Length": 203.10735597928777,
    "UWAGI": "",
    "WIEK_CZ_PO": "",
    "WIEK_POWST": "",
    "WYDRUK_LIN": "",
    "ZAJETA_NA_": 1,
    "ZALACZNIKI": "http://172.16.11.22:8085/SOWA2-services/doc/print/65354499/0618.pdf",
    "ZDJECIE_1": "",
    "ZDJECIE_2": "",
    "ZDJECIE_3": "",
    "ZDJECIE_4": "",
    "ZDJECIE_5": "",
    "ZDJECIE_6": "",
    "ZDJECIE_7": "",
    "ZDJECIE_8": "",
    "ZWERYFIKOW": "",
    "ZWIAZANA_Z": 0
   },
   "type": "Feature"
  },
  {
   "geometry": {
    "coordinates": [
     [
      [
       19.894406,
       50.118244
      ],
      [
       19.894799,
       50.118541
      ],
      [
       19.895711,
       50.11855
      ],
      [
       19.896287,
       50.118342
      ],
      [
       19.896649,
       50.11811
      ],
      [
       19.89724,
       50.117428
      ],
      [
       19.897533,
       50.116972
      ],
      [
       19.897664,
       50.116342
      ],
      [
       19.897362,
       50.115865
      ],
      [
       19.897095,
       50.115733
      ],
      [
       19.89663,
       50.115679
      ],
      [
       19.896111,
       50.115821
      ],
      [
       19.895565,
       50.116122
      ],
      [
       19.894989,
       50.116621
      ],
      [
       19.89448,
       50.117383
      ],
      [
       19.894445,
       50.117794
      ],
      [
       19.894406,
       50.118244
      ]
     ]
    ],
    "type": "Polygon"
   },
   "id": 21,
   "properties": {
    "ADRES": "",
    "ATRYBUTY_O": "Nr stanowiska: 16",
    "BUDOWNICZY": "",
    "CHARAKTER": "",
    "DATA_WPISU": null,
    "DATA_WZNIE": "",
    "DZIELNICA": "",
    "FID": 21,
    "FUNKCJA_OB": "",
    "FUNKCJA_PI": "",
    "GDB_AREA": 50957.34,
    "GDB_PRM": 869.06,
    "GDB_PRMEX": 869.06,
    "GPT_DATE": null,
    "GPT_USER": "",
    "ID": 31326,
    "IDENT_OBIE": "67853549",
    "ID_ISDP": 0,
    "ID_SPRAWY": 80587699,
    "ID_WARSTWY": "F19_STAN_ARCH",
    "ISDP_FID": "GDB$G_EOZ_ARCHEOLOGIA_EOZ_A.4d9eef0c-e268-557a-e055-000000000001",
    "ISTNIEJE": "",
    "KARTA_MAPY": "",
    "LOKALIZACJ": "",
    "MATERIAL": "",
    "NAZWA": "",
    "NUMER": "",
    "NUMER_EWID": "",
    "NUMER_REJ_": "",
    "OBREB": "",
    "REJESTR_TA": "EW_ARCHEOLOGIA",
    "RODZAJE_ZA": "",
    "RODZAJ_OBI": "",
    "RODZAJ_WLA": "",
    "STAN_ZACHO": "",
    "STATUS": "",
    "STYL_OBIEK": "",
    "SYMBOL_EWI": "",
    "SYMBOL_REJ": "",
    "Shape__Area": 123788.291015625,
    "Shape__Length": 1354.985537328919,
    "UWAGI": "",
    "WIEK_CZ_PO": "",
    "WIEK_POWST": "",
    "WYDRUK_LIN": "",
    "ZAJETA_NA_": 1,
    "ZALACZNIKI": "",
    "ZDJECIE_1": "",
    "ZDJECIE_2": "",
    "ZDJECIE_3": "",
    "ZDJECIE_4": "",
    "ZDJECIE_5": "",
    "ZDJECIE_6": "",
    "ZDJECIE_7": "",
    "ZDJECIE_8": "",
    "ZWERYFIKOW": "",
    "ZWIAZANA_Z": 0
   },
   "type": "Feature"
  },
  {
   "geometry": {
    "coordinates": [
     [
      [
       19.906937,
       50.117619
      ],
      [
       19.906993,
       50.117911
      ],
      [
       19.907179,
       50.118112
      ],
      [
       19.907379,
       50.118241
      ],
      [
       19.907639,
       50.118233
      ],
      [
       19.908022,
       50.118081
      ],
      [
       19.908388,
       50.117604
      ],
      [
       19.908577,
       50.117133
      ],
      [
       19.908517,
       50.116792
      ],
      [
       19.908384,
       50.116618
      ],
      [
       19.907975,
       50.116555
      ],
      [
       19.907657,
       50.116646
      ],
      [
       19.907204,
       50.117094
      ],
      [
       19.906937,
       50.117619
      ]
     ]
    ],
    "type": "Polygon"
   },
   "id": 22,
   "properties": {
    "ADRES": "",
    "ATRYBUTY_O": "Nr stanowiska: 17",
    "BUDOWNICZY": "",
    "CHARAKTER": "",
    "DATA_WPISU": null,
    "DATA_WZNIE": "",
    "DZIELNICA": "",
    "FID": 22,
    "FUNKCJA_OB": "",
    "FUNKCJA_PI": "",
    "GDB_AREA": 15201.43,
    "GDB_PRM": 478.74,
    "GDB_PRMEX": 478.74,
    "GPT_DATE": null,
    "GPT_USER": "",
    "ID": 31327,
    "IDENT_OBIE": "67853599",
    "ID_ISDP": 0,
    "ID_SPRAWY": 80587749,
    "ID_WARSTWY": "F19_STAN_ARCH",
    "ISDP_FID": "GDB$G_EOZ_ARCHEOLOGIA_EOZ_A.4d9eef0c-e269-557a-e055-000000000001",
    "ISTNIEJE": "",
    "KARTA_MAPY": "",
    "LOKALIZACJ": "",
    "MATERIAL": "",
    "NAZWA": "",
    "NUMER": "",
    "NUMER_EWID": "",
    "NUMER_REJ_": "",
    "OBREB": "",
    "REJESTR_TA": "EW_ARCHEOLOGIA",
    "RODZAJE_ZA": "",
    "RODZAJ_OBI": "",
    "RODZAJ_WLA": "",
    "STAN_ZACHO": "",
    "STATUS": "",
    "STYL_OBIEK": "",
    "SYMBOL_EWI": "",
    "SYMBOL_REJ": "",
    "Shape__Area": 36928.6259765625,
    "Shape__Length": 746.5464512119604,
    "UWAGI": "",
    "WIEK_CZ_PO": "",
    "WIEK_POWST": "",
    "WYDRUK_LIN": "",
    "ZAJETA_NA_": 1,
    "ZALACZNIKI": "",
    "ZDJECIE_1": "",
    "ZDJECIE_2": "",
    "ZDJECIE_3": "",
    "ZDJECIE_4": "",
    "ZDJECIE_5": "",
    "ZDJECIE_6": "",
    "ZDJECIE_7": "",
    "ZDJECIE_8": "",
    "ZWERYFIKOW": "",
    "ZWIAZANA_Z": 0
   },
   "type": "Feature"
  },
  {
   "geometry": {
    "coordinates": [
     [
      [
       19.884904,
       50.120267
      ],
      [
       19.885361,
       50.120496
      ],
      [
       19.886106,
       50.120591
      ],
      [
       19.887123,
       50.120596
      ],
      [
       19.888385,
       50.120377
      ],
      [
       19.889053,
       50.120204
      ],
      [
       19.889406,
       50.119898
      ],
      [
       19.889524,
       50.119698
      ],
      [
       19.889526,
       50.119085
      ],
      [
       19.889221,
       50.118696
      ],
      [
       19.888708,
       50.118534
      ],
      [
       19.887688,
       50.118565
      ],
      [
       19.886459,
       50.118976
      ],
      [
       19.88557,
       50.119391
      ],
      [
       19.884936,
       50.119898
      ],
      [
       19.884904,
       50.120267
      ]
     ]
    ],
    "type": "Polygon"
   },
   "id": 23,
   "properties": {
    "ADRES": "",
    "ATRYBUTY_O": "Nr stanowiska: 19",
    "BUDOWNICZY": "",
    "CHARAKTER": "",
    "DATA_WPISU": null,
    "DATA_WZNIE": "",
    "DZIELNICA": "",
    "FID": 23,
    "FUNKCJA_OB": "",
    "FUNKCJA_PI": "",
    "GDB_AREA": 55467.25,
    "GDB_PRM": 901.38,
    "GDB_PRMEX": 901.38,
    "GPT_DATE": null,
    "GPT_USER": "",
    "ID": 31328,
    "IDENT_OBIE": "67853649",
    "ID_ISDP": 0,
    "ID_SPRAWY": 80587799,
    "ID_WARSTWY": "F19_STAN_ARCH",
    "ISDP_FID": "GDB$G_EOZ_ARCHEOLOGIA_EOZ_A.4d9eef0c-e26a-557a-e055-000000000001",
    "ISTNIEJE": "",
    "KARTA_MAPY": "",
    "LOKALIZACJ": "",
    "MATERIAL": "",
    "NAZWA": "",
    "NUMER": "",
    "NUMER_EWID": "",
    "NUMER_REJ_": "",
    "OBREB": "",
    "REJESTR_TA": "EW_ARCHEOLOGIA",
    "RODZAJE_ZA": "",
    "RODZAJ_OBI": "",
    "RODZAJ_WLA": "",
    "STAN_ZACHO": "",
    "STATUS": "",
    "STYL_OBIEK": "",
    "SYMBOL_EWI": "",
    "SYMBOL_REJ": "",
    "Shape__Area": 134757.615234375,
    "Shape__Length": 1404.4368439063899,
    "UWAGI": "",
    "WIEK_CZ_PO": "",
    "WIEK_POWST": "",
    "WYDRUK_LIN": "",
    "ZAJETA_NA_": 1,
    "ZALACZNIKI": "",
    "ZDJECIE_1": "",
    "ZDJECIE_2": "",
    "ZDJECIE_3": "",
    "ZDJECIE_4": "",
    "ZDJECIE_5": "",
    "ZDJECIE_6": "",
    "ZDJECIE_7": "",
    "ZDJECIE_8": "",
    "ZWERYFIKOW": "",
    "ZWIAZANA_Z": 0
   },
   "type": "Feature"
  },
  {
   "geometry": {
    "coordinates": [
     [
      [
       19.904059,
       50.114177
      ],
      [
       19.904422,
       50.11427
      ],
      [
       19.905176,
       50.114297
      ],
      [
       19.905581,
       50.11407
      ],
      [
       19.905521,
       50.113737
      ],
      [
       19.905099,
       50.113472
      ],
      [
       19.904415,
       50.113313
      ],
      [
       19.903788,
       50.113363
      ],
      [
       19.903423,
       50.113645
      ],
      [
       19.903565,
       50.113882
      ],
      [
       19.904059,
       50.114177
      ]
     ]
    ],
    "type": "Polygon"
   },
   "id": 24,
   "properties": {
    "ADRES": "",
    "ATRYBUTY_O": "Nr stanowiska: 20",
    "BUDOWNICZY": "",
    "CHARAKTER": "",
    "DATA_WPISU": null,
    "DATA_WZNIE": "",
    "DZIELNICA": "",
    "FID": 24,
    "FUNKCJA_OB": "",
    "FUNKCJA_PI": "",
    "GDB_AREA": 12212.79,
    "GDB_PRM": 414.46,
    "GDB_PRMEX": 414.46,
    "GPT_DATE": null,
    "GPT_USER": "",
    "ID": 31329,
    "IDENT_OBIE": "67853699",
    "ID_ISDP": 0,
    "ID_SPRAWY": 80587849,
    "ID_WARSTWY": "F19_STAN_ARCH",
    "ISDP_FID": "GDB$G_EOZ_ARCHEOLOGIA_EOZ_A.4d9eef0c-e26b-557a-e055-000000000001",
    "ISTNIEJE": "",
    "KARTA_MAPY": "",
    "LOKALIZACJ": "",
    "MATERIAL": "",
    "NAZWA": "",
    "NUMER": "",
    "NUMER_EWID": "",
    "NUMER_REJ_": "",
    "OBREB": "",
    "REJESTR_TA": "EW_ARCHEOLOGIA",
    "RODZAJE_ZA": "",
    "RODZAJ_OBI": "",
    "RODZAJ_WLA": "",
    "STAN_ZACHO": "",
    "STATUS": "",
    "STYL_OBIEK": "",
    "SYMBOL_EWI": "",
    "SYMBOL_REJ": "",
    "Shape__Area": 29663.9140625,
    "Shape__Length": 645.7093004292677,
    "UWAGI": "",
    "WIEK_CZ_PO": "",
    "WIEK_POWST": "",
    "WYDRUK_LIN": "",
    "ZAJETA_NA_": 1,
    "ZALACZNIKI": "",
    "ZDJECIE_1": "",
    "ZDJECIE_2": "",
    "ZDJECIE_3": "",
    "ZDJECIE_4": "",
    "ZDJECIE_5": "",
    "ZDJECIE_6": "",
    "ZDJECIE_7": "",
    "ZDJECIE_8": "",
    "ZWERYFIKOW": "",
    "ZWIAZANA_Z": 0
   },
   "type": "Feature"
  },
  {
   "geometry": {
    "coordinates": [
     [
      [
       19.904975,
       50.111456
      ],
      [
       19.90519,
       50.111553
      ],
      [
       19.905663,
       50.111569
      ],
      [
       19.906058,
       50.111288
      ],
      [
       19.906318,
       50.110851
      ],
      [
       19.906187,
       50.110479
      ],
      [
       19.906055,
       50.110287
      ],
      [
       19.905649,
       50.110174
      ],
      [
       19.905159,
       50.110353
      ],
      [
       19.904784,
       50.110751
      ],
      [
       19.904813,
       50.111271
      ],
      [
       19.904975,
       50.111456
      ]
     ]
    ],
    "type": "Polygon"
   },
   "id": 25,
   "properties": {
    "ADRES": "",
    "ATRYBUTY_O": "Nr stanowiska: 21",
    "BUDOWNICZY": "",
    "CHARAKTER": "",
    "DATA_WPISU": null,
    "DATA_WZNIE": "",
    "DZIELNICA": "",
    "FID": 25,
    "FUNKCJA_OB": "",
    "FUNKCJA_PI": "",
    "GDB_AREA": 12622.38,
    "GDB_PRM": 417.8,
    "GDB_PRMEX": 417.8,
    "GPT_DATE": null,
    "GPT_USER": "",
    "ID": 31330,
    "IDENT_OBIE": "67853749",
    "ID_ISDP": 0,
    "ID_SPRAWY": 80587899,
    "ID_WARSTWY": "F19_STAN_ARCH",
    "ISDP_FID": "GDB$G_EOZ_ARCHEOLOGIA_EOZ_A.4d9eef0c-e26c-557a-e055-000000000001",
    "ISTNIEJE": "",
    "KARTA_MAPY": "",
    "LOKALIZACJ": "",
    "MATERIAL": "",
    "NAZWA": "",
    "NUMER": "",
    "NUMER_EWID": "",
    "NUMER_REJ_": "",
    "OBREB": "",
    "REJESTR_TA": "EW_ARCHEOLOGIA",
    "RODZAJE_ZA": "",
    "RODZAJ_OBI": "",
    "RODZAJ_WLA": "",
    "STAN_ZACHO": "",
    "STATUS": "",
    "STYL_OBIEK": "",
    "SYMBOL_EWI": "",
    "SYMBOL_REJ": "",
    "Shape__Area": 30655.0654296875,
    "Shape__Length": 651.331200300139,
    "UWAGI": "",
    "WIEK_CZ_PO": "",
    "WIEK_POWST": "",
    "WYDRUK_LIN": "",
    "ZAJETA_NA_": 1,
    "ZALACZNIKI": "",
    "ZDJECIE_1": "",
    "ZDJECIE_2": "",
    "ZDJECIE_3": "",
    "ZDJECIE_4": "",
    "ZDJECIE_5": "",
    "ZDJECIE_6": "",
    "ZDJECIE_7": "",
    "ZDJECIE_8": "",
    "ZWERYFIKOW": "",
    "ZWIAZANA_Z": 0
   },
   "type": "Feature"
  },
  {
   "geometry": {
    "coordinates": [
     [
      [
       19.913033,
       50.094497
      ],
      [
       19.912931,
       50.094714
      ],
      [
       19.913093,
       50.094917
      ],
      [
       19.913484,
       50.094924
      ],
      [
       19.913727,
       50.094859
      ],
      [
       19.913796,
       50.094664
      ],
      [
       19.913763,
       50.094515
      ],
      [
       19.913458,
       50.094408
      ],
      [
       19.913261,
       50.094377
      ],
      [
       19.913033,
       50.094497
      ]
     ]
    ],
    "type": "Polygon"
   },
   "id": 26,
   "properties": {
    "ADRES": "",
    "ATRYBUTY_O": "Nr stanowiska: 112",
    "BUDOWNICZY": "",
    "CHARAKTER": "",
    "DATA_WPISU": null,
    "DATA_WZNIE": "",
    "DZIELNICA": "",
    "FID": 26,
    "FUNKCJA_OB": "",
    "FUNKCJA_PI": "",
    "GDB_AREA": 2882.95,
    "GDB_PRM": 196.84,
    "GDB_PRMEX": 196.84,
    "GPT_DATE": null,
    "GPT_USER": "",
    "ID": 31331,
    "IDENT_OBIE": "67853799",
    "ID_ISDP": 0,
    "ID_SPRAWY": 80587949,
    "ID_WARSTWY": "F19_STAN_ARCH",
    "ISDP_FID": "GDB$G_EOZ_ARCHEOLOGIA_EOZ_A.4d9eef0c-e26d-557a-e055-000000000001",
    "ISTNIEJE": "",
    "KARTA_MAPY": "",
    "LOKALIZACJ": "",
    "MATERIAL": "",
    "NAZWA": "",
    "NUMER": "",
    "NUMER_EWID": "",
    "NUMER_REJ_": "",
    "OBREB": "",
    "REJESTR_TA": "EW_ARCHEOLOGIA",
    "RODZAJE_ZA": "",
    "RODZAJ_OBI": "",
    "RODZAJ_WLA": "",
    "STAN_ZACHO": "",
    "STATUS": "",
    "STYL_OBIEK": "",
    "SYMBOL_EWI": "",
    "SYMBOL_REJ": "",
    "Shape__Area": 6996.91796875,
    "Shape__Length": 306.65717714087356,
    "UWAGI": "",
    "WIEK_CZ_PO": "",
    "WIEK_POWST": "",
    "WYDRUK_LIN": "",
    "ZAJETA_NA_": 1,
    "ZALACZNIKI": "http://172.16.11.22:8085/SOWA2-services/doc/print/65346599/0112.pdf",
    "ZDJECIE_1": "",
    "ZDJECIE_2": "",
    "ZDJECIE_3": "",
    "ZDJECIE_4": "",
    "ZDJECIE_5": "",
    "ZDJECIE_6": "",
    "ZDJECIE_7": "",
    "ZDJECIE_8": "",
    "ZWERYFIKOW": "",
    "ZWIAZANA_Z": 0
   },
   "type": "Feature"
  },
  {
   "geometry": {
    "coordinates": [
     [
      [
       19.956881,
       49.970786
      ],
      [
       19.956702,
       49.970797
      ],
      [
       19.956616,
       49.970821
      ],
      [
       19.956587,
       49.970856
      ],
      [
       19.95661,
       49.970898
      ],
      [
       19.956667,
       49.970934
      ],
      [
       19.956768,
       49.970962
      ],
      [
       19.95689,
       49.970968
      ],
      [
       19.956998,
       49.970967
      ],
      [
       19.957045,
       49.970939
      ],
      [
       19.957067,
       49.970891
      ],
      [
       19.957058,
       49.970864
      ],
      [
       19.95701,
       49.970829
      ],
      [
       19.956935,
       49.970795
      ],
      [
       19.956881,
       49.970786
      ]
     ]
    ],
    "type": "Polygon"
   },
   "id": 27,
   "properties": {
    "ADRES": "",
    "ATRYBUTY_O": "Nr stanowiska: 501",
    "BUDOWNICZY": "",
    "CHARAKTER": "",
    "DATA_WPISU": null,
    "DATA_WZNIE": "",
    "DZIELNICA": "",
    "FID": 27,
    "FUNKCJA_OB": "",
    "FUNKCJA_PI": "",
    "GDB_AREA": 539.09,
    "GDB_PRM": 88.13,
    "GDB_PRMEX": 88.13,
    "GPT_DATE": null,
    "GPT_USER": "",
    "ID": 31375,
    "IDENT_OBIE": "67855999",
    "ID_ISDP": 0,
    "ID_SPRAWY": 80596049,
    "ID_WARSTWY": "F19_STAN_ARCH",
    "ISDP_FID": "GDB$G_EOZ_ARCHEOLOGIA_EOZ_A.4d9eef0c-e28a-557a-e055-000000000001",
    "ISTNIEJE": "",
    "KARTA_MAPY": "",
    "LOKALIZACJ": "",
    "MATERIAL": "",
    "NAZWA": "",
    "NUMER": "",
    "NUMER_EWID": "",
    "NUMER_REJ_": "",
    "OBREB": "",
    "REJESTR_TA": "EW_ARCHEOLOGIA",
    "RODZAJE_ZA": "",
    "RODZAJ_OBI": "",
    "RODZAJ_WLA": "",
    "STAN_ZACHO": "",
    "STATUS": "",
    "STYL_OBIEK": "",
    "SYMBOL_EWI": "",
    "SYMBOL_REJ": "",
    "Shape__Area": 1301.7021484375,
    "Shape__Length": 136.876105398841,
    "UWAGI": "",
    "WIEK_CZ_PO": "",
    "WIEK_POWST": "",
    "WYDRUK_LIN": "",
    "ZAJETA_NA_": 1,
    "ZALACZNIKI": "http://172.16.11.22:8085/SOWA2-services/doc/print/65351899/0501.pdf",
    "ZDJECIE_1": "",
    "ZDJECIE_2": "",
    "ZDJECIE_3": "",
    "ZDJECIE_4": "",
    "ZDJECIE_5": "",
    "ZDJECIE_6": "",
    "ZDJECIE_7": "",
    "ZDJECIE_8": "",
    "ZWERYFIKOW": "",
    "ZWIAZANA_Z": 0
   },
   "type": "Feature"
  },
  {
   "geometry": {
    "coordinates": [
     [
      [
       19.951529,
       49.971577
      ],
      [
       19.951378,
       49.97157
      ],
      [
       19.951282,
       49.971584
      ],
      [
       19.951205,
       49.971605
      ],
      [
       19.951158,
       49.971643
      ],
      [
       19.95115,
       49.971684
      ],
      [
       19.951157,
       49.971723
      ],
      [
       19.951205,
       49.97176
      ],
      [
       19.951291,
       49.971776
      ],
      [
       19.951381,
       49.971787
      ],
      [
       19.951484,
       49.971796
      ],
      [
       19.951541,
       49.971801
      ],
      [
       19.951619,
       49.971803
      ],
      [
       19.95169,
       49.971777
      ],
      [
       19.951724,
       49.971732
      ],
      [
       19.951732,
       49.971679
      ],
      [
       19.951718,
       49.971642
      ],
      [
       19.951689,
       49.971609
      ],
      [
       19.95164,
       49.971585
      ],
      [
       19.951566,
       49.971578
      ],
      [
       19.951529,
       49.971577
      ]
     ]
    ],
    "type": "Polygon"
   },
   "id": 28,
   "properties": {
    "ADRES": "",
    "ATRYBUTY_O": "Nr stanowiska: 503",
    "BUDOWNICZY": "",
    "CHARAKTER": "",
    "DATA_WPISU": null,
    "DATA_WZNIE": "",
    "DZIELNICA": "",
    "FID": 28,
    "FUNKCJA_OB": "",
    "FUNKCJA_PI": "",
    "GDB_AREA": 881.53,
    "GDB_PRM": 112.07,
    "GDB_PRMEX": 112.07,
    "GPT_DATE": null,
    "GPT_USER": "",
    "ID": 31377,
    "IDENT_OBIE": "67856099",
    "ID_ISDP": 0,
    "ID_SPRAWY": 80596149,
    "ID_WARSTWY": "F19_STAN_ARCH",
    "ISDP_FID": "GDB$G_EOZ_ARCHEOLOGIA_EOZ_A.4d9eef0c-e28b-557a-e055-000000000001",
    "ISTNIEJE": "",
    "KARTA_MAPY": "",
    "LOKALIZACJ": "",
    "MATERIAL": "",
    "NAZWA": "",
    "NUMER": "",
    "NUMER_EWID": "",
    "NUMER_REJ_": "",
    "OBREB": "",
    "REJESTR_TA": "EW_ARCHEOLOGIA",
    "RODZAJE_ZA": "",
    "RODZAJ_OBI": "",
    "RODZAJ_WLA": "",
    "STAN_ZACHO": "",
    "STATUS": "",
    "STYL_OBIEK": "",
    "SYMBOL_EWI": "",
    "SYMBOL_REJ": "",
    "Shape__Area": 2128.62890625,
    "Shape__Length": 174.0651882263283,
    "UWAGI": "",
    "WIEK_CZ_PO": "",
    "WIEK_POWST": "",
    "WYDRUK_LIN": "",
    "ZAJETA_NA_": 1,
    "ZALACZNIKI": "http://172.16.11.22:8085/SOWA2-services/doc/print/65351999/0503.pdf",
    "ZDJECIE_1": "",
    "ZDJECIE_2": "",
    "ZDJECIE_3": "",
    "ZDJECIE_4": "",
    "ZDJECIE_5": "",
    "ZDJECIE_6": "",
    "ZDJECIE_7": "",
    "ZDJECIE_8": "",
    "ZWERYFIKOW": "",
    "ZWIAZANA_Z": 0
   },
   "type": "Feature"
  },
  {
   "geometry": {
    "coordinates": [
     [
      [
       19.895685,
       50.049416
      ],
      [
       19.895678,
       50.0495
      ],
      [
       19.89573,
       50.049564
      ],
      [
       19.895967,
       50.049614
      ],
      [
       19.896187,
       50.049594
      ],
      [
       19.896241,
       50.049499
      ],
      [
       19.896208,
       50.049359
      ],
      [
       19.896041,
       50.04929
      ],
      [
       19.895823,
       50.049282
      ],
      [
       19.895685,
       50.049416
      ]
     ]
    ],
    "type": "Polygon"
   },
   "id": 29,
   "properties": {
    "ADRES": "",
    "ATRYBUTY_O": "Nr stanowiska: 107",
    "BUDOWNICZY": "",
    "CHARAKTER": "",
    "DATA_WPISU": null,
    "DATA_WZNIE": "",
    "DZIELNICA": "",
    "FID": 29,
    "FUNKCJA_OB": "",
    "FUNKCJA_PI": "",
    "GDB_AREA": 1175.84,
    "GDB_PRM": 125.92,
    "GDB_PRMEX": 125.92,
    "GPT_DATE": null,
    "GPT_USER": "",
    "ID": 31379,
    "IDENT_OBIE": "67856199",
    "ID_ISDP": 0,
    "ID_SPRAWY": 80598149,
    "ID_WARSTWY": "F19_STAN_ARCH",
    "ISDP_FID": "GDB$G_EOZ_ARCHEOLOGIA_EOZ_A.4d9eef0c-e28c-557a-e055-000000000001",
    "ISTNIEJE": "",
    "KARTA_MAPY": "",
    "LOKALIZACJ": "",
    "MATERIAL": "",
    "NAZWA": "",
    "NUMER": "",
    "NUMER_EWID": "",
    "NUMER_REJ_": "",
    "OBREB": "",
    "REJESTR_TA": "EW_ARCHEOLOGIA",
    "RODZAJE_ZA": "",
    "RODZAJ_OBI": "",
    "RODZAJ_WLA": "",
    "STAN_ZACHO": "",
    "STATUS": "",
    "STYL_OBIEK": "",
    "SYMBOL_EWI": "",
    "SYMBOL_REJ": "",
    "Shape__Area": 2848.4052734375,
    "Shape__Length": 195.96472169315845,
    "UWAGI": "",
    "WIEK_CZ_PO": "",
    "WIEK_POWST": "",
    "WYDRUK_LIN": "",
    "ZAJETA_NA_": 1,
    "ZALACZNIKI": "http://172.16.11.22:8085/SOWA2-services/doc/print/65346549/0107.pdf",
    "ZDJECIE_1": "",
    "ZDJECIE_2": "",
    "ZDJECIE_3": "",
    "ZDJECIE_4": "",
    "ZDJECIE_5": "",
    "ZDJECIE_6": "",
    "ZDJECIE_7": "",
    "ZDJECIE_8": "",
    "ZWERYFIKOW": "",
    "ZWIAZANA_Z": 0
   },
   "type": "Feature"
  },
  {
   "geometry": {
    "coordinates": [
     [
      [
       19.89736,
       50.058521
      ],
      [
       19.897547,
       50.058586
      ],
      [
       19.897949,
       50.0586
      ],
      [
       19.898559,
       50.058447
      ],
      [
       19.898837,
       50.058398
      ],
      [
       19.8996,
       50.058153
      ],
      [
       19.900345,
       50.057732
      ],
      [
       19.900871,
       50.05743
      ],
      [
       19.902057,
       50.056937
      ],
      [
       19.902949,
       50.056686
      ],
      [
       19.903646,
       50.056458
      ],
      [
       19.904067,
       50.056249
      ],
      [
       19.904195,
       50.056069
      ],
      [
       19.904127,
       50.05593
      ],
      [
       19.903582,
       50.055892
      ],
      [
       19.902104,
       50.056209
      ],
      [
       19.900843,
       50.056631
      ],
      [
       19.900316,
       50.056943
      ],
      [
       19.899989,
       50.057184
      ],
      [
       19.898986,
       50.057606
      ],
      [
       19.89819,
       50.057859
      ],
      [
       19.897431,
       50.058251
      ],
      [
       19.897337,
       50.058413
      ],
      [
       19.89736,
       50.058521
      ]
     ]
    ],
    "type": "Polygon"
   },
   "id": 30,
   "properties": {
    "ADRES": "",
    "ATRYBUTY_O": "Nr stanowiska: 100",
    "BUDOWNICZY": "",
    "CHARAKTER": "",
    "DATA_WPISU": null,
    "DATA_WZNIE": "",
    "DZIELNICA": "",
    "FID": 30,
    "FUNKCJA_OB": "",
    "FUNKCJA_PI": "",
    "GDB_AREA": 36837.3,
    "GDB_PRM": 1187.02,
    "GDB_PRMEX": 1187.02,
    "GPT_DATE": null,
    "GPT_USER": "",
    "ID": 31378,
    "IDENT_OBIE": "67856149",
    "ID_ISDP": 0,
    "ID_SPRAWY": 80597249,
    "ID_WARSTWY": "F19_STAN_ARCH",
    "ISDP_FID": "GDB$G_EOZ_ARCHEOLOGIA_EOZ_A.4d9eef0c-e28d-557a-e055-000000000001",
    "ISTNIEJE": "",
    "KARTA_MAPY": "",
    "LOKALIZACJ": "",
    "MATERIAL": "",
    "NAZWA": "",
    "NUMER": "",
    "NUMER_EWID": "",
    "NUMER_REJ_": "",
    "OBREB": "",
    "REJESTR_TA": "EW_ARCHEOLOGIA",
    "RODZAJE_ZA": "",
    "RODZAJ_OBI": "",
    "RODZAJ_WLA": "",
    "STAN_ZACHO": "",
    "STATUS": "",
    "STYL_OBIEK": "",
    "SYMBOL_EWI": "",
    "SYMBOL_REJ": "",
    "Shape__Area": 89264.939453125,
    "Shape__Length": 1846.7334926580843,
    "UWAGI": "",
    "WIEK_CZ_PO": "",
    "WIEK_POWST": "",
    "WYDRUK_LIN": "",
    "ZAJETA_NA_": 1,
    "ZALACZNIKI": "http://172.16.11.22:8085/SOWA2-services/doc/print/65346499/0100.pdf",
    "ZDJECIE_1": "",
    "ZDJECIE_2": "",
    "ZDJECIE_3": "",
    "ZDJECIE_4": "",
    "ZDJECIE_5": "",
    "ZDJECIE_6": "",
    "ZDJECIE_7": "",
    "ZDJECIE_8": "",
    "ZWERYFIKOW": "",
    "ZWIAZANA_Z": 0
   },
   "type": "Feature"
  },
  {
   "geometry": {
    "coordinates": [
     [
      [
       19.874799,
       50.061428
      ],
      [
       19.875303,
       50.061419
      ],
      [
       19.87551,
       50.061385
      ],
      [
       19.875658,
       50.06132
      ],
      [
       19.875742,
       50.061236
      ],
      [
       19.875677,
       50.061128
      ],
      [
       19.875459,
       50.06107
      ],
      [
       19.875053,
       50.061067
      ],
      [
       19.874885,
       50.061102
      ],
      [
       19.87475,
       50.061165
      ],
      [
       19.874712,
       50.061234
      ],
      [
       19.874681,
       50.061332
      ],
      [
       19.874743,
       50.061399
      ],
      [
       19.874799,
       50.061428
      ]
     ]
    ],
    "type": "Polygon"
   },
   "id": 31,
   "properties": {
    "ADRES": "",
    "ATRYBUTY_O": "Nr stanowiska: 128",
    "BUDOWNICZY": "",
    "CHARAKTER": "",
    "DATA_WPISU": null,
    "DATA_WZNIE": "",
    "DZIELNICA": "",
    "FID": 31,
    "FUNKCJA_OB": "",
    "FUNKCJA_PI": "",
    "GDB_AREA": 2455.69,
    "GDB_PRM": 191.89,
    "GDB_PRMEX": 191.89,
    "GPT_DATE": null,
    "GPT_USER": "",
    "ID": 31360,
    "IDENT_OBIE": "67855249",
    "ID_ISDP": 0,
    "ID_SPRAWY": 80593449,
    "ID_WARSTWY": "F19_STAN_ARCH",
    "ISDP_FID": "GDB$G_EOZ_ARCHEOLOGIA_EOZ_A.4d9eef0c-e28e-557a-e055-000000000001",
    "ISTNIEJE": "",
    "KARTA_MAPY": "",
    "LOKALIZACJ": "",
    "MATERIAL": "",
    "NAZWA": "",
    "NUMER": "",
    "NUMER_EWID": "",
    "NUMER_REJ_": "",
    "OBREB": "",
    "REJESTR_TA": "EW_ARCHEOLOGIA",
    "RODZAJE_ZA": "",
    "RODZAJ_OBI": "",
    "RODZAJ_WLA": "",
    "STAN_ZACHO": "",
    "STATUS": "",
    "STYL_OBIEK": "",
    "SYMBOL_EWI": "",
    "SYMBOL_REJ": "",
    "Shape__Area": 5951.623046875,
    "Shape__Length": 298.56999935273126,
    "UWAGI": "",
    "WIEK_CZ_PO": "",
    "WIEK_POWST": "",
    "WYDRUK_LIN": "",
    "ZAJETA_NA_": 1,
    "ZALACZNIKI": "http://172.16.11.22:8085/SOWA2-services/doc/print/65347099/0128.pdf",
    "ZDJECIE_1": "",
    "ZDJECIE_2": "",
    "ZDJECIE_3": "",
    "ZDJECIE_4": "",
    "ZDJECIE_5": "",
    "ZDJECIE_6": "",
    "ZDJECIE_7": "",
    "ZDJECIE_8": "",
    "ZWERYFIKOW": "",
    "ZWIAZANA_Z": 0
   },
   "type": "Feature"
  },
  {
   "geometry": {
    "coordinates": [
     [
      [
       19.896715,
       50.084085
      ],
      [
       19.896914,
       50.084277
      ],
      [
       19.8976,
       50.084453
      ],
      [
       19.897814,
       50.084379
      ],
      [
       19.897823,
       50.084266
      ],
      [
       19.897602,
       50.084122
      ],
      [
       19.897005,
       50.08396
      ],
      [
       19.89678,
       50.083963
      ],
      [
       19.896715,
       50.084085
      ]
     ]
    ],
    "type": "Polygon"
   },
   "id": 32,
   "properties": {
    "ADRES": "",
    "ATRYBUTY_O": "Nr stanowiska: 177",
    "BUDOWNICZY": "",
    "CHARAKTER": "",
    "DATA_WPISU": null,
    "DATA_WZNIE": "",
    "DZIELNICA": "",
    "FID": 32,
    "FUNKCJA_OB": "",
    "FUNKCJA_PI": "",
    "GDB_AREA": 2529.51,
    "GDB_PRM": 207.82,
    "GDB_PRMEX": 207.82,
    "GPT_DATE": null,
    "GPT_USER": "",
    "ID": 31165,
    "IDENT_OBIE": "67845499",
    "ID_ISDP": 0,
    "ID_SPRAWY": 80556749,
    "ID_WARSTWY": "F19_STAN_ARCH",
    "ISDP_FID": "GDB$G_EOZ_ARCHEOLOGIA_EOZ_A.4d9eef0c-e28f-557a-e055-000000000001",
    "ISTNIEJE": "",
    "KARTA_MAPY": "",
    "LOKALIZACJ": "",
    "MATERIAL": "",
    "NAZWA": "",
    "NUMER": "",
    "NUMER_EWID": "",
    "NUMER_REJ_": "",
    "OBREB": "",
    "REJESTR_TA": "EW_ARCHEOLOGIA",
    "RODZAJE_ZA": "",
    "RODZAJ_OBI": "",
    "RODZAJ_WLA": "",
    "STAN_ZACHO": "",
    "STATUS": "",
    "STYL_OBIEK": "",
    "SYMBOL_EWI": "",
    "SYMBOL_REJ": "",
    "Shape__Area": 6136.412109375,
    "Shape__Length": 323.55558496018494,
    "UWAGI": "",
    "WIEK_CZ_PO": "",
    "WIEK_POWST": "",
    "WYDRUK_LIN": "",
    "ZAJETA_NA_": 1,
    "ZALACZNIKI": "http://172.16.11.22:8085/SOWA2-services/doc/print/65347249/0177.pdf",
    "ZDJECIE_1": "",
    "ZDJECIE_2": "",
    "ZDJECIE_3": "",
    "ZDJECIE_4": "",
    "ZDJECIE_5": "",
    "ZDJECIE_6": "",
    "ZDJECIE_7": "",
    "ZDJECIE_8": "",
    "ZWERYFIKOW": "",
    "ZWIAZANA_Z": 0
   },
   "type": "Feature"
  },
  {
   "geometry": {
    "coordinates": [
     [
      [
       19.882238,
       50.087009
      ],
      [
       19.882505,
       50.087134
      ],
      [
       19.882754,
       50.087131
      ],
      [
       19.882937,
       50.087016
      ],
      [
       19.882914,
       50.086831
      ],
      [
       19.882704,
       50.086713
      ],
      [
       19.882406,
       50.086726
      ],
      [
       19.88227,
       50.08686
      ],
      [
       19.882238,
       50.087009
      ]
     ]
    ],
    "type": "Polygon"
   },
   "id": 33,
   "properties": {
    "ADRES": "",
    "ATRYBUTY_O": "Nr stanowiska: 181",
    "BUDOWNICZY": "",
    "CHARAKTER": "",
    "DATA_WPISU": null,
    "DATA_WZNIE": "",
    "DZIELNICA": "",
    "FID": 33,
    "FUNKCJA_OB": "",
    "FUNKCJA_PI": "",
    "GDB_AREA": 1825.51,
    "GDB_PRM": 156.37,
    "GDB_PRMEX": 156.37,
    "GPT_DATE": null,
    "GPT_USER": "",
    "ID": 31167,
    "IDENT_OBIE": "67845599",
    "ID_ISDP": 0,
    "ID_SPRAWY": 80556949,
    "ID_WARSTWY": "F19_STAN_ARCH",
    "ISDP_FID": "GDB$G_EOZ_ARCHEOLOGIA_EOZ_A.4d9eef0c-e290-557a-e055-000000000001",
    "ISTNIEJE": "",
    "KARTA_MAPY": "",
    "LOKALIZACJ": "",
    "MATERIAL": "",
    "NAZWA": "",
    "NUMER": "",
    "NUMER_EWID": "",
    "NUMER_REJ_": "",
    "OBREB": "",
    "REJESTR_TA": "EW_ARCHEOLOGIA",
    "RODZAJE_ZA": "",
    "RODZAJ_OBI": "",
    "RODZAJ_WLA": "",
    "STAN_ZACHO": "",
    "STATUS": "",
    "STYL_OBIEK": "",
    "SYMBOL_EWI": "",
    "SYMBOL_REJ": "",
    "Shape__Area": 4429.0390625,
    "Shape__Length": 243.55791926994644,
    "UWAGI": "",
    "WIEK_CZ_PO": "",
    "WIEK_POWST": "",
    "WYDRUK_LIN": "",
    "ZAJETA_NA_": 1,
    "ZALACZNIKI": "http://172.16.11.22:8085/SOWA2-services/doc/print/65347349/0181.pdf",
    "ZDJECIE_1": "",
    "ZDJECIE_2": "",
    "ZDJECIE_3": "",
    "ZDJECIE_4": "",
    "ZDJECIE_5": "",
    "ZDJECIE_6": "",
    "ZDJECIE_7": "",
    "ZDJECIE_8": "",
    "ZWERYFIKOW": "",
    "ZWIAZANA_Z": 0
   },
   "type": "Feature"
  },
  {
   "geometry": {
    "coordinates": [
     [
      [
       19.877894,
       50.083936
      ],
      [
       19.877899,
       50.084108
      ],
      [
       19.878087,
       50.08421
      ],
      [
       19.878379,
       50.084238
      ],
      [
       19.878647,
       50.084088
      ],
      [
       19.878657,
       50.08397
      ],
      [
       19.878544,
       50.083806
      ],
      [
       19.878307,
       50.083708
      ],
      [
       19.878056,
       50.083764
      ],
      [
       19.877894,
       50.083936
      ]
     ]
    ],
    "type": "Polygon"
   },
   "id": 34,
   "properties": {
    "ADRES": "",
    "ATRYBUTY_O": "Nr stanowiska: 183",
    "BUDOWNICZY": "",
    "CHARAKTER": "",
    "DATA_WPISU": null,
    "DATA_WZNIE": "",
    "DZIELNICA": "",
    "FID": 34,
    "FUNKCJA_OB": "",
    "FUNKCJA_PI": "",
    "GDB_AREA": 2387.94,
    "GDB_PRM": 177.86,
    "GDB_PRMEX": 177.86,
    "GPT_DATE": null,
    "GPT_USER": "",
    "ID": 31169,
    "IDENT_OBIE": "67845699",
    "ID_ISDP": 0,
    "ID_SPRAWY": 80557049,
    "ID_WARSTWY": "F19_STAN_ARCH",
    "ISDP_FID": "GDB$G_EOZ_ARCHEOLOGIA_EOZ_A.4d9eef0c-e291-557a-e055-000000000001",
    "ISTNIEJE": "",
    "KARTA_MAPY": "",
    "LOKALIZACJ": "",
    "MATERIAL": "",
    "NAZWA": "",
    "NUMER": "",
    "NUMER_EWID": "",
    "NUMER_REJ_": "",
    "OBREB": "",
    "REJESTR_TA": "EW_ARCHEOLOGIA",
    "RODZAJE_ZA": "",
    "RODZAJ_OBI": "",
    "RODZAJ_WLA": "",
    "STAN_ZACHO": "",
    "STATUS": "",
    "STYL_OBIEK": "",
    "SYMBOL_EWI": "",
    "SYMBOL_REJ": "",
    "Shape__Area": 5792.900390625,
    "Shape__Length": 277.03955722274503,
    "UWAGI": "",
    "WIEK_CZ_PO": "",
    "WIEK_POWST": "",
    "WYDRUK_LIN": "",
    "ZAJETA_NA_": 1,
    "ZALACZNIKI": "http://172.16.11.22:8085/SOWA2-services/doc/print/65347449/0183.pdf",
    "ZDJECIE_1": "",
    "ZDJECIE_2": "",
    "ZDJECIE_3": "",
    "ZDJECIE_4": "",
    "ZDJECIE_5": "",
    "ZDJECIE_6": "",
    "ZDJECIE_7": "",
    "ZDJECIE_8": "",
    "ZWERYFIKOW": "",
    "ZWIAZANA_Z": 0
   },
   "type": "Feature"
  },
  {
   "geometry": {
    "coordinates": [
     [
      [
       19.868829,
       50.088732
      ],
      [
       19.868896,
       50.088963
      ],
      [
       19.869186,
       50.089075
      ],
      [
       19.869436,
       50.089062
      ],
      [
       19.869683,
       50.088903
      ],
      [
       19.86969,
       50.088657
      ],
      [
       19.869547,
       50.088533
      ],
      [
       19.869245,
       50.088482
      ],
      [
       19.868976,
       50.088547
      ],
      [
       19.868829,
       50.088732
      ]
     ]
    ],
    "type": "Polygon"
   },
   "id": 35,
   "properties": {
    "ADRES": "",
    "ATRYBUTY_O": "Nr stanowiska: 187",
    "BUDOWNICZY": "",
    "CHARAKTER": "",
    "DATA_WPISU": null,
    "DATA_WZNIE": "",
    "DZIELNICA": "",
    "FID": 35,
    "FUNKCJA_OB": "",
    "FUNKCJA_PI": "",
    "GDB_AREA": 3158.95,
    "GDB_PRM": 203.87,
    "GDB_PRMEX": 203.87,
    "GPT_DATE": null,
    "GPT_USER": "",
    "ID": 31171,
    "IDENT_OBIE": "67845799",
    "ID_ISDP": 0,
    "ID_SPRAWY": 80557249,
    "ID_WARSTWY": "F19_STAN_ARCH",
    "ISDP_FID": "GDB$G_EOZ_ARCHEOLOGIA_EOZ_A.4d9eef0c-e292-557a-e055-000000000001",
    "ISTNIEJE": "",
    "KARTA_MAPY": "",
    "LOKALIZACJ": "",
    "MATERIAL": "",
    "NAZWA": "",
    "NUMER": "",
    "NUMER_EWID": "",
    "NUMER_REJ_": "",
    "OBREB": "",
    "REJESTR_TA": "EW_ARCHEOLOGIA",
    "RODZAJE_ZA": "",
    "RODZAJ_OBI": "",
    "RODZAJ_WLA": "",
    "STAN_ZACHO": "",
    "STATUS": "",
    "STYL_OBIEK": "",
    "SYMBOL_EWI": "",
    "SYMBOL_REJ": "",
    "Shape__Area": 7664.802734375,
    "Shape__Length": 317.5787826980179,
    "UWAGI": "",
    "WIEK_CZ_PO": "",
    "WIEK_POWST": "",
    "WYDRUK_LIN": "",
    "ZAJETA_NA_": 1,
    "ZALACZNIKI": "http://172.16.11.22:8085/SOWA2-services/doc/print/65347549/0187.pdf",
    "ZDJECIE_1": "",
    "ZDJECIE_2": "",
    "ZDJECIE_3": "",
    "ZDJECIE_4": "",
    "ZDJECIE_5": "",
    "ZDJECIE_6": "",
    "ZDJECIE_7": "",
    "ZDJECIE_8": "",
    "ZWERYFIKOW": "",
    "ZWIAZANA_Z": 0
   },
   "type": "Feature"
  },
  {
   "geometry": {
    "coordinates": [
     [
      [
       19.867354,
       50.092651
      ],
      [
       19.867577,
       50.092711
      ],
      [
       19.86792,
       50.092657
      ],
      [
       19.868008,
       50.092452
      ],
      [
       19.867944,
       50.092288
      ],
      [
       19.867741,
       50.092182
      ],
      [
       19.867513,
       50.092183
      ],
      [
       19.867323,
       50.092285
      ],
      [
       19.867286,
       50.092445
      ],
      [
       19.867354,
       50.092651
      ]
     ]
    ],
    "type": "Polygon"
   },
   "id": 36,
   "properties": {
    "ADRES": "",
    "ATRYBUTY_O": "Nr stanowiska: 190",
    "BUDOWNICZY": "",
    "CHARAKTER": "",
    "DATA_WPISU": null,
    "DATA_WZNIE": "",
    "DZIELNICA": "",
    "FID": 36,
    "FUNKCJA_OB": "",
    "FUNKCJA_PI": "",
    "GDB_AREA": 2400.14,
    "GDB_PRM": 179.16,
    "GDB_PRMEX": 179.16,
    "GPT_DATE": null,
    "GPT_USER": "",
    "ID": 31174,
    "IDENT_OBIE": "67845949",
    "ID_ISDP": 0,
    "ID_SPRAWY": 80557399,
    "ID_WARSTWY": "F19_STAN_ARCH",
    "ISDP_FID": "GDB$G_EOZ_ARCHEOLOGIA_EOZ_A.4d9eef0c-e293-557a-e055-000000000001",
    "ISTNIEJE": "",
    "KARTA_MAPY": "",
    "LOKALIZACJ": "",
    "MATERIAL": "",
    "NAZWA": "",
    "NUMER": "",
    "NUMER_EWID": "",
    "NUMER_REJ_": "",
    "OBREB": "",
    "REJESTR_TA": "EW_ARCHEOLOGIA",
    "RODZAJE_ZA": "",
    "RODZAJ_OBI": "",
    "RODZAJ_WLA": "",
    "STAN_ZACHO": "",
    "STATUS": "",
    "STYL_OBIEK": "",
    "SYMBOL_EWI": "",
    "SYMBOL_REJ": "",
    "Shape__Area": 5824.515625,
    "Shape__Length": 279.1344735455848,
    "UWAGI": "",
    "WIEK_CZ_PO": "",
    "WIEK_POWST": "",
    "WYDRUK_LIN": "",
    "ZAJETA_NA_": 1,
    "ZALACZNIKI": "http://172.16.11.22:8085/SOWA2-services/doc/print/65347699/0190.pdf",
    "ZDJECIE_1": "",
    "ZDJECIE_2": "",
    "ZDJECIE_3": "",
    "ZDJECIE_4": "",
    "ZDJECIE_5": "",
    "ZDJECIE_6": "",
    "ZDJECIE_7": "",
    "ZDJECIE_8": "",
    "ZWERYFIKOW": "",
    "ZWIAZANA_Z": 0
   },
   "type": "Feature"
  },
  {
   "geometry": {
    "coordinates": [
     [
      [
       19.87278,
       50.094229
      ],
      [
       19.872977,
       50.094262
      ],
      [
       19.873335,
       50.094243
      ],
      [
       19.873453,
       50.09409
      ],
      [
       19.873373,
       50.093715
      ],
      [
       19.873214,
       50.093541
      ],
      [
       19.872716,
       50.093461
      ],
      [
       19.872366,
       50.093584
      ],
      [
       19.87232,
       50.093813
      ],
      [
       19.872456,
       50.094054
      ],
      [
       19.87278,
       50.094229
      ]
     ]
    ],
    "type": "Polygon"
   },
   "id": 37,
   "properties": {
    "ADRES": "",
    "ATRYBUTY_O": "Nr stanowiska: 192",
    "BUDOWNICZY": "",
    "CHARAKTER": "",
    "DATA_WPISU": null,
    "DATA_WZNIE": "",
    "DZIELNICA": "",
    "FID": 37,
    "FUNKCJA_OB": "",
    "FUNKCJA_PI": "",
    "GDB_AREA": 5502.47,
    "GDB_PRM": 273.52,
    "GDB_PRMEX": 273.52,
    "GPT_DATE": null,
    "GPT_USER": "",
    "ID": 31176,
    "IDENT_OBIE": "67846049",
    "ID_ISDP": 0,
    "ID_SPRAWY": 80557499,
    "ID_WARSTWY": "F19_STAN_ARCH",
    "ISDP_FID": "GDB$G_EOZ_ARCHEOLOGIA_EOZ_A.4d9eef0c-e294-557a-e055-000000000001",
    "ISTNIEJE": "",
    "KARTA_MAPY": "",
    "LOKALIZACJ": "",
    "MATERIAL": "",
    "NAZWA": "",
    "NUMER": "",
    "NUMER_EWID": "",
    "NUMER_REJ_": "",
    "OBREB": "",
    "REJESTR_TA": "EW_ARCHEOLOGIA",
    "RODZAJE_ZA": "",
    "RODZAJ_OBI": "",
    "RODZAJ_WLA": "",
    "STAN_ZACHO": "",
    "STATUS": "",
    "STYL_OBIEK": "",
    "SYMBOL_EWI": "",
    "SYMBOL_REJ": "",
    "Shape__Area": 13353.900390625,
    "Shape__Length": 426.13740322068566,
    "UWAGI": "",
    "WIEK_CZ_PO": "",
    "WIEK_POWST": "",
    "WYDRUK_LIN": "",
    "ZAJETA_NA_": 1,
    "ZALACZNIKI": "http://172.16.11.22:8085/SOWA2-services/doc/print/65347799/0192.pdf",
    "ZDJECIE_1": "",
    "ZDJECIE_2": "",
    "ZDJECIE_3": "",
    "ZDJECIE_4": "",
    "ZDJECIE_5": "",
    "ZDJECIE_6": "",
    "ZDJECIE_7": "",
    "ZDJECIE_8": "",
    "ZWERYFIKOW": "",
    "ZWIAZANA_Z": 0
   },
   "type": "Feature"
  },
  {
   "geometry": {
    "coordinates": [
     [
      [
       19.911783,
       50.117708
      ],
      [
       19.912181,
       50.117768
      ],
      [
       19.912558,
       50.117697
      ],
      [
       19.912885,
       50.117465
      ],
      [
       19.912904,
       50.117172
      ],
      [
       19.912815,
       50.116864
      ],
      [
       19.912485,
       50.116532
      ],
      [
       19.911988,
       50.116218
      ],
      [
       19.911492,
       50.116169
      ],
      [
       19.911059,
       50.116301
      ],
      [
       19.910908,
       50.116561
      ],
      [
       19.910927,
       50.11701
      ],
      [
       19.911218,
       50.117425
      ],
      [
       19.911783,
       50.117708
      ]
     ]
    ],
    "type": "Polygon"
   },
   "id": 38,
   "properties": {
    "ADRES": "",
    "ATRYBUTY_O": "Nr stanowiska: 18",
    "BUDOWNICZY": "",
    "CHARAKTER": "",
    "DATA_WPISU": null,
    "DATA_WZNIE": "",
    "DZIELNICA": "",
    "FID": 38,
    "FUNKCJA_OB": "",
    "FUNKCJA_PI": "",
    "GDB_AREA": 18861.38,
    "GDB_PRM": 506.16,
    "GDB_PRMEX": 506.16,
    "GPT_DATE": null,
    "GPT_USER": "",
    "ID": 31332,
    "IDENT_OBIE": "67853849",
    "ID_ISDP": 0,
    "ID_SPRAWY": 80588049,
    "ID_WARSTWY": "F19_STAN_ARCH",
    "ISDP_FID": "GDB$G_EOZ_ARCHEOLOGIA_EOZ_A.4d9eef0c-e26e-557a-e055-000000000001",
    "ISTNIEJE": "",
    "KARTA_MAPY": "",
    "LOKALIZACJ": "",
    "MATERIAL": "",
    "NAZWA": "",
    "NUMER": "",
    "NUMER_EWID": "",
    "NUMER_REJ_": "",
    "OBREB": "",
    "REJESTR_TA": "EW_ARCHEOLOGIA",
    "RODZAJE_ZA": "",
    "RODZAJ_OBI": "",
    "RODZAJ_WLA": "",
    "STAN_ZACHO": "",
    "STATUS": "",
    "STYL_OBIEK": "",
    "SYMBOL_EWI": "",
    "SYMBOL_REJ": "",
    "Shape__Area": 45818.943359375,
    "Shape__Length": 789.058655557331,
    "UWAGI": "",
    "WIEK_CZ_PO": "",
    "WIEK_POWST": "",
    "WYDRUK_LIN": "",
    "ZAJETA_NA_": 1,
    "ZALACZNIKI": "",
    "ZDJECIE_1": "",
    "ZDJECIE_2": "",
    "ZDJECIE_3": "",
    "ZDJECIE_4": "",
    "ZDJECIE_5": "",
    "ZDJECIE_6": "",
    "ZDJECIE_7": "",
    "ZDJECIE_8": "",
    "ZWERYFIKOW": "",
    "ZWIAZANA_Z": 0
   },
   "type": "Feature"
  },
  {
   "geometry": {
    "coordinates": [
     [
      [
       19.800342,
       50.008361
      ],
      [
       19.80133,
       50.008448
      ],
      [
       19.801966,
       50.008518
      ],
      [
       19.802871,
       50.008656
      ],
      [
       19.803235,
       50.008682
      ],
      [
       19.803441,
       50.008648
      ],
      [
       19.803659,
       50.008554
      ],
      [
       19.803826,
       50.008442
      ],
      [
       19.803908,
       50.008335
      ],
      [
       19.803924,
       50.008146
      ],
      [
       19.803898,
       50.007997
      ],
      [
       19.803712,
       50.007725
      ],
      [
       19.803667,
       50.007495
      ],
      [
       19.803709,
       50.007319
      ],
      [
       19.803855,
       50.007147
      ],
      [
       19.803952,
       50.007007
      ],
      [
       19.803978,
       50.006793
      ],
      [
       19.803964,
       50.006581
      ],
      [
       19.803804,
       50.006381
      ],
      [
       19.803476,
       50.006162
      ],
      [
       19.802962,
       50.005979
      ],
      [
       19.802451,
       50.005901
      ],
      [
       19.801872,
       50.005863
      ],
      [
       19.801563,
       50.005869
      ],
      [
       19.801283,
       50.005854
      ],
      [
       19.800581,
       50.005905
      ],
      [
       19.799962,
       50.00596
      ],
      [
       19.799553,
       50.006049
      ],
      [
       19.799207,
       50.006191
      ],
      [
       19.798805,
       50.006396
      ],
      [
       19.798565,
       50.006602
      ],
      [
       19.798429,
       50.006784
      ],
      [
       19.798374,
       50.007053
      ],
      [
       19.798278,
       50.007404
      ],
      [
       19.798156,
       50.007589
      ],
      [
       19.797934,
       50.007733
      ],
      [
       19.797596,
       50.007923
      ],
      [
       19.797509,
       50.008021
      ],
      [
       19.797479,
       50.008139
      ],
      [
       19.797476,
       50.008248
      ],
      [
       19.797536,
       50.008309
      ],
      [
       19.797713,
       50.008388
      ],
      [
       19.797937,
       50.008451
      ],
      [
       19.798242,
       50.008483
      ],
      [
       19.798589,
       50.008479
      ],
      [
       19.798996,
       50.008397
      ],
      [
       19.799413,
       50.008349
      ],
      [
       19.799737,
       50.008314
      ],
      [
       19.800024,
       50.008324
      ],
      [
       19.800342,
       50.008361
      ]
     ]
    ],
    "type": "Polygon"
   },
   "id": 39,
   "properties": {
    "ADRES": "",
    "ATRYBUTY_O": "Nr stanowiska: 373",
    "BUDOWNICZY": "",
    "CHARAKTER": "",
    "DATA_WPISU": null,
    "DATA_WZNIE": "",
    "DZIELNICA": "",
    "FID": 39,
    "FUNKCJA_OB": "",
    "FUNKCJA_PI": "",
    "GDB_AREA": 111005.01,
    "GDB_PRM": 1345.39,
    "GDB_PRMEX": 1345.39,
    "GPT_DATE": null,
    "GPT_USER": "",
    "ID": 31333,
    "IDENT_OBIE": "67853899",
    "ID_ISDP": 0,
    "ID_SPRAWY": 80588099,
    "ID_WARSTWY": "F19_STAN_ARCH",
    "ISDP_FID": "GDB$G_EOZ_ARCHEOLOGIA_EOZ_A.4d9eef0c-e26f-557a-e055-000000000001",
    "ISTNIEJE": "",
    "KARTA_MAPY": "",
    "LOKALIZACJ": "",
    "MATERIAL": "",
    "NAZWA": "",
    "NUMER": "",
    "NUMER_EWID": "",
    "NUMER_REJ_": "",
    "OBREB": "",
    "REJESTR_TA": "EW_ARCHEOLOGIA",
    "RODZAJE_ZA": "",
    "RODZAJ_OBI": "",
    "RODZAJ_WLA": "",
    "STAN_ZACHO": "",
    "STATUS": "",
    "STYL_OBIEK": "",
    "SYMBOL_EWI": "",
    "SYMBOL_REJ": "",
    "Shape__Area": 268426.1611328125,
    "Shape__Length": 2091.395240838406,
    "UWAGI": "",
    "WIEK_CZ_PO": "",
    "WIEK_POWST": "",
    "WYDRUK_LIN": "",
    "ZAJETA_NA_": 1,
    "ZALACZNIKI": "http://172.16.11.22:8085/SOWA2-services/doc/print/65349899/0373.pdf",
    "ZDJECIE_1": "",
    "ZDJECIE_2": "",
    "ZDJECIE_3": "",
    "ZDJECIE_4": "",
    "ZDJECIE_5": "",
    "ZDJECIE_6": "",
    "ZDJECIE_7": "",
    "ZDJECIE_8": "",
    "ZWERYFIKOW": "",
    "ZWIAZANA_Z": 0
   },
   "type": "Feature"
  },
  {
   "geometry": {
    "coordinates": [
     [
      [
       19.81162,
       50.002504
      ],
      [
       19.811455,
       50.0025
      ],
      [
       19.811379,
       50.002509
      ],
      [
       19.811323,
       50.002545
      ],
      [
       19.811312,
       50.002582
      ],
      [
       19.811353,
       50.002638
      ],
      [
       19.811431,
       50.002697
      ],
      [
       19.811569,
       50.002752
      ],
      [
       19.811696,
       50.002776
      ],
      [
       19.811789,
       50.002786
      ],
      [
       19.811913,
       50.002768
      ],
      [
       19.81197,
       50.002732
      ],
      [
       19.811996,
       50.002682
      ],
      [
       19.811971,
       50.002632
      ],
      [
       19.81193,
       50.002595
      ],
      [
       19.811827,
       50.002532
      ],
      [
       19.811728,
       50.00251
      ],
      [
       19.81162,
       50.002504
      ]
     ]
    ],
    "type": "Polygon"
   },
   "id": 40,
   "properties": {
    "ADRES": "",
    "ATRYBUTY_O": "Nr stanowiska: 376",
    "BUDOWNICZY": "",
    "CHARAKTER": "",
    "DATA_WPISU": null,
    "DATA_WZNIE": "",
    "DZIELNICA": "",
    "FID": 40,
    "FUNKCJA_OB": "",
    "FUNKCJA_PI": "",
    "GDB_AREA": 1126.75,
    "GDB_PRM": 127.66,
    "GDB_PRMEX": 127.66,
    "GPT_DATE": null,
    "GPT_USER": "",
    "ID": 31335,
    "IDENT_OBIE": "67853999",
    "ID_ISDP": 0,
    "ID_SPRAWY": 80588249,
    "ID_WARSTWY": "F19_STAN_ARCH",
    "ISDP_FID": "GDB$G_EOZ_ARCHEOLOGIA_EOZ_A.4d9eef0c-e270-557a-e055-000000000001",
    "ISTNIEJE": "",
    "KARTA_MAPY": "",
    "LOKALIZACJ": "",
    "MATERIAL": "",
    "NAZWA": "",
    "NUMER": "",
    "NUMER_EWID": "",
    "NUMER_REJ_": "",
    "OBREB": "",
    "REJESTR_TA": "EW_ARCHEOLOGIA",
    "RODZAJE_ZA": "",
    "RODZAJ_OBI": "",
    "RODZAJ_WLA": "",
    "STAN_ZACHO": "",
    "STATUS": "",
    "STYL_OBIEK": "",
    "SYMBOL_EWI": "",
    "SYMBOL_REJ": "",
    "Shape__Area": 2724.1328125,
    "Shape__Length": 198.4177766005977,
    "UWAGI": "",
    "WIEK_CZ_PO": "",
    "WIEK_POWST": "",
    "WYDRUK_LIN": "",
    "ZAJETA_NA_": 1,
    "ZALACZNIKI": "http://172.16.11.22:8085/SOWA2-services/doc/print/65349999/0376.pdf",
    "ZDJECIE_1": "",
    "ZDJECIE_2": "",
    "ZDJECIE_3": "",
    "ZDJECIE_4": "",
    "ZDJECIE_5": "",
    "ZDJECIE_6": "",
    "ZDJECIE_7": "",
    "ZDJECIE_8": "",
    "ZWERYFIKOW": "",
    "ZWIAZANA_Z": 0
   },
   "type": "Feature"
  },
  {
   "geometry": {
    "coordinates": [
     [
      [
       19.8113,
       49.994724
      ],
      [
       19.811252,
       49.994781
      ],
      [
       19.811251,
       49.994843
      ],
      [
       19.811304,
       49.994917
      ],
      [
       19.811358,
       49.994961
      ],
      [
       19.811429,
       49.994984
      ],
      [
       19.811494,
       49.994989
      ],
      [
       19.811556,
       49.994979
      ],
      [
       19.811609,
       49.994943
      ],
      [
       19.811642,
       49.994898
      ],
      [
       19.811662,
       49.994842
      ],
      [
       19.811649,
       49.99478
      ],
      [
       19.811616,
       49.994732
      ],
      [
       19.811565,
       49.994698
      ],
      [
       19.811494,
       49.994685
      ],
      [
       19.81143,
       49.994684
      ],
      [
       19.811351,
       49.994696
      ],
      [
       19.8113,
       49.994724
      ]
     ]
    ],
    "type": "Polygon"
   },
   "id": 41,
   "properties": {
    "ADRES": "",
    "ATRYBUTY_O": "Nr stanowiska: 482",
    "BUDOWNICZY": "",
    "CHARAKTER": "",
    "DATA_WPISU": null,
    "DATA_WZNIE": "",
    "DZIELNICA": "",
    "FID": 41,
    "FUNKCJA_OB": "",
    "FUNKCJA_PI": "",
    "GDB_AREA": 779.49,
    "GDB_PRM": 100.41,
    "GDB_PRMEX": 100.41,
    "GPT_DATE": null,
    "GPT_USER": "",
    "ID": 31338,
    "IDENT_OBIE": "67854149",
    "ID_ISDP": 0,
    "ID_SPRAWY": 80588649,
    "ID_WARSTWY": "F19_STAN_ARCH",
    "ISDP_FID": "GDB$G_EOZ_ARCHEOLOGIA_EOZ_A.4d9eef0c-e271-557a-e055-000000000001",
    "ISTNIEJE": "",
    "KARTA_MAPY": "",
    "LOKALIZACJ": "",
    "MATERIAL": "",
    "NAZWA": "",
    "NUMER": "",
    "NUMER_EWID": "",
    "NUMER_REJ_": "",
    "OBREB": "",
    "REJESTR_TA": "EW_ARCHEOLOGIA",
    "RODZAJE_ZA": "",
    "RODZAJ_OBI": "",
    "RODZAJ_WLA": "",
    "STAN_ZACHO": "",
    "STATUS": "",
    "STYL_OBIEK": "",
    "SYMBOL_EWI": "",
    "SYMBOL_REJ": "",
    "Shape__Area": 1883.9658203125,
    "Shape__Length": 156.1246043001898,
    "UWAGI": "",
    "WIEK_CZ_PO": "",
    "WIEK_POWST": "",
    "WYDRUK_LIN": "",
    "ZAJETA_NA_": 1,
    "ZALACZNIKI": "http://172.16.11.22:8085/SOWA2-services/doc/print/65351499/0482.pdf",
    "ZDJECIE_1": "",
    "ZDJECIE_2": "",
    "ZDJECIE_3": "",
    "ZDJECIE_4": "",
    "ZDJECIE_5": "",
    "ZDJECIE_6": "",
    "ZDJECIE_7": "",
    "ZDJECIE_8": "",
    "ZWERYFIKOW": "",
    "ZWIAZANA_Z": 0
   },
   "type": "Feature"
  },
  {
   "geometry": {
    "coordinates": [
     [
      [
       19.810712,
       50.016866
      ],
      [
       19.810634,
       50.016911
      ],
      [
       19.810569,
       50.016971
      ],
      [
       19.810499,
       50.017098
      ],
      [
       19.810475,
       50.017174
      ],
      [
       19.810483,
       50.017228
      ],
      [
       19.81053,
       50.01729
      ],
      [
       19.810601,
       50.017322
      ],
      [
       19.810696,
       50.017341
      ],
      [
       19.810752,
       50.017341
      ],
      [
       19.81083,
       50.017317
      ],
      [
       19.810907,
       50.017264
      ],
      [
       19.810975,
       50.017186
      ],
      [
       19.811016,
       50.017093
      ],
      [
       19.811024,
       50.017002
      ],
      [
       19.810987,
       50.016938
      ],
      [
       19.810939,
       50.016895
      ],
      [
       19.810874,
       50.016861
      ],
      [
       19.810813,
       50.016858
      ],
      [
       19.810745,
       50.016861
      ],
      [
       19.810712,
       50.016866
      ]
     ]
    ],
    "type": "Polygon"
   },
   "id": 42,
   "properties": {
    "ADRES": "",
    "ATRYBUTY_O": "Nr stanowiska: 319",
    "BUDOWNICZY": "",
    "CHARAKTER": "",
    "DATA_WPISU": null,
    "DATA_WZNIE": "",
    "DZIELNICA": "",
    "FID": 42,
    "FUNKCJA_OB": "",
    "FUNKCJA_PI": "",
    "GDB_AREA": 1579.63,
    "GDB_PRM": 146.66,
    "GDB_PRMEX": 146.66,
    "GPT_DATE": null,
    "GPT_USER": "",
    "ID": 31339,
    "IDENT_OBIE": "67854199",
    "ID_ISDP": 0,
    "ID_SPRAWY": 80589099,
    "ID_WARSTWY": "F19_STAN_ARCH",
    "ISDP_FID": "GDB$G_EOZ_ARCHEOLOGIA_EOZ_A.4d9eef0c-e272-557a-e055-000000000001",
    "ISTNIEJE": "",
    "KARTA_MAPY": "",
    "LOKALIZACJ": "",
    "MATERIAL": "",
    "NAZWA": "",
    "NUMER": "",
    "NUMER_EWID": "",
    "NUMER_REJ_": "",
    "OBREB": "",
    "REJESTR_TA": "EW_ARCHEOLOGIA",
    "RODZAJE_ZA": "",
    "RODZAJ_OBI": "",
    "RODZAJ_WLA": "",
    "STAN_ZACHO": "",
    "STATUS": "",
    "STYL_OBIEK": "",
    "SYMBOL_EWI": "",
    "SYMBOL_REJ": "",
    "Shape__Area": 3821.333984375,
    "Shape__Length": 228.17964146403725,
    "UWAGI": "",
    "WIEK_CZ_PO": "",
    "WIEK_POWST": "",
    "WYDRUK_LIN": "",
    "ZAJETA_NA_": 1,
    "ZALACZNIKI": "http://172.16.11.22:8085/SOWA2-services/doc/print/65348449/0319.pdf",
    "ZDJECIE_1": "",
    "ZDJECIE_2": "",
    "ZDJECIE_3": "",
    "ZDJECIE_4": "",
    "ZDJECIE_5": "",
    "ZDJECIE_6": "",
    "ZDJECIE_7": "",
    "ZDJECIE_8": "",
    "ZWERYFIKOW": "",
    "ZWIAZANA_Z": 0
   },
   "type": "Feature"
  },
  {
   "geometry": {
    "coordinates": [
     [
      [
       19.816587,
       50.016816
      ],
      [
       19.816501,
       50.016829
      ],
      [
       19.81643,
       50.016871
      ],
      [
       19.816397,
       50.016904
      ],
      [
       19.816376,
       50.016962
      ],
      [
       19.816373,
       50.01703
      ],
      [
       19.816435,
       50.017128
      ],
      [
       19.816517,
       50.017187
      ],
      [
       19.816599,
       50.017225
      ],
      [
       19.816636,
       50.017237
      ],
      [
       19.816703,
       50.01724
      ],
      [
       19.816821,
       50.017229
      ],
      [
       19.816897,
       50.017196
      ],
      [
       19.816939,
       50.017131
      ],
      [
       19.816946,
       50.01707
      ],
      [
       19.816846,
       50.016943
      ],
      [
       19.81675,
       50.016856
      ],
      [
       19.816671,
       50.016823
      ],
      [
       19.816587,
       50.016816
      ]
     ]
    ],
    "type": "Polygon"
   },
   "id": 43,
   "properties": {
    "ADRES": "",
    "ATRYBUTY_O": "Nr stanowiska: 320",
    "BUDOWNICZY": "",
    "CHARAKTER": "",
    "DATA_WPISU": null,
    "DATA_WZNIE": "",
    "DZIELNICA": "",
    "FID": 43,
    "FUNKCJA_OB": "",
    "FUNKCJA_PI": "",
    "GDB_AREA": 1424.1,
    "GDB_PRM": 137.75,
    "GDB_PRMEX": 137.75,
    "GPT_DATE": null,
    "GPT_USER": "",
    "ID": 31340,
    "IDENT_OBIE": "67854249",
    "ID_ISDP": 0,
    "ID_SPRAWY": 80589149,
    "ID_WARSTWY": "F19_STAN_ARCH",
    "ISDP_FID": "GDB$G_EOZ_ARCHEOLOGIA_EOZ_A.4d9eef0c-e273-557a-e055-000000000001",
    "ISTNIEJE": "",
    "KARTA_MAPY": "",
    "LOKALIZACJ": "",
    "MATERIAL": "",
    "NAZWA": "",
    "NUMER": "",
    "NUMER_EWID": "",
    "NUMER_REJ_": "",
    "OBREB": "",
    "REJESTR_TA": "EW_ARCHEOLOGIA",
    "RODZAJE_ZA": "",
    "RODZAJ_OBI": "",
    "RODZAJ_WLA": "",
    "STAN_ZACHO": "",
    "STATUS": "",
    "STYL_OBIEK": "",
    "SYMBOL_EWI": "",
    "SYMBOL_REJ": "",
    "Shape__Area": 3445.095703125,
    "Shape__Length": 214.2786864581205,
    "UWAGI": "",
    "WIEK_CZ_PO": "",
    "WIEK_POWST": "",
    "WYDRUK_LIN": "",
    "ZAJETA_NA_": 1,
    "ZALACZNIKI": "http://172.16.11.22:8085/SOWA2-services/doc/print/65348499/0320.pdf",
    "ZDJECIE_1": "",
    "ZDJECIE_2": "",
    "ZDJECIE_3": "",
    "ZDJECIE_4": "",
    "ZDJECIE_5": "",
    "ZDJECIE_6": "",
    "ZDJECIE_7": "",
    "ZDJECIE_8": "",
    "ZWERYFIKOW": "",
    "ZWIAZANA_Z": 0
   },
   "type": "Feature"
  },
  {
   "geometry": {
    "coordinates": [
     [
      [
       19.816961,
       50.014173
      ],
      [
       19.816909,
       50.014203
      ],
      [
       19.816899,
       50.014242
      ],
      [
       19.816915,
       50.014277
      ],
      [
       19.817029,
       50.014423
      ],
      [
       19.817099,
       50.014472
      ],
      [
       19.817254,
       50.014506
      ],
      [
       19.817444,
       50.014491
      ],
      [
       19.817566,
       50.014425
      ],
      [
       19.817607,
       50.014342
      ],
      [
       19.817563,
       50.01426
      ],
      [
       19.817475,
       50.01421
      ],
      [
       19.817329,
       50.014168
      ],
      [
       19.81716,
       50.014145
      ],
      [
       19.816961,
       50.014173
      ]
     ]
    ],
    "type": "Polygon"
   },
   "id": 44,
   "properties": {
    "ADRES": "",
    "ATRYBUTY_O": "Nr stanowiska: 321",
    "BUDOWNICZY": "",
    "CHARAKTER": "",
    "DATA_WPISU": null,
    "DATA_WZNIE": "",
    "DZIELNICA": "",
    "FID": 44,
    "FUNKCJA_OB": "",
    "FUNKCJA_PI": "",
    "GDB_AREA": 1480.98,
    "GDB_PRM": 142.05,
    "GDB_PRMEX": 142.05,
    "GPT_DATE": null,
    "GPT_USER": "",
    "ID": 31341,
    "IDENT_OBIE": "67854299",
    "ID_ISDP": 0,
    "ID_SPRAWY": 80589199,
    "ID_WARSTWY": "F19_STAN_ARCH",
    "ISDP_FID": "GDB$G_EOZ_ARCHEOLOGIA_EOZ_A.4d9eef0c-e274-557a-e055-000000000001",
    "ISTNIEJE": "",
    "KARTA_MAPY": "",
    "LOKALIZACJ": "",
    "MATERIAL": "",
    "NAZWA": "",
    "NUMER": "",
    "NUMER_EWID": "",
    "NUMER_REJ_": "",
    "OBREB": "",
    "REJESTR_TA": "EW_ARCHEOLOGIA",
    "RODZAJE_ZA": "",
    "RODZAJ_OBI": "",
    "RODZAJ_WLA": "",
    "STAN_ZACHO": "",
    "STATUS": "",
    "STYL_OBIEK": "",
    "SYMBOL_EWI": "",
    "SYMBOL_REJ": "",
    "Shape__Area": 3582.279296875,
    "Shape__Length": 220.87525885365008,
    "UWAGI": "",
    "WIEK_CZ_PO": "",
    "WIEK_POWST": "",
    "WYDRUK_LIN": "",
    "ZAJETA_NA_": 1,
    "ZALACZNIKI": "http://172.16.11.22:8085/SOWA2-services/doc/print/65348549/0321.pdf",
    "ZDJECIE_1": "",
    "ZDJECIE_2": "",
    "ZDJECIE_3": "",
    "ZDJECIE_4": "",
    "ZDJECIE_5": "",
    "ZDJECIE_6": "",
    "ZDJECIE_7": "",
    "ZDJECIE_8": "",
    "ZWERYFIKOW": "",
    "ZWIAZANA_Z": 0
   },
   "type": "Feature"
  },
  {
   "geometry": {
    "coordinates": [
     [
      [
       19.820318,
       50.010149
      ],
      [
       19.820302,
       50.01019
      ],
      [
       19.820343,
       50.01025
      ],
      [
       19.820447,
       50.010297
      ],
      [
       19.820623,
       50.01036
      ],
      [
       19.820695,
       50.010368
      ],
      [
       19.820819,
       50.010341
      ],
      [
       19.820892,
       50.0103
      ],
      [
       19.820905,
       50.010264
      ],
      [
       19.820894,
       50.010218
      ],
      [
       19.820831,
       50.010169
      ],
      [
       19.820725,
       50.010142
      ],
      [
       19.820541,
       50.010117
      ],
      [
       19.820479,
       50.01011
      ],
      [
       19.820391,
       50.010117
      ],
      [
       19.820318,
       50.010149
      ]
     ]
    ],
    "type": "Polygon"
   },
   "id": 45,
   "properties": {
    "ADRES": "",
    "ATRYBUTY_O": "Nr stanowiska: 324",
    "BUDOWNICZY": "",
    "CHARAKTER": "",
    "DATA_WPISU": null,
    "DATA_WZNIE": "",
    "DZIELNICA": "",
    "FID": 45,
    "FUNKCJA_OB": "",
    "FUNKCJA_PI": "",
    "GDB_AREA": 859.44,
    "GDB_PRM": 112.28,
    "GDB_PRMEX": 112.28,
    "GPT_DATE": null,
    "GPT_USER": "",
    "ID": 31343,
    "IDENT_OBIE": "67854399",
    "ID_ISDP": 0,
    "ID_SPRAWY": 80589349,
    "ID_WARSTWY": "F19_STAN_ARCH",
    "ISDP_FID": "GDB$G_EOZ_ARCHEOLOGIA_EOZ_A.4d9eef0c-e275-557a-e055-000000000001",
    "ISTNIEJE": "",
    "KARTA_MAPY": "",
    "LOKALIZACJ": "",
    "MATERIAL": "",
    "NAZWA": "",
    "NUMER": "",
    "NUMER_EWID": "",
    "NUMER_REJ_": "",
    "OBREB": "",
    "REJESTR_TA": "EW_ARCHEOLOGIA",
    "RODZAJE_ZA": "",
    "RODZAJ_OBI": "",
    "RODZAJ_WLA": "",
    "STAN_ZACHO": "",
    "STATUS": "",
    "STYL_OBIEK": "",
    "SYMBOL_EWI": "",
    "SYMBOL_REJ": "",
    "Shape__Area": 2078.505859375,
    "Shape__Length": 174.53336058377704,
    "UWAGI": "",
    "WIEK_CZ_PO": "",
    "WIEK_POWST": "",
    "WYDRUK_LIN": "",
    "ZAJETA_NA_": 1,
    "ZALACZNIKI": "http://172.16.11.22:8085/SOWA2-services/doc/print/65348649/0324.pdf",
    "ZDJECIE_1": "",
    "ZDJECIE_2": "",
    "ZDJECIE_3": "",
    "ZDJECIE_4": "",
    "ZDJECIE_5": "",
    "ZDJECIE_6": "",
    "ZDJECIE_7": "",
    "ZDJECIE_8": "",
    "ZWERYFIKOW": "",
    "ZWIAZANA_Z": 0
   },
   "type": "Feature"
  },
  {
   "geometry": {
    "coordinates": [
     [
      [
       19.816273,
       50.000861
      ],
      [
       19.816163,
       50.000987
      ],
      [
       19.816106,
       50.001139
      ],
      [
       19.816119,
       50.00127
      ],
      [
       19.816196,
       50.001368
      ],
      [
       19.816297,
       50.001438
      ],
      [
       19.816394,
       50.00146
      ],
      [
       19.816511,
       50.001454
      ],
      [
       19.81661,
       50.001389
      ],
      [
       19.816731,
       50.00127
      ],
      [
       19.816805,
       50.001056
      ],
      [
       19.816815,
       50.000924
      ],
      [
       19.816776,
       50.000848
      ],
      [
       19.816682,
       50.00081
      ],
      [
       19.816542,
       50.000797
      ],
      [
       19.816409,
       50.000795
      ],
      [
       19.816324,
       50.000821
      ],
      [
       19.816273,
       50.000861
      ]
     ]
    ],
    "type": "Polygon"
   },
   "id": 46,
   "properties": {
    "ADRES": "",
    "ATRYBUTY_O": "Nr stanowiska: 327",
    "BUDOWNICZY": "",
    "CHARAKTER": "",
    "DATA_WPISU": null,
    "DATA_WZNIE": "",
    "DZIELNICA": "",
    "FID": 46,
    "FUNKCJA_OB": "",
    "FUNKCJA_PI": "",
    "GDB_AREA": 2892.69,
    "GDB_PRM": 200.73,
    "GDB_PRMEX": 200.73,
    "GPT_DATE": null,
    "GPT_USER": "",
    "ID": 31344,
    "IDENT_OBIE": "67854449",
    "ID_ISDP": 0,
    "ID_SPRAWY": 80589499,
    "ID_WARSTWY": "F19_STAN_ARCH",
    "ISDP_FID": "GDB$G_EOZ_ARCHEOLOGIA_EOZ_A.4d9eef0c-e276-557a-e055-000000000001",
    "ISTNIEJE": "",
    "KARTA_MAPY": "",
    "LOKALIZACJ": "",
    "MATERIAL": "",
    "NAZWA": "",
    "NUMER": "",
    "NUMER_EWID": "",
    "NUMER_REJ_": "",
    "OBREB": "",
    "REJESTR_TA": "EW_ARCHEOLOGIA",
    "RODZAJE_ZA": "",
    "RODZAJ_OBI": "",
    "RODZAJ_WLA": "",
    "STAN_ZACHO": "",
    "STATUS": "",
    "STYL_OBIEK": "",
    "SYMBOL_EWI": "",
    "SYMBOL_REJ": "",
    "Shape__Area": 6993.189453125,
    "Shape__Length": 312.2190480041874,
    "UWAGI": "",
    "WIEK_CZ_PO": "",
    "WIEK_POWST": "",
    "WYDRUK_LIN": "",
    "ZAJETA_NA_": 1,
    "ZALACZNIKI": "http://172.16.11.22:8085/SOWA2-services/doc/print/65348699/0327.pdf",
    "ZDJECIE_1": "",
    "ZDJECIE_2": "",
    "ZDJECIE_3": "",
    "ZDJECIE_4": "",
    "ZDJECIE_5": "",
    "ZDJECIE_6": "",
    "ZDJECIE_7": "",
    "ZDJECIE_8": "",
    "ZWERYFIKOW": "",
    "ZWIAZANA_Z": 0
   },
   "type": "Feature"
  },
  {
   "geometry": {
    "coordinates": [
     [
      [
       19.822808,
       50.014491
      ],
      [
       19.822784,
       50.014492
      ],
      [
       19.822746,
       50.014503
      ],
      [
       19.822684,
       50.014581
      ],
      [
       19.822664,
       50.014651
      ],
      [
       19.822672,
       50.014736
      ],
      [
       19.822713,
       50.014804
      ],
      [
       19.822806,
       50.014856
      ],
      [
       19.822889,
       50.014862
      ],
      [
       19.823051,
       50.014858
      ],
      [
       19.823117,
       50.01484
      ],
      [
       19.823204,
       50.014792
      ],
      [
       19.823245,
       50.014749
      ],
      [
       19.823255,
       50.014705
      ],
      [
       19.823254,
       50.014639
      ],
      [
       19.823236,
       50.01458
      ],
      [
       19.823196,
       50.014528
      ],
      [
       19.823145,
       50.014501
      ],
      [
       19.823084,
       50.014484
      ],
      [
       19.822935,
       50.014478
      ],
      [
       19.822808,
       50.014491
      ]
     ]
    ],
    "type": "Polygon"
   },
   "id": 47,
   "properties": {
    "ADRES": "",
    "ATRYBUTY_O": "Nr stanowiska: 335",
    "BUDOWNICZY": "",
    "CHARAKTER": "",
    "DATA_WPISU": null,
    "DATA_WZNIE": "",
    "DZIELNICA": "",
    "FID": 47,
    "FUNKCJA_OB": "",
    "FUNKCJA_PI": "",
    "GDB_AREA": 1523.88,
    "GDB_PRM": 140.26,
    "GDB_PRMEX": 140.26,
    "GPT_DATE": null,
    "GPT_USER": "",
    "ID": 31346,
    "IDENT_OBIE": "67854549",
    "ID_ISDP": 0,
    "ID_SPRAWY": 80589899,
    "ID_WARSTWY": "F19_STAN_ARCH",
    "ISDP_FID": "GDB$G_EOZ_ARCHEOLOGIA_EOZ_A.4d9eef0c-e277-557a-e055-000000000001",
    "ISTNIEJE": "",
    "KARTA_MAPY": "",
    "LOKALIZACJ": "",
    "MATERIAL": "",
    "NAZWA": "",
    "NUMER": "",
    "NUMER_EWID": "",
    "NUMER_REJ_": "",
    "OBREB": "",
    "REJESTR_TA": "EW_ARCHEOLOGIA",
    "RODZAJE_ZA": "",
    "RODZAJ_OBI": "",
    "RODZAJ_WLA": "",
    "STAN_ZACHO": "",
    "STATUS": "",
    "STYL_OBIEK": "",
    "SYMBOL_EWI": "",
    "SYMBOL_REJ": "",
    "Shape__Area": 3686.107421875,
    "Shape__Length": 218.149215352792,
    "UWAGI": "",
    "WIEK_CZ_PO": "",
    "WIEK_POWST": "",
    "WYDRUK_LIN": "",
    "ZAJETA_NA_": 1,
    "ZALACZNIKI": "http://172.16.11.22:8085/SOWA2-services/doc/print/65348799/0335.pdf",
    "ZDJECIE_1": "",
    "ZDJECIE_2": "",
    "ZDJECIE_3": "",
    "ZDJECIE_4": "",
    "ZDJECIE_5": "",
    "ZDJECIE_6": "",
    "ZDJECIE_7": "",
    "ZDJECIE_8": "",
    "ZWERYFIKOW": "",
    "ZWIAZANA_Z": 0
   },
   "type": "Feature"
  },
  {
   "geometry": {
    "coordinates": [
     [
      [
       19.828043,
       50.017867
      ],
      [
       19.827813,
       50.017889
      ],
      [
       19.82774,
       50.017924
      ],
      [
       19.82773,
       50.017977
      ],
      [
       19.827747,
       50.01805
      ],
      [
       19.827807,
       50.018102
      ],
      [
       19.827892,
       50.01814
      ],
      [
       19.828036,
       50.01815
      ],
      [
       19.828164,
       50.018155
      ],
      [
       19.82833,
       50.018121
      ],
      [
       19.8284,
       50.018083
      ],
      [
       19.828445,
       50.018038
      ],
      [
       19.828448,
       50.017965
      ],
      [
       19.828399,
       50.017907
      ],
      [
       19.828308,
       50.017863
      ],
      [
       19.828224,
       50.017859
      ],
      [
       19.828043,
       50.017867
      ]
     ]
    ],
    "type": "Polygon"
   },
   "id": 48,
   "properties": {
    "ADRES": "",
    "ATRYBUTY_O": "Nr stanowiska: 340",
    "BUDOWNICZY": "",
    "CHARAKTER": "",
    "DATA_WPISU": null,
    "DATA_WZNIE": "",
    "DZIELNICA": "",
    "FID": 48,
    "FUNKCJA_OB": "",
    "FUNKCJA_PI": "",
    "GDB_AREA": 1385.95,
    "GDB_PRM": 139.23,
    "GDB_PRMEX": 139.23,
    "GPT_DATE": null,
    "GPT_USER": "",
    "ID": 31348,
    "IDENT_OBIE": "67854649",
    "ID_ISDP": 0,
    "ID_SPRAWY": 80590149,
    "ID_WARSTWY": "F19_STAN_ARCH",
    "ISDP_FID": "GDB$G_EOZ_ARCHEOLOGIA_EOZ_A.4d9eef0c-e278-557a-e055-000000000001",
    "ISTNIEJE": "",
    "KARTA_MAPY": "",
    "LOKALIZACJ": "",
    "MATERIAL": "",
    "NAZWA": "",
    "NUMER": "",
    "NUMER_EWID": "",
    "NUMER_REJ_": "",
    "OBREB": "",
    "REJESTR_TA": "EW_ARCHEOLOGIA",
    "RODZAJE_ZA": "",
    "RODZAJ_OBI": "",
    "RODZAJ_WLA": "",
    "STAN_ZACHO": "",
    "STATUS": "",
    "STYL_OBIEK": "",
    "SYMBOL_EWI": "",
    "SYMBOL_REJ": "",
    "Shape__Area": 3352.9482421875,
    "Shape__Length": 216.46277965833212,
    "UWAGI": "",
    "WIEK_CZ_PO": "",
    "WIEK_POWST": "",
    "WYDRUK_LIN": "",
    "ZAJETA_NA_": 1,
    "ZALACZNIKI": "http://172.16.11.22:8085/SOWA2-services/doc/print/65348899/0340.pdf",
    "ZDJECIE_1": "",
    "ZDJECIE_2": "",
    "ZDJECIE_3": "",
    "ZDJECIE_4": "",
    "ZDJECIE_5": "",
    "ZDJECIE_6": "",
    "ZDJECIE_7": "",
    "ZDJECIE_8": "",
    "ZWERYFIKOW": "",
    "ZWIAZANA_Z": 0
   },
   "type": "Feature"
  },
  {
   "geometry": {
    "coordinates": [
     [
      [
       20.157496,
       50.119137
      ],
      [
       20.157685,
       50.119257
      ],
      [
       20.157892,
       50.119299
      ],
      [
       20.158045,
       50.11931
      ],
      [
       20.158191,
       50.119282
      ],
      [
       20.158305,
       50.119222
      ],
      [
       20.158338,
       50.11914
      ],
      [
       20.1583,
       50.119015
      ],
      [
       20.158107,
       50.118871
      ],
      [
       20.157801,
       50.118718
      ],
      [
       20.157614,
       50.118681
      ],
      [
       20.157474,
       50.118664
      ],
      [
       20.157358,
       50.11869
      ],
      [
       20.157282,
       50.11877
      ],
      [
       20.157269,
       50.118864
      ],
      [
       20.157301,
       50.118991
      ],
      [
       20.157423,
       50.119082
      ],
      [
       20.157496,
       50.119137
      ]
     ]
    ],
    "type": "Polygon"
   },
   "id": 49,
   "properties": {
    "ADRES": "",
    "ATRYBUTY_O": "Nr stanowiska: 849",
    "BUDOWNICZY": "",
    "CHARAKTER": "",
    "DATA_WPISU": null,
    "DATA_WZNIE": "",
    "DZIELNICA": "",
    "FID": 49,
    "FUNKCJA_OB": "",
    "FUNKCJA_PI": "",
    "GDB_AREA": 3683.09,
    "GDB_PRM": 229.06,
    "GDB_PRMEX": 229.06,
    "GPT_DATE": null,
    "GPT_USER": "",
    "ID": 31351,
    "IDENT_OBIE": "67854799",
    "ID_ISDP": 0,
    "ID_SPRAWY": 80591849,
    "ID_WARSTWY": "F19_STAN_ARCH",
    "ISDP_FID": "GDB$G_EOZ_ARCHEOLOGIA_EOZ_A.4d9eef0c-e279-557a-e055-000000000001",
    "ISTNIEJE": "",
    "KARTA_MAPY": "",
    "LOKALIZACJ": "",
    "MATERIAL": "",
    "NAZWA": "",
    "NUMER": "",
    "NUMER_EWID": "",
    "NUMER_REJ_": "",
    "OBREB": "",
    "REJESTR_TA": "EW_ARCHEOLOGIA",
    "RODZAJE_ZA": "",
    "RODZAJ_OBI": "",
    "RODZAJ_WLA": "",
    "STAN_ZACHO": "",
    "STATUS": "",
    "STYL_OBIEK": "",
    "SYMBOL_EWI": "",
    "SYMBOL_REJ": "",
    "Shape__Area": 8948.4091796875,
    "Shape__Length": 357.00422660009883,
    "UWAGI": "",
    "WIEK_CZ_PO": "",
    "WIEK_POWST": "",
    "WYDRUK_LIN": "",
    "ZAJETA_NA_": 1,
    "ZALACZNIKI": "http://172.16.11.22:8085/SOWA2-services/doc/print/65356799/0849.pdf",
    "ZDJECIE_1": "",
    "ZDJECIE_2": "",
    "ZDJECIE_3": "",
    "ZDJECIE_4": "",
    "ZDJECIE_5": "",
    "ZDJECIE_6": "",
    "ZDJECIE_7": "",
    "ZDJECIE_8": "",
    "ZWERYFIKOW": "",
    "ZWIAZANA_Z": 0
   },
   "type": "Feature"
  },
  {
   "geometry": {
    "coordinates": [
     [
      [
       19.951754,
       50.100331
      ],
      [
       19.951605,
       50.10056
      ],
      [
       19.951823,
       50.100814
      ],
      [
       19.951978,
       50.100862
      ],
      [
       19.952393,
       50.100906
      ],
      [
       19.953016,
       50.10085
      ],
      [
       19.953282,
       50.100655
      ],
      [
       19.953223,
       50.100298
      ],
      [
       19.952668,
       50.100134
      ],
      [
       19.952129,
       50.100145
      ],
      [
       19.951754,
       50.100331
      ]
     ]
    ],
    "type": "Polygon"
   },
   "id": 50,
   "properties": {
    "ADRES": "",
    "ATRYBUTY_O": "Nr stanowiska: 23",
    "BUDOWNICZY": "",
    "CHARAKTER": "",
    "DATA_WPISU": null,
    "DATA_WZNIE": "",
    "DZIELNICA": "",
    "FID": 50,
    "FUNKCJA_OB": "",
    "FUNKCJA_PI": "",
    "GDB_AREA": 8079.46,
    "GDB_PRM": 332.3,
    "GDB_PRMEX": 332.3,
    "GPT_DATE": null,
    "GPT_USER": "",
    "ID": 31352,
    "IDENT_OBIE": "67854849",
    "ID_ISDP": 0,
    "ID_SPRAWY": 80591899,
    "ID_WARSTWY": "F19_STAN_ARCH",
    "ISDP_FID": "GDB$G_EOZ_ARCHEOLOGIA_EOZ_A.4d9eef0c-e27a-557a-e055-000000000001",
    "ISTNIEJE": "",
    "KARTA_MAPY": "",
    "LOKALIZACJ": "",
    "MATERIAL": "",
    "NAZWA": "",
    "NUMER": "",
    "NUMER_EWID": "",
    "NUMER_REJ_": "",
    "OBREB": "",
    "REJESTR_TA": "EW_ARCHEOLOGIA",
    "RODZAJE_ZA": "",
    "RODZAJ_OBI": "",
    "RODZAJ_WLA": "",
    "STAN_ZACHO": "",
    "STATUS": "",
    "STYL_OBIEK": "",
    "SYMBOL_EWI": "",
    "SYMBOL_REJ": "",
    "Shape__Area": 19613.81640625,
    "Shape__Length": 517.5884303168143,
    "UWAGI": "",
    "WIEK_CZ_PO": "",
    "WIEK_POWST": "",
    "WYDRUK_LIN": "",
    "ZAJETA_NA_": 1,
    "ZALACZNIKI": "http://172.16.11.22:8085/SOWA2-services/doc/print/65343049/0023.pdf",
    "ZDJECIE_1": "",
    "ZDJECIE_2": "",
    "ZDJECIE_3": "",
    "ZDJECIE_4": "",
    "ZDJECIE_5": "",
    "ZDJECIE_6": "",
    "ZDJECIE_7": "",
    "ZDJECIE_8": "",
    "ZWERYFIKOW": "",
    "ZWIAZANA_Z": 0
   },
   "type": "Feature"
  },
  {
   "geometry": {
    "coordinates": [
     [
      [
       19.951414,
       50.10445
      ],
      [
       19.951031,
       50.10481
      ],
      [
       19.950943,
       50.104963
      ],
      [
       19.951105,
       50.10513
      ],
      [
       19.95139,
       50.105216
      ],
      [
       19.95156,
       50.105192
      ],
      [
       19.952408,
       50.10506
      ],
      [
       19.953289,
       50.104733
      ],
      [
       19.954003,
       50.104314
      ],
      [
       19.954394,
       50.103944
      ],
      [
       19.954391,
       50.103687
      ],
      [
       19.954142,
       50.103562
      ],
      [
       19.953694,
       50.103521
      ],
      [
       19.953119,
       50.103586
      ],
      [
       19.952326,
       50.103851
      ],
      [
       19.951414,
       50.10445
      ]
     ]
    ],
    "type": "Polygon"
   },
   "id": 51,
   "properties": {
    "ADRES": "",
    "ATRYBUTY_O": "Nr stanowiska: 24",
    "BUDOWNICZY": "",
    "CHARAKTER": "",
    "DATA_WPISU": null,
    "DATA_WZNIE": "",
    "DZIELNICA": "",
    "FID": 51,
    "FUNKCJA_OB": "",
    "FUNKCJA_PI": "",
    "GDB_AREA": 25464.72,
    "GDB_PRM": 660.18,
    "GDB_PRMEX": 660.18,
    "GPT_DATE": null,
    "GPT_USER": "",
    "ID": 31353,
    "IDENT_OBIE": "67854899",
    "ID_ISDP": 0,
    "ID_SPRAWY": 80591949,
    "ID_WARSTWY": "F19_STAN_ARCH",
    "ISDP_FID": "GDB$G_EOZ_ARCHEOLOGIA_EOZ_A.4d9eef0c-e27b-557a-e055-000000000001",
    "ISTNIEJE": "",
    "KARTA_MAPY": "",
    "LOKALIZACJ": "",
    "MATERIAL": "",
    "NAZWA": "",
    "NUMER": "",
    "NUMER_EWID": "",
    "NUMER_REJ_": "",
    "OBREB": "",
    "REJESTR_TA": "EW_ARCHEOLOGIA",
    "RODZAJE_ZA": "",
    "RODZAJ_OBI": "",
    "RODZAJ_WLA": "",
    "STAN_ZACHO": "",
    "STATUS": "",
    "STYL_OBIEK": "",
    "SYMBOL_EWI": "",
    "SYMBOL_REJ": "",
    "Shape__Area": 61828.328125,
    "Shape__Length": 1028.379494134866,
    "UWAGI": "",
    "WIEK_CZ_PO": "",
    "WIEK_POWST": "",
    "WYDRUK_LIN": "",
    "ZAJETA_NA_": 1,
    "ZALACZNIKI": "http://172.16.11.22:8085/SOWA2-services/doc/print/65343099/0024.pdf",
    "ZDJECIE_1": "",
    "ZDJECIE_2": "",
    "ZDJECIE_3": "",
    "ZDJECIE_4": "",
    "ZDJECIE_5": "",
    "ZDJECIE_6": "",
    "ZDJECIE_7": "",
    "ZDJECIE_8": "",
    "ZWERYFIKOW": "",
    "ZWIAZANA_Z": 0
   },
   "type": "Feature"
  },
  {
   "geometry": {
    "coordinates": [
     [
      [
       19.945085,
       50.106721
      ],
      [
       19.944873,
       50.106863
      ],
      [
       19.944943,
       50.107149
      ],
      [
       19.945138,
       50.10734
      ],
      [
       19.945695,
       50.107565
      ],
      [
       19.946055,
       50.107613
      ],
      [
       19.946579,
       50.107539
      ],
      [
       19.946914,
       50.107324
      ],
      [
       19.946987,
       50.107029
      ],
      [
       19.946819,
       50.106789
      ],
      [
       19.946157,
       50.106688
      ],
      [
       19.945085,
       50.106721
      ]
     ]
    ],
    "type": "Polygon"
   },
   "id": 52,
   "properties": {
    "ADRES": "",
    "ATRYBUTY_O": "Nr stanowiska: 25",
    "BUDOWNICZY": "",
    "CHARAKTER": "",
    "DATA_WPISU": null,
    "DATA_WZNIE": "",
    "DZIELNICA": "",
    "FID": 52,
    "FUNKCJA_OB": "",
    "FUNKCJA_PI": "",
    "GDB_AREA": 12096.66,
    "GDB_PRM": 413,
    "GDB_PRMEX": 413,
    "GPT_DATE": null,
    "GPT_USER": "",
    "ID": 31354,
    "IDENT_OBIE": "67854949",
    "ID_ISDP": 0,
    "ID_SPRAWY": 80591999,
    "ID_WARSTWY": "F19_STAN_ARCH",
    "ISDP_FID": "GDB$G_EOZ_ARCHEOLOGIA_EOZ_A.4d9eef0c-e27c-557a-e055-000000000001",
    "ISTNIEJE": "",
    "KARTA_MAPY": "",
    "LOKALIZACJ": "",
    "MATERIAL": "",
    "NAZWA": "",
    "NUMER": "",
    "NUMER_EWID": "",
    "NUMER_REJ_": "",
    "OBREB": "",
    "REJESTR_TA": "EW_ARCHEOLOGIA",
    "RODZAJE_ZA": "",
    "RODZAJ_OBI": "",
    "RODZAJ_WLA": "",
    "STAN_ZACHO": "",
    "STATUS": "",
    "STYL_OBIEK": "",
    "SYMBOL_EWI": "",
    "SYMBOL_REJ": "",
    "Shape__Area": 29374.01953125,
    "Shape__Length": 643.3522702721871,
    "UWAGI": "",
    "WIEK_CZ_PO": "",
    "WIEK_POWST": "",
    "WYDRUK_LIN": "",
    "ZAJETA_NA_": 1,
    "ZALACZNIKI": "http://172.16.11.22:8085/SOWA2-services/doc/print/65343149/0025.pdf",
    "ZDJECIE_1": "",
    "ZDJECIE_2": "",
    "ZDJECIE_3": "",
    "ZDJECIE_4": "",
    "ZDJECIE_5": "",
    "ZDJECIE_6": "",
    "ZDJECIE_7": "",
    "ZDJECIE_8": "",
    "ZWERYFIKOW": "",
    "ZWIAZANA_Z": 0
   },
   "type": "Feature"
  },
  {
   "geometry": {
    "coordinates": [
     [
      [
       19.959068,
       50.106532
      ],
      [
       19.959498,
       50.106531
      ],
      [
       19.95977,
       50.106374
      ],
      [
       19.959873,
       50.106077
      ],
      [
       19.959976,
       50.105576
      ],
      [
       19.959883,
       50.105147
      ],
      [
       19.959582,
       50.104934
      ],
      [
       19.959314,
       50.104847
      ],
      [
       19.958875,
       50.104946
      ],
      [
       19.958569,
       50.105402
      ],
      [
       19.958536,
       50.105988
      ],
      [
       19.958653,
       50.10634
      ],
      [
       19.958864,
       50.106493
      ],
      [
       19.959068,
       50.106532
      ]
     ]
    ],
    "type": "Polygon"
   },
   "id": 53,
   "properties": {
    "ADRES": "",
    "ATRYBUTY_O": "Nr stanowiska: 26",
    "BUDOWNICZY": "",
    "CHARAKTER": "",
    "DATA_WPISU": null,
    "DATA_WZNIE": "",
    "DZIELNICA": "",
    "FID": 53,
    "FUNKCJA_OB": "",
    "FUNKCJA_PI": "",
    "GDB_AREA": 15607.83,
    "GDB_PRM": 480.48,
    "GDB_PRMEX": 480.48,
    "GPT_DATE": null,
    "GPT_USER": "",
    "ID": 31355,
    "IDENT_OBIE": "67854999",
    "ID_ISDP": 0,
    "ID_SPRAWY": 80592049,
    "ID_WARSTWY": "F19_STAN_ARCH",
    "ISDP_FID": "GDB$G_EOZ_ARCHEOLOGIA_EOZ_A.4d9eef0c-e27d-557a-e055-000000000001",
    "ISTNIEJE": "",
    "KARTA_MAPY": "",
    "LOKALIZACJ": "",
    "MATERIAL": "",
    "NAZWA": "",
    "NUMER": "",
    "NUMER_EWID": "",
    "NUMER_REJ_": "",
    "OBREB": "",
    "REJESTR_TA": "EW_ARCHEOLOGIA",
    "RODZAJE_ZA": "",
    "RODZAJ_OBI": "",
    "RODZAJ_WLA": "",
    "STAN_ZACHO": "",
    "STATUS": "",
    "STYL_OBIEK": "",
    "SYMBOL_EWI": "",
    "SYMBOL_REJ": "",
    "Shape__Area": 37898.0078125,
    "Shape__Length": 749.1249434400171,
    "UWAGI": "",
    "WIEK_CZ_PO": "",
    "WIEK_POWST": "",
    "WYDRUK_LIN": "",
    "ZAJETA_NA_": 1,
    "ZALACZNIKI": "http://172.16.11.22:8085/SOWA2-services/doc/print/65343199/0026.pdf",
    "ZDJECIE_1": "",
    "ZDJECIE_2": "",
    "ZDJECIE_3": "",
    "ZDJECIE_4": "",
    "ZDJECIE_5": "",
    "ZDJECIE_6": "",
    "ZDJECIE_7": "",
    "ZDJECIE_8": "",
    "ZWERYFIKOW": "",
    "ZWIAZANA_Z": 0
   },
   "type": "Feature"
  },
  {
   "geometry": {
    "coordinates": [
     [
      [
       19.940031,
       50.106127
      ],
      [
       19.940623,
       50.106239
      ],
      [
       19.941875,
       50.106274
      ],
      [
       19.942557,
       50.106216
      ],
      [
       19.942852,
       50.105932
      ],
      [
       19.94275,
       50.105539
      ],
      [
       19.941825,
       50.10527
      ],
      [
       19.940688,
       50.105212
      ],
      [
       19.940164,
       50.105275
      ],
      [
       19.939673,
       50.105562
      ],
      [
       19.939565,
       50.105771
      ],
      [
       19.93963,
       50.105977
      ],
      [
       19.940031,
       50.106127
      ]
     ]
    ],
    "type": "Polygon"
   },
   "id": 54,
   "properties": {
    "ADRES": "",
    "ATRYBUTY_O": "Nr stanowiska: 27",
    "BUDOWNICZY": "",
    "CHARAKTER": "",
    "DATA_WPISU": null,
    "DATA_WZNIE": "",
    "DZIELNICA": "",
    "FID": 54,
    "FUNKCJA_OB": "",
    "FUNKCJA_PI": "",
    "GDB_AREA": 22195.5,
    "GDB_PRM": 586.19,
    "GDB_PRMEX": 586.19,
    "GPT_DATE": null,
    "GPT_USER": "",
    "ID": 31356,
    "IDENT_OBIE": "67855049",
    "ID_ISDP": 0,
    "ID_SPRAWY": 80592099,
    "ID_WARSTWY": "F19_STAN_ARCH",
    "ISDP_FID": "GDB$G_EOZ_ARCHEOLOGIA_EOZ_A.4d9eef0c-e27e-557a-e055-000000000001",
    "ISTNIEJE": "",
    "KARTA_MAPY": "",
    "LOKALIZACJ": "",
    "MATERIAL": "",
    "NAZWA": "",
    "NUMER": "",
    "NUMER_EWID": "",
    "NUMER_REJ_": "",
    "OBREB": "",
    "REJESTR_TA": "EW_ARCHEOLOGIA",
    "RODZAJE_ZA": "",
    "RODZAJ_OBI": "",
    "RODZAJ_WLA": "",
    "STAN_ZACHO": "",
    "STATUS": "",
    "STYL_OBIEK": "",
    "SYMBOL_EWI": "",
    "SYMBOL_REJ": "",
    "Shape__Area": 53893.640625,
    "Shape__Length": 912.865932487343,
    "UWAGI": "",
    "WIEK_CZ_PO": "",
    "WIEK_POWST": "",
    "WYDRUK_LIN": "",
    "ZAJETA_NA_": 1,
    "ZALACZNIKI": "http://172.16.11.22:8085/SOWA2-services/doc/print/65346249/0027.pdf",
    "ZDJECIE_1": "",
    "ZDJECIE_2": "",
    "ZDJECIE_3": "",
    "ZDJECIE_4": "",
    "ZDJECIE_5": "",
    "ZDJECIE_6": "",
    "ZDJECIE_7": "",
    "ZDJECIE_8": "",
    "ZWERYFIKOW": "",
    "ZWIAZANA_Z": 0
   },
   "type": "Feature"
  },
  {
   "geometry": {
    "coordinates": [
     [
      [
       19.937515,
       50.104087
      ],
      [
       19.938445,
       50.10397
      ],
      [
       19.939424,
       50.103434
      ],
      [
       19.940274,
       50.102628
      ],
      [
       19.940478,
       50.102329
      ],
      [
       19.940524,
       50.101959
      ],
      [
       19.940425,
       50.101665
      ],
      [
       19.939892,
       50.101481
      ],
      [
       19.938911,
       50.101554
      ],
      [
       19.93806,
       50.101888
      ],
      [
       19.937216,
       50.102611
      ],
      [
       19.936981,
       50.102951
      ],
      [
       19.936996,
       50.103746
      ],
      [
       19.937128,
       50.103965
      ],
      [
       19.937515,
       50.104087
      ]
     ]
    ],
    "type": "Polygon"
   },
   "id": 55,
   "properties": {
    "ADRES": "",
    "ATRYBUTY_O": "Nr stanowiska: 32",
    "BUDOWNICZY": "",
    "CHARAKTER": "",
    "DATA_WPISU": null,
    "DATA_WZNIE": "",
    "DZIELNICA": "",
    "FID": 55,
    "FUNKCJA_OB": "",
    "FUNKCJA_PI": "",
    "GDB_AREA": 48905.76,
    "GDB_PRM": 851.78,
    "GDB_PRMEX": 851.78,
    "GPT_DATE": null,
    "GPT_USER": "",
    "ID": 31357,
    "IDENT_OBIE": "67855099",
    "ID_ISDP": 0,
    "ID_SPRAWY": 80592349,
    "ID_WARSTWY": "F19_STAN_ARCH",
    "ISDP_FID": "GDB$G_EOZ_ARCHEOLOGIA_EOZ_A.4d9eef0c-e27f-557a-e055-000000000001",
    "ISTNIEJE": "",
    "KARTA_MAPY": "",
    "LOKALIZACJ": "",
    "MATERIAL": "",
    "NAZWA": "",
    "NUMER": "",
    "NUMER_EWID": "",
    "NUMER_REJ_": "",
    "OBREB": "",
    "REJESTR_TA": "EW_ARCHEOLOGIA",
    "RODZAJE_ZA": "",
    "RODZAJ_OBI": "",
    "RODZAJ_WLA": "",
    "STAN_ZACHO": "",
    "STATUS": "",
    "STYL_OBIEK": "",
    "SYMBOL_EWI": "",
    "SYMBOL_REJ": "",
    "Shape__Area": 118734.7685546875,
    "Shape__Length": 1327.3661336189869,
    "UWAGI": "",
    "WIEK_CZ_PO": "",
    "WIEK_POWST": "",
    "WYDRUK_LIN": "",
    "ZAJETA_NA_": 1,
    "ZALACZNIKI": "http://172.16.11.22:8085/SOWA2-services/doc/print/65346299/0032.pdf",
    "ZDJECIE_1": "",
    "ZDJECIE_2": "",
    "ZDJECIE_3": "",
    "ZDJECIE_4": "",
    "ZDJECIE_5": "",
    "ZDJECIE_6": "",
    "ZDJECIE_7": "",
    "ZDJECIE_8": "",
    "ZWERYFIKOW": "",
    "ZWIAZANA_Z": 0
   },
   "type": "Feature"
  },
  {
   "geometry": {
    "coordinates": [
     [
      [
       19.942456,
       50.113313
      ],
      [
       19.942673,
       50.113331
      ],
      [
       19.942891,
       50.113243
      ],
      [
       19.943061,
       50.11302
      ],
      [
       19.943114,
       50.11289
      ],
      [
       19.943117,
       50.112759
      ],
      [
       19.943091,
       50.11257
      ],
      [
       19.942891,
       50.112355
      ],
      [
       19.942608,
       50.112213
      ],
      [
       19.942227,
       50.11224
      ],
      [
       19.942014,
       50.112481
      ],
      [
       19.942033,
       50.112741
      ],
      [
       19.942144,
       50.113019
      ],
      [
       19.942456,
       50.113313
      ]
     ]
    ],
    "type": "Polygon"
   },
   "id": 56,
   "properties": {
    "ADRES": "",
    "ATRYBUTY_O": "Nr stanowiska: 40",
    "BUDOWNICZY": "",
    "CHARAKTER": "",
    "DATA_WPISU": null,
    "DATA_WZNIE": "",
    "DZIELNICA": "",
    "FID": 56,
    "FUNKCJA_OB": "",
    "FUNKCJA_PI": "",
    "GDB_AREA": 7419.64,
    "GDB_PRM": 324.57,
    "GDB_PRMEX": 324.57,
    "GPT_DATE": null,
    "GPT_USER": "",
    "ID": 31358,
    "IDENT_OBIE": "67855149",
    "ID_ISDP": 0,
    "ID_SPRAWY": 80592749,
    "ID_WARSTWY": "F19_STAN_ARCH",
    "ISDP_FID": "GDB$G_EOZ_ARCHEOLOGIA_EOZ_A.4d9eef0c-e280-557a-e055-000000000001",
    "ISTNIEJE": "",
    "KARTA_MAPY": "",
    "LOKALIZACJ": "",
    "MATERIAL": "",
    "NAZWA": "",
    "NUMER": "",
    "NUMER_EWID": "",
    "NUMER_REJ_": "",
    "OBREB": "",
    "REJESTR_TA": "EW_ARCHEOLOGIA",
    "RODZAJE_ZA": "",
    "RODZAJ_OBI": "",
    "RODZAJ_WLA": "",
    "STAN_ZACHO": "",
    "STATUS": "",
    "STYL_OBIEK": "",
    "SYMBOL_EWI": "",
    "SYMBOL_REJ": "",
    "Shape__Area": 18021.1259765625,
    "Shape__Length": 506.0736959722519,
    "UWAGI": "",
    "WIEK_CZ_PO": "",
    "WIEK_POWST": "",
    "WYDRUK_LIN": "",
    "ZAJETA_NA_": 1,
    "ZALACZNIKI": "http://172.16.11.22:8085/SOWA2-services/doc/print/65346349/0040.pdf",
    "ZDJECIE_1": "",
    "ZDJECIE_2": "",
    "ZDJECIE_3": "",
    "ZDJECIE_4": "",
    "ZDJECIE_5": "",
    "ZDJECIE_6": "",
    "ZDJECIE_7": "",
    "ZDJECIE_8": "",
    "ZWERYFIKOW": "",
    "ZWIAZANA_Z": 0
   },
   "type": "Feature"
  },
  {
   "geometry": {
    "coordinates": [
     [
      [
       19.877408,
       50.061993
      ],
      [
       19.877535,
       50.062062
      ],
      [
       19.877676,
       50.062054
      ],
      [
       19.877736,
       50.062014
      ],
      [
       19.877755,
       50.061953
      ],
      [
       19.877728,
       50.061861
      ],
      [
       19.877619,
       50.061781
      ],
      [
       19.877469,
       50.061775
      ],
      [
       19.877345,
       50.06183
      ],
      [
       19.877338,
       50.061913
      ],
      [
       19.877408,
       50.061993
      ]
     ]
    ],
    "type": "Polygon"
   },
   "id": 57,
   "properties": {
    "ADRES": "",
    "ATRYBUTY_O": "Nr stanowiska: 127",
    "BUDOWNICZY": "",
    "CHARAKTER": "",
    "DATA_WPISU": null,
    "DATA_WZNIE": "",
    "DZIELNICA": "",
    "FID": 57,
    "FUNKCJA_OB": "",
    "FUNKCJA_PI": "",
    "GDB_AREA": 724.2,
    "GDB_PRM": 98.43,
    "GDB_PRMEX": 98.43,
    "GPT_DATE": null,
    "GPT_USER": "",
    "ID": 31359,
    "IDENT_OBIE": "67855199",
    "ID_ISDP": 0,
    "ID_SPRAWY": 80593399,
    "ID_WARSTWY": "F19_STAN_ARCH",
    "ISDP_FID": "GDB$G_EOZ_ARCHEOLOGIA_EOZ_A.4d9eef0c-e281-557a-e055-000000000001",
    "ISTNIEJE": "",
    "KARTA_MAPY": "",
    "LOKALIZACJ": "",
    "MATERIAL": "",
    "NAZWA": "",
    "NUMER": "",
    "NUMER_EWID": "",
    "NUMER_REJ_": "",
    "OBREB": "",
    "REJESTR_TA": "EW_ARCHEOLOGIA",
    "RODZAJE_ZA": "",
    "RODZAJ_OBI": "",
    "RODZAJ_WLA": "",
    "STAN_ZACHO": "",
    "STATUS": "",
    "STYL_OBIEK": "",
    "SYMBOL_EWI": "",
    "SYMBOL_REJ": "",
    "Shape__Area": 1755.2265625,
    "Shape__Length": 153.2513192207108,
    "UWAGI": "",
    "WIEK_CZ_PO": "",
    "WIEK_POWST": "",
    "WYDRUK_LIN": "",
    "ZAJETA_NA_": 1,
    "ZALACZNIKI": "http://172.16.11.22:8085/SOWA2-services/doc/print/65347049/0127.pdf",
    "ZDJECIE_1": "",
    "ZDJECIE_2": "",
    "ZDJECIE_3": "",
    "ZDJECIE_4": "",
    "ZDJECIE_5": "",
    "ZDJECIE_6": "",
    "ZDJECIE_7": "",
    "ZDJECIE_8": "",
    "ZWERYFIKOW": "",
    "ZWIAZANA_Z": 0
   },
   "type": "Feature"
  },
  {
   "geometry": {
    "coordinates": [
     [
      [
       19.943253,
       49.981999
      ],
      [
       19.94334,
       49.982001
      ],
      [
       19.943431,
       49.981987
      ],
      [
       19.943478,
       49.981963
      ],
      [
       19.943501,
       49.981924
      ],
      [
       19.943484,
       49.981874
      ],
      [
       19.943434,
       49.981817
      ],
      [
       19.943362,
       49.981766
      ],
      [
       19.943288,
       49.981742
      ],
      [
       19.943189,
       49.981736
      ],
      [
       19.943126,
       49.981748
      ],
      [
       19.943034,
       49.981788
      ],
      [
       19.942991,
       49.981826
      ],
      [
       19.942974,
       49.981857
      ],
      [
       19.94299,
       49.9819
      ],
      [
       19.943038,
       49.981948
      ],
      [
       19.943168,
       49.981983
      ],
      [
       19.943253,
       49.981999
      ]
     ]
    ],
    "type": "Polygon"
   },
   "id": 58,
   "properties": {
    "ADRES": "",
    "ATRYBUTY_O": "Nr stanowiska: 553",
    "BUDOWNICZY": "",
    "CHARAKTER": "",
    "DATA_WPISU": null,
    "DATA_WZNIE": "",
    "DZIELNICA": "",
    "FID": 58,
    "FUNKCJA_OB": "",
    "FUNKCJA_PI": "",
    "GDB_AREA": 823.52,
    "GDB_PRM": 104.89,
    "GDB_PRMEX": 104.89,
    "GPT_DATE": null,
    "GPT_USER": "",
    "ID": 31361,
    "IDENT_OBIE": "67855299",
    "ID_ISDP": 0,
    "ID_SPRAWY": 80593699,
    "ID_WARSTWY": "F19_STAN_ARCH",
    "ISDP_FID": "GDB$G_EOZ_ARCHEOLOGIA_EOZ_A.4d9eef0c-e282-557a-e055-000000000001",
    "ISTNIEJE": "",
    "KARTA_MAPY": "",
    "LOKALIZACJ": "",
    "MATERIAL": "",
    "NAZWA": "",
    "NUMER": "",
    "NUMER_EWID": "",
    "NUMER_REJ_": "",
    "OBREB": "",
    "REJESTR_TA": "EW_ARCHEOLOGIA",
    "RODZAJE_ZA": "",
    "RODZAJ_OBI": "",
    "RODZAJ_WLA": "",
    "STAN_ZACHO": "",
    "STATUS": "",
    "STYL_OBIEK": "",
    "SYMBOL_EWI": "",
    "SYMBOL_REJ": "",
    "Shape__Area": 1989.384765625,
    "Shape__Length": 162.98534080682012,
    "UWAGI": "",
    "WIEK_CZ_PO": "",
    "WIEK_POWST": "",
    "WYDRUK_LIN": "",
    "ZAJETA_NA_": 1,
    "ZALACZNIKI": "http://172.16.11.22:8085/SOWA2-services/doc/print/65353249/0553.pdf",
    "ZDJECIE_1": "",
    "ZDJECIE_2": "",
    "ZDJECIE_3": "",
    "ZDJECIE_4": "",
    "ZDJECIE_5": "",
    "ZDJECIE_6": "",
    "ZDJECIE_7": "",
    "ZDJECIE_8": "",
    "ZWERYFIKOW": "",
    "ZWIAZANA_Z": 0
   },
   "type": "Feature"
  },
  {
   "geometry": {
    "coordinates": [
     [
      [
       19.948811,
       49.974112
      ],
      [
       19.949011,
       49.97408
      ],
      [
       19.949185,
       49.974004
      ],
      [
       19.949293,
       49.973899
      ],
      [
       19.949324,
       49.973835
      ],
      [
       19.949333,
       49.973736
      ],
      [
       19.94928,
       49.97364
      ],
      [
       19.949189,
       49.973549
      ],
      [
       19.949089,
       49.973499
      ],
      [
       19.949019,
       49.973461
      ],
      [
       19.948818,
       49.973414
      ],
      [
       19.94862,
       49.973421
      ],
      [
       19.948391,
       49.973486
      ],
      [
       19.948184,
       49.973624
      ],
      [
       19.948094,
       49.973765
      ],
      [
       19.948085,
       49.973842
      ],
      [
       19.948129,
       49.973903
      ],
      [
       19.94818,
       49.97395
      ],
      [
       19.948307,
       49.974027
      ],
      [
       19.948447,
       49.974083
      ],
      [
       19.94861,
       49.97412
      ],
      [
       19.948811,
       49.974112
      ]
     ]
    ],
    "type": "Polygon"
   },
   "id": 59,
   "properties": {
    "ADRES": "",
    "ATRYBUTY_O": "Nr stanowiska: 556",
    "BUDOWNICZY": "",
    "CHARAKTER": "",
    "DATA_WPISU": null,
    "DATA_WZNIE": "",
    "DZIELNICA": "",
    "FID": 59,
    "FUNKCJA_OB": "",
    "FUNKCJA_PI": "",
    "GDB_AREA": 5301.33,
    "GDB_PRM": 260.84,
    "GDB_PRMEX": 260.84,
    "GPT_DATE": null,
    "GPT_USER": "",
    "ID": 31363,
    "IDENT_OBIE": "67855399",
    "ID_ISDP": 0,
    "ID_SPRAWY": 80593849,
    "ID_WARSTWY": "F19_STAN_ARCH",
    "ISDP_FID": "GDB$G_EOZ_ARCHEOLOGIA_EOZ_A.4d9eef0c-e283-557a-e055-000000000001",
    "ISTNIEJE": "",
    "KARTA_MAPY": "",
    "LOKALIZACJ": "",
    "MATERIAL": "",
    "NAZWA": "",
    "NUMER": "",
    "NUMER_EWID": "",
    "NUMER_REJ_": "",
    "OBREB": "",
    "REJESTR_TA": "EW_ARCHEOLOGIA",
    "RODZAJE_ZA": "",
    "RODZAJ_OBI": "",
    "RODZAJ_WLA": "",
    "STAN_ZACHO": "",
    "STATUS": "",
    "STYL_OBIEK": "",
    "SYMBOL_EWI": "",
    "SYMBOL_REJ": "",
    "Shape__Area": 12802.1572265625,
    "Shape__Length": 405.28996413880265,
    "UWAGI": "",
    "WIEK_CZ_PO": "",
    "WIEK_POWST": "",
    "WYDRUK_LIN": "",
    "ZAJETA_NA_": 1,
    "ZALACZNIKI": "http://172.16.11.22:8085/SOWA2-services/doc/print/65353349/0556.pdf",
    "ZDJECIE_1": "",
    "ZDJECIE_2": "",
    "ZDJECIE_3": "",
    "ZDJECIE_4": "",
    "ZDJECIE_5": "",
    "ZDJECIE_6": "",
    "ZDJECIE_7": "",
    "ZDJECIE_8": "",
    "ZWERYFIKOW": "",
    "ZWIAZANA_Z": 0
   },
   "type": "Feature"
  },
  {
   "geometry": {
    "coordinates": [
     [
      [
       19.954098,
       49.978083
      ],
      [
       19.953996,
       49.978209
      ],
      [
       19.953937,
       49.978372
      ],
      [
       19.95398,
       49.978508
      ],
      [
       19.954089,
       49.978612
      ],
      [
       19.954198,
       49.978651
      ],
      [
       19.954345,
       49.978666
      ],
      [
       19.954445,
       49.978669
      ],
      [
       19.954603,
       49.978636
      ],
      [
       19.95471,
       49.978567
      ],
      [
       19.954777,
       49.978503
      ],
      [
       19.954795,
       49.97841
      ],
      [
       19.954805,
       49.978321
      ],
      [
       19.954764,
       49.978201
      ],
      [
       19.954692,
       49.978119
      ],
      [
       19.954572,
       49.978043
      ],
      [
       19.954489,
       49.978007
      ],
      [
       19.954336,
       49.977982
      ],
      [
       19.954226,
       49.978007
      ],
      [
       19.954154,
       49.978043
      ],
      [
       19.954098,
       49.978083
      ]
     ]
    ],
    "type": "Polygon"
   },
   "id": 60,
   "properties": {
    "ADRES": "",
    "ATRYBUTY_O": "Nr stanowiska: 558",
    "BUDOWNICZY": "",
    "CHARAKTER": "",
    "DATA_WPISU": null,
    "DATA_WZNIE": "",
    "DZIELNICA": "",
    "FID": 60,
    "FUNKCJA_OB": "",
    "FUNKCJA_PI": "",
    "GDB_AREA": 3650.76,
    "GDB_PRM": 217.95,
    "GDB_PRMEX": 217.95,
    "GPT_DATE": null,
    "GPT_USER": "",
    "ID": 31365,
    "IDENT_OBIE": "67855499",
    "ID_ISDP": 0,
    "ID_SPRAWY": 80593949,
    "ID_WARSTWY": "F19_STAN_ARCH",
    "ISDP_FID": "GDB$G_EOZ_ARCHEOLOGIA_EOZ_A.4d9eef0c-e284-557a-e055-000000000001",
    "ISTNIEJE": "",
    "KARTA_MAPY": "",
    "LOKALIZACJ": "",
    "MATERIAL": "",
    "NAZWA": "",
    "NUMER": "",
    "NUMER_EWID": "",
    "NUMER_REJ_": "",
    "OBREB": "",
    "REJESTR_TA": "EW_ARCHEOLOGIA",
    "RODZAJE_ZA": "",
    "RODZAJ_OBI": "",
    "RODZAJ_WLA": "",
    "STAN_ZACHO": "",
    "STATUS": "",
    "STYL_OBIEK": "",
    "SYMBOL_EWI": "",
    "SYMBOL_REJ": "",
    "Shape__Area": 8817.89453125,
    "Shape__Length": 338.80604861704154,
    "UWAGI": "",
    "WIEK_CZ_PO": "",
    "WIEK_POWST": "",
    "WYDRUK_LIN": "",
    "ZAJETA_NA_": 1,
    "ZALACZNIKI": "http://172.16.11.22:8085/SOWA2-services/doc/print/65353449/0558.pdf",
    "ZDJECIE_1": "",
    "ZDJECIE_2": "",
    "ZDJECIE_3": "",
    "ZDJECIE_4": "",
    "ZDJECIE_5": "",
    "ZDJECIE_6": "",
    "ZDJECIE_7": "",
    "ZDJECIE_8": "",
    "ZWERYFIKOW": "",
    "ZWIAZANA_Z": 0
   },
   "type": "Feature"
  },
  {
   "geometry": {
    "coordinates": [
     [
      [
       19.94209,
       49.975698
      ],
      [
       19.941885,
       49.975681
      ],
      [
       19.94165,
       49.975716
      ],
      [
       19.941558,
       49.975752
      ],
      [
       19.941505,
       49.975784
      ],
      [
       19.9415,
       49.975819
      ],
      [
       19.941537,
       49.975871
      ],
      [
       19.941628,
       49.975907
      ],
      [
       19.941755,
       49.975922
      ],
      [
       19.941905,
       49.975939
      ],
      [
       19.941996,
       49.975942
      ],
      [
       19.942111,
       49.975943
      ],
      [
       19.942207,
       49.975923
      ],
      [
       19.942285,
       49.975895
      ],
      [
       19.942323,
       49.975854
      ],
      [
       19.94232,
       49.975817
      ],
      [
       19.942275,
       49.975763
      ],
      [
       19.942191,
       49.975713
      ],
      [
       19.94209,
       49.975698
      ]
     ]
    ],
    "type": "Polygon"
   },
   "id": 61,
   "properties": {
    "ADRES": "",
    "ATRYBUTY_O": "Nr stanowiska: 491",
    "BUDOWNICZY": "",
    "CHARAKTER": "",
    "DATA_WPISU": null,
    "DATA_WZNIE": "",
    "DZIELNICA": "",
    "FID": 61,
    "FUNKCJA_OB": "",
    "FUNKCJA_PI": "",
    "GDB_AREA": 1330.09,
    "GDB_PRM": 143.5,
    "GDB_PRMEX": 143.5,
    "GPT_DATE": null,
    "GPT_USER": "",
    "ID": 31367,
    "IDENT_OBIE": "67855599",
    "ID_ISDP": 0,
    "ID_SPRAWY": 80594499,
    "ID_WARSTWY": "F19_STAN_ARCH",
    "ISDP_FID": "GDB$G_EOZ_ARCHEOLOGIA_EOZ_A.4d9eef0c-e285-557a-e055-000000000001",
    "ISTNIEJE": "",
    "KARTA_MAPY": "",
    "LOKALIZACJ": "",
    "MATERIAL": "",
    "NAZWA": "",
    "NUMER": "",
    "NUMER_EWID": "",
    "NUMER_REJ_": "",
    "OBREB": "",
    "REJESTR_TA": "EW_ARCHEOLOGIA",
    "RODZAJE_ZA": "",
    "RODZAJ_OBI": "",
    "RODZAJ_WLA": "",
    "STAN_ZACHO": "",
    "STATUS": "",
    "STYL_OBIEK": "",
    "SYMBOL_EWI": "",
    "SYMBOL_REJ": "",
    "Shape__Area": 3212.2900390625,
    "Shape__Length": 222.8574794008976,
    "UWAGI": "",
    "WIEK_CZ_PO": "",
    "WIEK_POWST": "",
    "WYDRUK_LIN": "",
    "ZAJETA_NA_": 1,
    "ZALACZNIKI": "http://172.16.11.22:8085/SOWA2-services/doc/print/65351649/0491.pdf",
    "ZDJECIE_1": "",
    "ZDJECIE_2": "",
    "ZDJECIE_3": "",
    "ZDJECIE_4": "",
    "ZDJECIE_5": "",
    "ZDJECIE_6": "",
    "ZDJECIE_7": "",
    "ZDJECIE_8": "",
    "ZWERYFIKOW": "",
    "ZWIAZANA_Z": 0
   },
   "type": "Feature"
  },
  {
   "geometry": {
    "coordinates": [
     [
      [
       19.939387,
       49.98294
      ],
      [
       19.939278,
       49.982931
      ],
      [
       19.939158,
       49.982949
      ],
      [
       19.939061,
       49.98297
      ],
      [
       19.938983,
       49.982997
      ],
      [
       19.938941,
       49.983021
      ],
      [
       19.938922,
       49.983049
      ],
      [
       19.938923,
       49.983087
      ],
      [
       19.938984,
       49.983148
      ],
      [
       19.939134,
       49.983211
      ],
      [
       19.939291,
       49.983234
      ],
      [
       19.9394,
       49.98324
      ],
      [
       19.93957,
       49.983214
      ],
      [
       19.939658,
       49.983179
      ],
      [
       19.939691,
       49.983133
      ],
      [
       19.939676,
       49.983081
      ],
      [
       19.939615,
       49.98302
      ],
      [
       19.939535,
       49.98297
      ],
      [
       19.939462,
       49.982952
      ],
      [
       19.939387,
       49.98294
      ]
     ]
    ],
    "type": "Polygon"
   },
   "id": 62,
   "properties": {
    "ADRES": "",
    "ATRYBUTY_O": "Nr stanowiska: 492",
    "BUDOWNICZY": "",
    "CHARAKTER": "",
    "DATA_WPISU": null,
    "DATA_WZNIE": "",
    "DZIELNICA": "",
    "FID": 62,
    "FUNKCJA_OB": "",
    "FUNKCJA_PI": "",
    "GDB_AREA": 1412.21,
    "GDB_PRM": 141.02,
    "GDB_PRMEX": 141.02,
    "GPT_DATE": null,
    "GPT_USER": "",
    "ID": 31368,
    "IDENT_OBIE": "67855649",
    "ID_ISDP": 0,
    "ID_SPRAWY": 80594549,
    "ID_WARSTWY": "F19_STAN_ARCH",
    "ISDP_FID": "GDB$G_EOZ_ARCHEOLOGIA_EOZ_A.4d9eef0c-e286-557a-e055-000000000001",
    "ISTNIEJE": "",
    "KARTA_MAPY": "",
    "LOKALIZACJ": "",
    "MATERIAL": "",
    "NAZWA": "",
    "NUMER": "",
    "NUMER_EWID": "",
    "NUMER_REJ_": "",
    "OBREB": "",
    "REJESTR_TA": "EW_ARCHEOLOGIA",
    "RODZAJE_ZA": "",
    "RODZAJ_OBI": "",
    "RODZAJ_WLA": "",
    "STAN_ZACHO": "",
    "STATUS": "",
    "STYL_OBIEK": "",
    "SYMBOL_EWI": "",
    "SYMBOL_REJ": "",
    "Shape__Area": 3411.6376953125,
    "Shape__Length": 219.074736441881,
    "UWAGI": "",
    "WIEK_CZ_PO": "",
    "WIEK_POWST": "",
    "WYDRUK_LIN": "",
    "ZAJETA_NA_": 1,
    "ZALACZNIKI": "http://172.16.11.22:8085/SOWA2-services/doc/print/65351699/0492.pdf",
    "ZDJECIE_1": "",
    "ZDJECIE_2": "",
    "ZDJECIE_3": "",
    "ZDJECIE_4": "",
    "ZDJECIE_5": "",
    "ZDJECIE_6": "",
    "ZDJECIE_7": "",
    "ZDJECIE_8": "",
    "ZWERYFIKOW": "",
    "ZWIAZANA_Z": 0
   },
   "type": "Feature"
  },
  {
   "geometry": {
    "coordinates": [
     [
      [
       20.183286,
       50.117834
      ],
      [
       20.183447,
       50.117881
      ],
      [
       20.183591,
       50.117895
      ],
      [
       20.183729,
       50.11789
      ],
      [
       20.183841,
       50.11782
      ],
      [
       20.18388,
       50.117721
      ],
      [
       20.183868,
       50.117583
      ],
      [
       20.183832,
       50.117459
      ],
      [
       20.183736,
       50.117367
      ],
      [
       20.183555,
       50.11729
      ],
      [
       20.18335,
       50.117226
      ],
      [
       20.183148,
       50.117178
      ],
      [
       20.182932,
       50.117154
      ],
      [
       20.18279,
       50.117159
      ],
      [
       20.182674,
       50.117179
      ],
      [
       20.182579,
       50.117213
      ],
      [
       20.18254,
       50.117268
      ],
      [
       20.182529,
       50.117364
      ],
      [
       20.18258,
       50.117496
      ],
      [
       20.182712,
       50.117611
      ],
      [
       20.182876,
       50.117702
      ],
      [
       20.183095,
       50.117783
      ],
      [
       20.183286,
       50.117834
      ]
     ]
    ],
    "type": "Polygon"
   },
   "id": 63,
   "properties": {
    "ADRES": "",
    "ATRYBUTY_O": "Nr stanowiska: 839",
    "BUDOWNICZY": "",
    "CHARAKTER": "",
    "DATA_WPISU": null,
    "DATA_WZNIE": "",
    "DZIELNICA": "",
    "FID": 63,
    "FUNKCJA_OB": "",
    "FUNKCJA_PI": "",
    "GDB_AREA": 5616.79,
    "GDB_PRM": 283.46,
    "GDB_PRMEX": 283.46,
    "GPT_DATE": null,
    "GPT_USER": "",
    "ID": 31370,
    "IDENT_OBIE": "67855749",
    "ID_ISDP": 0,
    "ID_SPRAWY": 80594899,
    "ID_WARSTWY": "F19_STAN_ARCH",
    "ISDP_FID": "GDB$G_EOZ_ARCHEOLOGIA_EOZ_A.4d9eef0c-e287-557a-e055-000000000001",
    "ISTNIEJE": "",
    "KARTA_MAPY": "",
    "LOKALIZACJ": "",
    "MATERIAL": "",
    "NAZWA": "",
    "NUMER": "",
    "NUMER_EWID": "",
    "NUMER_REJ_": "",
    "OBREB": "",
    "REJESTR_TA": "EW_ARCHEOLOGIA",
    "RODZAJE_ZA": "",
    "RODZAJ_OBI": "",
    "RODZAJ_WLA": "",
    "STAN_ZACHO": "",
    "STATUS": "",
    "STYL_OBIEK": "",
    "SYMBOL_EWI": "",
    "SYMBOL_REJ": "",
    "Shape__Area": 13645.75,
    "Shape__Length": 441.7377453284033,
    "UWAGI": "",
    "WIEK_CZ_PO": "",
    "WIEK_POWST": "",
    "WYDRUK_LIN": "",
    "ZAJETA_NA_": 1,
    "ZALACZNIKI": "http://172.16.11.22:8085/SOWA2-services/doc/print/65356699/0839.pdf",
    "ZDJECIE_1": "",
    "ZDJECIE_2": "",
    "ZDJECIE_3": "",
    "ZDJECIE_4": "",
    "ZDJECIE_5": "",
    "ZDJECIE_6": "",
    "ZDJECIE_7": "",
    "ZDJECIE_8": "",
    "ZWERYFIKOW": "",
    "ZWIAZANA_Z": 0
   },
   "type": "Feature"
  },
  {
   "geometry": {
    "coordinates": [
     [
      [
       19.916943,
       50.040572
      ],
      [
       19.916844,
       50.040724
      ],
      [
       19.916818,
       50.040799
      ],
      [
       19.916823,
       50.040855
      ],
      [
       19.91689,
       50.040955
      ],
      [
       19.916975,
       50.041013
      ],
      [
       19.917153,
       50.041047
      ],
      [
       19.917285,
       50.041056
      ],
      [
       19.917381,
       50.041053
      ],
      [
       19.91742,
       50.041025
      ],
      [
       19.917446,
       50.040983
      ],
      [
       19.917452,
       50.040915
      ],
      [
       19.917396,
       50.040841
      ],
      [
       19.917349,
       50.040767
      ],
      [
       19.917334,
       50.040718
      ],
      [
       19.917331,
       50.040632
      ],
      [
       19.917312,
       50.040468
      ],
      [
       19.917302,
       50.040357
      ],
      [
       19.917283,
       50.040305
      ],
      [
       19.917236,
       50.040271
      ],
      [
       19.917183,
       50.040274
      ],
      [
       19.917132,
       50.040287
      ],
      [
       19.917069,
       50.040368
      ],
      [
       19.916943,
       50.040572
      ]
     ]
    ],
    "type": "Polygon"
   },
   "id": 64,
   "properties": {
    "ADRES": "",
    "ATRYBUTY_O": "Nr stanowiska: 413",
    "BUDOWNICZY": "",
    "CHARAKTER": "",
    "DATA_WPISU": null,
    "DATA_WZNIE": "",
    "DZIELNICA": "",
    "FID": 64,
    "FUNKCJA_OB": "",
    "FUNKCJA_PI": "",
    "GDB_AREA": 2526.85,
    "GDB_PRM": 217.67,
    "GDB_PRMEX": 217.67,
    "GPT_DATE": null,
    "GPT_USER": "",
    "ID": 31371,
    "IDENT_OBIE": "67855799",
    "ID_ISDP": 0,
    "ID_SPRAWY": 80595149,
    "ID_WARSTWY": "F19_STAN_ARCH",
    "ISDP_FID": "GDB$G_EOZ_ARCHEOLOGIA_EOZ_A.4d9eef0c-e288-557a-e055-000000000001",
    "ISTNIEJE": "",
    "KARTA_MAPY": "",
    "LOKALIZACJ": "",
    "MATERIAL": "",
    "NAZWA": "",
    "NUMER": "",
    "NUMER_EWID": "",
    "NUMER_REJ_": "",
    "OBREB": "",
    "REJESTR_TA": "EW_ARCHEOLOGIA",
    "RODZAJE_ZA": "",
    "RODZAJ_OBI": "",
    "RODZAJ_WLA": "",
    "STAN_ZACHO": "",
    "STATUS": "",
    "STYL_OBIEK": "",
    "SYMBOL_EWI": "",
    "SYMBOL_REJ": "",
    "Shape__Area": 6118.96875,
    "Shape__Length": 338.9463249505258,
    "UWAGI": "",
    "WIEK_CZ_PO": "",
    "WIEK_POWST": "",
    "WYDRUK_LIN": "",
    "ZAJETA_NA_": 1,
    "ZALACZNIKI": "http://172.16.11.22:8085/SOWA2-services/doc/print/65350949/0413.pdf",
    "ZDJECIE_1": "",
    "ZDJECIE_2": "",
    "ZDJECIE_3": "",
    "ZDJECIE_4": "",
    "ZDJECIE_5": "",
    "ZDJECIE_6": "",
    "ZDJECIE_7": "",
    "ZDJECIE_8": "",
    "ZWERYFIKOW": "",
    "ZWIAZANA_Z": 0
   },
   "type": "Feature"
  },
  {
   "geometry": {
    "coordinates": [
     [
      [
       19.95035,
       49.972148
      ],
      [
       19.95014,
       49.972146
      ],
      [
       19.949959,
       49.972172
      ],
      [
       19.949844,
       49.9722
      ],
      [
       19.949792,
       49.972223
      ],
      [
       19.949767,
       49.972277
      ],
      [
       19.949765,
       49.972334
      ],
      [
       19.949838,
       49.972404
      ],
      [
       19.950009,
       49.972488
      ],
      [
       19.950146,
       49.972524
      ],
      [
       19.95034,
       49.972535
      ],
      [
       19.950509,
       49.972538
      ],
      [
       19.950619,
       49.97251
      ],
      [
       19.950696,
       49.972457
      ],
      [
       19.950749,
       49.972398
      ],
      [
       19.950726,
       49.972316
      ],
      [
       19.950648,
       49.972253
      ],
      [
       19.950523,
       49.97218
      ],
      [
       19.950432,
       49.972162
      ],
      [
       19.95035,
       49.972148
      ]
     ]
    ],
    "type": "Polygon"
   },
   "id": 65,
   "properties": {
    "ADRES": "",
    "ATRYBUTY_O": "Nr stanowiska: 495",
    "BUDOWNICZY": "",
    "CHARAKTER": "",
    "DATA_WPISU": null,
    "DATA_WZNIE": "",
    "DZIELNICA": "",
    "FID": 65,
    "FUNKCJA_OB": "",
    "FUNKCJA_PI": "",
    "GDB_AREA": 2384.07,
    "GDB_PRM": 183.23,
    "GDB_PRMEX": 183.23,
    "GPT_DATE": null,
    "GPT_USER": "",
    "ID": 31373,
    "IDENT_OBIE": "67855899",
    "ID_ISDP": 0,
    "ID_SPRAWY": 80595749,
    "ID_WARSTWY": "F19_STAN_ARCH",
    "ISDP_FID": "GDB$G_EOZ_ARCHEOLOGIA_EOZ_A.4d9eef0c-e289-557a-e055-000000000001",
    "ISTNIEJE": "",
    "KARTA_MAPY": "",
    "LOKALIZACJ": "",
    "MATERIAL": "",
    "NAZWA": "",
    "NUMER": "",
    "NUMER_EWID": "",
    "NUMER_REJ_": "",
    "OBREB": "",
    "REJESTR_TA": "EW_ARCHEOLOGIA",
    "RODZAJE_ZA": "",
    "RODZAJ_OBI": "",
    "RODZAJ_WLA": "",
    "STAN_ZACHO": "",
    "STATUS": "",
    "STYL_OBIEK": "",
    "SYMBOL_EWI": "",
    "SYMBOL_REJ": "",
    "Shape__Area": 5756.939453125,
    "Shape__Length": 284.60461262426816,
    "UWAGI": "",
    "WIEK_CZ_PO": "",
    "WIEK_POWST": "",
    "WYDRUK_LIN": "",
    "ZAJETA_NA_": 1,
    "ZALACZNIKI": "http://172.16.11.22:8085/SOWA2-services/doc/print/65351799/0495.pdf",
    "ZDJECIE_1": "",
    "ZDJECIE_2": "",
    "ZDJECIE_3": "",
    "ZDJECIE_4": "",
    "ZDJECIE_5": "",
    "ZDJECIE_6": "",
    "ZDJECIE_7": "",
    "ZDJECIE_8": "",
    "ZWERYFIKOW": "",
    "ZWIAZANA_Z": 0
   },
   "type": "Feature"
  },
  {
   "geometry": {
    "coordinates": [
     [
      [
       19.878856,
       50.030272
      ],
      [
       19.87885,
       50.030459
      ],
      [
       19.878905,
       50.030555
      ],
      [
       19.878978,
       50.030601
      ],
      [
       19.879069,
       50.030638
      ],
      [
       19.879152,
       50.030636
      ],
      [
       19.87922,
       50.030599
      ],
      [
       19.879311,
       50.030533
      ],
      [
       19.87937,
       50.030427
      ],
      [
       19.879395,
       50.030354
      ],
      [
       19.879415,
       50.030286
      ],
      [
       19.879406,
       50.03018
      ],
      [
       19.879344,
       50.030092
      ],
      [
       19.879231,
       50.030032
      ],
      [
       19.879104,
       50.030017
      ],
      [
       19.879027,
       50.030028
      ],
      [
       19.878941,
       50.030064
      ],
      [
       19.878903,
       50.030121
      ],
      [
       19.878856,
       50.030272
      ]
     ]
    ],
    "type": "Polygon"
   },
   "id": 66,
   "properties": {
    "ADRES": "",
    "ATRYBUTY_O": "Nr stanowiska: 404",
    "BUDOWNICZY": "",
    "CHARAKTER": "",
    "DATA_WPISU": null,
    "DATA_WZNIE": "",
    "DZIELNICA": "",
    "FID": 66,
    "FUNKCJA_OB": "",
    "FUNKCJA_PI": "",
    "GDB_AREA": 2200.23,
    "GDB_PRM": 177.26,
    "GDB_PRMEX": 177.26,
    "GPT_DATE": null,
    "GPT_USER": "",
    "ID": 31272,
    "IDENT_OBIE": "67850849",
    "ID_ISDP": 0,
    "ID_SPRAWY": 80579699,
    "ID_WARSTWY": "F19_STAN_ARCH",
    "ISDP_FID": "GDB$G_EOZ_ARCHEOLOGIA_EOZ_A.4d9eef0c-e248-557a-e055-000000000001",
    "ISTNIEJE": "",
    "KARTA_MAPY": "",
    "LOKALIZACJ": "",
    "MATERIAL": "",
    "NAZWA": "",
    "NUMER": "",
    "NUMER_EWID": "",
    "NUMER_REJ_": "",
    "OBREB": "",
    "REJESTR_TA": "EW_ARCHEOLOGIA",
    "RODZAJE_ZA": "",
    "RODZAJ_OBI": "",
    "RODZAJ_WLA": "",
    "STAN_ZACHO": "",
    "STATUS": "",
    "STYL_OBIEK": "",
    "SYMBOL_EWI": "",
    "SYMBOL_REJ": "",
    "Shape__Area": 5325.67578125,
    "Shape__Length": 275.9151256136965,
    "UWAGI": "",
    "WIEK_CZ_PO": "",
    "WIEK_POWST": "",
    "WYDRUK_LIN": "",
    "ZAJETA_NA_": 1,
    "ZALACZNIKI": "http://172.16.11.22:8085/SOWA2-services/doc/print/65350599/0404.pdf",
    "ZDJECIE_1": "",
    "ZDJECIE_2": "",
    "ZDJECIE_3": "",
    "ZDJECIE_4": "",
    "ZDJECIE_5": "",
    "ZDJECIE_6": "",
    "ZDJECIE_7": "",
    "ZDJECIE_8": "",
    "ZWERYFIKOW": "",
    "ZWIAZANA_Z": 0
   },
   "type": "Feature"
  },
  {
   "geometry": {
    "coordinates": [
     [
      [
       19.893444,
       50.035546
      ],
      [
       19.893393,
       50.035577
      ],
      [
       19.893365,
       50.035605
      ],
      [
       19.89336,
       50.035626
      ],
      [
       19.893362,
       50.035656
      ],
      [
       19.89341,
       50.035683
      ],
      [
       19.893468,
       50.0357
      ],
      [
       19.893512,
       50.035699
      ],
      [
       19.893567,
       50.035687
      ],
      [
       19.893621,
       50.035674
      ],
      [
       19.89364,
       50.035668
      ],
      [
       19.893666,
       50.035653
      ],
      [
       19.89368,
       50.035627
      ],
      [
       19.893666,
       50.035594
      ],
      [
       19.893642,
       50.035565
      ],
      [
       19.893611,
       50.035548
      ],
      [
       19.893572,
       50.035528
      ],
      [
       19.893508,
       50.035528
      ],
      [
       19.893444,
       50.035546
      ]
     ]
    ],
    "type": "Polygon"
   },
   "id": 67,
   "properties": {
    "ADRES": "",
    "ATRYBUTY_O": "Nr stanowiska: 406",
    "BUDOWNICZY": "",
    "CHARAKTER": "",
    "DATA_WPISU": null,
    "DATA_WZNIE": "",
    "DZIELNICA": "",
    "FID": 67,
    "FUNKCJA_OB": "",
    "FUNKCJA_PI": "",
    "GDB_AREA": 325.96,
    "GDB_PRM": 65.57,
    "GDB_PRMEX": 65.57,
    "GPT_DATE": null,
    "GPT_USER": "",
    "ID": 31275,
    "IDENT_OBIE": "67850999",
    "ID_ISDP": 0,
    "ID_SPRAWY": 80579849,
    "ID_WARSTWY": "F19_STAN_ARCH",
    "ISDP_FID": "GDB$G_EOZ_ARCHEOLOGIA_EOZ_A.4d9eef0c-e249-557a-e055-000000000001",
    "ISTNIEJE": "",
    "KARTA_MAPY": "",
    "LOKALIZACJ": "",
    "MATERIAL": "",
    "NAZWA": "",
    "NUMER": "",
    "NUMER_EWID": "",
    "NUMER_REJ_": "",
    "OBREB": "",
    "REJESTR_TA": "EW_ARCHEOLOGIA",
    "RODZAJE_ZA": "",
    "RODZAJ_OBI": "",
    "RODZAJ_WLA": "",
    "STAN_ZACHO": "",
    "STATUS": "",
    "STYL_OBIEK": "",
    "SYMBOL_EWI": "",
    "SYMBOL_REJ": "",
    "Shape__Area": 789.177734375,
    "Shape__Length": 102.00788829344934,
    "UWAGI": "",
    "WIEK_CZ_PO": "",
    "WIEK_POWST": "",
    "WYDRUK_LIN": "",
    "ZAJETA_NA_": 1,
    "ZALACZNIKI": "http://172.16.11.22:8085/SOWA2-services/doc/print/65350699/0406.pdf",
    "ZDJECIE_1": "",
    "ZDJECIE_2": "",
    "ZDJECIE_3": "",
    "ZDJECIE_4": "",
    "ZDJECIE_5": "",
    "ZDJECIE_6": "",
    "ZDJECIE_7": "",
    "ZDJECIE_8": "",
    "ZWERYFIKOW": "",
    "ZWIAZANA_Z": 0
   },
   "type": "Feature"
  },
  {
   "geometry": {
    "coordinates": [
     [
      [
       19.873748,
       50.033123
      ],
      [
       19.873644,
       50.03314
      ],
      [
       19.873585,
       50.033196
      ],
      [
       19.873607,
       50.033278
      ],
      [
       19.873722,
       50.033359
      ],
      [
       19.873961,
       50.033417
      ],
      [
       19.87408,
       50.033452
      ],
      [
       19.874189,
       50.033459
      ],
      [
       19.874268,
       50.033433
      ],
      [
       19.874299,
       50.033386
      ],
      [
       19.874294,
       50.033311
      ],
      [
       19.874222,
       50.03322
      ],
      [
       19.874032,
       50.033165
      ],
      [
       19.873882,
       50.033126
      ],
      [
       19.873748,
       50.033123
      ]
     ]
    ],
    "type": "Polygon"
   },
   "id": 68,
   "properties": {
    "ADRES": "",
    "ATRYBUTY_O": "Nr stanowiska: 408",
    "BUDOWNICZY": "",
    "CHARAKTER": "",
    "DATA_WPISU": null,
    "DATA_WZNIE": "",
    "DZIELNICA": "",
    "FID": 68,
    "FUNKCJA_OB": "",
    "FUNKCJA_PI": "",
    "GDB_AREA": 1310.52,
    "GDB_PRM": 140.11,
    "GDB_PRMEX": 140.11,
    "GPT_DATE": null,
    "GPT_USER": "",
    "ID": 31278,
    "IDENT_OBIE": "67851149",
    "ID_ISDP": 0,
    "ID_SPRAWY": 80579999,
    "ID_WARSTWY": "F19_STAN_ARCH",
    "ISDP_FID": "GDB$G_EOZ_ARCHEOLOGIA_EOZ_A.4d9eef0c-e24a-557a-e055-000000000001",
    "ISTNIEJE": "",
    "KARTA_MAPY": "",
    "LOKALIZACJ": "",
    "MATERIAL": "",
    "NAZWA": "",
    "NUMER": "",
    "NUMER_EWID": "",
    "NUMER_REJ_": "",
    "OBREB": "",
    "REJESTR_TA": "EW_ARCHEOLOGIA",
    "RODZAJE_ZA": "",
    "RODZAJ_OBI": "",
    "RODZAJ_WLA": "",
    "STAN_ZACHO": "",
    "STATUS": "",
    "STYL_OBIEK": "",
    "SYMBOL_EWI": "",
    "SYMBOL_REJ": "",
    "Shape__Area": 3172.5107421875,
    "Shape__Length": 217.91616353000398,
    "UWAGI": "",
    "WIEK_CZ_PO": "",
    "WIEK_POWST": "",
    "WYDRUK_LIN": "",
    "ZAJETA_NA_": 1,
    "ZALACZNIKI": "http://172.16.11.22:8085/SOWA2-services/doc/print/65350799/0408.pdf",
    "ZDJECIE_1": "",
    "ZDJECIE_2": "",
    "ZDJECIE_3": "",
    "ZDJECIE_4": "",
    "ZDJECIE_5": "",
    "ZDJECIE_6": "",
    "ZDJECIE_7": "",
    "ZDJECIE_8": "",
    "ZWERYFIKOW": "",
    "ZWIAZANA_Z": 0
   },
   "type": "Feature"
  },
  {
   "geometry": {
    "coordinates": [
     [
      [
       19.876238,
       50.034699
      ],
      [
       19.876086,
       50.034702
      ],
      [
       19.875985,
       50.034721
      ],
      [
       19.875942,
       50.034754
      ],
      [
       19.875906,
       50.034804
      ],
      [
       19.875914,
       50.03488
      ],
      [
       19.875983,
       50.034945
      ],
      [
       19.876124,
       50.035018
      ],
      [
       19.876203,
       50.035052
      ],
      [
       19.876336,
       50.035071
      ],
      [
       19.876447,
       50.035046
      ],
      [
       19.876549,
       50.03501
      ],
      [
       19.876655,
       50.034964
      ],
      [
       19.87668,
       50.034888
      ],
      [
       19.876611,
       50.034821
      ],
      [
       19.876548,
       50.034771
      ],
      [
       19.876449,
       50.034718
      ],
      [
       19.876238,
       50.034699
      ]
     ]
    ],
    "type": "Polygon"
   },
   "id": 69,
   "properties": {
    "ADRES": "",
    "ATRYBUTY_O": "Nr stanowiska: 410",
    "BUDOWNICZY": "",
    "CHARAKTER": "",
    "DATA_WPISU": null,
    "DATA_WZNIE": "",
    "DZIELNICA": "",
    "FID": 69,
    "FUNKCJA_OB": "",
    "FUNKCJA_PI": "",
    "GDB_AREA": 1681.64,
    "GDB_PRM": 151.36,
    "GDB_PRMEX": 151.36,
    "GPT_DATE": null,
    "GPT_USER": "",
    "ID": 31279,
    "IDENT_OBIE": "67851199",
    "ID_ISDP": 0,
    "ID_SPRAWY": 80580049,
    "ID_WARSTWY": "F19_STAN_ARCH",
    "ISDP_FID": "GDB$G_EOZ_ARCHEOLOGIA_EOZ_A.4d9eef0c-e24b-557a-e055-000000000001",
    "ISTNIEJE": "",
    "KARTA_MAPY": "",
    "LOKALIZACJ": "",
    "MATERIAL": "",
    "NAZWA": "",
    "NUMER": "",
    "NUMER_EWID": "",
    "NUMER_REJ_": "",
    "OBREB": "",
    "REJESTR_TA": "EW_ARCHEOLOGIA",
    "RODZAJE_ZA": "",
    "RODZAJ_OBI": "",
    "RODZAJ_WLA": "",
    "STAN_ZACHO": "",
    "STATUS": "",
    "STYL_OBIEK": "",
    "SYMBOL_EWI": "",
    "SYMBOL_REJ": "",
    "Shape__Area": 4071.18359375,
    "Shape__Length": 235.43023951532544,
    "UWAGI": "",
    "WIEK_CZ_PO": "",
    "WIEK_POWST": "",
    "WYDRUK_LIN": "",
    "ZAJETA_NA_": 1,
    "ZALACZNIKI": "http://172.16.11.22:8085/SOWA2-services/doc/print/65350899/0410.pdf",
    "ZDJECIE_1": "",
    "ZDJECIE_2": "",
    "ZDJECIE_3": "",
    "ZDJECIE_4": "",
    "ZDJECIE_5": "",
    "ZDJECIE_6": "",
    "ZDJECIE_7": "",
    "ZDJECIE_8": "",
    "ZWERYFIKOW": "",
    "ZWIAZANA_Z": 0
   },
   "type": "Feature"
  },
  {
   "geometry": {
    "coordinates": [
     [
      [
       19.974308,
       49.989844
      ],
      [
       19.974241,
       49.989851
      ],
      [
       19.974182,
       49.989878
      ],
      [
       19.974121,
       49.989934
      ],
      [
       19.9741,
       49.990001
      ],
      [
       19.974102,
       49.990064
      ],
      [
       19.974131,
       49.990105
      ],
      [
       19.974179,
       49.990131
      ],
      [
       19.974231,
       49.99014
      ],
      [
       19.97429,
       49.990134
      ],
      [
       19.974373,
       49.990104
      ],
      [
       19.974437,
       49.990062
      ],
      [
       19.974469,
       49.99001
      ],
      [
       19.974462,
       49.989945
      ],
      [
       19.974433,
       49.989891
      ],
      [
       19.974382,
       49.989857
      ],
      [
       19.97434,
       49.989848
      ],
      [
       19.974308,
       49.989844
      ]
     ]
    ],
    "type": "Polygon"
   },
   "id": 70,
   "properties": {
    "ADRES": "",
    "ATRYBUTY_O": "Nr stanowiska: 528",
    "BUDOWNICZY": "",
    "CHARAKTER": "",
    "DATA_WPISU": null,
    "DATA_WZNIE": "",
    "DZIELNICA": "",
    "FID": 70,
    "FUNKCJA_OB": "",
    "FUNKCJA_PI": "",
    "GDB_AREA": 673.66,
    "GDB_PRM": 93.95,
    "GDB_PRMEX": 93.95,
    "GPT_DATE": null,
    "GPT_USER": "",
    "ID": 31280,
    "IDENT_OBIE": "67851249",
    "ID_ISDP": 0,
    "ID_SPRAWY": 80580499,
    "ID_WARSTWY": "F19_STAN_ARCH",
    "ISDP_FID": "GDB$G_EOZ_ARCHEOLOGIA_EOZ_A.4d9eef0c-e24c-557a-e055-000000000001",
    "ISTNIEJE": "",
    "KARTA_MAPY": "",
    "LOKALIZACJ": "",
    "MATERIAL": "",
    "NAZWA": "",
    "NUMER": "",
    "NUMER_EWID": "",
    "NUMER_REJ_": "",
    "OBREB": "",
    "REJESTR_TA": "EW_ARCHEOLOGIA",
    "RODZAJE_ZA": "",
    "RODZAJ_OBI": "",
    "RODZAJ_WLA": "",
    "STAN_ZACHO": "",
    "STATUS": "",
    "STYL_OBIEK": "",
    "SYMBOL_EWI": "",
    "SYMBOL_REJ": "",
    "Shape__Area": 1627.9248046875,
    "Shape__Length": 146.0811773944624,
    "UWAGI": "",
    "WIEK_CZ_PO": "",
    "WIEK_POWST": "",
    "WYDRUK_LIN": "",
    "ZAJETA_NA_": 1,
    "ZALACZNIKI": "http://172.16.11.22:8085/SOWA2-services/doc/print/65352349/0528.pdf",
    "ZDJECIE_1": "",
    "ZDJECIE_2": "",
    "ZDJECIE_3": "",
    "ZDJECIE_4": "",
    "ZDJECIE_5": "",
    "ZDJECIE_6": "",
    "ZDJECIE_7": "",
    "ZDJECIE_8": "",
    "ZWERYFIKOW": "",
    "ZWIAZANA_Z": 0
   },
   "type": "Feature"
  },
  {
   "geometry": {
    "coordinates": [
     [
      [
       19.973175,
       49.990622
      ],
      [
       19.973084,
       49.99064
      ],
      [
       19.973005,
       49.990664
      ],
      [
       19.972948,
       49.990723
      ],
      [
       19.972933,
       49.99076
      ],
      [
       19.972944,
       49.990812
      ],
      [
       19.972988,
       49.990856
      ],
      [
       19.973046,
       49.990885
      ],
      [
       19.973106,
       49.9909
      ],
      [
       19.973172,
       49.990904
      ],
      [
       19.973241,
       49.990896
      ],
      [
       19.973279,
       49.990881
      ],
      [
       19.973323,
       49.990858
      ],
      [
       19.973348,
       49.990833
      ],
      [
       19.973377,
       49.990743
      ],
      [
       19.973357,
       49.99069
      ],
      [
       19.973303,
       49.99065
      ],
      [
       19.973248,
       49.990625
      ],
      [
       19.9732,
       49.990622
      ],
      [
       19.973175,
       49.990622
      ]
     ]
    ],
    "type": "Polygon"
   },
   "id": 71,
   "properties": {
    "ADRES": "",
    "ATRYBUTY_O": "Nr stanowiska: 529",
    "BUDOWNICZY": "",
    "CHARAKTER": "",
    "DATA_WPISU": null,
    "DATA_WZNIE": "",
    "DZIELNICA": "",
    "FID": 71,
    "FUNKCJA_OB": "",
    "FUNKCJA_PI": "",
    "GDB_AREA": 769.06,
    "GDB_PRM": 99.21,
    "GDB_PRMEX": 99.21,
    "GPT_DATE": null,
    "GPT_USER": "",
    "ID": 31281,
    "IDENT_OBIE": "67851299",
    "ID_ISDP": 0,
    "ID_SPRAWY": 80580549,
    "ID_WARSTWY": "F19_STAN_ARCH",
    "ISDP_FID": "GDB$G_EOZ_ARCHEOLOGIA_EOZ_A.4d9eef0c-e24d-557a-e055-000000000001",
    "ISTNIEJE": "",
    "KARTA_MAPY": "",
    "LOKALIZACJ": "",
    "MATERIAL": "",
    "NAZWA": "",
    "NUMER": "",
    "NUMER_EWID": "",
    "NUMER_REJ_": "",
    "OBREB": "",
    "REJESTR_TA": "EW_ARCHEOLOGIA",
    "RODZAJE_ZA": "",
    "RODZAJ_OBI": "",
    "RODZAJ_WLA": "",
    "STAN_ZACHO": "",
    "STATUS": "",
    "STYL_OBIEK": "",
    "SYMBOL_EWI": "",
    "SYMBOL_REJ": "",
    "Shape__Area": 1858.5107421875,
    "Shape__Length": 154.22963763812228,
    "UWAGI": "",
    "WIEK_CZ_PO": "",
    "WIEK_POWST": "",
    "WYDRUK_LIN": "",
    "ZAJETA_NA_": 1,
    "ZALACZNIKI": "http://172.16.11.22:8085/SOWA2-services/doc/print/65352399/0529.pdf",
    "ZDJECIE_1": "",
    "ZDJECIE_2": "",
    "ZDJECIE_3": "",
    "ZDJECIE_4": "",
    "ZDJECIE_5": "",
    "ZDJECIE_6": "",
    "ZDJECIE_7": "",
    "ZDJECIE_8": "",
    "ZWERYFIKOW": "",
    "ZWIAZANA_Z": 0
   },
   "type": "Feature"
  },
  {
   "geometry": {
    "coordinates": [
     [
      [
       19.985605,
       49.990017
      ],
      [
       19.98543,
       49.989992
      ],
      [
       19.985302,
       49.98999
      ],
      [
       19.985226,
       49.989998
      ],
      [
       19.985141,
       49.990028
      ],
      [
       19.985102,
       49.990062
      ],
      [
       19.985099,
       49.990098
      ],
      [
       19.98513,
       49.99014
      ],
      [
       19.985212,
       49.990177
      ],
      [
       19.985299,
       49.990213
      ],
      [
       19.98542,
       49.990239
      ],
      [
       19.98551,
       49.990242
      ],
      [
       19.985597,
       49.990231
      ],
      [
       19.985653,
       49.990203
      ],
      [
       19.985717,
       49.990151
      ],
      [
       19.985709,
       49.990105
      ],
      [
       19.98567,
       49.990062
      ],
      [
       19.985605,
       49.990017
      ]
     ]
    ],
    "type": "Polygon"
   },
   "id": 72,
   "properties": {
    "ADRES": "",
    "ATRYBUTY_O": "Nr stanowiska: 531",
    "BUDOWNICZY": "",
    "CHARAKTER": "",
    "DATA_WPISU": null,
    "DATA_WZNIE": "",
    "DZIELNICA": "",
    "FID": 72,
    "FUNKCJA_OB": "",
    "FUNKCJA_PI": "",
    "GDB_AREA": 937,
    "GDB_PRM": 114.91,
    "GDB_PRMEX": 114.91,
    "GPT_DATE": null,
    "GPT_USER": "",
    "ID": 31283,
    "IDENT_OBIE": "67851399",
    "ID_ISDP": 0,
    "ID_SPRAWY": 80580649,
    "ID_WARSTWY": "F19_STAN_ARCH",
    "ISDP_FID": "GDB$G_EOZ_ARCHEOLOGIA_EOZ_A.4d9eef0c-e24e-557a-e055-000000000001",
    "ISTNIEJE": "",
    "KARTA_MAPY": "",
    "LOKALIZACJ": "",
    "MATERIAL": "",
    "NAZWA": "",
    "NUMER": "",
    "NUMER_EWID": "",
    "NUMER_REJ_": "",
    "OBREB": "",
    "REJESTR_TA": "EW_ARCHEOLOGIA",
    "RODZAJE_ZA": "",
    "RODZAJ_OBI": "",
    "RODZAJ_WLA": "",
    "STAN_ZACHO": "",
    "STATUS": "",
    "STYL_OBIEK": "",
    "SYMBOL_EWI": "",
    "SYMBOL_REJ": "",
    "Shape__Area": 2264.3203125,
    "Shape__Length": 178.54535762658188,
    "UWAGI": "",
    "WIEK_CZ_PO": "",
    "WIEK_POWST": "",
    "WYDRUK_LIN": "",
    "ZAJETA_NA_": 1,
    "ZALACZNIKI": "http://172.16.11.22:8085/SOWA2-services/doc/print/65352499/0531.pdf",
    "ZDJECIE_1": "",
    "ZDJECIE_2": "",
    "ZDJECIE_3": "",
    "ZDJECIE_4": "",
    "ZDJECIE_5": "",
    "ZDJECIE_6": "",
    "ZDJECIE_7": "",
    "ZDJECIE_8": "",
    "ZWERYFIKOW": "",
    "ZWIAZANA_Z": 0
   },
   "type": "Feature"
  },
  {
   "geometry": {
    "coordinates": [
     [
      [
       19.986838,
       49.988759
      ],
      [
       19.986941,
       49.988761
      ],
      [
       19.987001,
       49.988731
      ],
      [
       19.987058,
       49.98869
      ],
      [
       19.987075,
       49.988643
      ],
      [
       19.987041,
       49.988575
      ],
      [
       19.986976,
       49.988558
      ],
      [
       19.986867,
       49.988541
      ],
      [
       19.986699,
       49.988527
      ],
      [
       19.986584,
       49.988539
      ],
      [
       19.986523,
       49.988562
      ],
      [
       19.986484,
       49.988598
      ],
      [
       19.986478,
       49.988629
      ],
      [
       19.986505,
       49.988675
      ],
      [
       19.98657,
       49.988716
      ],
      [
       19.986648,
       49.988737
      ],
      [
       19.98675,
       49.988751
      ],
      [
       19.986838,
       49.988759
      ]
     ]
    ],
    "type": "Polygon"
   },
   "id": 73,
   "properties": {
    "ADRES": "",
    "ATRYBUTY_O": "Nr stanowiska: 533",
    "BUDOWNICZY": "",
    "CHARAKTER": "",
    "DATA_WPISU": null,
    "DATA_WZNIE": "",
    "DZIELNICA": "",
    "FID": 73,
    "FUNKCJA_OB": "",
    "FUNKCJA_PI": "",
    "GDB_AREA": 864.72,
    "GDB_PRM": 111.15,
    "GDB_PRMEX": 111.15,
    "GPT_DATE": null,
    "GPT_USER": "",
    "ID": 31285,
    "IDENT_OBIE": "67851499",
    "ID_ISDP": 0,
    "ID_SPRAWY": 80580749,
    "ID_WARSTWY": "F19_STAN_ARCH",
    "ISDP_FID": "GDB$G_EOZ_ARCHEOLOGIA_EOZ_A.4d9eef0c-e24f-557a-e055-000000000001",
    "ISTNIEJE": "",
    "KARTA_MAPY": "",
    "LOKALIZACJ": "",
    "MATERIAL": "",
    "NAZWA": "",
    "NUMER": "",
    "NUMER_EWID": "",
    "NUMER_REJ_": "",
    "OBREB": "",
    "REJESTR_TA": "EW_ARCHEOLOGIA",
    "RODZAJE_ZA": "",
    "RODZAJ_OBI": "",
    "RODZAJ_WLA": "",
    "STAN_ZACHO": "",
    "STATUS": "",
    "STYL_OBIEK": "",
    "SYMBOL_EWI": "",
    "SYMBOL_REJ": "",
    "Shape__Area": 2089.5146484375,
    "Shape__Length": 172.693412557162,
    "UWAGI": "",
    "WIEK_CZ_PO": "",
    "WIEK_POWST": "",
    "WYDRUK_LIN": "",
    "ZAJETA_NA_": 1,
    "ZALACZNIKI": "http://172.16.11.22:8085/SOWA2-services/doc/print/65352599/0533.pdf",
    "ZDJECIE_1": "",
    "ZDJECIE_2": "",
    "ZDJECIE_3": "",
    "ZDJECIE_4": "",
    "ZDJECIE_5": "",
    "ZDJECIE_6": "",
    "ZDJECIE_7": "",
    "ZDJECIE_8": "",
    "ZWERYFIKOW": "",
    "ZWIAZANA_Z": 0
   },
   "type": "Feature"
  },
  {
   "geometry": {
    "coordinates": [
     [
      [
       19.860597,
       49.986555
      ],
      [
       19.859988,
       49.986595
      ],
      [
       19.859672,
       49.986671
      ],
      [
       19.8594,
       49.98677
      ],
      [
       19.859329,
       49.986818
      ],
      [
       19.859283,
       49.986873
      ],
      [
       19.859272,
       49.986931
      ],
      [
       19.859307,
       49.986995
      ],
      [
       19.8594,
       49.987106
      ],
      [
       19.85961,
       49.987243
      ],
      [
       19.859892,
       49.987335
      ],
      [
       19.86032,
       49.987392
      ],
      [
       19.860541,
       49.987403
      ],
      [
       19.860983,
       49.987351
      ],
      [
       19.861249,
       49.987286
      ],
      [
       19.861499,
       49.987193
      ],
      [
       19.861638,
       49.987093
      ],
      [
       19.861685,
       49.987004
      ],
      [
       19.861701,
       49.986897
      ],
      [
       19.861652,
       49.986787
      ],
      [
       19.861495,
       49.98666
      ],
      [
       19.861352,
       49.986597
      ],
      [
       19.861139,
       49.986557
      ],
      [
       19.860861,
       49.986543
      ],
      [
       19.860597,
       49.986555
      ]
     ]
    ],
    "type": "Polygon"
   },
   "id": 74,
   "properties": {
    "ADRES": "",
    "ATRYBUTY_O": "Nr stanowiska: 465",
    "BUDOWNICZY": "",
    "CHARAKTER": "",
    "DATA_WPISU": null,
    "DATA_WZNIE": "",
    "DZIELNICA": "",
    "FID": 74,
    "FUNKCJA_OB": "",
    "FUNKCJA_PI": "",
    "GDB_AREA": 12836.86,
    "GDB_PRM": 432.96,
    "GDB_PRMEX": 432.96,
    "GPT_DATE": null,
    "GPT_USER": "",
    "ID": 31286,
    "IDENT_OBIE": "67851549",
    "ID_ISDP": 0,
    "ID_SPRAWY": 80581549,
    "ID_WARSTWY": "F19_STAN_ARCH",
    "ISDP_FID": "GDB$G_EOZ_ARCHEOLOGIA_EOZ_A.4d9eef0c-e250-557a-e055-000000000001",
    "ISTNIEJE": "",
    "KARTA_MAPY": "",
    "LOKALIZACJ": "",
    "MATERIAL": "",
    "NAZWA": "",
    "NUMER": "",
    "NUMER_EWID": "",
    "NUMER_REJ_": "",
    "OBREB": "",
    "REJESTR_TA": "EW_ARCHEOLOGIA",
    "RODZAJE_ZA": "",
    "RODZAJ_OBI": "",
    "RODZAJ_WLA": "",
    "STAN_ZACHO": "",
    "STATUS": "",
    "STYL_OBIEK": "",
    "SYMBOL_EWI": "",
    "SYMBOL_REJ": "",
    "Shape__Area": 31015.8427734375,
    "Shape__Length": 672.5946204577394,
    "UWAGI": "",
    "WIEK_CZ_PO": "",
    "WIEK_POWST": "",
    "WYDRUK_LIN": "",
    "ZAJETA_NA_": 1,
    "ZALACZNIKI": "http://172.16.11.22:8085/SOWA2-services/doc/print/65351199/0465.pdf",
    "ZDJECIE_1": "",
    "ZDJECIE_2": "",
    "ZDJECIE_3": "",
    "ZDJECIE_4": "",
    "ZDJECIE_5": "",
    "ZDJECIE_6": "",
    "ZDJECIE_7": "",
    "ZDJECIE_8": "",
    "ZWERYFIKOW": "",
    "ZWIAZANA_Z": 0
   },
   "type": "Feature"
  },
  {
   "geometry": {
    "coordinates": [
     [
      [
       19.859081,
       49.990558
      ],
      [
       19.858972,
       49.990606
      ],
      [
       19.858935,
       49.990648
      ],
      [
       19.85893,
       49.990702
      ],
      [
       19.858973,
       49.990771
      ],
      [
       19.85907,
       49.990841
      ],
      [
       19.859134,
       49.99087
      ],
      [
       19.859215,
       49.990877
      ],
      [
       19.859302,
       49.990858
      ],
      [
       19.859377,
       49.990796
      ],
      [
       19.859398,
       49.990744
      ],
      [
       19.859392,
       49.990685
      ],
      [
       19.859351,
       49.99063
      ],
      [
       19.859278,
       49.990576
      ],
      [
       19.859216,
       49.990557
      ],
      [
       19.85916,
       49.990552
      ],
      [
       19.859081,
       49.990558
      ]
     ]
    ],
    "type": "Polygon"
   },
   "id": 75,
   "properties": {
    "ADRES": "",
    "ATRYBUTY_O": "Nr stanowiska: 470",
    "BUDOWNICZY": "",
    "CHARAKTER": "",
    "DATA_WPISU": null,
    "DATA_WZNIE": "",
    "DZIELNICA": "",
    "FID": 75,
    "FUNKCJA_OB": "",
    "FUNKCJA_PI": "",
    "GDB_AREA": 906.47,
    "GDB_PRM": 108.31,
    "GDB_PRMEX": 108.31,
    "GPT_DATE": null,
    "GPT_USER": "",
    "ID": 31288,
    "IDENT_OBIE": "67851649",
    "ID_ISDP": 0,
    "ID_SPRAWY": 80581899,
    "ID_WARSTWY": "F19_STAN_ARCH",
    "ISDP_FID": "GDB$G_EOZ_ARCHEOLOGIA_EOZ_A.4d9eef0c-e251-557a-e055-000000000001",
    "ISTNIEJE": "",
    "KARTA_MAPY": "",
    "LOKALIZACJ": "",
    "MATERIAL": "",
    "NAZWA": "",
    "NUMER": "",
    "NUMER_EWID": "",
    "NUMER_REJ_": "",
    "OBREB": "",
    "REJESTR_TA": "EW_ARCHEOLOGIA",
    "RODZAJE_ZA": "",
    "RODZAJ_OBI": "",
    "RODZAJ_WLA": "",
    "STAN_ZACHO": "",
    "STATUS": "",
    "STYL_OBIEK": "",
    "SYMBOL_EWI": "",
    "SYMBOL_REJ": "",
    "Shape__Area": 2190.5205078125,
    "Shape__Length": 168.39002189109613,
    "UWAGI": "",
    "WIEK_CZ_PO": "",
    "WIEK_POWST": "",
    "WYDRUK_LIN": "",
    "ZAJETA_NA_": 1,
    "ZALACZNIKI": "http://172.16.11.22:8085/SOWA2-services/doc/print/65351299/0470.pdf",
    "ZDJECIE_1": "",
    "ZDJECIE_2": "",
    "ZDJECIE_3": "",
    "ZDJECIE_4": "",
    "ZDJECIE_5": "",
    "ZDJECIE_6": "",
    "ZDJECIE_7": "",
    "ZDJECIE_8": "",
    "ZWERYFIKOW": "",
    "ZWIAZANA_Z": 0
   },
   "type": "Feature"
  },
  {
   "geometry": {
    "coordinates": [
     [
      [
       19.865302,
       49.989418
      ],
      [
       19.865243,
       49.989379
      ],
      [
       19.865145,
       49.989372
      ],
      [
       19.865043,
       49.989387
      ],
      [
       19.864947,
       49.989425
      ],
      [
       19.864891,
       49.989471
      ],
      [
       19.864894,
       49.989553
      ],
      [
       19.864941,
       49.989637
      ],
      [
       19.865053,
       49.98971
      ],
      [
       19.865211,
       49.989742
      ],
      [
       19.865338,
       49.989744
      ],
      [
       19.865424,
       49.989725
      ],
      [
       19.865472,
       49.989682
      ],
      [
       19.865486,
       49.989605
      ],
      [
       19.865465,
       49.989533
      ],
      [
       19.865372,
       49.989466
      ],
      [
       19.865302,
       49.989418
      ]
     ]
    ],
    "type": "Polygon"
   },
   "id": 76,
   "properties": {
    "ADRES": "",
    "ATRYBUTY_O": "Nr stanowiska: 472",
    "BUDOWNICZY": "",
    "CHARAKTER": "",
    "DATA_WPISU": null,
    "DATA_WZNIE": "",
    "DZIELNICA": "",
    "FID": 76,
    "FUNKCJA_OB": "",
    "FUNKCJA_PI": "",
    "GDB_AREA": 1334.9,
    "GDB_PRM": 133.15,
    "GDB_PRMEX": 133.15,
    "GPT_DATE": null,
    "GPT_USER": "",
    "ID": 31290,
    "IDENT_OBIE": "67851749",
    "ID_ISDP": 0,
    "ID_SPRAWY": 80581999,
    "ID_WARSTWY": "F19_STAN_ARCH",
    "ISDP_FID": "GDB$G_EOZ_ARCHEOLOGIA_EOZ_A.4d9eef0c-e252-557a-e055-000000000001",
    "ISTNIEJE": "",
    "KARTA_MAPY": "",
    "LOKALIZACJ": "",
    "MATERIAL": "",
    "NAZWA": "",
    "NUMER": "",
    "NUMER_EWID": "",
    "NUMER_REJ_": "",
    "OBREB": "",
    "REJESTR_TA": "EW_ARCHEOLOGIA",
    "RODZAJE_ZA": "",
    "RODZAJ_OBI": "",
    "RODZAJ_WLA": "",
    "STAN_ZACHO": "",
    "STATUS": "",
    "STYL_OBIEK": "",
    "SYMBOL_EWI": "",
    "SYMBOL_REJ": "",
    "Shape__Area": 3225.6728515625,
    "Shape__Length": 206.97873216652562,
    "UWAGI": "",
    "WIEK_CZ_PO": "",
    "WIEK_POWST": "",
    "WYDRUK_LIN": "",
    "ZAJETA_NA_": 1,
    "ZALACZNIKI": "http://172.16.11.22:8085/SOWA2-services/doc/print/65351399/0472.pdf",
    "ZDJECIE_1": "",
    "ZDJECIE_2": "",
    "ZDJECIE_3": "",
    "ZDJECIE_4": "",
    "ZDJECIE_5": "",
    "ZDJECIE_6": "",
    "ZDJECIE_7": "",
    "ZDJECIE_8": "",
    "ZWERYFIKOW": "",
    "ZWIAZANA_Z": 0
   },
   "type": "Feature"
  },
  {
   "geometry": {
    "coordinates": [
     [
      [
       20.057503,
       50.006943
      ],
      [
       20.057115,
       50.006932
      ],
      [
       20.05686,
       50.006949
      ],
      [
       20.05674,
       50.007004
      ],
      [
       20.05665,
       50.007087
      ],
      [
       20.056625,
       50.007181
      ],
      [
       20.056656,
       50.00725
      ],
      [
       20.056734,
       50.007283
      ],
      [
       20.056852,
       50.00729
      ],
      [
       20.057151,
       50.00726
      ],
      [
       20.057419,
       50.007232
      ],
      [
       20.057561,
       50.00719
      ],
      [
       20.057737,
       50.007154
      ],
      [
       20.057776,
       50.007129
      ],
      [
       20.057798,
       50.00708
      ],
      [
       20.057805,
       50.00702
      ],
      [
       20.057776,
       50.006986
      ],
      [
       20.057678,
       50.006957
      ],
      [
       20.057503,
       50.006943
      ]
     ]
    ],
    "type": "Polygon"
   },
   "id": 77,
   "properties": {
    "ADRES": "",
    "ATRYBUTY_O": "Nr stanowiska: 563",
    "BUDOWNICZY": "",
    "CHARAKTER": "",
    "DATA_WPISU": null,
    "DATA_WZNIE": "",
    "DZIELNICA": "",
    "FID": 77,
    "FUNKCJA_OB": "",
    "FUNKCJA_PI": "",
    "GDB_AREA": 2584.9,
    "GDB_PRM": 208.41,
    "GDB_PRMEX": 208.41,
    "GPT_DATE": null,
    "GPT_USER": "",
    "ID": 31292,
    "IDENT_OBIE": "67851849",
    "ID_ISDP": 0,
    "ID_SPRAWY": 80582499,
    "ID_WARSTWY": "F19_STAN_ARCH",
    "ISDP_FID": "GDB$G_EOZ_ARCHEOLOGIA_EOZ_A.4d9eef0c-e253-557a-e055-000000000001",
    "ISTNIEJE": "",
    "KARTA_MAPY": "",
    "LOKALIZACJ": "",
    "MATERIAL": "",
    "NAZWA": "",
    "NUMER": "",
    "NUMER_EWID": "",
    "NUMER_REJ_": "",
    "OBREB": "",
    "REJESTR_TA": "EW_ARCHEOLOGIA",
    "RODZAJE_ZA": "",
    "RODZAJ_OBI": "",
    "RODZAJ_WLA": "",
    "STAN_ZACHO": "",
    "STATUS": "",
    "STYL_OBIEK": "",
    "SYMBOL_EWI": "",
    "SYMBOL_REJ": "",
    "Shape__Area": 6251.0478515625,
    "Shape__Length": 323.87952085746,
    "UWAGI": "",
    "WIEK_CZ_PO": "",
    "WIEK_POWST": "",
    "WYDRUK_LIN": "",
    "ZAJETA_NA_": 1,
    "ZALACZNIKI": "http://172.16.11.22:8085/SOWA2-services/doc/print/65353549/0563.pdf",
    "ZDJECIE_1": "",
    "ZDJECIE_2": "",
    "ZDJECIE_3": "",
    "ZDJECIE_4": "",
    "ZDJECIE_5": "",
    "ZDJECIE_6": "",
    "ZDJECIE_7": "",
    "ZDJECIE_8": "",
    "ZWERYFIKOW": "",
    "ZWIAZANA_Z": 0
   },
   "type": "Feature"
  },
  {
   "geometry": {
    "coordinates": [
     [
      [
       19.866505,
       49.990558
      ],
      [
       19.866405,
       49.990554
      ],
      [
       19.86633,
       49.990581
      ],
      [
       19.866249,
       49.990625
      ],
      [
       19.866206,
       49.990683
      ],
      [
       19.86621,
       49.990753
      ],
      [
       19.866283,
       49.990817
      ],
      [
       19.866355,
       49.990846
      ],
      [
       19.866448,
       49.990857
      ],
      [
       19.866552,
       49.990838
      ],
      [
       19.866697,
       49.990761
      ],
      [
       19.866727,
       49.990718
      ],
      [
       19.866725,
       49.990671
      ],
      [
       19.866681,
       49.990621
      ],
      [
       19.866599,
       49.990576
      ],
      [
       19.866505,
       49.990558
      ]
     ]
    ],
    "type": "Polygon"
   },
   "id": 78,
   "properties": {
    "ADRES": "",
    "ATRYBUTY_O": "Nr stanowiska: 564",
    "BUDOWNICZY": "",
    "CHARAKTER": "",
    "DATA_WPISU": null,
    "DATA_WZNIE": "",
    "DZIELNICA": "",
    "FID": 78,
    "FUNKCJA_OB": "",
    "FUNKCJA_PI": "",
    "GDB_AREA": 943.2,
    "GDB_PRM": 110.47,
    "GDB_PRMEX": 110.47,
    "GPT_DATE": null,
    "GPT_USER": "",
    "ID": 31293,
    "IDENT_OBIE": "67851899",
    "ID_ISDP": 0,
    "ID_SPRAWY": 80582549,
    "ID_WARSTWY": "F19_STAN_ARCH",
    "ISDP_FID": "GDB$G_EOZ_ARCHEOLOGIA_EOZ_A.4d9eef0c-e254-557a-e055-000000000001",
    "ISTNIEJE": "",
    "KARTA_MAPY": "",
    "LOKALIZACJ": "",
    "MATERIAL": "",
    "NAZWA": "",
    "NUMER": "",
    "NUMER_EWID": "",
    "NUMER_REJ_": "",
    "OBREB": "",
    "REJESTR_TA": "EW_ARCHEOLOGIA",
    "RODZAJE_ZA": "",
    "RODZAJ_OBI": "",
    "RODZAJ_WLA": "",
    "STAN_ZACHO": "",
    "STATUS": "",
    "STYL_OBIEK": "",
    "SYMBOL_EWI": "",
    "SYMBOL_REJ": "",
    "Shape__Area": 2279.2763671875,
    "Shape__Length": 171.70955249885634,
    "UWAGI": "",
    "WIEK_CZ_PO": "",
    "WIEK_POWST": "",
    "WYDRUK_LIN": "",
    "ZAJETA_NA_": 1,
    "ZALACZNIKI": "http://172.16.11.22:8085/SOWA2-services/doc/print/65373849/0564.pdf",
    "ZDJECIE_1": "",
    "ZDJECIE_2": "",
    "ZDJECIE_3": "",
    "ZDJECIE_4": "",
    "ZDJECIE_5": "",
    "ZDJECIE_6": "",
    "ZDJECIE_7": "",
    "ZDJECIE_8": "",
    "ZWERYFIKOW": "",
    "ZWIAZANA_Z": 0
   },
   "type": "Feature"
  },
  {
   "geometry": {
    "coordinates": [
     [
      [
       19.867459,
       49.984131
      ],
      [
       19.867494,
       49.98407
      ],
      [
       19.867512,
       49.984015
      ],
      [
       19.867516,
       49.983968
      ],
      [
       19.867509,
       49.983918
      ],
      [
       19.867443,
       49.983843
      ],
      [
       19.867366,
       49.983814
      ],
      [
       19.867284,
       49.983809
      ],
      [
       19.867246,
       49.983827
      ],
      [
       19.867197,
       49.98386
      ],
      [
       19.867127,
       49.98403
      ],
      [
       19.867125,
       49.984093
      ],
      [
       19.867162,
       49.984154
      ],
      [
       19.86721,
       49.984193
      ],
      [
       19.867254,
       49.984202
      ],
      [
       19.867328,
       49.984204
      ],
      [
       19.867399,
       49.984186
      ],
      [
       19.867459,
       49.984131
      ]
     ]
    ],
    "type": "Polygon"
   },
   "id": 79,
   "properties": {
    "ADRES": "",
    "ATRYBUTY_O": "Nr stanowiska: 575",
    "BUDOWNICZY": "",
    "CHARAKTER": "",
    "DATA_WPISU": null,
    "DATA_WZNIE": "",
    "DZIELNICA": "",
    "FID": 79,
    "FUNKCJA_OB": "",
    "FUNKCJA_PI": "",
    "GDB_AREA": 953.2,
    "GDB_PRM": 115.59,
    "GDB_PRMEX": 115.59,
    "GPT_DATE": null,
    "GPT_USER": "",
    "ID": 31295,
    "IDENT_OBIE": "67851999",
    "ID_ISDP": 0,
    "ID_SPRAWY": 80583049,
    "ID_WARSTWY": "F19_STAN_ARCH",
    "ISDP_FID": "GDB$G_EOZ_ARCHEOLOGIA_EOZ_A.4d9eef0c-e255-557a-e055-000000000001",
    "ISTNIEJE": "",
    "KARTA_MAPY": "",
    "LOKALIZACJ": "",
    "MATERIAL": "",
    "NAZWA": "",
    "NUMER": "",
    "NUMER_EWID": "",
    "NUMER_REJ_": "",
    "OBREB": "",
    "REJESTR_TA": "EW_ARCHEOLOGIA",
    "RODZAJE_ZA": "",
    "RODZAJ_OBI": "",
    "RODZAJ_WLA": "",
    "STAN_ZACHO": "",
    "STATUS": "",
    "STYL_OBIEK": "",
    "SYMBOL_EWI": "",
    "SYMBOL_REJ": "",
    "Shape__Area": 2302.7958984375,
    "Shape__Length": 179.74896396567937,
    "UWAGI": "",
    "WIEK_CZ_PO": "",
    "WIEK_POWST": "",
    "WYDRUK_LIN": "",
    "ZAJETA_NA_": 1,
    "ZALACZNIKI": "http://172.16.11.22:8085/SOWA2-services/doc/print/65353699/0575.pdf",
    "ZDJECIE_1": "",
    "ZDJECIE_2": "",
    "ZDJECIE_3": "",
    "ZDJECIE_4": "",
    "ZDJECIE_5": "",
    "ZDJECIE_6": "",
    "ZDJECIE_7": "",
    "ZDJECIE_8": "",
    "ZWERYFIKOW": "",
    "ZWIAZANA_Z": 0
   },
   "type": "Feature"
  },
  {
   "geometry": {
    "coordinates": [
     [
      [
       19.869012,
       49.977912
      ],
      [
       19.869168,
       49.977859
      ],
      [
       19.86926,
       49.977811
      ],
      [
       19.869314,
       49.977741
      ],
      [
       19.86932,
       49.977668
      ],
      [
       19.869305,
       49.977626
      ],
      [
       19.869257,
       49.977575
      ],
      [
       19.869119,
       49.97747
      ],
      [
       19.868913,
       49.977398
      ],
      [
       19.868691,
       49.977388
      ],
      [
       19.86851,
       49.977421
      ],
      [
       19.868316,
       49.97751
      ],
      [
       19.868202,
       49.977597
      ],
      [
       19.868186,
       49.977694
      ],
      [
       19.868209,
       49.977796
      ],
      [
       19.868259,
       49.977866
      ],
      [
       19.868337,
       49.977948
      ],
      [
       19.868446,
       49.977976
      ],
      [
       19.868624,
       49.977977
      ],
      [
       19.868845,
       49.97794
      ],
      [
       19.869012,
       49.977912
      ]
     ]
    ],
    "type": "Polygon"
   },
   "id": 80,
   "properties": {
    "ADRES": "",
    "ATRYBUTY_O": "Nr stanowiska: 580",
    "BUDOWNICZY": "",
    "CHARAKTER": "",
    "DATA_WPISU": null,
    "DATA_WZNIE": "",
    "DZIELNICA": "",
    "FID": 80,
    "FUNKCJA_OB": "",
    "FUNKCJA_PI": "",
    "GDB_AREA": 4082.75,
    "GDB_PRM": 232.28,
    "GDB_PRMEX": 232.28,
    "GPT_DATE": null,
    "GPT_USER": "",
    "ID": 31297,
    "IDENT_OBIE": "67852099",
    "ID_ISDP": 0,
    "ID_SPRAWY": 80583299,
    "ID_WARSTWY": "F19_STAN_ARCH",
    "ISDP_FID": "GDB$G_EOZ_ARCHEOLOGIA_EOZ_A.4d9eef0c-e256-557a-e055-000000000001",
    "ISTNIEJE": "",
    "KARTA_MAPY": "",
    "LOKALIZACJ": "",
    "MATERIAL": "",
    "NAZWA": "",
    "NUMER": "",
    "NUMER_EWID": "",
    "NUMER_REJ_": "",
    "OBREB": "",
    "REJESTR_TA": "EW_ARCHEOLOGIA",
    "RODZAJE_ZA": "",
    "RODZAJ_OBI": "",
    "RODZAJ_WLA": "",
    "STAN_ZACHO": "",
    "STATUS": "",
    "STYL_OBIEK": "",
    "SYMBOL_EWI": "",
    "SYMBOL_REJ": "",
    "Shape__Area": 9860.7880859375,
    "Shape__Length": 360.9123471899601,
    "UWAGI": "",
    "WIEK_CZ_PO": "",
    "WIEK_POWST": "",
    "WYDRUK_LIN": "",
    "ZAJETA_NA_": 1,
    "ZALACZNIKI": "http://172.16.11.22:8085/SOWA2-services/doc/print/65353799/0580.pdf",
    "ZDJECIE_1": "",
    "ZDJECIE_2": "",
    "ZDJECIE_3": "",
    "ZDJECIE_4": "",
    "ZDJECIE_5": "",
    "ZDJECIE_6": "",
    "ZDJECIE_7": "",
    "ZDJECIE_8": "",
    "ZWERYFIKOW": "",
    "ZWIAZANA_Z": 0
   },
   "type": "Feature"
  },
  {
   "geometry": {
    "coordinates": [
     [
      [
       19.875077,
       49.978038
      ],
      [
       19.875205,
       49.97806
      ],
      [
       19.875314,
       49.978058
      ],
      [
       19.875406,
       49.978003
      ],
      [
       19.875445,
       49.977953
      ],
      [
       19.87545,
       49.977887
      ],
      [
       19.875448,
       49.977806
      ],
      [
       19.87542,
       49.977737
      ],
      [
       19.875371,
       49.977687
      ],
      [
       19.875316,
       49.977645
      ],
      [
       19.875151,
       49.977567
      ],
      [
       19.874945,
       49.977508
      ],
      [
       19.874871,
       49.977507
      ],
      [
       19.874819,
       49.977527
      ],
      [
       19.874775,
       49.97757
      ],
      [
       19.874767,
       49.97763
      ],
      [
       19.874767,
       49.977732
      ],
      [
       19.87482,
       49.977846
      ],
      [
       19.874928,
       49.977954
      ],
      [
       19.875023,
       49.978014
      ],
      [
       19.875077,
       49.978038
      ]
     ]
    ],
    "type": "Polygon"
   },
   "id": 81,
   "properties": {
    "ADRES": "",
    "ATRYBUTY_O": "Nr stanowiska: 583",
    "BUDOWNICZY": "",
    "CHARAKTER": "",
    "DATA_WPISU": null,
    "DATA_WZNIE": "",
    "DZIELNICA": "",
    "FID": 81,
    "FUNKCJA_OB": "",
    "FUNKCJA_PI": "",
    "GDB_AREA": 2203.29,
    "GDB_PRM": 175.55,
    "GDB_PRMEX": 175.55,
    "GPT_DATE": null,
    "GPT_USER": "",
    "ID": 31299,
    "IDENT_OBIE": "67852199",
    "ID_ISDP": 0,
    "ID_SPRAWY": 80583449,
    "ID_WARSTWY": "F19_STAN_ARCH",
    "ISDP_FID": "GDB$G_EOZ_ARCHEOLOGIA_EOZ_A.4d9eef0c-e257-557a-e055-000000000001",
    "ISTNIEJE": "",
    "KARTA_MAPY": "",
    "LOKALIZACJ": "",
    "MATERIAL": "",
    "NAZWA": "",
    "NUMER": "",
    "NUMER_EWID": "",
    "NUMER_REJ_": "",
    "OBREB": "",
    "REJESTR_TA": "EW_ARCHEOLOGIA",
    "RODZAJE_ZA": "",
    "RODZAJ_OBI": "",
    "RODZAJ_WLA": "",
    "STAN_ZACHO": "",
    "STATUS": "",
    "STYL_OBIEK": "",
    "SYMBOL_EWI": "",
    "SYMBOL_REJ": "",
    "Shape__Area": 5321.484375,
    "Shape__Length": 272.8792818533786,
    "UWAGI": "",
    "WIEK_CZ_PO": "",
    "WIEK_POWST": "",
    "WYDRUK_LIN": "",
    "ZAJETA_NA_": 1,
    "ZALACZNIKI": "http://172.16.11.22:8085/SOWA2-services/doc/print/65353899/0583.pdf",
    "ZDJECIE_1": "",
    "ZDJECIE_2": "",
    "ZDJECIE_3": "",
    "ZDJECIE_4": "",
    "ZDJECIE_5": "",
    "ZDJECIE_6": "",
    "ZDJECIE_7": "",
    "ZDJECIE_8": "",
    "ZWERYFIKOW": "",
    "ZWIAZANA_Z": 0
   },
   "type": "Feature"
  },
  {
   "geometry": {
    "coordinates": [
     [
      [
       19.887065,
       49.979692
      ],
      [
       19.886797,
       49.97963
      ],
      [
       19.886632,
       49.979621
      ],
      [
       19.886522,
       49.979632
      ],
      [
       19.886442,
       49.979653
      ],
      [
       19.886396,
       49.979684
      ],
      [
       19.886392,
       49.97973
      ],
      [
       19.886434,
       49.979793
      ],
      [
       19.886548,
       49.979863
      ],
      [
       19.886673,
       49.979912
      ],
      [
       19.886833,
       49.97996
      ],
      [
       19.886973,
       49.979978
      ],
      [
       19.88708,
       49.979959
      ],
      [
       19.887131,
       49.979922
      ],
      [
       19.887169,
       49.979871
      ],
      [
       19.887174,
       49.979818
      ],
      [
       19.887159,
       49.979778
      ],
      [
       19.887136,
       49.97975
      ],
      [
       19.887065,
       49.979692
      ]
     ]
    ],
    "type": "Polygon"
   },
   "id": 82,
   "properties": {
    "ADRES": "",
    "ATRYBUTY_O": "Nr stanowiska: 585",
    "BUDOWNICZY": "",
    "CHARAKTER": "",
    "DATA_WPISU": null,
    "DATA_WZNIE": "",
    "DZIELNICA": "",
    "FID": 82,
    "FUNKCJA_OB": "",
    "FUNKCJA_PI": "",
    "GDB_AREA": 1576.28,
    "GDB_PRM": 150.65,
    "GDB_PRMEX": 150.65,
    "GPT_DATE": null,
    "GPT_USER": "",
    "ID": 31301,
    "IDENT_OBIE": "67852299",
    "ID_ISDP": 0,
    "ID_SPRAWY": 80583549,
    "ID_WARSTWY": "F19_STAN_ARCH",
    "ISDP_FID": "GDB$G_EOZ_ARCHEOLOGIA_EOZ_A.4d9eef0c-e258-557a-e055-000000000001",
    "ISTNIEJE": "",
    "KARTA_MAPY": "",
    "LOKALIZACJ": "",
    "MATERIAL": "",
    "NAZWA": "",
    "NUMER": "",
    "NUMER_EWID": "",
    "NUMER_REJ_": "",
    "OBREB": "",
    "REJESTR_TA": "EW_ARCHEOLOGIA",
    "RODZAJE_ZA": "",
    "RODZAJ_OBI": "",
    "RODZAJ_WLA": "",
    "STAN_ZACHO": "",
    "STATUS": "",
    "STYL_OBIEK": "",
    "SYMBOL_EWI": "",
    "SYMBOL_REJ": "",
    "Shape__Area": 3807.4443359375,
    "Shape__Length": 234.04930894004548,
    "UWAGI": "",
    "WIEK_CZ_PO": "",
    "WIEK_POWST": "",
    "WYDRUK_LIN": "",
    "ZAJETA_NA_": 1,
    "ZALACZNIKI": "http://172.16.11.22:8085/SOWA2-services/doc/print/65353999/0585.pdf",
    "ZDJECIE_1": "",
    "ZDJECIE_2": "",
    "ZDJECIE_3": "",
    "ZDJECIE_4": "",
    "ZDJECIE_5": "",
    "ZDJECIE_6": "",
    "ZDJECIE_7": "",
    "ZDJECIE_8": "",
    "ZWERYFIKOW": "",
    "ZWIAZANA_Z": 0
   },
   "type": "Feature"
  },
  {
   "geometry": {
    "coordinates": [
     [
      [
       19.877631,
       50.006963
      ],
      [
       19.877361,
       50.007086
      ],
      [
       19.877184,
       50.007205
      ],
      [
       19.877079,
       50.007354
      ],
      [
       19.877073,
       50.007486
      ],
      [
       19.877122,
       50.007606
      ],
      [
       19.877326,
       50.007745
      ],
      [
       19.8776,
       50.007821
      ],
      [
       19.877892,
       50.007877
      ],
      [
       19.878253,
       50.007883
      ],
      [
       19.878412,
       50.00785
      ],
      [
       19.878563,
       50.007855
      ],
      [
       19.878681,
       50.00786
      ],
      [
       19.878849,
       50.007852
      ],
      [
       19.879015,
       50.007799
      ],
      [
       19.87915,
       50.007741
      ],
      [
       19.879321,
       50.007636
      ],
      [
       19.879377,
       50.007551
      ],
      [
       19.87937,
       50.00744
      ],
      [
       19.879318,
       50.007347
      ],
      [
       19.879196,
       50.007266
      ],
      [
       19.878983,
       50.007175
      ],
      [
       19.878652,
       50.007066
      ],
      [
       19.878283,
       50.006973
      ],
      [
       19.878013,
       50.006915
      ],
      [
       19.877834,
       50.006922
      ],
      [
       19.877631,
       50.006963
      ]
     ]
    ],
    "type": "Polygon"
   },
   "id": 83,
   "properties": {
    "ADRES": "",
    "ATRYBUTY_O": "Nr stanowiska: 382",
    "BUDOWNICZY": "",
    "CHARAKTER": "",
    "DATA_WPISU": null,
    "DATA_WZNIE": "",
    "DZIELNICA": "",
    "FID": 83,
    "FUNKCJA_OB": "",
    "FUNKCJA_PI": "",
    "GDB_AREA": 13310.46,
    "GDB_PRM": 432.29,
    "GDB_PRMEX": 432.29,
    "GPT_DATE": null,
    "GPT_USER": "",
    "ID": 31303,
    "IDENT_OBIE": "67852399",
    "ID_ISDP": 0,
    "ID_SPRAWY": 80583649,
    "ID_WARSTWY": "F19_STAN_ARCH",
    "ISDP_FID": "GDB$G_EOZ_ARCHEOLOGIA_EOZ_A.4d9eef0c-e259-557a-e055-000000000001",
    "ISTNIEJE": "",
    "KARTA_MAPY": "",
    "LOKALIZACJ": "",
    "MATERIAL": "",
    "NAZWA": "",
    "NUMER": "",
    "NUMER_EWID": "",
    "NUMER_REJ_": "",
    "OBREB": "",
    "REJESTR_TA": "EW_ARCHEOLOGIA",
    "RODZAJE_ZA": "",
    "RODZAJ_OBI": "",
    "RODZAJ_WLA": "",
    "STAN_ZACHO": "",
    "STATUS": "",
    "STYL_OBIEK": "",
    "SYMBOL_EWI": "",
    "SYMBOL_REJ": "",
    "Shape__Area": 32187.53125,
    "Shape__Length": 671.9372483949421,
    "UWAGI": "",
    "WIEK_CZ_PO": "",
    "WIEK_POWST": "",
    "WYDRUK_LIN": "",
    "ZAJETA_NA_": 1,
    "ZALACZNIKI": "http://172.16.11.22:8085/SOWA2-services/doc/print/65350099/0382.pdf",
    "ZDJECIE_1": "",
    "ZDJECIE_2": "",
    "ZDJECIE_3": "",
    "ZDJECIE_4": "",
    "ZDJECIE_5": "",
    "ZDJECIE_6": "",
    "ZDJECIE_7": "",
    "ZDJECIE_8": "",
    "ZWERYFIKOW": "",
    "ZWIAZANA_Z": 0
   },
   "type": "Feature"
  },
  {
   "geometry": {
    "coordinates": [
     [
      [
       19.860229,
       50.018083
      ],
      [
       19.860191,
       50.018122
      ],
      [
       19.860164,
       50.018181
      ],
      [
       19.860163,
       50.018214
      ],
      [
       19.860198,
       50.01828
      ],
      [
       19.860233,
       50.018305
      ],
      [
       19.860295,
       50.01832
      ],
      [
       19.860389,
       50.018329
      ],
      [
       19.860473,
       50.018317
      ],
      [
       19.860518,
       50.018297
      ],
      [
       19.860559,
       50.018272
      ],
      [
       19.860587,
       50.018237
      ],
      [
       19.860589,
       50.018202
      ],
      [
       19.860589,
       50.018154
      ],
      [
       19.860533,
       50.018081
      ],
      [
       19.860476,
       50.018056
      ],
      [
       19.860392,
       50.01805
      ],
      [
       19.860327,
       50.018051
      ],
      [
       19.860264,
       50.018064
      ],
      [
       19.860229,
       50.018083
      ]
     ]
    ],
    "type": "Polygon"
   },
   "id": 84,
   "properties": {
    "ADRES": "",
    "ATRYBUTY_O": "Nr stanowiska: 365",
    "BUDOWNICZY": "",
    "CHARAKTER": "",
    "DATA_WPISU": null,
    "DATA_WZNIE": "",
    "DZIELNICA": "",
    "FID": 84,
    "FUNKCJA_OB": "",
    "FUNKCJA_PI": "",
    "GDB_AREA": 768.1,
    "GDB_PRM": 99.15,
    "GDB_PRMEX": 99.15,
    "GPT_DATE": null,
    "GPT_USER": "",
    "ID": 31305,
    "IDENT_OBIE": "67852499",
    "ID_ISDP": 0,
    "ID_SPRAWY": 80583799,
    "ID_WARSTWY": "F19_STAN_ARCH",
    "ISDP_FID": "GDB$G_EOZ_ARCHEOLOGIA_EOZ_A.4d9eef0c-e25a-557a-e055-000000000001",
    "ISTNIEJE": "",
    "KARTA_MAPY": "",
    "LOKALIZACJ": "",
    "MATERIAL": "",
    "NAZWA": "",
    "NUMER": "",
    "NUMER_EWID": "",
    "NUMER_REJ_": "",
    "OBREB": "",
    "REJESTR_TA": "EW_ARCHEOLOGIA",
    "RODZAJE_ZA": "",
    "RODZAJ_OBI": "",
    "RODZAJ_WLA": "",
    "STAN_ZACHO": "",
    "STATUS": "",
    "STYL_OBIEK": "",
    "SYMBOL_EWI": "",
    "SYMBOL_REJ": "",
    "Shape__Area": 1858.2412109375,
    "Shape__Length": 154.22150310705345,
    "UWAGI": "",
    "WIEK_CZ_PO": "",
    "WIEK_POWST": "",
    "WYDRUK_LIN": "",
    "ZAJETA_NA_": 1,
    "ZALACZNIKI": "http://172.16.11.22:8085/SOWA2-services/doc/print/65368699/0365.pdf",
    "ZDJECIE_1": "",
    "ZDJECIE_2": "",
    "ZDJECIE_3": "",
    "ZDJECIE_4": "",
    "ZDJECIE_5": "",
    "ZDJECIE_6": "",
    "ZDJECIE_7": "",
    "ZDJECIE_8": "",
    "ZWERYFIKOW": "",
    "ZWIAZANA_Z": 0
   },
   "type": "Feature"
  },
  {
   "geometry": {
    "coordinates": [
     [
      [
       19.893841,
       50.024106
      ],
      [
       19.893712,
       50.024123
      ],
      [
       19.893608,
       50.024208
      ],
      [
       19.893578,
       50.024304
      ],
      [
       19.893606,
       50.024399
      ],
      [
       19.893712,
       50.024482
      ],
      [
       19.893825,
       50.024518
      ],
      [
       19.893993,
       50.024527
      ],
      [
       19.894118,
       50.024528
      ],
      [
       19.894294,
       50.024508
      ],
      [
       19.894366,
       50.024482
      ],
      [
       19.894425,
       50.024439
      ],
      [
       19.894454,
       50.024389
      ],
      [
       19.894458,
       50.024339
      ],
      [
       19.894454,
       50.024285
      ],
      [
       19.89439,
       50.024203
      ],
      [
       19.894304,
       50.024166
      ],
      [
       19.894213,
       50.024134
      ],
      [
       19.893996,
       50.024108
      ],
      [
       19.893841,
       50.024106
      ]
     ]
    ],
    "type": "Polygon"
   },
   "id": 85,
   "properties": {
    "ADRES": "",
    "ATRYBUTY_O": "Nr stanowiska: 386",
    "BUDOWNICZY": "",
    "CHARAKTER": "",
    "DATA_WPISU": null,
    "DATA_WZNIE": "",
    "DZIELNICA": "",
    "FID": 85,
    "FUNKCJA_OB": "",
    "FUNKCJA_PI": "",
    "GDB_AREA": 2433.41,
    "GDB_PRM": 179.72,
    "GDB_PRMEX": 179.72,
    "GPT_DATE": null,
    "GPT_USER": "",
    "ID": 31306,
    "IDENT_OBIE": "67852549",
    "ID_ISDP": 0,
    "ID_SPRAWY": 80584149,
    "ID_WARSTWY": "F19_STAN_ARCH",
    "ISDP_FID": "GDB$G_EOZ_ARCHEOLOGIA_EOZ_A.4d9eef0c-e25b-557a-e055-000000000001",
    "ISTNIEJE": "",
    "KARTA_MAPY": "",
    "LOKALIZACJ": "",
    "MATERIAL": "",
    "NAZWA": "",
    "NUMER": "",
    "NUMER_EWID": "",
    "NUMER_REJ_": "",
    "OBREB": "",
    "REJESTR_TA": "EW_ARCHEOLOGIA",
    "RODZAJE_ZA": "",
    "RODZAJ_OBI": "",
    "RODZAJ_WLA": "",
    "STAN_ZACHO": "",
    "STATUS": "",
    "STYL_OBIEK": "",
    "SYMBOL_EWI": "",
    "SYMBOL_REJ": "",
    "Shape__Area": 5888.6494140625,
    "Shape__Length": 279.4947092291665,
    "UWAGI": "",
    "WIEK_CZ_PO": "",
    "WIEK_POWST": "",
    "WYDRUK_LIN": "",
    "ZAJETA_NA_": 1,
    "ZALACZNIKI": "http://172.16.11.22:8085/SOWA2-services/doc/print/65350199/0386.pdf",
    "ZDJECIE_1": "",
    "ZDJECIE_2": "",
    "ZDJECIE_3": "",
    "ZDJECIE_4": "",
    "ZDJECIE_5": "",
    "ZDJECIE_6": "",
    "ZDJECIE_7": "",
    "ZDJECIE_8": "",
    "ZWERYFIKOW": "",
    "ZWIAZANA_Z": 0
   },
   "type": "Feature"
  },
  {
   "geometry": {
    "coordinates": [
     [
      [
       19.899622,
       50.023831
      ],
      [
       19.899506,
       50.023956
      ],
      [
       19.899433,
       50.024169
      ],
      [
       19.899396,
       50.024541
      ],
      [
       19.899499,
       50.024821
      ],
      [
       19.89972,
       50.025066
      ],
      [
       19.89988,
       50.025175
      ],
      [
       19.900051,
       50.025206
      ],
      [
       19.900199,
       50.025203
      ],
      [
       19.900465,
       50.025125
      ],
      [
       19.900722,
       50.024987
      ],
      [
       19.900933,
       50.024749
      ],
      [
       19.901031,
       50.024449
      ],
      [
       19.901042,
       50.024128
      ],
      [
       19.900956,
       50.023893
      ],
      [
       19.90079,
       50.023706
      ],
      [
       19.900617,
       50.023594
      ],
      [
       19.900453,
       50.023577
      ],
      [
       19.9003,
       50.023588
      ],
      [
       19.900076,
       50.023629
      ],
      [
       19.899846,
       50.0237
      ],
      [
       19.89969,
       50.023787
      ],
      [
       19.899622,
       50.023831
      ]
     ]
    ],
    "type": "Polygon"
   },
   "id": 86,
   "properties": {
    "ADRES": "",
    "ATRYBUTY_O": "Nr stanowiska: 387",
    "BUDOWNICZY": "",
    "CHARAKTER": "",
    "DATA_WPISU": null,
    "DATA_WZNIE": "",
    "DZIELNICA": "",
    "FID": 86,
    "FUNKCJA_OB": "",
    "FUNKCJA_PI": "",
    "GDB_AREA": 16761.31,
    "GDB_PRM": 478.67,
    "GDB_PRMEX": 478.67,
    "GPT_DATE": null,
    "GPT_USER": "",
    "ID": 31307,
    "IDENT_OBIE": "67852599",
    "ID_ISDP": 0,
    "ID_SPRAWY": 80584199,
    "ID_WARSTWY": "F19_STAN_ARCH",
    "ISDP_FID": "GDB$G_EOZ_ARCHEOLOGIA_EOZ_A.4d9eef0c-e25c-557a-e055-000000000001",
    "ISTNIEJE": "",
    "KARTA_MAPY": "",
    "LOKALIZACJ": "",
    "MATERIAL": "",
    "NAZWA": "",
    "NUMER": "",
    "NUMER_EWID": "",
    "NUMER_REJ_": "",
    "OBREB": "",
    "REJESTR_TA": "EW_ARCHEOLOGIA",
    "RODZAJE_ZA": "",
    "RODZAJ_OBI": "",
    "RODZAJ_WLA": "",
    "STAN_ZACHO": "",
    "STATUS": "",
    "STYL_OBIEK": "",
    "SYMBOL_EWI": "",
    "SYMBOL_REJ": "",
    "Shape__Area": 40561.111328125,
    "Shape__Length": 744.9355861260879,
    "UWAGI": "",
    "WIEK_CZ_PO": "",
    "WIEK_POWST": "",
    "WYDRUK_LIN": "",
    "ZAJETA_NA_": 1,
    "ZALACZNIKI": "http://172.16.11.22:8085/SOWA2-services/doc/print/65350249/0387.pdf",
    "ZDJECIE_1": "",
    "ZDJECIE_2": "",
    "ZDJECIE_3": "",
    "ZDJECIE_4": "",
    "ZDJECIE_5": "",
    "ZDJECIE_6": "",
    "ZDJECIE_7": "",
    "ZDJECIE_8": "",
    "ZWERYFIKOW": "",
    "ZWIAZANA_Z": 0
   },
   "type": "Feature"
  },
  {
   "geometry": {
    "coordinates": [
     [
      [
       19.878293,
       50.015376
      ],
      [
       19.878115,
       50.015382
      ],
      [
       19.877984,
       50.015415
      ],
      [
       19.877895,
       50.015454
      ],
      [
       19.877818,
       50.015495
      ],
      [
       19.87778,
       50.015543
      ],
      [
       19.877773,
       50.015597
      ],
      [
       19.877773,
       50.015646
      ],
      [
       19.877838,
       50.015691
      ],
      [
       19.877957,
       50.015722
      ],
      [
       19.878165,
       50.015739
      ],
      [
       19.878376,
       50.01574
      ],
      [
       19.878502,
       50.015717
      ],
      [
       19.878596,
       50.015692
      ],
      [
       19.878671,
       50.015643
      ],
      [
       19.878715,
       50.015596
      ],
      [
       19.878716,
       50.015559
      ],
      [
       19.878679,
       50.015505
      ],
      [
       19.878605,
       50.015461
      ],
      [
       19.878532,
       50.01542
      ],
      [
       19.878398,
       50.015384
      ],
      [
       19.878293,
       50.015376
      ]
     ]
    ],
    "type": "Polygon"
   },
   "id": 87,
   "properties": {
    "ADRES": "",
    "ATRYBUTY_O": "Nr stanowiska: 397",
    "BUDOWNICZY": "",
    "CHARAKTER": "",
    "DATA_WPISU": null,
    "DATA_WZNIE": "",
    "DZIELNICA": "",
    "FID": 87,
    "FUNKCJA_OB": "",
    "FUNKCJA_PI": "",
    "GDB_AREA": 2163.06,
    "GDB_PRM": 174.61,
    "GDB_PRMEX": 174.61,
    "GPT_DATE": null,
    "GPT_USER": "",
    "ID": 31308,
    "IDENT_OBIE": "67852649",
    "ID_ISDP": 0,
    "ID_SPRAWY": 80584399,
    "ID_WARSTWY": "F19_STAN_ARCH",
    "ISDP_FID": "GDB$G_EOZ_ARCHEOLOGIA_EOZ_A.4d9eef0c-e25d-557a-e055-000000000001",
    "ISTNIEJE": "",
    "KARTA_MAPY": "",
    "LOKALIZACJ": "",
    "MATERIAL": "",
    "NAZWA": "",
    "NUMER": "",
    "NUMER_EWID": "",
    "NUMER_REJ_": "",
    "OBREB": "",
    "REJESTR_TA": "EW_ARCHEOLOGIA",
    "RODZAJE_ZA": "",
    "RODZAJ_OBI": "",
    "RODZAJ_WLA": "",
    "STAN_ZACHO": "",
    "STATUS": "",
    "STYL_OBIEK": "",
    "SYMBOL_EWI": "",
    "SYMBOL_REJ": "",
    "Shape__Area": 5232.5068359375,
    "Shape__Length": 271.43443804688263,
    "UWAGI": "",
    "WIEK_CZ_PO": "",
    "WIEK_POWST": "",
    "WYDRUK_LIN": "",
    "ZAJETA_NA_": 1,
    "ZALACZNIKI": "http://172.16.11.22:8085/SOWA2-services/doc/print/65350349/0397.pdf",
    "ZDJECIE_1": "",
    "ZDJECIE_2": "",
    "ZDJECIE_3": "",
    "ZDJECIE_4": "",
    "ZDJECIE_5": "",
    "ZDJECIE_6": "",
    "ZDJECIE_7": "",
    "ZDJECIE_8": "",
    "ZWERYFIKOW": "",
    "ZWIAZANA_Z": 0
   },
   "type": "Feature"
  },
  {
   "geometry": {
    "coordinates": [
     [
      [
       19.852727,
       50.005586
      ],
      [
       19.852678,
       50.005646
      ],
      [
       19.852663,
       50.005719
      ],
      [
       19.852658,
       50.00578
      ],
      [
       19.852709,
       50.005841
      ],
      [
       19.852781,
       50.005891
      ],
      [
       19.852837,
       50.005919
      ],
      [
       19.852904,
       50.005923
      ],
      [
       19.852979,
       50.005909
      ],
      [
       19.853055,
       50.005881
      ],
      [
       19.853114,
       50.005856
      ],
      [
       19.85318,
       50.005796
      ],
      [
       19.853199,
       50.005767
      ],
      [
       19.853201,
       50.005698
      ],
      [
       19.853159,
       50.005623
      ],
      [
       19.853108,
       50.005577
      ],
      [
       19.853042,
       50.005542
      ],
      [
       19.852954,
       50.005517
      ],
      [
       19.852862,
       50.005515
      ],
      [
       19.852798,
       50.005526
      ],
      [
       19.852727,
       50.005586
      ]
     ]
    ],
    "type": "Polygon"
   },
   "id": 88,
   "properties": {
    "ADRES": "",
    "ATRYBUTY_O": "Nr stanowiska: 371",
    "BUDOWNICZY": "",
    "CHARAKTER": "",
    "DATA_WPISU": null,
    "DATA_WZNIE": "",
    "DZIELNICA": "",
    "FID": 88,
    "FUNKCJA_OB": "",
    "FUNKCJA_PI": "",
    "GDB_AREA": 1343.97,
    "GDB_PRM": 131.93,
    "GDB_PRMEX": 131.93,
    "GPT_DATE": null,
    "GPT_USER": "",
    "ID": 31310,
    "IDENT_OBIE": "67852749",
    "ID_ISDP": 0,
    "ID_SPRAWY": 80584799,
    "ID_WARSTWY": "F19_STAN_ARCH",
    "ISDP_FID": "GDB$G_EOZ_ARCHEOLOGIA_EOZ_A.4d9eef0c-e25e-557a-e055-000000000001",
    "ISTNIEJE": "",
    "KARTA_MAPY": "",
    "LOKALIZACJ": "",
    "MATERIAL": "",
    "NAZWA": "",
    "NUMER": "",
    "NUMER_EWID": "",
    "NUMER_REJ_": "",
    "OBREB": "",
    "REJESTR_TA": "EW_ARCHEOLOGIA",
    "RODZAJE_ZA": "",
    "RODZAJ_OBI": "",
    "RODZAJ_WLA": "",
    "STAN_ZACHO": "",
    "STATUS": "",
    "STYL_OBIEK": "",
    "SYMBOL_EWI": "",
    "SYMBOL_REJ": "",
    "Shape__Area": 3249.7529296875,
    "Shape__Length": 205.1854002240353,
    "UWAGI": "",
    "WIEK_CZ_PO": "",
    "WIEK_POWST": "",
    "WYDRUK_LIN": "",
    "ZAJETA_NA_": 1,
    "ZALACZNIKI": "http://172.16.11.22:8085/SOWA2-services/doc/print/65349799/0371.pdf",
    "ZDJECIE_1": "",
    "ZDJECIE_2": "",
    "ZDJECIE_3": "",
    "ZDJECIE_4": "",
    "ZDJECIE_5": "",
    "ZDJECIE_6": "",
    "ZDJECIE_7": "",
    "ZDJECIE_8": "",
    "ZWERYFIKOW": "",
    "ZWIAZANA_Z": 0
   },
   "type": "Feature"
  },
  {
   "geometry": {
    "coordinates": [
     [
      [
       19.857315,
       50.015119
      ],
      [
       19.857221,
       50.015159
      ],
      [
       19.857189,
       50.015193
      ],
      [
       19.857184,
       50.015233
      ],
      [
       19.857214,
       50.015304
      ],
      [
       19.857252,
       50.015351
      ],
      [
       19.857304,
       50.015378
      ],
      [
       19.85735,
       50.015386
      ],
      [
       19.857426,
       50.015384
      ],
      [
       19.85747,
       50.015366
      ],
      [
       19.857511,
       50.015345
      ],
      [
       19.857531,
       50.015324
      ],
      [
       19.857546,
       50.015262
      ],
      [
       19.857544,
       50.015223
      ],
      [
       19.857513,
       50.015179
      ],
      [
       19.857469,
       50.015145
      ],
      [
       19.85741,
       50.015118
      ],
      [
       19.857376,
       50.015114
      ],
      [
       19.857315,
       50.015119
      ]
     ]
    ],
    "type": "Polygon"
   },
   "id": 89,
   "properties": {
    "ADRES": "",
    "ATRYBUTY_O": "Nr stanowiska: 372",
    "BUDOWNICZY": "",
    "CHARAKTER": "",
    "DATA_WPISU": null,
    "DATA_WZNIE": "",
    "DZIELNICA": "",
    "FID": 89,
    "FUNKCJA_OB": "",
    "FUNKCJA_PI": "",
    "GDB_AREA": 607.02,
    "GDB_PRM": 88.68,
    "GDB_PRMEX": 88.68,
    "GPT_DATE": null,
    "GPT_USER": "",
    "ID": 31311,
    "IDENT_OBIE": "67852799",
    "ID_ISDP": 0,
    "ID_SPRAWY": 80584849,
    "ID_WARSTWY": "F19_STAN_ARCH",
    "ISDP_FID": "GDB$G_EOZ_ARCHEOLOGIA_EOZ_A.4d9eef0c-e25f-557a-e055-000000000001",
    "ISTNIEJE": "",
    "KARTA_MAPY": "",
    "LOKALIZACJ": "",
    "MATERIAL": "",
    "NAZWA": "",
    "NUMER": "",
    "NUMER_EWID": "",
    "NUMER_REJ_": "",
    "OBREB": "",
    "REJESTR_TA": "EW_ARCHEOLOGIA",
    "RODZAJE_ZA": "",
    "RODZAJ_OBI": "",
    "RODZAJ_WLA": "",
    "STAN_ZACHO": "",
    "STATUS": "",
    "STYL_OBIEK": "",
    "SYMBOL_EWI": "",
    "SYMBOL_REJ": "",
    "Shape__Area": 1468.3623046875,
    "Shape__Length": 137.9442183048123,
    "UWAGI": "",
    "WIEK_CZ_PO": "",
    "WIEK_POWST": "",
    "WYDRUK_LIN": "",
    "ZAJETA_NA_": 1,
    "ZALACZNIKI": "http://172.16.11.22:8085/SOWA2-services/doc/print/65349849/0372.pdf",
    "ZDJECIE_1": "",
    "ZDJECIE_2": "",
    "ZDJECIE_3": "",
    "ZDJECIE_4": "",
    "ZDJECIE_5": "",
    "ZDJECIE_6": "",
    "ZDJECIE_7": "",
    "ZDJECIE_8": "",
    "ZWERYFIKOW": "",
    "ZWIAZANA_Z": 0
   },
   "type": "Feature"
  },
  {
   "geometry": {
    "coordinates": [
     [
      [
       19.987059,
       49.985606
      ],
      [
       19.986948,
       49.985578
      ],
      [
       19.986876,
       49.985567
      ],
      [
       19.986804,
       49.985578
      ],
      [
       19.986735,
       49.985597
      ],
      [
       19.986707,
       49.985625
      ],
      [
       19.986703,
       49.985653
      ],
      [
       19.986735,
       49.985692
      ],
      [
       19.986793,
       49.985724
      ],
      [
       19.986847,
       49.985745
      ],
      [
       19.98692,
       49.985763
      ],
      [
       19.986988,
       49.985767
      ],
      [
       19.987063,
       49.985766
      ],
      [
       19.987118,
       49.985757
      ],
      [
       19.987158,
       49.985732
      ],
      [
       19.987163,
       49.985704
      ],
      [
       19.987149,
       49.985662
      ],
      [
       19.987109,
       49.985635
      ],
      [
       19.987059,
       49.985606
      ]
     ]
    ],
    "type": "Polygon"
   },
   "id": 90,
   "properties": {
    "ADRES": "",
    "ATRYBUTY_O": "Nr stanowiska: 536",
    "BUDOWNICZY": "",
    "CHARAKTER": "",
    "DATA_WPISU": null,
    "DATA_WZNIE": "",
    "DZIELNICA": "",
    "FID": 90,
    "FUNKCJA_OB": "",
    "FUNKCJA_PI": "",
    "GDB_AREA": 535.58,
    "GDB_PRM": 87.08,
    "GDB_PRMEX": 87.08,
    "GPT_DATE": null,
    "GPT_USER": "",
    "ID": 31313,
    "IDENT_OBIE": "67852899",
    "ID_ISDP": 0,
    "ID_SPRAWY": 80585049,
    "ID_WARSTWY": "F19_STAN_ARCH",
    "ISDP_FID": "GDB$G_EOZ_ARCHEOLOGIA_EOZ_A.4d9eef0c-e260-557a-e055-000000000001",
    "ISTNIEJE": "",
    "KARTA_MAPY": "",
    "LOKALIZACJ": "",
    "MATERIAL": "",
    "NAZWA": "",
    "NUMER": "",
    "NUMER_EWID": "",
    "NUMER_REJ_": "",
    "OBREB": "",
    "REJESTR_TA": "EW_ARCHEOLOGIA",
    "RODZAJE_ZA": "",
    "RODZAJ_OBI": "",
    "RODZAJ_WLA": "",
    "STAN_ZACHO": "",
    "STATUS": "",
    "STYL_OBIEK": "",
    "SYMBOL_EWI": "",
    "SYMBOL_REJ": "",
    "Shape__Area": 1294.0087890625,
    "Shape__Length": 135.30608084638624,
    "UWAGI": "",
    "WIEK_CZ_PO": "",
    "WIEK_POWST": "",
    "WYDRUK_LIN": "",
    "ZAJETA_NA_": 1,
    "ZALACZNIKI": "http://172.16.11.22:8085/SOWA2-services/doc/print/65352699/0536.pdf",
    "ZDJECIE_1": "",
    "ZDJECIE_2": "",
    "ZDJECIE_3": "",
    "ZDJECIE_4": "",
    "ZDJECIE_5": "",
    "ZDJECIE_6": "",
    "ZDJECIE_7": "",
    "ZDJECIE_8": "",
    "ZWERYFIKOW": "",
    "ZWIAZANA_Z": 0
   },
   "type": "Feature"
  },
  {
   "geometry": {
    "coordinates": [
     [
      [
       19.991132,
       49.983348
      ],
      [
       19.99099,
       49.98334
      ],
      [
       19.990922,
       49.983345
      ],
      [
       19.990882,
       49.983356
      ],
      [
       19.990855,
       49.983382
      ],
      [
       19.990853,
       49.983408
      ],
      [
       19.990888,
       49.983454
      ],
      [
       19.990967,
       49.983491
      ],
      [
       19.991081,
       49.983528
      ],
      [
       19.9912,
       49.983543
      ],
      [
       19.99128,
       49.983546
      ],
      [
       19.991356,
       49.983544
      ],
      [
       19.991402,
       49.983511
      ],
      [
       19.991412,
       49.98347
      ],
      [
       19.991391,
       49.983429
      ],
      [
       19.991348,
       49.983399
      ],
      [
       19.991285,
       49.983368
      ],
      [
       19.991214,
       49.983354
      ],
      [
       19.991132,
       49.983348
      ]
     ]
    ],
    "type": "Polygon"
   },
   "id": 91,
   "properties": {
    "ADRES": "",
    "ATRYBUTY_O": "Nr stanowiska: 538",
    "BUDOWNICZY": "",
    "CHARAKTER": "",
    "DATA_WPISU": null,
    "DATA_WZNIE": "",
    "DZIELNICA": "",
    "FID": 91,
    "FUNKCJA_OB": "",
    "FUNKCJA_PI": "",
    "GDB_AREA": 683.05,
    "GDB_PRM": 102.17,
    "GDB_PRMEX": 102.17,
    "GPT_DATE": null,
    "GPT_USER": "",
    "ID": 31315,
    "IDENT_OBIE": "67852999",
    "ID_ISDP": 0,
    "ID_SPRAWY": 80585149,
    "ID_WARSTWY": "F19_STAN_ARCH",
    "ISDP_FID": "GDB$G_EOZ_ARCHEOLOGIA_EOZ_A.4d9eef0c-e261-557a-e055-000000000001",
    "ISTNIEJE": "",
    "KARTA_MAPY": "",
    "LOKALIZACJ": "",
    "MATERIAL": "",
    "NAZWA": "",
    "NUMER": "",
    "NUMER_EWID": "",
    "NUMER_REJ_": "",
    "OBREB": "",
    "REJESTR_TA": "EW_ARCHEOLOGIA",
    "RODZAJE_ZA": "",
    "RODZAJ_OBI": "",
    "RODZAJ_WLA": "",
    "STAN_ZACHO": "",
    "STATUS": "",
    "STYL_OBIEK": "",
    "SYMBOL_EWI": "",
    "SYMBOL_REJ": "",
    "Shape__Area": 1650.1650390625,
    "Shape__Length": 158.727316553079,
    "UWAGI": "",
    "WIEK_CZ_PO": "",
    "WIEK_POWST": "",
    "WYDRUK_LIN": "",
    "ZAJETA_NA_": 1,
    "ZALACZNIKI": "http://172.16.11.22:8085/SOWA2-services/doc/print/65352799/0538.pdf",
    "ZDJECIE_1": "",
    "ZDJECIE_2": "",
    "ZDJECIE_3": "",
    "ZDJECIE_4": "",
    "ZDJECIE_5": "",
    "ZDJECIE_6": "",
    "ZDJECIE_7": "",
    "ZDJECIE_8": "",
    "ZWERYFIKOW": "",
    "ZWIAZANA_Z": 0
   },
   "type": "Feature"
  },
  {
   "geometry": {
    "coordinates": [
     [
      [
       19.994601,
       49.986266
      ],
      [
       19.994492,
       49.986342
      ],
      [
       19.994416,
       49.986427
      ],
      [
       19.994357,
       49.986519
      ],
      [
       19.99434,
       49.986595
      ],
      [
       19.994336,
       49.986646
      ],
      [
       19.994383,
       49.986689
      ],
      [
       19.994426,
       49.986713
      ],
      [
       19.994474,
       49.98672
      ],
      [
       19.994568,
       49.98671
      ],
      [
       19.994658,
       49.986669
      ],
      [
       19.994834,
       49.986534
      ],
      [
       19.994903,
       49.986415
      ],
      [
       19.99491,
       49.986342
      ],
      [
       19.994881,
       49.986276
      ],
      [
       19.994806,
       49.986234
      ],
      [
       19.994752,
       49.986233
      ],
      [
       19.994663,
       49.986242
      ],
      [
       19.994601,
       49.986266
      ]
     ]
    ],
    "type": "Polygon"
   },
   "id": 92,
   "properties": {
    "ADRES": "",
    "ATRYBUTY_O": "Nr stanowiska: 539",
    "BUDOWNICZY": "",
    "CHARAKTER": "",
    "DATA_WPISU": null,
    "DATA_WZNIE": "",
    "DZIELNICA": "",
    "FID": 92,
    "FUNKCJA_OB": "",
    "FUNKCJA_PI": "",
    "GDB_AREA": 1488.4,
    "GDB_PRM": 148.07,
    "GDB_PRMEX": 148.07,
    "GPT_DATE": null,
    "GPT_USER": "",
    "ID": 31316,
    "IDENT_OBIE": "67853049",
    "ID_ISDP": 0,
    "ID_SPRAWY": 80585199,
    "ID_WARSTWY": "F19_STAN_ARCH",
    "ISDP_FID": "GDB$G_EOZ_ARCHEOLOGIA_EOZ_A.4d9eef0c-e262-557a-e055-000000000001",
    "ISTNIEJE": "",
    "KARTA_MAPY": "",
    "LOKALIZACJ": "",
    "MATERIAL": "",
    "NAZWA": "",
    "NUMER": "",
    "NUMER_EWID": "",
    "NUMER_REJ_": "",
    "OBREB": "",
    "REJESTR_TA": "EW_ARCHEOLOGIA",
    "RODZAJE_ZA": "",
    "RODZAJ_OBI": "",
    "RODZAJ_WLA": "",
    "STAN_ZACHO": "",
    "STATUS": "",
    "STYL_OBIEK": "",
    "SYMBOL_EWI": "",
    "SYMBOL_REJ": "",
    "Shape__Area": 3596.2705078125,
    "Shape__Length": 230.22900179655863,
    "UWAGI": "",
    "WIEK_CZ_PO": "",
    "WIEK_POWST": "",
    "WYDRUK_LIN": "",
    "ZAJETA_NA_": 1,
    "ZALACZNIKI": "http://172.16.11.22:8085/SOWA2-services/doc/print/65352849/0539.pdf",
    "ZDJECIE_1": "",
    "ZDJECIE_2": "",
    "ZDJECIE_3": "",
    "ZDJECIE_4": "",
    "ZDJECIE_5": "",
    "ZDJECIE_6": "",
    "ZDJECIE_7": "",
    "ZDJECIE_8": "",
    "ZWERYFIKOW": "",
    "ZWIAZANA_Z": 0
   },
   "type": "Feature"
  },
  {
   "geometry": {
    "coordinates": [
     [
      [
       20.055518,
       50.07889
      ],
      [
       20.057616,
       50.079396
      ],
      [
       20.058967,
       50.079565
      ],
      [
       20.060082,
       50.079469
      ],
      [
       20.061225,
       50.079253
      ],
      [
       20.062018,
       50.078812
      ],
      [
       20.062207,
       50.078095
      ],
      [
       20.062098,
       50.077179
      ],
      [
       20.061819,
       50.076757
      ],
      [
       20.061289,
       50.076249
      ],
      [
       20.060066,
       50.075874
      ],
      [
       20.05928,
       50.07578
      ],
      [
       20.05806,
       50.07536
      ],
      [
       20.057773,
       50.075484
      ],
      [
       20.057233,
       50.075777
      ],
      [
       20.056923,
       50.076178
      ],
      [
       20.056088,
       50.077574
      ],
      [
       20.056089,
       50.078231
      ],
      [
       20.055835,
       50.078623
      ],
      [
       20.055518,
       50.07889
      ]
     ]
    ],
    "type": "Polygon"
   },
   "id": 93,
   "properties": {
    "ADRES": "",
    "ATRYBUTY_O": "Nr stanowiska: 699",
    "BUDOWNICZY": "",
    "CHARAKTER": "",
    "DATA_WPISU": null,
    "DATA_WZNIE": "",
    "DZIELNICA": "",
    "FID": 93,
    "FUNKCJA_OB": "",
    "FUNKCJA_PI": "",
    "GDB_AREA": 158850.85,
    "GDB_PRM": 1504.34,
    "GDB_PRMEX": 1504.34,
    "GPT_DATE": null,
    "GPT_USER": "",
    "ID": 31229,
    "IDENT_OBIE": "67848699",
    "ID_ISDP": 0,
    "ID_SPRAWY": 80569099,
    "ID_WARSTWY": "F19_STAN_ARCH",
    "ISDP_FID": "GDB$G_EOZ_ARCHEOLOGIA_EOZ_A.4d9eef0c-e2ca-557a-e055-000000000001",
    "ISTNIEJE": "",
    "KARTA_MAPY": "",
    "LOKALIZACJ": "",
    "MATERIAL": "",
    "NAZWA": "",
    "NUMER": "",
    "NUMER_EWID": "",
    "NUMER_REJ_": "",
    "OBREB": "",
    "REJESTR_TA": "EW_ARCHEOLOGIA",
    "RODZAJE_ZA": "",
    "RODZAJ_OBI": "",
    "RODZAJ_WLA": "",
    "STAN_ZACHO": "",
    "STATUS": "",
    "STYL_OBIEK": "",
    "SYMBOL_EWI": "",
    "SYMBOL_REJ": "",
    "Shape__Area": 385272.890625,
    "Shape__Length": 2342.688139060122,
    "UWAGI": "",
    "WIEK_CZ_PO": "",
    "WIEK_POWST": "",
    "WYDRUK_LIN": "",
    "ZAJETA_NA_": 1,
    "ZALACZNIKI": "http://172.16.11.22:8085/SOWA2-services/doc/print/65354649/0699.pdf",
    "ZDJECIE_1": "",
    "ZDJECIE_2": "",
    "ZDJECIE_3": "",
    "ZDJECIE_4": "",
    "ZDJECIE_5": "",
    "ZDJECIE_6": "",
    "ZDJECIE_7": "",
    "ZDJECIE_8": "",
    "ZWERYFIKOW": "",
    "ZWIAZANA_Z": 0
   },
   "type": "Feature"
  },
  {
   "geometry": {
    "coordinates": [
     [
      [
       20.023789,
       50.097797
      ],
      [
       20.024063,
       50.097882
      ],
      [
       20.024367,
       50.09787
      ],
      [
       20.024685,
       50.097694
      ],
      [
       20.024803,
       50.097439
      ],
      [
       20.024808,
       50.097194
      ],
      [
       20.024809,
       50.097011
      ],
      [
       20.024527,
       50.096926
      ],
      [
       20.023997,
       50.096903
      ],
      [
       20.023755,
       50.096966
      ],
      [
       20.023597,
       50.097175
      ],
      [
       20.023595,
       50.097549
      ],
      [
       20.023789,
       50.097797
      ]
     ]
    ],
    "type": "Polygon"
   },
   "id": 94,
   "properties": {
    "ADRES": "",
    "ATRYBUTY_O": "Nr stanowiska: 706",
    "BUDOWNICZY": "",
    "CHARAKTER": "",
    "DATA_WPISU": null,
    "DATA_WZNIE": "",
    "DZIELNICA": "",
    "FID": 94,
    "FUNKCJA_OB": "",
    "FUNKCJA_PI": "",
    "GDB_AREA": 7977.39,
    "GDB_PRM": 328.06,
    "GDB_PRMEX": 328.06,
    "GPT_DATE": null,
    "GPT_USER": "",
    "ID": 31251,
    "IDENT_OBIE": "67849799",
    "ID_ISDP": 0,
    "ID_SPRAWY": 80573049,
    "ID_WARSTWY": "F19_STAN_ARCH",
    "ISDP_FID": "GDB$G_EOZ_ARCHEOLOGIA_EOZ_A.4d9eef0c-e2cb-557a-e055-000000000001",
    "ISTNIEJE": "",
    "KARTA_MAPY": "",
    "LOKALIZACJ": "",
    "MATERIAL": "",
    "NAZWA": "",
    "NUMER": "",
    "NUMER_EWID": "",
    "NUMER_REJ_": "",
    "OBREB": "",
    "REJESTR_TA": "EW_ARCHEOLOGIA",
    "RODZAJE_ZA": "",
    "RODZAJ_OBI": "",
    "RODZAJ_WLA": "",
    "STAN_ZACHO": "",
    "STATUS": "",
    "STYL_OBIEK": "",
    "SYMBOL_EWI": "",
    "SYMBOL_REJ": "",
    "Shape__Area": 19363.8486328125,
    "Shape__Length": 511.2094897405878,
    "UWAGI": "",
    "WIEK_CZ_PO": "",
    "WIEK_POWST": "",
    "WYDRUK_LIN": "",
    "ZAJETA_NA_": 1,
    "ZALACZNIKI": "http://172.16.11.22:8085/SOWA2-services/doc/print/65354799/0706.pdf",
    "ZDJECIE_1": "",
    "ZDJECIE_2": "",
    "ZDJECIE_3": "",
    "ZDJECIE_4": "",
    "ZDJECIE_5": "",
    "ZDJECIE_6": "",
    "ZDJECIE_7": "",
    "ZDJECIE_8": "",
    "ZWERYFIKOW": "",
    "ZWIAZANA_Z": 0
   },
   "type": "Feature"
  },
  {
   "geometry": {
    "coordinates": [
     [
      [
       20.044182,
       50.097583
      ],
      [
       20.043916,
       50.097924
      ],
      [
       20.043912,
       50.098139
      ],
      [
       20.044165,
       50.098267
      ],
      [
       20.044321,
       50.098304
      ],
      [
       20.045906,
       50.098613
      ],
      [
       20.046447,
       50.098775
      ],
      [
       20.047087,
       50.098694
      ],
      [
       20.047761,
       50.098534
      ],
      [
       20.048357,
       50.098514
      ],
      [
       20.049082,
       50.098523
      ],
      [
       20.049476,
       50.098386
      ],
      [
       20.049654,
       50.098153
      ],
      [
       20.049511,
       50.097805
      ],
      [
       20.04896,
       50.097293
      ],
      [
       20.048551,
       50.096968
      ],
      [
       20.048166,
       50.096668
      ],
      [
       20.047526,
       50.096431
      ],
      [
       20.047171,
       50.096419
      ],
      [
       20.04646,
       50.096554
      ],
      [
       20.045795,
       50.096762
      ],
      [
       20.044182,
       50.097583
      ]
     ]
    ],
    "type": "Polygon"
   },
   "id": 95,
   "properties": {
    "ADRES": "",
    "ATRYBUTY_O": "Nr stanowiska: 714",
    "BUDOWNICZY": "",
    "CHARAKTER": "",
    "DATA_WPISU": null,
    "DATA_WZNIE": "",
    "DZIELNICA": "",
    "FID": 95,
    "FUNKCJA_OB": "",
    "FUNKCJA_PI": "",
    "GDB_AREA": 70945.23,
    "GDB_PRM": 1046.46,
    "GDB_PRMEX": 1046.46,
    "GPT_DATE": null,
    "GPT_USER": "",
    "ID": 31227,
    "IDENT_OBIE": "67848599",
    "ID_ISDP": 0,
    "ID_SPRAWY": 80568949,
    "ID_WARSTWY": "F19_STAN_ARCH",
    "ISDP_FID": "GDB$G_EOZ_ARCHEOLOGIA_EOZ_A.4d9eef0c-e2cc-557a-e055-000000000001",
    "ISTNIEJE": "",
    "KARTA_MAPY": "",
    "LOKALIZACJ": "",
    "MATERIAL": "",
    "NAZWA": "",
    "NUMER": "",
    "NUMER_EWID": "",
    "NUMER_REJ_": "",
    "OBREB": "",
    "REJESTR_TA": "EW_ARCHEOLOGIA",
    "RODZAJE_ZA": "",
    "RODZAJ_OBI": "",
    "RODZAJ_WLA": "",
    "STAN_ZACHO": "",
    "STATUS": "",
    "STYL_OBIEK": "",
    "SYMBOL_EWI": "",
    "SYMBOL_REJ": "",
    "Shape__Area": 172211.4287109375,
    "Shape__Length": 1629.6313897692116,
    "UWAGI": "",
    "WIEK_CZ_PO": "",
    "WIEK_POWST": "",
    "WYDRUK_LIN": "",
    "ZAJETA_NA_": 1,
    "ZALACZNIKI": "http://172.16.11.22:8085/SOWA2-services/doc/print/65354899/0714.pdf",
    "ZDJECIE_1": "",
    "ZDJECIE_2": "",
    "ZDJECIE_3": "",
    "ZDJECIE_4": "",
    "ZDJECIE_5": "",
    "ZDJECIE_6": "",
    "ZDJECIE_7": "",
    "ZDJECIE_8": "",
    "ZWERYFIKOW": "",
    "ZWIAZANA_Z": 0
   },
   "type": "Feature"
  },
  {
   "geometry": {
    "coordinates": [
     [
      [
       20.063666,
       50.072845
      ],
      [
       20.065971,
       50.070452
      ],
      [
       20.06615,
       50.070122
      ],
      [
       20.06573,
       50.069894
      ],
      [
       20.066853,
       50.068753
      ],
      [
       20.066035,
       50.06845
      ],
      [
       20.06527,
       50.068526
      ],
      [
       20.064028,
       50.06887
      ],
      [
       20.063413,
       50.069378
      ],
      [
       20.062599,
       50.070449
      ],
      [
       20.062463,
       50.071492
      ],
      [
       20.062753,
       50.072265
      ],
      [
       20.063237,
       50.072729
      ],
      [
       20.063666,
       50.072845
      ]
     ]
    ],
    "type": "Polygon"
   },
   "id": 96,
   "properties": {
    "ADRES": "",
    "ATRYBUTY_O": "Nr stanowiska: 722",
    "BUDOWNICZY": "",
    "CHARAKTER": "",
    "DATA_WPISU": null,
    "DATA_WZNIE": "",
    "DZIELNICA": "",
    "FID": 96,
    "FUNKCJA_OB": "",
    "FUNKCJA_PI": "",
    "GDB_AREA": 83075.32,
    "GDB_PRM": 1265.96,
    "GDB_PRMEX": 1265.96,
    "GPT_DATE": null,
    "GPT_USER": "",
    "ID": 31234,
    "IDENT_OBIE": "67848949",
    "ID_ISDP": 0,
    "ID_SPRAWY": 80570899,
    "ID_WARSTWY": "F19_STAN_ARCH",
    "ISDP_FID": "GDB$G_EOZ_ARCHEOLOGIA_EOZ_A.4d9eef0c-e2cd-557a-e055-000000000001",
    "ISTNIEJE": "",
    "KARTA_MAPY": "",
    "LOKALIZACJ": "",
    "MATERIAL": "",
    "NAZWA": "",
    "NUMER": "",
    "NUMER_EWID": "",
    "NUMER_REJ_": "",
    "OBREB": "",
    "REJESTR_TA": "EW_ARCHEOLOGIA",
    "RODZAJE_ZA": "",
    "RODZAJ_OBI": "",
    "RODZAJ_WLA": "",
    "STAN_ZACHO": "",
    "STATUS": "",
    "STYL_OBIEK": "",
    "SYMBOL_EWI": "",
    "SYMBOL_REJ": "",
    "Shape__Area": 201428.140625,
    "Shape__Length": 1972.0624568829583,
    "UWAGI": "",
    "WIEK_CZ_PO": "",
    "WIEK_POWST": "",
    "WYDRUK_LIN": "",
    "ZAJETA_NA_": 1,
    "ZALACZNIKI": "http://172.16.11.22:8085/SOWA2-services/doc/print/65354999/0722.pdf",
    "ZDJECIE_1": "",
    "ZDJECIE_2": "",
    "ZDJECIE_3": "",
    "ZDJECIE_4": "",
    "ZDJECIE_5": "",
    "ZDJECIE_6": "",
    "ZDJECIE_7": "",
    "ZDJECIE_8": "",
    "ZWERYFIKOW": "",
    "ZWIAZANA_Z": 0
   },
   "type": "Feature"
  },
  {
   "geometry": {
    "coordinates": [
     [
      [
       20.185288,
       50.089181
      ],
      [
       20.185127,
       50.089734
      ],
      [
       20.185109,
       50.089956
      ],
      [
       20.185213,
       50.090181
      ],
      [
       20.185386,
       50.090405
      ],
      [
       20.18555,
       50.090475
      ],
      [
       20.185798,
       50.090544
      ],
      [
       20.186009,
       50.090565
      ],
      [
       20.186211,
       50.090548
      ],
      [
       20.18644,
       50.090467
      ],
      [
       20.186622,
       50.090388
      ],
      [
       20.186731,
       50.090285
      ],
      [
       20.186813,
       50.090053
      ],
      [
       20.186851,
       50.089839
      ],
      [
       20.186877,
       50.089653
      ],
      [
       20.186847,
       50.089498
      ],
      [
       20.186818,
       50.089323
      ],
      [
       20.186825,
       50.089174
      ],
      [
       20.186907,
       50.088945
      ],
      [
       20.18707,
       50.088626
      ],
      [
       20.187275,
       50.088251
      ],
      [
       20.187357,
       50.088022
      ],
      [
       20.187364,
       50.087807
      ],
      [
       20.187305,
       50.087604
      ],
      [
       20.18719,
       50.087461
      ],
      [
       20.187,
       50.087321
      ],
      [
       20.186742,
       50.087234
      ],
      [
       20.186431,
       50.087139
      ],
      [
       20.186114,
       50.087128
      ],
      [
       20.185843,
       50.08714
      ],
      [
       20.185642,
       50.087208
      ],
      [
       20.185484,
       50.087329
      ],
      [
       20.185381,
       50.087479
      ],
      [
       20.185339,
       50.087679
      ],
      [
       20.185344,
       50.088139
      ],
      [
       20.185347,
       50.088702
      ],
      [
       20.185324,
       50.089056
      ],
      [
       20.185288,
       50.089181
      ]
     ]
    ],
    "type": "Polygon"
   },
   "id": 97,
   "properties": {
    "ADRES": "",
    "ATRYBUTY_O": "Nr stanowiska: 750",
    "BUDOWNICZY": "",
    "CHARAKTER": "",
    "DATA_WPISU": null,
    "DATA_WZNIE": "",
    "DZIELNICA": "",
    "FID": 97,
    "FUNKCJA_OB": "",
    "FUNKCJA_PI": "",
    "GDB_AREA": 45064.92,
    "GDB_PRM": 926.27,
    "GDB_PRMEX": 926.27,
    "GPT_DATE": null,
    "GPT_USER": "",
    "ID": 31226,
    "IDENT_OBIE": "67848549",
    "ID_ISDP": 0,
    "ID_SPRAWY": 80568699,
    "ID_WARSTWY": "F19_STAN_ARCH",
    "ISDP_FID": "GDB$G_EOZ_ARCHEOLOGIA_EOZ_A.4d9eef0c-e2ce-557a-e055-000000000001",
    "ISTNIEJE": "",
    "KARTA_MAPY": "",
    "LOKALIZACJ": "",
    "MATERIAL": "",
    "NAZWA": "",
    "NUMER": "",
    "NUMER_EWID": "",
    "NUMER_REJ_": "",
    "OBREB": "",
    "REJESTR_TA": "EW_ARCHEOLOGIA",
    "RODZAJE_ZA": "",
    "RODZAJ_OBI": "",
    "RODZAJ_WLA": "",
    "STAN_ZACHO": "",
    "STATUS": "",
    "STYL_OBIEK": "",
    "SYMBOL_EWI": "",
    "SYMBOL_REJ": "",
    "Shape__Area": 109352.830078125,
    "Shape__Length": 1443.9258428739167,
    "UWAGI": "",
    "WIEK_CZ_PO": "",
    "WIEK_POWST": "",
    "WYDRUK_LIN": "",
    "ZAJETA_NA_": 1,
    "ZALACZNIKI": "http://172.16.11.22:8085/SOWA2-services/doc/print/65355349/0750.pdf",
    "ZDJECIE_1": "",
    "ZDJECIE_2": "",
    "ZDJECIE_3": "",
    "ZDJECIE_4": "",
    "ZDJECIE_5": "",
    "ZDJECIE_6": "",
    "ZDJECIE_7": "",
    "ZDJECIE_8": "",
    "ZWERYFIKOW": "",
    "ZWIAZANA_Z": 0
   },
   "type": "Feature"
  },
  {
   "geometry": {
    "coordinates": [
     [
      [
       20.156437,
       50.071007
      ],
      [
       20.156462,
       50.071186
      ],
      [
       20.15664,
       50.071369
      ],
      [
       20.156887,
       50.071534
      ],
      [
       20.157162,
       50.071614
      ],
      [
       20.157423,
       50.071662
      ],
      [
       20.157663,
       50.071631
      ],
      [
       20.157907,
       50.071557
      ],
      [
       20.15805,
       50.071487
      ],
      [
       20.158119,
       50.07139
      ],
      [
       20.158158,
       50.071246
      ],
      [
       20.158148,
       50.071029
      ],
      [
       20.158127,
       50.070882
      ],
      [
       20.158197,
       50.070692
      ],
      [
       20.15833,
       50.070416
      ],
      [
       20.158391,
       50.070201
      ],
      [
       20.158393,
       50.070041
      ],
      [
       20.158382,
       50.069977
      ],
      [
       20.158334,
       50.06989
      ],
      [
       20.158193,
       50.069722
      ],
      [
       20.158032,
       50.069592
      ],
      [
       20.157888,
       50.069459
      ],
      [
       20.157802,
       50.069353
      ],
      [
       20.157489,
       50.069133
      ],
      [
       20.157155,
       50.069026
      ],
      [
       20.156887,
       50.068995
      ],
      [
       20.156635,
       50.069037
      ],
      [
       20.156415,
       50.069093
      ],
      [
       20.15626,
       50.069167
      ],
      [
       20.156134,
       50.069294
      ],
      [
       20.156081,
       50.069541
      ],
      [
       20.156153,
       50.069814
      ],
      [
       20.156369,
       50.070343
      ],
      [
       20.156424,
       50.070626
      ],
      [
       20.156437,
       50.071007
      ]
     ]
    ],
    "type": "Polygon"
   },
   "id": 98,
   "properties": {
    "ADRES": "",
    "ATRYBUTY_O": "Nr stanowiska: 757",
    "BUDOWNICZY": "",
    "CHARAKTER": "",
    "DATA_WPISU": null,
    "DATA_WZNIE": "",
    "DZIELNICA": "",
    "FID": 98,
    "FUNKCJA_OB": "",
    "FUNKCJA_PI": "",
    "GDB_AREA": 35870.86,
    "GDB_PRM": 752.45,
    "GDB_PRMEX": 752.45,
    "GPT_DATE": null,
    "GPT_USER": "",
    "ID": 31248,
    "IDENT_OBIE": "67849649",
    "ID_ISDP": 0,
    "ID_SPRAWY": 80572799,
    "ID_WARSTWY": "F19_STAN_ARCH",
    "ISDP_FID": "GDB$G_EOZ_ARCHEOLOGIA_EOZ_A.4d9eef0c-e2cf-557a-e055-000000000001",
    "ISTNIEJE": "",
    "KARTA_MAPY": "",
    "LOKALIZACJ": "",
    "MATERIAL": "",
    "NAZWA": "",
    "NUMER": "",
    "NUMER_EWID": "",
    "NUMER_REJ_": "",
    "OBREB": "",
    "REJESTR_TA": "EW_ARCHEOLOGIA",
    "RODZAJE_ZA": "",
    "RODZAJ_OBI": "",
    "RODZAJ_WLA": "",
    "STAN_ZACHO": "",
    "STATUS": "",
    "STYL_OBIEK": "",
    "SYMBOL_EWI": "",
    "SYMBOL_REJ": "",
    "Shape__Area": 86975.6376953125,
    "Shape__Length": 1172.287058762606,
    "UWAGI": "",
    "WIEK_CZ_PO": "",
    "WIEK_POWST": "",
    "WYDRUK_LIN": "",
    "ZAJETA_NA_": 1,
    "ZALACZNIKI": "http://172.16.11.22:8085/SOWA2-services/doc/print/65355449/0757.pdf",
    "ZDJECIE_1": "",
    "ZDJECIE_2": "",
    "ZDJECIE_3": "",
    "ZDJECIE_4": "",
    "ZDJECIE_5": "",
    "ZDJECIE_6": "",
    "ZDJECIE_7": "",
    "ZDJECIE_8": "",
    "ZWERYFIKOW": "",
    "ZWIAZANA_Z": 0
   },
   "type": "Feature"
  },
  {
   "geometry": {
    "coordinates": [
     [
      [
       20.140481,
       50.071188
      ],
      [
       20.140444,
       50.071453
      ],
      [
       20.140303,
       50.071811
      ],
      [
       20.140042,
       50.072288
      ],
      [
       20.139865,
       50.072707
      ],
      [
       20.139817,
       50.073007
      ],
      [
       20.139828,
       50.073268
      ],
      [
       20.13982,
       50.073462
      ],
      [
       20.139857,
       50.073591
      ],
      [
       20.139969,
       50.073882
      ],
      [
       20.140193,
       50.074058
      ],
      [
       20.1404,
       50.074147
      ],
      [
       20.140707,
       50.074193
      ],
      [
       20.141068,
       50.074241
      ],
      [
       20.141308,
       50.074228
      ],
      [
       20.141679,
       50.074159
      ],
      [
       20.142445,
       50.074026
      ],
      [
       20.142864,
       50.073948
      ],
      [
       20.143176,
       50.073928
      ],
      [
       20.144122,
       50.073826
      ],
      [
       20.14477,
       50.073777
      ],
      [
       20.145278,
       50.073783
      ],
      [
       20.145809,
       50.073806
      ],
      [
       20.146311,
       50.073884
      ],
      [
       20.146617,
       50.073925
      ],
      [
       20.147452,
       50.074117
      ],
      [
       20.148152,
       50.074304
      ],
      [
       20.148415,
       50.074395
      ],
      [
       20.1486,
       50.074467
      ],
      [
       20.148909,
       50.074478
      ],
      [
       20.149092,
       50.074484
      ],
      [
       20.149472,
       50.074405
      ],
      [
       20.1499,
       50.074219
      ],
      [
       20.150484,
       50.073876
      ],
      [
       20.150852,
       50.073653
      ],
      [
       20.151096,
       50.073385
      ],
      [
       20.151183,
       50.073198
      ],
      [
       20.151217,
       50.072964
      ],
      [
       20.151162,
       50.072666
      ],
      [
       20.151014,
       50.072436
      ],
      [
       20.150711,
       50.072149
      ],
      [
       20.150433,
       50.071951
      ],
      [
       20.15005,
       50.071774
      ],
      [
       20.149659,
       50.071695
      ],
      [
       20.149328,
       50.071663
      ],
      [
       20.149041,
       50.071669
      ],
      [
       20.1484,
       50.071734
      ],
      [
       20.147766,
       50.071805
      ],
      [
       20.147203,
       50.071889
      ],
      [
       20.146749,
       50.071909
      ],
      [
       20.146246,
       50.071933
      ],
      [
       20.145845,
       50.071884
      ],
      [
       20.145529,
       50.071761
      ],
      [
       20.145282,
       50.071666
      ],
      [
       20.145121,
       50.071594
      ],
      [
       20.144763,
       50.071505
      ],
      [
       20.144458,
       50.071444
      ],
      [
       20.144237,
       50.071324
      ],
      [
       20.144018,
       50.071179
      ],
      [
       20.143837,
       50.070963
      ],
      [
       20.143796,
       50.07068
      ],
      [
       20.143803,
       50.070399
      ],
      [
       20.143815,
       50.070256
      ],
      [
       20.143892,
       50.070085
      ],
      [
       20.144,
       50.069833
      ],
      [
       20.144171,
       50.069388
      ],
      [
       20.144273,
       50.06911
      ],
      [
       20.144284,
       50.068778
      ],
      [
       20.144195,
       50.068397
      ],
      [
       20.144069,
       50.068188
      ],
      [
       20.143821,
       50.068016
      ],
      [
       20.143536,
       50.067904
      ],
      [
       20.14308,
       50.067843
      ],
      [
       20.142662,
       50.067803
      ],
      [
       20.142254,
       50.067841
      ],
      [
       20.141808,
       50.067954
      ],
      [
       20.141525,
       50.068103
      ],
      [
       20.14116,
       50.068392
      ],
      [
       20.140796,
       50.068764
      ],
      [
       20.140574,
       50.069053
      ],
      [
       20.140355,
       50.069598
      ],
      [
       20.140246,
       50.069968
      ],
      [
       20.140267,
       50.070296
      ],
      [
       20.140357,
       50.070657
      ],
      [
       20.140486,
       50.070932
      ],
      [
       20.140481,
       50.071188
      ]
     ]
    ],
    "type": "Polygon"
   },
   "id": 99,
   "properties": {
    "ADRES": "",
    "ATRYBUTY_O": "Nr stanowiska: 759",
    "BUDOWNICZY": "",
    "CHARAKTER": "",
    "DATA_WPISU": null,
    "DATA_WZNIE": "",
    "DZIELNICA": "",
    "FID": 99,
    "FUNKCJA_OB": "",
    "FUNKCJA_PI": "",
    "GDB_AREA": 307307.28,
    "GDB_PRM": 2772.18,
    "GDB_PRMEX": 2772.18,
    "GPT_DATE": null,
    "GPT_USER": "",
    "ID": 31215,
    "IDENT_OBIE": "67847999",
    "ID_ISDP": 0,
    "ID_SPRAWY": 80567299,
    "ID_WARSTWY": "F19_STAN_ARCH",
    "ISDP_FID": "GDB$G_EOZ_ARCHEOLOGIA_EOZ_A.4d9eef0c-e2d0-557a-e055-000000000001",
    "ISTNIEJE": "",
    "KARTA_MAPY": "",
    "LOKALIZACJ": "",
    "MATERIAL": "",
    "NAZWA": "",
    "NUMER": "",
    "NUMER_EWID": "",
    "NUMER_REJ_": "",
    "OBREB": "",
    "REJESTR_TA": "EW_ARCHEOLOGIA",
    "RODZAJE_ZA": "",
    "RODZAJ_OBI": "",
    "RODZAJ_WLA": "",
    "STAN_ZACHO": "",
    "STATUS": "",
    "STYL_OBIEK": "",
    "SYMBOL_EWI": "",
    "SYMBOL_REJ": "",
    "Shape__Area": 745171.0029296875,
    "Shape__Length": 4316.56243926899,
    "UWAGI": "",
    "WIEK_CZ_PO": "",
    "WIEK_POWST": "",
    "WYDRUK_LIN": "",
    "ZAJETA_NA_": 1,
    "ZALACZNIKI": "http://172.16.11.22:8085/SOWA2-services/doc/print/65355549/0759.pdf",
    "ZDJECIE_1": "",
    "ZDJECIE_2": "",
    "ZDJECIE_3": "",
    "ZDJECIE_4": "",
    "ZDJECIE_5": "",
    "ZDJECIE_6": "",
    "ZDJECIE_7": "",
    "ZDJECIE_8": "",
    "ZWERYFIKOW": "",
    "ZWIAZANA_Z": 0
   },
   "type": "Feature"
  },
  {
   "geometry": {
    "coordinates": [
     [
      [
       19.883691,
       50.093041
      ],
      [
       19.883873,
       50.092994
      ],
      [
       19.88401,
       50.092892
      ],
      [
       19.884114,
       50.092648
      ],
      [
       19.884079,
       50.092473
      ],
      [
       19.88382,
       50.092326
      ],
      [
       19.883367,
       50.092367
      ],
      [
       19.883132,
       50.092509
      ],
      [
       19.883087,
       50.092712
      ],
      [
       19.883158,
       50.092852
      ],
      [
       19.883362,
       50.092993
      ],
      [
       19.883691,
       50.093041
      ]
     ]
    ],
    "type": "Polygon"
   },
   "id": 100,
   "properties": {
    "ADRES": "",
    "ATRYBUTY_O": "Nr stanowiska: 202",
    "BUDOWNICZY": "",
    "CHARAKTER": "",
    "DATA_WPISU": null,
    "DATA_WZNIE": "",
    "DZIELNICA": "",
    "FID": 100,
    "FUNKCJA_OB": "",
    "FUNKCJA_PI": "",
    "GDB_AREA": 4475.96,
    "GDB_PRM": 242.09,
    "GDB_PRMEX": 242.09,
    "GPT_DATE": null,
    "GPT_USER": "",
    "ID": 31180,
    "IDENT_OBIE": "67846249",
    "ID_ISDP": 0,
    "ID_SPRAWY": 80558349,
    "ID_WARSTWY": "F19_STAN_ARCH",
    "ISDP_FID": "GDB$G_EOZ_ARCHEOLOGIA_EOZ_A.4d9eef0c-e295-557a-e055-000000000001",
    "ISTNIEJE": "",
    "KARTA_MAPY": "",
    "LOKALIZACJ": "",
    "MATERIAL": "",
    "NAZWA": "",
    "NUMER": "",
    "NUMER_EWID": "",
    "NUMER_REJ_": "",
    "OBREB": "",
    "REJESTR_TA": "EW_ARCHEOLOGIA",
    "RODZAJE_ZA": "",
    "RODZAJ_OBI": "",
    "RODZAJ_WLA": "",
    "STAN_ZACHO": "",
    "STATUS": "",
    "STYL_OBIEK": "",
    "SYMBOL_EWI": "",
    "SYMBOL_REJ": "",
    "Shape__Area": 10862.146484375,
    "Shape__Length": 377.1657167448079,
    "UWAGI": "",
    "WIEK_CZ_PO": "",
    "WIEK_POWST": "",
    "WYDRUK_LIN": "",
    "ZAJETA_NA_": 1,
    "ZALACZNIKI": "http://172.16.11.22:8085/SOWA2-services/doc/print/65347899/0202.pdf",
    "ZDJECIE_1": "",
    "ZDJECIE_2": "",
    "ZDJECIE_3": "",
    "ZDJECIE_4": "",
    "ZDJECIE_5": "",
    "ZDJECIE_6": "",
    "ZDJECIE_7": "",
    "ZDJECIE_8": "",
    "ZWERYFIKOW": "",
    "ZWIAZANA_Z": 0
   },
   "type": "Feature"
  },
  {
   "geometry": {
    "coordinates": [
     [
      [
       19.900775,
       50.096879
      ],
      [
       19.900742,
       50.097054
      ],
      [
       19.900931,
       50.097181
      ],
      [
       19.901245,
       50.097236
      ],
      [
       19.901529,
       50.097208
      ],
      [
       19.901742,
       50.097067
      ],
      [
       19.901833,
       50.096851
      ],
      [
       19.901794,
       50.096773
      ],
      [
       19.901639,
       50.096674
      ],
      [
       19.901332,
       50.096652
      ],
      [
       19.900968,
       50.096749
      ],
      [
       19.900775,
       50.096879
      ]
     ]
    ],
    "type": "Polygon"
   },
   "id": 101,
   "properties": {
    "ADRES": "",
    "ATRYBUTY_O": "Nr stanowiska: 206",
    "BUDOWNICZY": "",
    "CHARAKTER": "",
    "DATA_WPISU": null,
    "DATA_WZNIE": "",
    "DZIELNICA": "",
    "FID": 101,
    "FUNKCJA_OB": "",
    "FUNKCJA_PI": "",
    "GDB_AREA": 3786.79,
    "GDB_PRM": 224.76,
    "GDB_PRMEX": 224.76,
    "GPT_DATE": null,
    "GPT_USER": "",
    "ID": 31183,
    "IDENT_OBIE": "67846399",
    "ID_ISDP": 0,
    "ID_SPRAWY": 80558549,
    "ID_WARSTWY": "F19_STAN_ARCH",
    "ISDP_FID": "GDB$G_EOZ_ARCHEOLOGIA_EOZ_A.4d9eef0c-e296-557a-e055-000000000001",
    "ISTNIEJE": "",
    "KARTA_MAPY": "",
    "LOKALIZACJ": "",
    "MATERIAL": "",
    "NAZWA": "",
    "NUMER": "",
    "NUMER_EWID": "",
    "NUMER_REJ_": "",
    "OBREB": "",
    "REJESTR_TA": "EW_ARCHEOLOGIA",
    "RODZAJE_ZA": "",
    "RODZAJ_OBI": "",
    "RODZAJ_WLA": "",
    "STAN_ZACHO": "",
    "STATUS": "",
    "STYL_OBIEK": "",
    "SYMBOL_EWI": "",
    "SYMBOL_REJ": "",
    "Shape__Area": 9191.3701171875,
    "Shape__Length": 350.1014640365797,
    "UWAGI": "",
    "WIEK_CZ_PO": "",
    "WIEK_POWST": "",
    "WYDRUK_LIN": "",
    "ZAJETA_NA_": 1,
    "ZALACZNIKI": "http://172.16.11.22:8085/SOWA2-services/doc/print/65348049/0206.pdf",
    "ZDJECIE_1": "",
    "ZDJECIE_2": "",
    "ZDJECIE_3": "",
    "ZDJECIE_4": "",
    "ZDJECIE_5": "",
    "ZDJECIE_6": "",
    "ZDJECIE_7": "",
    "ZDJECIE_8": "",
    "ZWERYFIKOW": "",
    "ZWIAZANA_Z": 0
   },
   "type": "Feature"
  },
  {
   "geometry": {
    "coordinates": [
     [
      [
       19.851794,
       50.068595
      ],
      [
       19.851648,
       50.068762
      ],
      [
       19.851687,
       50.068932
      ],
      [
       19.852023,
       50.069024
      ],
      [
       19.852348,
       50.068926
      ],
      [
       19.852389,
       50.068772
      ],
      [
       19.852266,
       50.068626
      ],
      [
       19.852052,
       50.068539
      ],
      [
       19.851794,
       50.068595
      ]
     ]
    ],
    "type": "Polygon"
   },
   "id": 102,
   "properties": {
    "ADRES": "",
    "ATRYBUTY_O": "Nr stanowiska: 267",
    "BUDOWNICZY": "",
    "CHARAKTER": "",
    "DATA_WPISU": null,
    "DATA_WZNIE": "",
    "DZIELNICA": "",
    "FID": 102,
    "FUNKCJA_OB": "",
    "FUNKCJA_PI": "",
    "GDB_AREA": 2051.51,
    "GDB_PRM": 165.82,
    "GDB_PRMEX": 165.82,
    "GPT_DATE": null,
    "GPT_USER": "",
    "ID": 31188,
    "IDENT_OBIE": "67846649",
    "ID_ISDP": 0,
    "ID_SPRAWY": 80558799,
    "ID_WARSTWY": "F19_STAN_ARCH",
    "ISDP_FID": "GDB$G_EOZ_ARCHEOLOGIA_EOZ_A.4d9eef0c-e297-557a-e055-000000000001",
    "ISTNIEJE": "",
    "KARTA_MAPY": "",
    "LOKALIZACJ": "",
    "MATERIAL": "",
    "NAZWA": "",
    "NUMER": "",
    "NUMER_EWID": "",
    "NUMER_REJ_": "",
    "OBREB": "",
    "REJESTR_TA": "EW_ARCHEOLOGIA",
    "RODZAJE_ZA": "",
    "RODZAJ_OBI": "",
    "RODZAJ_WLA": "",
    "STAN_ZACHO": "",
    "STATUS": "",
    "STYL_OBIEK": "",
    "SYMBOL_EWI": "",
    "SYMBOL_REJ": "",
    "Shape__Area": 4973.572265625,
    "Shape__Length": 258.1902418719706,
    "UWAGI": "",
    "WIEK_CZ_PO": "",
    "WIEK_POWST": "",
    "WYDRUK_LIN": "",
    "ZAJETA_NA_": 1,
    "ZALACZNIKI": "http://172.16.11.22:8085/SOWA2-services/doc/print/65348249/0267.pdf",
    "ZDJECIE_1": "",
    "ZDJECIE_2": "",
    "ZDJECIE_3": "",
    "ZDJECIE_4": "",
    "ZDJECIE_5": "",
    "ZDJECIE_6": "",
    "ZDJECIE_7": "",
    "ZDJECIE_8": "",
    "ZWERYFIKOW": "",
    "ZWIAZANA_Z": 0
   },
   "type": "Feature"
  },
  {
   "geometry": {
    "coordinates": [
     [
      [
       19.819894,
       50.01036
      ],
      [
       19.819833,
       50.010401
      ],
      [
       19.819782,
       50.01048
      ],
      [
       19.819779,
       50.010548
      ],
      [
       19.819831,
       50.010606
      ],
      [
       19.81994,
       50.010632
      ],
      [
       19.82002,
       50.010627
      ],
      [
       19.820114,
       50.010587
      ],
      [
       19.82018,
       50.010544
      ],
      [
       19.820195,
       50.010495
      ],
      [
       19.820211,
       50.01043
      ],
      [
       19.820202,
       50.010383
      ],
      [
       19.820157,
       50.010338
      ],
      [
       19.820075,
       50.01032
      ],
      [
       19.819998,
       50.010319
      ],
      [
       19.819937,
       50.010338
      ],
      [
       19.819894,
       50.01036
      ]
     ]
    ],
    "type": "Polygon"
   },
   "id": 103,
   "properties": {
    "ADRES": "",
    "ATRYBUTY_O": "Nr stanowiska: 323",
    "BUDOWNICZY": "",
    "CHARAKTER": "",
    "DATA_WPISU": null,
    "DATA_WZNIE": "",
    "DZIELNICA": "",
    "FID": 103,
    "FUNKCJA_OB": "",
    "FUNKCJA_PI": "",
    "GDB_AREA": 825.36,
    "GDB_PRM": 104.3,
    "GDB_PRMEX": 104.3,
    "GPT_DATE": null,
    "GPT_USER": "",
    "ID": 31342,
    "IDENT_OBIE": "67854349",
    "ID_ISDP": 0,
    "ID_SPRAWY": 80589299,
    "ID_WARSTWY": "F19_STAN_ARCH",
    "ISDP_FID": "GDB$G_EOZ_ARCHEOLOGIA_EOZ_A.4d9eef0c-e298-557a-e055-000000000001",
    "ISTNIEJE": "",
    "KARTA_MAPY": "",
    "LOKALIZACJ": "",
    "MATERIAL": "",
    "NAZWA": "",
    "NUMER": "",
    "NUMER_EWID": "",
    "NUMER_REJ_": "",
    "OBREB": "",
    "REJESTR_TA": "EW_ARCHEOLOGIA",
    "RODZAJE_ZA": "",
    "RODZAJ_OBI": "",
    "RODZAJ_WLA": "",
    "STAN_ZACHO": "",
    "STATUS": "",
    "STYL_OBIEK": "",
    "SYMBOL_EWI": "",
    "SYMBOL_REJ": "",
    "Shape__Area": 1996.1162109375,
    "Shape__Length": 162.22735681893857,
    "UWAGI": "",
    "WIEK_CZ_PO": "",
    "WIEK_POWST": "",
    "WYDRUK_LIN": "",
    "ZAJETA_NA_": 1,
    "ZALACZNIKI": "http://172.16.11.22:8085/SOWA2-services/doc/print/65348599/0323.pdf",
    "ZDJECIE_1": "",
    "ZDJECIE_2": "",
    "ZDJECIE_3": "",
    "ZDJECIE_4": "",
    "ZDJECIE_5": "",
    "ZDJECIE_6": "",
    "ZDJECIE_7": "",
    "ZDJECIE_8": "",
    "ZWERYFIKOW": "",
    "ZWIAZANA_Z": 0
   },
   "type": "Feature"
  },
  {
   "geometry": {
    "coordinates": [
     [
      [
       19.823844,
       50.010962
      ],
      [
       19.823831,
       50.011018
      ],
      [
       19.823862,
       50.011069
      ],
      [
       19.823916,
       50.011109
      ],
      [
       19.823987,
       50.011124
      ],
      [
       19.824067,
       50.011111
      ],
      [
       19.824145,
       50.011072
      ],
      [
       19.824168,
       50.011041
      ],
      [
       19.824168,
       50.010995
      ],
      [
       19.824126,
       50.010927
      ],
      [
       19.824067,
       50.010893
      ],
      [
       19.823984,
       50.010891
      ],
      [
       19.823887,
       50.010914
      ],
      [
       19.823859,
       50.010939
      ],
      [
       19.823844,
       50.010962
      ]
     ]
    ],
    "type": "Polygon"
   },
   "id": 104,
   "properties": {
    "ADRES": "",
    "ATRYBUTY_O": "Nr stanowiska: 332",
    "BUDOWNICZY": "",
    "CHARAKTER": "",
    "DATA_WPISU": null,
    "DATA_WZNIE": "",
    "DZIELNICA": "",
    "FID": 104,
    "FUNKCJA_OB": "",
    "FUNKCJA_PI": "",
    "GDB_AREA": 482.37,
    "GDB_PRM": 78.92,
    "GDB_PRMEX": 78.92,
    "GPT_DATE": null,
    "GPT_USER": "",
    "ID": 31345,
    "IDENT_OBIE": "67854499",
    "ID_ISDP": 0,
    "ID_SPRAWY": 80589749,
    "ID_WARSTWY": "F19_STAN_ARCH",
    "ISDP_FID": "GDB$G_EOZ_ARCHEOLOGIA_EOZ_A.4d9eef0c-e299-557a-e055-000000000001",
    "ISTNIEJE": "",
    "KARTA_MAPY": "",
    "LOKALIZACJ": "",
    "MATERIAL": "",
    "NAZWA": "",
    "NUMER": "",
    "NUMER_EWID": "",
    "NUMER_REJ_": "",
    "OBREB": "",
    "REJESTR_TA": "EW_ARCHEOLOGIA",
    "RODZAJE_ZA": "",
    "RODZAJ_OBI": "",
    "RODZAJ_WLA": "",
    "STAN_ZACHO": "",
    "STATUS": "",
    "STYL_OBIEK": "",
    "SYMBOL_EWI": "",
    "SYMBOL_REJ": "",
    "Shape__Area": 1166.626953125,
    "Shape__Length": 122.74467449888162,
    "UWAGI": "",
    "WIEK_CZ_PO": "",
    "WIEK_POWST": "",
    "WYDRUK_LIN": "",
    "ZAJETA_NA_": 1,
    "ZALACZNIKI": "http://172.16.11.22:8085/SOWA2-services/doc/print/65348749/0332.pdf",
    "ZDJECIE_1": "",
    "ZDJECIE_2": "",
    "ZDJECIE_3": "",
    "ZDJECIE_4": "",
    "ZDJECIE_5": "",
    "ZDJECIE_6": "",
    "ZDJECIE_7": "",
    "ZDJECIE_8": "",
    "ZWERYFIKOW": "",
    "ZWIAZANA_Z": 0
   },
   "type": "Feature"
  },
  {
   "geometry": {
    "coordinates": [
     [
      [
       19.828613,
       50.018285
      ],
      [
       19.828462,
       50.01829
      ],
      [
       19.828343,
       50.018318
      ],
      [
       19.828292,
       50.018368
      ],
      [
       19.828252,
       50.018427
      ],
      [
       19.828243,
       50.018484
      ],
      [
       19.828293,
       50.01854
      ],
      [
       19.828354,
       50.018591
      ],
      [
       19.828461,
       50.018616
      ],
      [
       19.828677,
       50.018621
      ],
      [
       19.828792,
       50.018605
      ],
      [
       19.82888,
       50.018582
      ],
      [
       19.82897,
       50.018556
      ],
      [
       19.82907,
       50.01849
      ],
      [
       19.82908,
       50.018426
      ],
      [
       19.829052,
       50.018365
      ],
      [
       19.828985,
       50.01832
      ],
      [
       19.828842,
       50.018289
      ],
      [
       19.828613,
       50.018285
      ]
     ]
    ],
    "type": "Polygon"
   },
   "id": 105,
   "properties": {
    "ADRES": "",
    "ATRYBUTY_O": "Nr stanowiska: 339",
    "BUDOWNICZY": "",
    "CHARAKTER": "",
    "DATA_WPISU": null,
    "DATA_WZNIE": "",
    "DZIELNICA": "",
    "FID": 105,
    "FUNKCJA_OB": "",
    "FUNKCJA_PI": "",
    "GDB_AREA": 1824.57,
    "GDB_PRM": 159.08,
    "GDB_PRMEX": 159.08,
    "GPT_DATE": null,
    "GPT_USER": "",
    "ID": 31347,
    "IDENT_OBIE": "67854599",
    "ID_ISDP": 0,
    "ID_SPRAWY": 80590099,
    "ID_WARSTWY": "F19_STAN_ARCH",
    "ISDP_FID": "GDB$G_EOZ_ARCHEOLOGIA_EOZ_A.4d9eef0c-e29a-557a-e055-000000000001",
    "ISTNIEJE": "",
    "KARTA_MAPY": "",
    "LOKALIZACJ": "",
    "MATERIAL": "",
    "NAZWA": "",
    "NUMER": "",
    "NUMER_EWID": "",
    "NUMER_REJ_": "",
    "OBREB": "",
    "REJESTR_TA": "EW_ARCHEOLOGIA",
    "RODZAJE_ZA": "",
    "RODZAJ_OBI": "",
    "RODZAJ_WLA": "",
    "STAN_ZACHO": "",
    "STATUS": "",
    "STYL_OBIEK": "",
    "SYMBOL_EWI": "",
    "SYMBOL_REJ": "",
    "Shape__Area": 4414.146484375,
    "Shape__Length": 247.32636757331107,
    "UWAGI": "",
    "WIEK_CZ_PO": "",
    "WIEK_POWST": "",
    "WYDRUK_LIN": "",
    "ZAJETA_NA_": 1,
    "ZALACZNIKI": "http://172.16.11.22:8085/SOWA2-services/doc/print/65348849/0339.pdf",
    "ZDJECIE_1": "",
    "ZDJECIE_2": "",
    "ZDJECIE_3": "",
    "ZDJECIE_4": "",
    "ZDJECIE_5": "",
    "ZDJECIE_6": "",
    "ZDJECIE_7": "",
    "ZDJECIE_8": "",
    "ZWERYFIKOW": "",
    "ZWIAZANA_Z": 0
   },
   "type": "Feature"
  },
  {
   "geometry": {
    "coordinates": [
     [
      [
       19.82928,
       50.01686
      ],
      [
       19.829182,
       50.016887
      ],
      [
       19.829118,
       50.016932
      ],
      [
       19.829114,
       50.016985
      ],
      [
       19.82915,
       50.017053
      ],
      [
       19.829219,
       50.017103
      ],
      [
       19.829319,
       50.017132
      ],
      [
       19.82943,
       50.017127
      ],
      [
       19.829512,
       50.017091
      ],
      [
       19.829559,
       50.017054
      ],
      [
       19.829587,
       50.017016
      ],
      [
       19.82959,
       50.016969
      ],
      [
       19.829558,
       50.01692
      ],
      [
       19.829497,
       50.016881
      ],
      [
       19.829415,
       50.01685
      ],
      [
       19.82928,
       50.01686
      ]
     ]
    ],
    "type": "Polygon"
   },
   "id": 106,
   "properties": {
    "ADRES": "",
    "ATRYBUTY_O": "Nr stanowiska: 341",
    "BUDOWNICZY": "",
    "CHARAKTER": "",
    "DATA_WPISU": null,
    "DATA_WZNIE": "",
    "DZIELNICA": "",
    "FID": 106,
    "FUNKCJA_OB": "",
    "FUNKCJA_PI": "",
    "GDB_AREA": 815.3,
    "GDB_PRM": 102.54,
    "GDB_PRMEX": 102.54,
    "GPT_DATE": null,
    "GPT_USER": "",
    "ID": 31349,
    "IDENT_OBIE": "67854699",
    "ID_ISDP": 0,
    "ID_SPRAWY": 80590199,
    "ID_WARSTWY": "F19_STAN_ARCH",
    "ISDP_FID": "GDB$G_EOZ_ARCHEOLOGIA_EOZ_A.4d9eef0c-e29b-557a-e055-000000000001",
    "ISTNIEJE": "",
    "KARTA_MAPY": "",
    "LOKALIZACJ": "",
    "MATERIAL": "",
    "NAZWA": "",
    "NUMER": "",
    "NUMER_EWID": "",
    "NUMER_REJ_": "",
    "OBREB": "",
    "REJESTR_TA": "EW_ARCHEOLOGIA",
    "RODZAJE_ZA": "",
    "RODZAJ_OBI": "",
    "RODZAJ_WLA": "",
    "STAN_ZACHO": "",
    "STATUS": "",
    "STYL_OBIEK": "",
    "SYMBOL_EWI": "",
    "SYMBOL_REJ": "",
    "Shape__Area": 1972.33203125,
    "Shape__Length": 159.47068157062608,
    "UWAGI": "",
    "WIEK_CZ_PO": "",
    "WIEK_POWST": "",
    "WYDRUK_LIN": "",
    "ZAJETA_NA_": 1,
    "ZALACZNIKI": "http://172.16.11.22:8085/SOWA2-services/doc/print/65348949/0341.pdf",
    "ZDJECIE_1": "",
    "ZDJECIE_2": "",
    "ZDJECIE_3": "",
    "ZDJECIE_4": "",
    "ZDJECIE_5": "",
    "ZDJECIE_6": "",
    "ZDJECIE_7": "",
    "ZDJECIE_8": "",
    "ZWERYFIKOW": "",
    "ZWIAZANA_Z": 0
   },
   "type": "Feature"
  },
  {
   "geometry": {
    "coordinates": [
     [
      [
       19.820203,
       50.040644
      ],
      [
       19.820142,
       50.040727
      ],
      [
       19.820144,
       50.040787
      ],
      [
       19.820161,
       50.040895
      ],
      [
       19.820307,
       50.040978
      ],
      [
       19.820509,
       50.040955
      ],
      [
       19.820603,
       50.040873
      ],
      [
       19.820604,
       50.040787
      ],
      [
       19.82058,
       50.040679
      ],
      [
       19.820432,
       50.040622
      ],
      [
       19.820278,
       50.040621
      ],
      [
       19.820203,
       50.040644
      ]
     ]
    ],
    "type": "Polygon"
   },
   "id": 107,
   "properties": {
    "ADRES": "",
    "ATRYBUTY_O": "Nr stanowiska: 345",
    "BUDOWNICZY": "",
    "CHARAKTER": "",
    "DATA_WPISU": null,
    "DATA_WZNIE": "",
    "DZIELNICA": "",
    "FID": 107,
    "FUNKCJA_OB": "",
    "FUNKCJA_PI": "",
    "GDB_AREA": 1083.03,
    "GDB_PRM": 120.1,
    "GDB_PRMEX": 120.1,
    "GPT_DATE": null,
    "GPT_USER": "",
    "ID": 31153,
    "IDENT_OBIE": "67844899",
    "ID_ISDP": 0,
    "ID_SPRAWY": 80553149,
    "ID_WARSTWY": "F19_STAN_ARCH",
    "ISDP_FID": "GDB$G_EOZ_ARCHEOLOGIA_EOZ_A.4d9eef0c-e29c-557a-e055-000000000001",
    "ISTNIEJE": "",
    "KARTA_MAPY": "",
    "LOKALIZACJ": "",
    "MATERIAL": "",
    "NAZWA": "",
    "NUMER": "",
    "NUMER_EWID": "",
    "NUMER_REJ_": "",
    "OBREB": "",
    "REJESTR_TA": "EW_ARCHEOLOGIA",
    "RODZAJE_ZA": "",
    "RODZAJ_OBI": "",
    "RODZAJ_WLA": "",
    "STAN_ZACHO": "",
    "STATUS": "",
    "STYL_OBIEK": "",
    "SYMBOL_EWI": "",
    "SYMBOL_REJ": "",
    "Shape__Area": 2622.572265625,
    "Shape__Length": 186.9138849683577,
    "UWAGI": "",
    "WIEK_CZ_PO": "",
    "WIEK_POWST": "",
    "WYDRUK_LIN": "",
    "ZAJETA_NA_": 1,
    "ZALACZNIKI": "http://172.16.11.22:8085/SOWA2-services/doc/print/65349049/0345.pdf",
    "ZDJECIE_1": "",
    "ZDJECIE_2": "",
    "ZDJECIE_3": "",
    "ZDJECIE_4": "",
    "ZDJECIE_5": "",
    "ZDJECIE_6": "",
    "ZDJECIE_7": "",
    "ZDJECIE_8": "",
    "ZWERYFIKOW": "",
    "ZWIAZANA_Z": 0
   },
   "type": "Feature"
  },
  {
   "geometry": {
    "coordinates": [
     [
      [
       19.821575,
       50.039675
      ],
      [
       19.821499,
       50.039784
      ],
      [
       19.821481,
       50.039913
      ],
      [
       19.821585,
       50.040015
      ],
      [
       19.821709,
       50.040045
      ],
      [
       19.821928,
       50.040058
      ],
      [
       19.822045,
       50.040023
      ],
      [
       19.822141,
       50.039915
      ],
      [
       19.822118,
       50.039794
      ],
      [
       19.82201,
       50.039657
      ],
      [
       19.82182,
       50.039616
      ],
      [
       19.821575,
       50.039675
      ]
     ]
    ],
    "type": "Polygon"
   },
   "id": 108,
   "properties": {
    "ADRES": "",
    "ATRYBUTY_O": "Nr stanowiska: 349",
    "BUDOWNICZY": "",
    "CHARAKTER": "",
    "DATA_WPISU": null,
    "DATA_WZNIE": "",
    "DZIELNICA": "",
    "FID": 108,
    "FUNKCJA_OB": "",
    "FUNKCJA_PI": "",
    "GDB_AREA": 1795.03,
    "GDB_PRM": 153.35,
    "GDB_PRMEX": 153.35,
    "GPT_DATE": null,
    "GPT_USER": "",
    "ID": 31156,
    "IDENT_OBIE": "67845049",
    "ID_ISDP": 0,
    "ID_SPRAWY": 80553349,
    "ID_WARSTWY": "F19_STAN_ARCH",
    "ISDP_FID": "GDB$G_EOZ_ARCHEOLOGIA_EOZ_A.4d9eef0c-e29d-557a-e055-000000000001",
    "ISTNIEJE": "",
    "KARTA_MAPY": "",
    "LOKALIZACJ": "",
    "MATERIAL": "",
    "NAZWA": "",
    "NUMER": "",
    "NUMER_EWID": "",
    "NUMER_REJ_": "",
    "OBREB": "",
    "REJESTR_TA": "EW_ARCHEOLOGIA",
    "RODZAJE_ZA": "",
    "RODZAJ_OBI": "",
    "RODZAJ_WLA": "",
    "STAN_ZACHO": "",
    "STATUS": "",
    "STYL_OBIEK": "",
    "SYMBOL_EWI": "",
    "SYMBOL_REJ": "",
    "Shape__Area": 4346.5185546875,
    "Shape__Length": 238.63370355091197,
    "UWAGI": "",
    "WIEK_CZ_PO": "",
    "WIEK_POWST": "",
    "WYDRUK_LIN": "",
    "ZAJETA_NA_": 1,
    "ZALACZNIKI": "http://172.16.11.22:8085/SOWA2-services/doc/print/65349199/0349.pdf",
    "ZDJECIE_1": "",
    "ZDJECIE_2": "",
    "ZDJECIE_3": "",
    "ZDJECIE_4": "",
    "ZDJECIE_5": "",
    "ZDJECIE_6": "",
    "ZDJECIE_7": "",
    "ZDJECIE_8": "",
    "ZWERYFIKOW": "",
    "ZWIAZANA_Z": 0
   },
   "type": "Feature"
  },
  {
   "geometry": {
    "coordinates": [
     [
      [
       19.86234,
       50.034915
      ],
      [
       19.8623,
       50.035189
      ],
      [
       19.862292,
       50.035277
      ],
      [
       19.862291,
       50.035351
      ],
      [
       19.862449,
       50.03542
      ],
      [
       19.862605,
       50.035458
      ],
      [
       19.862819,
       50.035455
      ],
      [
       19.863018,
       50.03537
      ],
      [
       19.863131,
       50.035268
      ],
      [
       19.863193,
       50.035062
      ],
      [
       19.863111,
       50.034925
      ],
      [
       19.862956,
       50.034817
      ],
      [
       19.862739,
       50.034735
      ],
      [
       19.862552,
       50.034739
      ],
      [
       19.862437,
       50.034806
      ],
      [
       19.86234,
       50.034915
      ]
     ]
    ],
    "type": "Polygon"
   },
   "id": 109,
   "properties": {
    "ADRES": "",
    "ATRYBUTY_O": "Nr stanowiska: 355",
    "BUDOWNICZY": "",
    "CHARAKTER": "",
    "DATA_WPISU": null,
    "DATA_WZNIE": "",
    "DZIELNICA": "",
    "FID": 109,
    "FUNKCJA_OB": "",
    "FUNKCJA_PI": "",
    "GDB_AREA": 4056.54,
    "GDB_PRM": 233.12,
    "GDB_PRMEX": 233.12,
    "GPT_DATE": null,
    "GPT_USER": "",
    "ID": 31158,
    "IDENT_OBIE": "67845149",
    "ID_ISDP": 0,
    "ID_SPRAWY": 80555449,
    "ID_WARSTWY": "F19_STAN_ARCH",
    "ISDP_FID": "GDB$G_EOZ_ARCHEOLOGIA_EOZ_A.4d9eef0c-e29e-557a-e055-000000000001",
    "ISTNIEJE": "",
    "KARTA_MAPY": "",
    "LOKALIZACJ": "",
    "MATERIAL": "",
    "NAZWA": "",
    "NUMER": "",
    "NUMER_EWID": "",
    "NUMER_REJ_": "",
    "OBREB": "",
    "REJESTR_TA": "EW_ARCHEOLOGIA",
    "RODZAJE_ZA": "",
    "RODZAJ_OBI": "",
    "RODZAJ_WLA": "",
    "STAN_ZACHO": "",
    "STATUS": "",
    "STYL_OBIEK": "",
    "SYMBOL_EWI": "",
    "SYMBOL_REJ": "",
    "Shape__Area": 9820.7900390625,
    "Shape__Length": 362.7984203202159,
    "UWAGI": "",
    "WIEK_CZ_PO": "",
    "WIEK_POWST": "",
    "WYDRUK_LIN": "",
    "ZAJETA_NA_": 1,
    "ZALACZNIKI": "http://172.16.11.22:8085/SOWA2-services/doc/print/65349299/0355.pdf",
    "ZDJECIE_1": "",
    "ZDJECIE_2": "",
    "ZDJECIE_3": "",
    "ZDJECIE_4": "",
    "ZDJECIE_5": "",
    "ZDJECIE_6": "",
    "ZDJECIE_7": "",
    "ZDJECIE_8": "",
    "ZWERYFIKOW": "",
    "ZWIAZANA_Z": 0
   },
   "type": "Feature"
  },
  {
   "geometry": {
    "coordinates": [
     [
      [
       19.861449,
       50.036281
      ],
      [
       19.861406,
       50.036395
      ],
      [
       19.861446,
       50.036506
      ],
      [
       19.861596,
       50.036604
      ],
      [
       19.861708,
       50.036643
      ],
      [
       19.861899,
       50.03665
      ],
      [
       19.86206,
       50.036627
      ],
      [
       19.862176,
       50.03655
      ],
      [
       19.862282,
       50.036469
      ],
      [
       19.862287,
       50.03635
      ],
      [
       19.862163,
       50.036253
      ],
      [
       19.86206,
       50.036179
      ],
      [
       19.861866,
       50.036151
      ],
      [
       19.861745,
       50.036146
      ],
      [
       19.861611,
       50.036177
      ],
      [
       19.861536,
       50.03622
      ],
      [
       19.861449,
       50.036281
      ]
     ]
    ],
    "type": "Polygon"
   },
   "id": 110,
   "properties": {
    "ADRES": "",
    "ATRYBUTY_O": "Nr stanowiska: 357",
    "BUDOWNICZY": "",
    "CHARAKTER": "",
    "DATA_WPISU": null,
    "DATA_WZNIE": "",
    "DZIELNICA": "",
    "FID": 110,
    "FUNKCJA_OB": "",
    "FUNKCJA_PI": "",
    "GDB_AREA": 2702.27,
    "GDB_PRM": 187.18,
    "GDB_PRMEX": 187.18,
    "GPT_DATE": null,
    "GPT_USER": "",
    "ID": 31161,
    "IDENT_OBIE": "67845299",
    "ID_ISDP": 0,
    "ID_SPRAWY": 80555599,
    "ID_WARSTWY": "F19_STAN_ARCH",
    "ISDP_FID": "GDB$G_EOZ_ARCHEOLOGIA_EOZ_A.4d9eef0c-e29f-557a-e055-000000000001",
    "ISTNIEJE": "",
    "KARTA_MAPY": "",
    "LOKALIZACJ": "",
    "MATERIAL": "",
    "NAZWA": "",
    "NUMER": "",
    "NUMER_EWID": "",
    "NUMER_REJ_": "",
    "OBREB": "",
    "REJESTR_TA": "EW_ARCHEOLOGIA",
    "RODZAJE_ZA": "",
    "RODZAJ_OBI": "",
    "RODZAJ_WLA": "",
    "STAN_ZACHO": "",
    "STATUS": "",
    "STYL_OBIEK": "",
    "SYMBOL_EWI": "",
    "SYMBOL_REJ": "",
    "Shape__Area": 6542.48828125,
    "Shape__Length": 291.20819292104176,
    "UWAGI": "",
    "WIEK_CZ_PO": "",
    "WIEK_POWST": "",
    "WYDRUK_LIN": "",
    "ZAJETA_NA_": 1,
    "ZALACZNIKI": "http://172.16.11.22:8085/SOWA2-services/doc/print/65349399/0357.pdf",
    "ZDJECIE_1": "",
    "ZDJECIE_2": "",
    "ZDJECIE_3": "",
    "ZDJECIE_4": "",
    "ZDJECIE_5": "",
    "ZDJECIE_6": "",
    "ZDJECIE_7": "",
    "ZDJECIE_8": "",
    "ZWERYFIKOW": "",
    "ZWIAZANA_Z": 0
   },
   "type": "Feature"
  },
  {
   "geometry": {
    "coordinates": [
     [
      [
       19.856211,
       50.034012
      ],
      [
       19.856076,
       50.034078
      ],
      [
       19.85596,
       50.034223
      ],
      [
       19.855899,
       50.034355
      ],
      [
       19.855913,
       50.034528
      ],
      [
       19.856051,
       50.034708
      ],
      [
       19.856233,
       50.034839
      ],
      [
       19.856421,
       50.034897
      ],
      [
       19.856607,
       50.034868
      ],
      [
       19.85676,
       50.03475
      ],
      [
       19.856842,
       50.034491
      ],
      [
       19.856862,
       50.034259
      ],
      [
       19.856745,
       50.034067
      ],
      [
       19.856539,
       50.033992
      ],
      [
       19.856397,
       50.033978
      ],
      [
       19.856211,
       50.034012
      ]
     ]
    ],
    "type": "Polygon"
   },
   "id": 111,
   "properties": {
    "ADRES": "",
    "ATRYBUTY_O": "Nr stanowiska: 360",
    "BUDOWNICZY": "",
    "CHARAKTER": "",
    "DATA_WPISU": null,
    "DATA_WZNIE": "",
    "DZIELNICA": "",
    "FID": 111,
    "FUNKCJA_OB": "",
    "FUNKCJA_PI": "",
    "GDB_AREA": 5409.01,
    "GDB_PRM": 271.84,
    "GDB_PRMEX": 271.84,
    "GPT_DATE": null,
    "GPT_USER": "",
    "ID": 31202,
    "IDENT_OBIE": "67847349",
    "ID_ISDP": 0,
    "ID_SPRAWY": 80563949,
    "ID_WARSTWY": "F19_STAN_ARCH",
    "ISDP_FID": "GDB$G_EOZ_ARCHEOLOGIA_EOZ_A.4d9eef0c-e2a0-557a-e055-000000000001",
    "ISTNIEJE": "",
    "KARTA_MAPY": "",
    "LOKALIZACJ": "",
    "MATERIAL": "",
    "NAZWA": "",
    "NUMER": "",
    "NUMER_EWID": "",
    "NUMER_REJ_": "",
    "OBREB": "",
    "REJESTR_TA": "EW_ARCHEOLOGIA",
    "RODZAJE_ZA": "",
    "RODZAJ_OBI": "",
    "RODZAJ_WLA": "",
    "STAN_ZACHO": "",
    "STATUS": "",
    "STYL_OBIEK": "",
    "SYMBOL_EWI": "",
    "SYMBOL_REJ": "",
    "Shape__Area": 13094.681640625,
    "Shape__Length": 423.1266657523463,
    "UWAGI": "",
    "WIEK_CZ_PO": "",
    "WIEK_POWST": "",
    "WYDRUK_LIN": "",
    "ZAJETA_NA_": 1,
    "ZALACZNIKI": "http://172.16.11.22:8085/SOWA2-services/doc/print/65349499/0360.pdf",
    "ZDJECIE_1": "",
    "ZDJECIE_2": "",
    "ZDJECIE_3": "",
    "ZDJECIE_4": "",
    "ZDJECIE_5": "",
    "ZDJECIE_6": "",
    "ZDJECIE_7": "",
    "ZDJECIE_8": "",
    "ZWERYFIKOW": "",
    "ZWIAZANA_Z": 0
   },
   "type": "Feature"
  },
  {
   "geometry": {
    "coordinates": [
     [
      [
       19.857302,
       50.029853
      ],
      [
       19.857065,
       50.02988
      ],
      [
       19.856926,
       50.029904
      ],
      [
       19.856836,
       50.029954
      ],
      [
       19.856761,
       50.030034
      ],
      [
       19.856746,
       50.030106
      ],
      [
       19.856765,
       50.030185
      ],
      [
       19.856816,
       50.03025
      ],
      [
       19.856913,
       50.030292
      ],
      [
       19.857174,
       50.030336
      ],
      [
       19.857436,
       50.030344
      ],
      [
       19.857613,
       50.030317
      ],
      [
       19.857745,
       50.030272
      ],
      [
       19.857814,
       50.03023
      ],
      [
       19.857859,
       50.030177
      ],
      [
       19.857876,
       50.03008
      ],
      [
       19.857854,
       50.030002
      ],
      [
       19.857818,
       50.029951
      ],
      [
       19.857757,
       50.029903
      ],
      [
       19.857664,
       50.029863
      ],
      [
       19.857505,
       50.029844
      ],
      [
       19.857397,
       50.029842
      ],
      [
       19.857302,
       50.029853
      ]
     ]
    ],
    "type": "Polygon"
   },
   "id": 112,
   "properties": {
    "ADRES": "",
    "ATRYBUTY_O": "Nr stanowiska: 362",
    "BUDOWNICZY": "",
    "CHARAKTER": "",
    "DATA_WPISU": null,
    "DATA_WZNIE": "",
    "DZIELNICA": "",
    "FID": 112,
    "FUNKCJA_OB": "",
    "FUNKCJA_PI": "",
    "GDB_AREA": 3661.53,
    "GDB_PRM": 222.31,
    "GDB_PRMEX": 222.31,
    "GPT_DATE": null,
    "GPT_USER": "",
    "ID": 31204,
    "IDENT_OBIE": "67847449",
    "ID_ISDP": 0,
    "ID_SPRAWY": 80564049,
    "ID_WARSTWY": "F19_STAN_ARCH",
    "ISDP_FID": "GDB$G_EOZ_ARCHEOLOGIA_EOZ_A.4d9eef0c-e2a1-557a-e055-000000000001",
    "ISTNIEJE": "",
    "KARTA_MAPY": "",
    "LOKALIZACJ": "",
    "MATERIAL": "",
    "NAZWA": "",
    "NUMER": "",
    "NUMER_EWID": "",
    "NUMER_REJ_": "",
    "OBREB": "",
    "REJESTR_TA": "EW_ARCHEOLOGIA",
    "RODZAJE_ZA": "",
    "RODZAJ_OBI": "",
    "RODZAJ_WLA": "",
    "STAN_ZACHO": "",
    "STATUS": "",
    "STYL_OBIEK": "",
    "SYMBOL_EWI": "",
    "SYMBOL_REJ": "",
    "Shape__Area": 8862.6240234375,
    "Shape__Length": 345.74757944190844,
    "UWAGI": "",
    "WIEK_CZ_PO": "",
    "WIEK_POWST": "",
    "WYDRUK_LIN": "",
    "ZAJETA_NA_": 1,
    "ZALACZNIKI": "http://172.16.11.22:8085/SOWA2-services/doc/print/65349599/0362.pdf",
    "ZDJECIE_1": "",
    "ZDJECIE_2": "",
    "ZDJECIE_3": "",
    "ZDJECIE_4": "",
    "ZDJECIE_5": "",
    "ZDJECIE_6": "",
    "ZDJECIE_7": "",
    "ZDJECIE_8": "",
    "ZWERYFIKOW": "",
    "ZWIAZANA_Z": 0
   },
   "type": "Feature"
  },
  {
   "geometry": {
    "coordinates": [
     [
      [
       19.861755,
       50.029844
      ],
      [
       19.861706,
       50.029851
      ],
      [
       19.861658,
       50.029873
      ],
      [
       19.861631,
       50.029897
      ],
      [
       19.861618,
       50.029915
      ],
      [
       19.861611,
       50.029959
      ],
      [
       19.861647,
       50.030014
      ],
      [
       19.861699,
       50.030048
      ],
      [
       19.861756,
       50.030069
      ],
      [
       19.861808,
       50.030075
      ],
      [
       19.861861,
       50.030078
      ],
      [
       19.861938,
       50.030057
      ],
      [
       19.861998,
       50.030031
      ],
      [
       19.862008,
       50.029991
      ],
      [
       19.862008,
       50.029962
      ],
      [
       19.86199,
       50.029927
      ],
      [
       19.861962,
       50.029901
      ],
      [
       19.861884,
       50.029865
      ],
      [
       19.861836,
       50.029854
      ],
      [
       19.861788,
       50.029848
      ],
      [
       19.861755,
       50.029844
      ]
     ]
    ],
    "type": "Polygon"
   },
   "id": 113,
   "properties": {
    "ADRES": "",
    "ATRYBUTY_O": "Nr stanowiska: 364",
    "BUDOWNICZY": "",
    "CHARAKTER": "",
    "DATA_WPISU": null,
    "DATA_WZNIE": "",
    "DZIELNICA": "",
    "FID": 113,
    "FUNKCJA_OB": "",
    "FUNKCJA_PI": "",
    "GDB_AREA": 562.79,
    "GDB_PRM": 85.46,
    "GDB_PRMEX": 85.46,
    "GPT_DATE": null,
    "GPT_USER": "",
    "ID": 31206,
    "IDENT_OBIE": "67847549",
    "ID_ISDP": 0,
    "ID_SPRAWY": 80564149,
    "ID_WARSTWY": "F19_STAN_ARCH",
    "ISDP_FID": "GDB$G_EOZ_ARCHEOLOGIA_EOZ_A.4d9eef0c-e2a2-557a-e055-000000000001",
    "ISTNIEJE": "",
    "KARTA_MAPY": "",
    "LOKALIZACJ": "",
    "MATERIAL": "",
    "NAZWA": "",
    "NUMER": "",
    "NUMER_EWID": "",
    "NUMER_REJ_": "",
    "OBREB": "",
    "REJESTR_TA": "EW_ARCHEOLOGIA",
    "RODZAJE_ZA": "",
    "RODZAJ_OBI": "",
    "RODZAJ_WLA": "",
    "STAN_ZACHO": "",
    "STATUS": "",
    "STYL_OBIEK": "",
    "SYMBOL_EWI": "",
    "SYMBOL_REJ": "",
    "Shape__Area": 1362.2109375,
    "Shape__Length": 132.9452849462714,
    "UWAGI": "",
    "WIEK_CZ_PO": "",
    "WIEK_POWST": "",
    "WYDRUK_LIN": "",
    "ZAJETA_NA_": 1,
    "ZALACZNIKI": "http://172.16.11.22:8085/SOWA2-services/doc/print/65349699/0364.pdf",
    "ZDJECIE_1": "",
    "ZDJECIE_2": "",
    "ZDJECIE_3": "",
    "ZDJECIE_4": "",
    "ZDJECIE_5": "",
    "ZDJECIE_6": "",
    "ZDJECIE_7": "",
    "ZDJECIE_8": "",
    "ZWERYFIKOW": "",
    "ZWIAZANA_Z": 0
   },
   "type": "Feature"
  },
  {
   "geometry": {
    "coordinates": [
     [
      [
       19.802958,
       50.017796
      ],
      [
       19.802768,
       50.017927
      ],
      [
       19.802655,
       50.018001
      ],
      [
       19.802363,
       50.018069
      ],
      [
       19.802179,
       50.018064
      ],
      [
       19.801981,
       50.018101
      ],
      [
       19.801705,
       50.018194
      ],
      [
       19.801554,
       50.018254
      ],
      [
       19.801489,
       50.018384
      ],
      [
       19.80142,
       50.018777
      ],
      [
       19.801494,
       50.019049
      ],
      [
       19.801677,
       50.01935
      ],
      [
       19.802006,
       50.019538
      ],
      [
       19.802304,
       50.019637
      ],
      [
       19.802753,
       50.019672
      ],
      [
       19.803145,
       50.019646
      ],
      [
       19.803462,
       50.019525
      ],
      [
       19.803783,
       50.019252
      ],
      [
       19.8041,
       50.018918
      ],
      [
       19.804259,
       50.018714
      ],
      [
       19.804514,
       50.018475
      ],
      [
       19.804638,
       50.018282
      ],
      [
       19.804732,
       50.017928
      ],
      [
       19.804661,
       50.017791
      ],
      [
       19.804513,
       50.017594
      ],
      [
       19.804371,
       50.017498
      ],
      [
       19.804152,
       50.017437
      ],
      [
       19.803899,
       50.01744
      ],
      [
       19.803623,
       50.017471
      ],
      [
       19.803375,
       50.017531
      ],
      [
       19.80314,
       50.017654
      ],
      [
       19.802958,
       50.017796
      ]
     ]
    ],
    "type": "Polygon"
   },
   "id": 114,
   "properties": {
    "ADRES": "",
    "ATRYBUTY_O": "Nr stanowiska: 374",
    "BUDOWNICZY": "",
    "CHARAKTER": "",
    "DATA_WPISU": null,
    "DATA_WZNIE": "",
    "DZIELNICA": "",
    "FID": 114,
    "FUNKCJA_OB": "",
    "FUNKCJA_PI": "",
    "GDB_AREA": 39178.07,
    "GDB_PRM": 759.41,
    "GDB_PRMEX": 759.41,
    "GPT_DATE": null,
    "GPT_USER": "",
    "ID": 31334,
    "IDENT_OBIE": "67853949",
    "ID_ISDP": 0,
    "ID_SPRAWY": 80588149,
    "ID_WARSTWY": "F19_STAN_ARCH",
    "ISDP_FID": "GDB$G_EOZ_ARCHEOLOGIA_EOZ_A.4d9eef0c-e2a3-557a-e055-000000000001",
    "ISTNIEJE": "",
    "KARTA_MAPY": "",
    "LOKALIZACJ": "",
    "MATERIAL": "",
    "NAZWA": "",
    "NUMER": "",
    "NUMER_EWID": "",
    "NUMER_REJ_": "",
    "OBREB": "",
    "REJESTR_TA": "EW_ARCHEOLOGIA",
    "RODZAJE_ZA": "",
    "RODZAJ_OBI": "",
    "RODZAJ_WLA": "",
    "STAN_ZACHO": "",
    "STATUS": "",
    "STYL_OBIEK": "",
    "SYMBOL_EWI": "",
    "SYMBOL_REJ": "",
    "Shape__Area": 94782.5615234375,
    "Shape__Length": 1181.2720156826529,
    "UWAGI": "",
    "WIEK_CZ_PO": "",
    "WIEK_POWST": "",
    "WYDRUK_LIN": "",
    "ZAJETA_NA_": 1,
    "ZALACZNIKI": "http://172.16.11.22:8085/SOWA2-services/doc/print/65349949/0374.pdf",
    "ZDJECIE_1": "",
    "ZDJECIE_2": "",
    "ZDJECIE_3": "",
    "ZDJECIE_4": "",
    "ZDJECIE_5": "",
    "ZDJECIE_6": "",
    "ZDJECIE_7": "",
    "ZDJECIE_8": "",
    "ZWERYFIKOW": "",
    "ZWIAZANA_Z": 0
   },
   "type": "Feature"
  },
  {
   "geometry": {
    "coordinates": [
     [
      [
       19.818855,
       50.00125
      ],
      [
       19.818689,
       50.001303
      ],
      [
       19.818585,
       50.001375
      ],
      [
       19.818519,
       50.001439
      ],
      [
       19.818496,
       50.00148
      ],
      [
       19.818503,
       50.00152
      ],
      [
       19.818553,
       50.001562
      ],
      [
       19.818632,
       50.001596
      ],
      [
       19.818695,
       50.001608
      ],
      [
       19.818794,
       50.001607
      ],
      [
       19.818912,
       50.001577
      ],
      [
       19.819014,
       50.001546
      ],
      [
       19.819122,
       50.001472
      ],
      [
       19.819181,
       50.001401
      ],
      [
       19.819196,
       50.001353
      ],
      [
       19.819184,
       50.001304
      ],
      [
       19.819139,
       50.001279
      ],
      [
       19.818999,
       50.001245
      ],
      [
       19.818929,
       50.001243
      ],
      [
       19.818855,
       50.00125
      ]
     ]
    ],
    "type": "Polygon"
   },
   "id": 115,
   "properties": {
    "ADRES": "",
    "ATRYBUTY_O": "Nr stanowiska: 377",
    "BUDOWNICZY": "",
    "CHARAKTER": "",
    "DATA_WPISU": null,
    "DATA_WZNIE": "",
    "DZIELNICA": "",
    "FID": 115,
    "FUNKCJA_OB": "",
    "FUNKCJA_PI": "",
    "GDB_AREA": 1437.63,
    "GDB_PRM": 140.39,
    "GDB_PRMEX": 140.39,
    "GPT_DATE": null,
    "GPT_USER": "",
    "ID": 31336,
    "IDENT_OBIE": "67854049",
    "ID_ISDP": 0,
    "ID_SPRAWY": 80588299,
    "ID_WARSTWY": "F19_STAN_ARCH",
    "ISDP_FID": "GDB$G_EOZ_ARCHEOLOGIA_EOZ_A.4d9eef0c-e2a4-557a-e055-000000000001",
    "ISTNIEJE": "",
    "KARTA_MAPY": "",
    "LOKALIZACJ": "",
    "MATERIAL": "",
    "NAZWA": "",
    "NUMER": "",
    "NUMER_EWID": "",
    "NUMER_REJ_": "",
    "OBREB": "",
    "REJESTR_TA": "EW_ARCHEOLOGIA",
    "RODZAJE_ZA": "",
    "RODZAJ_OBI": "",
    "RODZAJ_WLA": "",
    "STAN_ZACHO": "",
    "STATUS": "",
    "STYL_OBIEK": "",
    "SYMBOL_EWI": "",
    "SYMBOL_REJ": "",
    "Shape__Area": 3475.56640625,
    "Shape__Length": 218.23215748081935,
    "UWAGI": "",
    "WIEK_CZ_PO": "",
    "WIEK_POWST": "",
    "WYDRUK_LIN": "",
    "ZAJETA_NA_": 1,
    "ZALACZNIKI": "http://172.16.11.22:8085/SOWA2-services/doc/print/65350049/0377.pdf",
    "ZDJECIE_1": "",
    "ZDJECIE_2": "",
    "ZDJECIE_3": "",
    "ZDJECIE_4": "",
    "ZDJECIE_5": "",
    "ZDJECIE_6": "",
    "ZDJECIE_7": "",
    "ZDJECIE_8": "",
    "ZWERYFIKOW": "",
    "ZWIAZANA_Z": 0
   },
   "type": "Feature"
  },
  {
   "geometry": {
    "coordinates": [
     [
      [
       19.875959,
       50.021939
      ],
      [
       19.875622,
       50.021932
      ],
      [
       19.875407,
       50.021937
      ],
      [
       19.875264,
       50.021998
      ],
      [
       19.875168,
       50.022086
      ],
      [
       19.875137,
       50.022177
      ],
      [
       19.875128,
       50.022278
      ],
      [
       19.875195,
       50.022396
      ],
      [
       19.875297,
       50.022457
      ],
      [
       19.875449,
       50.022519
      ],
      [
       19.875805,
       50.022562
      ],
      [
       19.876192,
       50.022575
      ],
      [
       19.876328,
       50.022548
      ],
      [
       19.876462,
       50.022508
      ],
      [
       19.876589,
       50.022461
      ],
      [
       19.87664,
       50.022406
      ],
      [
       19.876625,
       50.022349
      ],
      [
       19.876608,
       50.022279
      ],
      [
       19.876543,
       50.02219
      ],
      [
       19.876443,
       50.022103
      ],
      [
       19.876309,
       50.022021
      ],
      [
       19.87619,
       50.02197
      ],
      [
       19.875959,
       50.021939
      ]
     ]
    ],
    "type": "Polygon"
   },
   "id": 116,
   "properties": {
    "ADRES": "",
    "ATRYBUTY_O": "Nr stanowiska: 383",
    "BUDOWNICZY": "",
    "CHARAKTER": "",
    "DATA_WPISU": null,
    "DATA_WZNIE": "",
    "DZIELNICA": "",
    "FID": 116,
    "FUNKCJA_OB": "",
    "FUNKCJA_PI": "",
    "GDB_AREA": 6182.13,
    "GDB_PRM": 292.13,
    "GDB_PRMEX": 292.13,
    "GPT_DATE": null,
    "GPT_USER": "",
    "ID": 31304,
    "IDENT_OBIE": "67852449",
    "ID_ISDP": 0,
    "ID_SPRAWY": 80583699,
    "ID_WARSTWY": "F19_STAN_ARCH",
    "ISDP_FID": "GDB$G_EOZ_ARCHEOLOGIA_EOZ_A.4d9eef0c-e2a5-557a-e055-000000000001",
    "ISTNIEJE": "",
    "KARTA_MAPY": "",
    "LOKALIZACJ": "",
    "MATERIAL": "",
    "NAZWA": "",
    "NUMER": "",
    "NUMER_EWID": "",
    "NUMER_REJ_": "",
    "OBREB": "",
    "REJESTR_TA": "EW_ARCHEOLOGIA",
    "RODZAJE_ZA": "",
    "RODZAJ_OBI": "",
    "RODZAJ_WLA": "",
    "STAN_ZACHO": "",
    "STATUS": "",
    "STYL_OBIEK": "",
    "SYMBOL_EWI": "",
    "SYMBOL_REJ": "",
    "Shape__Area": 14958.8671875,
    "Shape__Length": 454.24851940972803,
    "UWAGI": "",
    "WIEK_CZ_PO": "",
    "WIEK_POWST": "",
    "WYDRUK_LIN": "",
    "ZAJETA_NA_": 1,
    "ZALACZNIKI": "http://172.16.11.22:8085/SOWA2-services/doc/print/65350149/0383.pdf",
    "ZDJECIE_1": "",
    "ZDJECIE_2": "",
    "ZDJECIE_3": "",
    "ZDJECIE_4": "",
    "ZDJECIE_5": "",
    "ZDJECIE_6": "",
    "ZDJECIE_7": "",
    "ZDJECIE_8": "",
    "ZWERYFIKOW": "",
    "ZWIAZANA_Z": 0
   },
   "type": "Feature"
  },
  {
   "geometry": {
    "coordinates": [
     [
      [
       19.868113,
       50.006786
      ],
      [
       19.867668,
       50.006775
      ],
      [
       19.867529,
       50.006773
      ],
      [
       19.867429,
       50.006806
      ],
      [
       19.86736,
       50.006884
      ],
      [
       19.867333,
       50.006973
      ],
      [
       19.867325,
       50.007063
      ],
      [
       19.867357,
       50.007141
      ],
      [
       19.867453,
       50.007197
      ],
      [
       19.867619,
       50.007261
      ],
      [
       19.867866,
       50.007312
      ],
      [
       19.868063,
       50.007329
      ],
      [
       19.868225,
       50.007335
      ],
      [
       19.868365,
       50.007327
      ],
      [
       19.868561,
       50.007265
      ],
      [
       19.868697,
       50.007214
      ],
      [
       19.868813,
       50.007131
      ],
      [
       19.868857,
       50.007025
      ],
      [
       19.868815,
       50.006926
      ],
      [
       19.868713,
       50.006853
      ],
      [
       19.868519,
       50.006808
      ],
      [
       19.868113,
       50.006786
      ]
     ]
    ],
    "type": "Polygon"
   },
   "id": 117,
   "properties": {
    "ADRES": "",
    "ATRYBUTY_O": "Nr stanowiska: 393",
    "BUDOWNICZY": "",
    "CHARAKTER": "",
    "DATA_WPISU": null,
    "DATA_WZNIE": "",
    "DZIELNICA": "",
    "FID": 117,
    "FUNKCJA_OB": "",
    "FUNKCJA_PI": "",
    "GDB_AREA": 5546.94,
    "GDB_PRM": 284.6,
    "GDB_PRMEX": 284.6,
    "GPT_DATE": null,
    "GPT_USER": "",
    "ID": 31309,
    "IDENT_OBIE": "67852699",
    "ID_ISDP": 0,
    "ID_SPRAWY": 80584599,
    "ID_WARSTWY": "F19_STAN_ARCH",
    "ISDP_FID": "GDB$G_EOZ_ARCHEOLOGIA_EOZ_A.4d9eef0c-e2a6-557a-e055-000000000001",
    "ISTNIEJE": "",
    "KARTA_MAPY": "",
    "LOKALIZACJ": "",
    "MATERIAL": "",
    "NAZWA": "",
    "NUMER": "",
    "NUMER_EWID": "",
    "NUMER_REJ_": "",
    "OBREB": "",
    "REJESTR_TA": "EW_ARCHEOLOGIA",
    "RODZAJE_ZA": "",
    "RODZAJ_OBI": "",
    "RODZAJ_WLA": "",
    "STAN_ZACHO": "",
    "STATUS": "",
    "STYL_OBIEK": "",
    "SYMBOL_EWI": "",
    "SYMBOL_REJ": "",
    "Shape__Area": 13413.4228515625,
    "Shape__Length": 442.3426181259586,
    "UWAGI": "",
    "WIEK_CZ_PO": "",
    "WIEK_POWST": "",
    "WYDRUK_LIN": "",
    "ZAJETA_NA_": 1,
    "ZALACZNIKI": "http://172.16.11.22:8085/SOWA2-services/doc/print/65350299/0393.pdf",
    "ZDJECIE_1": "",
    "ZDJECIE_2": "",
    "ZDJECIE_3": "",
    "ZDJECIE_4": "",
    "ZDJECIE_5": "",
    "ZDJECIE_6": "",
    "ZDJECIE_7": "",
    "ZDJECIE_8": "",
    "ZWERYFIKOW": "",
    "ZWIAZANA_Z": 0
   },
   "type": "Feature"
  },
  {
   "geometry": {
    "coordinates": [
     [
      [
       19.888563,
       50.034061
      ],
      [
       19.888556,
       50.034135
      ],
      [
       19.888554,
       50.034168
      ],
      [
       19.888456,
       50.034231
      ],
      [
       19.888352,
       50.034305
      ],
      [
       19.888289,
       50.034373
      ],
      [
       19.888266,
       50.034569
      ],
      [
       19.888269,
       50.034669
      ],
      [
       19.888343,
       50.034746
      ],
      [
       19.888486,
       50.034888
      ],
      [
       19.888559,
       50.034976
      ],
      [
       19.888678,
       50.035191
      ],
      [
       19.888682,
       50.03528
      ],
      [
       19.888766,
       50.035368
      ],
      [
       19.888871,
       50.035428
      ],
      [
       19.889075,
       50.035453
      ],
      [
       19.889439,
       50.03544
      ],
      [
       19.889673,
       50.03539
      ],
      [
       19.889824,
       50.035313
      ],
      [
       19.88997,
       50.035211
      ],
      [
       19.890016,
       50.03508
      ],
      [
       19.890066,
       50.03497
      ],
      [
       19.890052,
       50.034862
      ],
      [
       19.890062,
       50.034744
      ],
      [
       19.89016,
       50.034614
      ],
      [
       19.890246,
       50.034484
      ],
      [
       19.890285,
       50.034359
      ],
      [
       19.890288,
       50.034263
      ],
      [
       19.890179,
       50.034193
      ],
      [
       19.890001,
       50.034053
      ],
      [
       19.889944,
       50.03398
      ],
      [
       19.88995,
       50.033914
      ],
      [
       19.890001,
       50.033859
      ],
      [
       19.890057,
       50.033801
      ],
      [
       19.89007,
       50.033733
      ],
      [
       19.890065,
       50.033656
      ],
      [
       19.890094,
       50.033583
      ],
      [
       19.890132,
       50.033514
      ],
      [
       19.890323,
       50.0334
      ],
      [
       19.890456,
       50.033288
      ],
      [
       19.890494,
       50.033221
      ],
      [
       19.890491,
       50.033133
      ],
      [
       19.890415,
       50.033086
      ],
      [
       19.890299,
       50.033042
      ],
      [
       19.890149,
       50.033018
      ],
      [
       19.889917,
       50.033028
      ],
      [
       19.889664,
       50.033068
      ],
      [
       19.889527,
       50.033052
      ],
      [
       19.889445,
       50.033004
      ],
      [
       19.889363,
       50.032943
      ],
      [
       19.889327,
       50.032893
      ],
      [
       19.889328,
       50.032804
      ],
      [
       19.889293,
       50.032703
      ],
      [
       19.889234,
       50.032631
      ],
      [
       19.889155,
       50.032588
      ],
      [
       19.889033,
       50.032575
      ],
      [
       19.88888,
       50.032579
      ],
      [
       19.888681,
       50.03262
      ],
      [
       19.888494,
       50.032646
      ],
      [
       19.888332,
       50.03272
      ],
      [
       19.888258,
       50.032785
      ],
      [
       19.888243,
       50.032871
      ],
      [
       19.888239,
       50.033006
      ],
      [
       19.888234,
       50.033192
      ],
      [
       19.888276,
       50.033287
      ],
      [
       19.888288,
       50.033483
      ],
      [
       19.888315,
       50.033629
      ],
      [
       19.888494,
       50.033929
      ],
      [
       19.888563,
       50.034061
      ]
     ]
    ],
    "type": "Polygon"
   },
   "id": 118,
   "properties": {
    "ADRES": "",
    "ATRYBUTY_O": "Nr stanowiska: 403",
    "BUDOWNICZY": "",
    "CHARAKTER": "",
    "DATA_WPISU": null,
    "DATA_WZNIE": "",
    "DZIELNICA": "",
    "FID": 118,
    "FUNKCJA_OB": "",
    "FUNKCJA_PI": "",
    "GDB_AREA": 36088.2,
    "GDB_PRM": 867.96,
    "GDB_PRMEX": 867.96,
    "GPT_DATE": null,
    "GPT_USER": "",
    "ID": 31273,
    "IDENT_OBIE": "67850899",
    "ID_ISDP": 0,
    "ID_SPRAWY": 80579749,
    "ID_WARSTWY": "F19_STAN_ARCH",
    "ISDP_FID": "GDB$G_EOZ_ARCHEOLOGIA_EOZ_A.4d9eef0c-e2a7-557a-e055-000000000001",
    "ISTNIEJE": "",
    "KARTA_MAPY": "",
    "LOKALIZACJ": "",
    "MATERIAL": "",
    "NAZWA": "",
    "NUMER": "",
    "NUMER_EWID": "",
    "NUMER_REJ_": "",
    "OBREB": "",
    "REJESTR_TA": "EW_ARCHEOLOGIA",
    "RODZAJE_ZA": "",
    "RODZAJ_OBI": "",
    "RODZAJ_WLA": "",
    "STAN_ZACHO": "",
    "STATUS": "",
    "STYL_OBIEK": "",
    "SYMBOL_EWI": "",
    "SYMBOL_REJ": "",
    "Shape__Area": 87365.330078125,
    "Shape__Length": 1351.047805824871,
    "UWAGI": "",
    "WIEK_CZ_PO": "",
    "WIEK_POWST": "",
    "WYDRUK_LIN": "",
    "ZAJETA_NA_": 1,
    "ZALACZNIKI": "http://172.16.11.22:8085/SOWA2-services/doc/print/65350549/0403.pdf",
    "ZDJECIE_1": "",
    "ZDJECIE_2": "",
    "ZDJECIE_3": "",
    "ZDJECIE_4": "",
    "ZDJECIE_5": "",
    "ZDJECIE_6": "",
    "ZDJECIE_7": "",
    "ZDJECIE_8": "",
    "ZWERYFIKOW": "",
    "ZWIAZANA_Z": 0
   },
   "type": "Feature"
  },
  {
   "geometry": {
    "coordinates": [
     [
      [
       19.890957,
       50.035379
      ],
      [
       19.890915,
       50.035443
      ],
      [
       19.890911,
       50.03549
      ],
      [
       19.890912,
       50.035535
      ],
      [
       19.890936,
       50.035596
      ],
      [
       19.890971,
       50.035634
      ],
      [
       19.891003,
       50.035656
      ],
      [
       19.891051,
       50.035673
      ],
      [
       19.891106,
       50.035672
      ],
      [
       19.891145,
       50.035656
      ],
      [
       19.891178,
       50.035635
      ],
      [
       19.891207,
       50.035587
      ],
      [
       19.891223,
       50.035542
      ],
      [
       19.891236,
       50.03549
      ],
      [
       19.891241,
       50.035437
      ],
      [
       19.891226,
       50.035361
      ],
      [
       19.891208,
       50.035326
      ],
      [
       19.891187,
       50.035297
      ],
      [
       19.891155,
       50.035279
      ],
      [
       19.891123,
       50.035279
      ],
      [
       19.891075,
       50.035288
      ],
      [
       19.891025,
       50.035312
      ],
      [
       19.890957,
       50.035379
      ]
     ]
    ],
    "type": "Polygon"
   },
   "id": 119,
   "properties": {
    "ADRES": "",
    "ATRYBUTY_O": "Nr stanowiska: 405",
    "BUDOWNICZY": "",
    "CHARAKTER": "",
    "DATA_WPISU": null,
    "DATA_WZNIE": "",
    "DZIELNICA": "",
    "FID": 119,
    "FUNKCJA_OB": "",
    "FUNKCJA_PI": "",
    "GDB_AREA": 797.72,
    "GDB_PRM": 108.86,
    "GDB_PRMEX": 108.86,
    "GPT_DATE": null,
    "GPT_USER": "",
    "ID": 31274,
    "IDENT_OBIE": "67850949",
    "ID_ISDP": 0,
    "ID_SPRAWY": 80579799,
    "ID_WARSTWY": "F19_STAN_ARCH",
    "ISDP_FID": "GDB$G_EOZ_ARCHEOLOGIA_EOZ_A.4d9eef0c-e2a8-557a-e055-000000000001",
    "ISTNIEJE": "",
    "KARTA_MAPY": "",
    "LOKALIZACJ": "",
    "MATERIAL": "",
    "NAZWA": "",
    "NUMER": "",
    "NUMER_EWID": "",
    "NUMER_REJ_": "",
    "OBREB": "",
    "REJESTR_TA": "EW_ARCHEOLOGIA",
    "RODZAJE_ZA": "",
    "RODZAJ_OBI": "",
    "RODZAJ_WLA": "",
    "STAN_ZACHO": "",
    "STATUS": "",
    "STYL_OBIEK": "",
    "SYMBOL_EWI": "",
    "SYMBOL_REJ": "",
    "Shape__Area": 1931.296875,
    "Shape__Length": 169.48490808529874,
    "UWAGI": "",
    "WIEK_CZ_PO": "",
    "WIEK_POWST": "",
    "WYDRUK_LIN": "",
    "ZAJETA_NA_": 1,
    "ZALACZNIKI": "http://172.16.11.22:8085/SOWA2-services/doc/print/65350649/0405.pdf",
    "ZDJECIE_1": "",
    "ZDJECIE_2": "",
    "ZDJECIE_3": "",
    "ZDJECIE_4": "",
    "ZDJECIE_5": "",
    "ZDJECIE_6": "",
    "ZDJECIE_7": "",
    "ZDJECIE_8": "",
    "ZWERYFIKOW": "",
    "ZWIAZANA_Z": 0
   },
   "type": "Feature"
  },
  {
   "geometry": {
    "coordinates": [
     [
      [
       19.896029,
       50.035084
      ],
      [
       19.89594,
       50.035076
      ],
      [
       19.895875,
       50.035086
      ],
      [
       19.895842,
       50.035122
      ],
      [
       19.895863,
       50.035159
      ],
      [
       19.895963,
       50.035207
      ],
      [
       19.896068,
       50.035225
      ],
      [
       19.896192,
       50.035231
      ],
      [
       19.89624,
       50.035233
      ],
      [
       19.896272,
       50.03523
      ],
      [
       19.896304,
       50.035202
      ],
      [
       19.896288,
       50.035176
      ],
      [
       19.89622,
       50.035131
      ],
      [
       19.896029,
       50.035084
      ]
     ]
    ],
    "type": "Polygon"
   },
   "id": 120,
   "properties": {
    "ADRES": "",
    "ATRYBUTY_O": "Nr stanowiska: 407",
    "BUDOWNICZY": "",
    "CHARAKTER": "",
    "DATA_WPISU": null,
    "DATA_WZNIE": "",
    "DZIELNICA": "",
    "FID": 120,
    "FUNKCJA_OB": "",
    "FUNKCJA_PI": "",
    "GDB_AREA": 380.62,
    "GDB_PRM": 80.26,
    "GDB_PRMEX": 80.26,
    "GPT_DATE": null,
    "GPT_USER": "",
    "ID": 31276,
    "IDENT_OBIE": "67851049",
    "ID_ISDP": 0,
    "ID_SPRAWY": 80579899,
    "ID_WARSTWY": "F19_STAN_ARCH",
    "ISDP_FID": "GDB$G_EOZ_ARCHEOLOGIA_EOZ_A.4d9eef0c-e2a9-557a-e055-000000000001",
    "ISTNIEJE": "",
    "KARTA_MAPY": "",
    "LOKALIZACJ": "",
    "MATERIAL": "",
    "NAZWA": "",
    "NUMER": "",
    "NUMER_EWID": "",
    "NUMER_REJ_": "",
    "OBREB": "",
    "REJESTR_TA": "EW_ARCHEOLOGIA",
    "RODZAJE_ZA": "",
    "RODZAJ_OBI": "",
    "RODZAJ_WLA": "",
    "STAN_ZACHO": "",
    "STATUS": "",
    "STYL_OBIEK": "",
    "SYMBOL_EWI": "",
    "SYMBOL_REJ": "",
    "Shape__Area": 921.48046875,
    "Shape__Length": 124.81054559843278,
    "UWAGI": "",
    "WIEK_CZ_PO": "",
    "WIEK_POWST": "",
    "WYDRUK_LIN": "",
    "ZAJETA_NA_": 1,
    "ZALACZNIKI": "http://172.16.11.22:8085/SOWA2-services/doc/print/65350749/0407.pdf",
    "ZDJECIE_1": "",
    "ZDJECIE_2": "",
    "ZDJECIE_3": "",
    "ZDJECIE_4": "",
    "ZDJECIE_5": "",
    "ZDJECIE_6": "",
    "ZDJECIE_7": "",
    "ZDJECIE_8": "",
    "ZWERYFIKOW": "",
    "ZWIAZANA_Z": 0
   },
   "type": "Feature"
  },
  {
   "geometry": {
    "coordinates": [
     [
      [
       19.874561,
       50.029272
      ],
      [
       19.874523,
       50.029333
      ],
      [
       19.874541,
       50.029429
      ],
      [
       19.874622,
       50.02949
      ],
      [
       19.874683,
       50.029523
      ],
      [
       19.874778,
       50.029535
      ],
      [
       19.874868,
       50.029532
      ],
      [
       19.874933,
       50.029512
      ],
      [
       19.874984,
       50.029483
      ],
      [
       19.875,
       50.029449
      ],
      [
       19.875005,
       50.029418
      ],
      [
       19.87502,
       50.029345
      ],
      [
       19.874998,
       50.029281
      ],
      [
       19.874946,
       50.029243
      ],
      [
       19.874855,
       50.029222
      ],
      [
       19.87476,
       50.029216
      ],
      [
       19.874658,
       50.029226
      ],
      [
       19.874561,
       50.029272
      ]
     ]
    ],
    "type": "Polygon"
   },
   "id": 121,
   "properties": {
    "ADRES": "",
    "ATRYBUTY_O": "Nr stanowiska: 409",
    "BUDOWNICZY": "",
    "CHARAKTER": "",
    "DATA_WPISU": null,
    "DATA_WZNIE": "",
    "DZIELNICA": "",
    "FID": 121,
    "FUNKCJA_OB": "",
    "FUNKCJA_PI": "",
    "GDB_AREA": 1014.18,
    "GDB_PRM": 114.48,
    "GDB_PRMEX": 114.48,
    "GPT_DATE": null,
    "GPT_USER": "",
    "ID": 31277,
    "IDENT_OBIE": "67851099",
    "ID_ISDP": 0,
    "ID_SPRAWY": 80579949,
    "ID_WARSTWY": "F19_STAN_ARCH",
    "ISDP_FID": "GDB$G_EOZ_ARCHEOLOGIA_EOZ_A.4d9eef0c-e2aa-557a-e055-000000000001",
    "ISTNIEJE": "",
    "KARTA_MAPY": "",
    "LOKALIZACJ": "",
    "MATERIAL": "",
    "NAZWA": "",
    "NUMER": "",
    "NUMER_EWID": "",
    "NUMER_REJ_": "",
    "OBREB": "",
    "REJESTR_TA": "EW_ARCHEOLOGIA",
    "RODZAJE_ZA": "",
    "RODZAJ_OBI": "",
    "RODZAJ_WLA": "",
    "STAN_ZACHO": "",
    "STATUS": "",
    "STYL_OBIEK": "",
    "SYMBOL_EWI": "",
    "SYMBOL_REJ": "",
    "Shape__Area": 2454.7197265625,
    "Shape__Length": 178.10297181521818,
    "UWAGI": "",
    "WIEK_CZ_PO": "",
    "WIEK_POWST": "",
    "WYDRUK_LIN": "",
    "ZAJETA_NA_": 1,
    "ZALACZNIKI": "http://172.16.11.22:8085/SOWA2-services/doc/print/65350849/0409.pdf",
    "ZDJECIE_1": "",
    "ZDJECIE_2": "",
    "ZDJECIE_3": "",
    "ZDJECIE_4": "",
    "ZDJECIE_5": "",
    "ZDJECIE_6": "",
    "ZDJECIE_7": "",
    "ZDJECIE_8": "",
    "ZWERYFIKOW": "",
    "ZWIAZANA_Z": 0
   },
   "type": "Feature"
  },
  {
   "geometry": {
    "coordinates": [
     [
      [
       19.888473,
       50.001001
      ],
      [
       19.8884,
       50.001021
      ],
      [
       19.888349,
       50.00105
      ],
      [
       19.888318,
       50.001086
      ],
      [
       19.888308,
       50.001138
      ],
      [
       19.888324,
       50.001193
      ],
      [
       19.888362,
       50.001242
      ],
      [
       19.888437,
       50.001289
      ],
      [
       19.888509,
       50.00132
      ],
      [
       19.888568,
       50.001332
      ],
      [
       19.888624,
       50.001334
      ],
      [
       19.888686,
       50.001319
      ],
      [
       19.888738,
       50.001284
      ],
      [
       19.888815,
       50.00119
      ],
      [
       19.888811,
       50.001122
      ],
      [
       19.888782,
       50.001061
      ],
      [
       19.888732,
       50.001023
      ],
      [
       19.888666,
       50.001005
      ],
      [
       19.888581,
       50.00099
      ],
      [
       19.888525,
       50.000991
      ],
      [
       19.888473,
       50.001001
      ]
     ]
    ],
    "type": "Polygon"
   },
   "id": 122,
   "properties": {
    "ADRES": "",
    "ATRYBUTY_O": "Nr stanowiska: 453",
    "BUDOWNICZY": "",
    "CHARAKTER": "",
    "DATA_WPISU": null,
    "DATA_WZNIE": "",
    "DZIELNICA": "",
    "FID": 122,
    "FUNKCJA_OB": "",
    "FUNKCJA_PI": "",
    "GDB_AREA": 1066.65,
    "GDB_PRM": 117.04,
    "GDB_PRMEX": 117.04,
    "GPT_DATE": null,
    "GPT_USER": "",
    "ID": 31195,
    "IDENT_OBIE": "67846999",
    "ID_ISDP": 0,
    "ID_SPRAWY": 80562099,
    "ID_WARSTWY": "F19_STAN_ARCH",
    "ISDP_FID": "GDB$G_EOZ_ARCHEOLOGIA_EOZ_A.4d9eef0c-e2ab-557a-e055-000000000001",
    "ISTNIEJE": "",
    "KARTA_MAPY": "",
    "LOKALIZACJ": "",
    "MATERIAL": "",
    "NAZWA": "",
    "NUMER": "",
    "NUMER_EWID": "",
    "NUMER_REJ_": "",
    "OBREB": "",
    "REJESTR_TA": "EW_ARCHEOLOGIA",
    "RODZAJE_ZA": "",
    "RODZAJ_OBI": "",
    "RODZAJ_WLA": "",
    "STAN_ZACHO": "",
    "STATUS": "",
    "STYL_OBIEK": "",
    "SYMBOL_EWI": "",
    "SYMBOL_REJ": "",
    "Shape__Area": 2578.720703125,
    "Shape__Length": 181.98420064324887,
    "UWAGI": "",
    "WIEK_CZ_PO": "",
    "WIEK_POWST": "",
    "WYDRUK_LIN": "",
    "ZAJETA_NA_": 1,
    "ZALACZNIKI": "http://172.16.11.22:8085/SOWA2-services/doc/print/65351149/0453.pdf",
    "ZDJECIE_1": "",
    "ZDJECIE_2": "",
    "ZDJECIE_3": "",
    "ZDJECIE_4": "",
    "ZDJECIE_5": "",
    "ZDJECIE_6": "",
    "ZDJECIE_7": "",
    "ZDJECIE_8": "",
    "ZWERYFIKOW": "",
    "ZWIAZANA_Z": 0
   },
   "type": "Feature"
  },
  {
   "geometry": {
    "coordinates": [
     [
      [
       19.861997,
       49.990874
      ],
      [
       19.86188,
       49.990868
      ],
      [
       19.861795,
       49.990887
      ],
      [
       19.861746,
       49.99093
      ],
      [
       19.861737,
       49.990979
      ],
      [
       19.861746,
       49.991049
      ],
      [
       19.861795,
       49.991109
      ],
      [
       19.8619,
       49.991166
      ],
      [
       19.861974,
       49.991187
      ],
      [
       19.862037,
       49.991192
      ],
      [
       19.862137,
       49.991171
      ],
      [
       19.862203,
       49.99113
      ],
      [
       19.862213,
       49.991082
      ],
      [
       19.862214,
       49.991032
      ],
      [
       19.862185,
       49.990973
      ],
      [
       19.862115,
       49.990924
      ],
      [
       19.862059,
       49.990889
      ],
      [
       19.861997,
       49.990874
      ]
     ]
    ],
    "type": "Polygon"
   },
   "id": 123,
   "properties": {
    "ADRES": "",
    "ATRYBUTY_O": "Nr stanowiska: 469",
    "BUDOWNICZY": "",
    "CHARAKTER": "",
    "DATA_WPISU": null,
    "DATA_WZNIE": "",
    "DZIELNICA": "",
    "FID": 123,
    "FUNKCJA_OB": "",
    "FUNKCJA_PI": "",
    "GDB_AREA": 949.61,
    "GDB_PRM": 111.47,
    "GDB_PRMEX": 111.47,
    "GPT_DATE": null,
    "GPT_USER": "",
    "ID": 31287,
    "IDENT_OBIE": "67851599",
    "ID_ISDP": 0,
    "ID_SPRAWY": 80581849,
    "ID_WARSTWY": "F19_STAN_ARCH",
    "ISDP_FID": "GDB$G_EOZ_ARCHEOLOGIA_EOZ_A.4d9eef0c-e2ac-557a-e055-000000000001",
    "ISTNIEJE": "",
    "KARTA_MAPY": "",
    "LOKALIZACJ": "",
    "MATERIAL": "",
    "NAZWA": "",
    "NUMER": "",
    "NUMER_EWID": "",
    "NUMER_REJ_": "",
    "OBREB": "",
    "REJESTR_TA": "EW_ARCHEOLOGIA",
    "RODZAJE_ZA": "",
    "RODZAJ_OBI": "",
    "RODZAJ_WLA": "",
    "STAN_ZACHO": "",
    "STATUS": "",
    "STYL_OBIEK": "",
    "SYMBOL_EWI": "",
    "SYMBOL_REJ": "",
    "Shape__Area": 2294.7890625,
    "Shape__Length": 173.28358384848548,
    "UWAGI": "",
    "WIEK_CZ_PO": "",
    "WIEK_POWST": "",
    "WYDRUK_LIN": "",
    "ZAJETA_NA_": 1,
    "ZALACZNIKI": "http://172.16.11.22:8085/SOWA2-services/doc/print/65351249/0469.pdf",
    "ZDJECIE_1": "",
    "ZDJECIE_2": "",
    "ZDJECIE_3": "",
    "ZDJECIE_4": "",
    "ZDJECIE_5": "",
    "ZDJECIE_6": "",
    "ZDJECIE_7": "",
    "ZDJECIE_8": "",
    "ZWERYFIKOW": "",
    "ZWIAZANA_Z": 0
   },
   "type": "Feature"
  },
  {
   "geometry": {
    "coordinates": [
     [
      [
       19.862085,
       49.989493
      ],
      [
       19.861947,
       49.989521
      ],
      [
       19.861874,
       49.989581
      ],
      [
       19.861845,
       49.989664
      ],
      [
       19.861845,
       49.989751
      ],
      [
       19.861921,
       49.989842
      ],
      [
       19.861996,
       49.989887
      ],
      [
       19.862066,
       49.989902
      ],
      [
       19.862194,
       49.989901
      ],
      [
       19.862283,
       49.989873
      ],
      [
       19.862337,
       49.989819
      ],
      [
       19.862365,
       49.989763
      ],
      [
       19.862365,
       49.989685
      ],
      [
       19.862337,
       49.989612
      ],
      [
       19.862294,
       49.989562
      ],
      [
       19.8622,
       49.989511
      ],
      [
       19.862137,
       49.989498
      ],
      [
       19.862085,
       49.989493
      ]
     ]
    ],
    "type": "Polygon"
   },
   "id": 124,
   "properties": {
    "ADRES": "",
    "ATRYBUTY_O": "Nr stanowiska: 471",
    "BUDOWNICZY": "",
    "CHARAKTER": "",
    "DATA_WPISU": null,
    "DATA_WZNIE": "",
    "DZIELNICA": "",
    "FID": 124,
    "FUNKCJA_OB": "",
    "FUNKCJA_PI": "",
    "GDB_AREA": 1359.13,
    "GDB_PRM": 132.79,
    "GDB_PRMEX": 132.79,
    "GPT_DATE": null,
    "GPT_USER": "",
    "ID": 31289,
    "IDENT_OBIE": "67851699",
    "ID_ISDP": 0,
    "ID_SPRAWY": 80581949,
    "ID_WARSTWY": "F19_STAN_ARCH",
    "ISDP_FID": "GDB$G_EOZ_ARCHEOLOGIA_EOZ_A.4d9eef0c-e2ad-557a-e055-000000000001",
    "ISTNIEJE": "",
    "KARTA_MAPY": "",
    "LOKALIZACJ": "",
    "MATERIAL": "",
    "NAZWA": "",
    "NUMER": "",
    "NUMER_EWID": "",
    "NUMER_REJ_": "",
    "OBREB": "",
    "REJESTR_TA": "EW_ARCHEOLOGIA",
    "RODZAJE_ZA": "",
    "RODZAJ_OBI": "",
    "RODZAJ_WLA": "",
    "STAN_ZACHO": "",
    "STATUS": "",
    "STYL_OBIEK": "",
    "SYMBOL_EWI": "",
    "SYMBOL_REJ": "",
    "Shape__Area": 3284.2529296875,
    "Shape__Length": 206.45800908611844,
    "UWAGI": "",
    "WIEK_CZ_PO": "",
    "WIEK_POWST": "",
    "WYDRUK_LIN": "",
    "ZAJETA_NA_": 1,
    "ZALACZNIKI": "http://172.16.11.22:8085/SOWA2-services/doc/print/65351349/0471.pdf",
    "ZDJECIE_1": "",
    "ZDJECIE_2": "",
    "ZDJECIE_3": "",
    "ZDJECIE_4": "",
    "ZDJECIE_5": "",
    "ZDJECIE_6": "",
    "ZDJECIE_7": "",
    "ZDJECIE_8": "",
    "ZWERYFIKOW": "",
    "ZWIAZANA_Z": 0
   },
   "type": "Feature"
  },
  {
   "geometry": {
    "coordinates": [
     [
      [
       19.823458,
       49.997929
      ],
      [
       19.822937,
       49.998031
      ],
      [
       19.822322,
       49.998219
      ],
      [
       19.821958,
       49.998405
      ],
      [
       19.821741,
       49.998561
      ],
      [
       19.82169,
       49.998655
      ],
      [
       19.82169,
       49.998778
      ],
      [
       19.82177,
       49.998896
      ],
      [
       19.82187,
       49.998993
      ],
      [
       19.822056,
       49.999068
      ],
      [
       19.822344,
       49.999137
      ],
      [
       19.822749,
       49.999154
      ],
      [
       19.823144,
       49.999105
      ],
      [
       19.823389,
       49.999051
      ],
      [
       19.823924,
       49.998923
      ],
      [
       19.824259,
       49.998791
      ],
      [
       19.82439,
       49.998666
      ],
      [
       19.824498,
       49.998529
      ],
      [
       19.824512,
       49.998325
      ],
      [
       19.824441,
       49.998129
      ],
      [
       19.82428,
       49.998024
      ],
      [
       19.824096,
       49.997965
      ],
      [
       19.82393,
       49.997926
      ],
      [
       19.823735,
       49.997912
      ],
      [
       19.823557,
       49.997915
      ],
      [
       19.823458,
       49.997929
      ]
     ]
    ],
    "type": "Polygon"
   },
   "id": 125,
   "properties": {
    "ADRES": "",
    "ATRYBUTY_O": "Nr stanowiska: 481",
    "BUDOWNICZY": "",
    "CHARAKTER": "",
    "DATA_WPISU": null,
    "DATA_WZNIE": "",
    "DZIELNICA": "",
    "FID": 125,
    "FUNKCJA_OB": "",
    "FUNKCJA_PI": "",
    "GDB_AREA": 20178.24,
    "GDB_PRM": 536.73,
    "GDB_PRMEX": 536.73,
    "GPT_DATE": null,
    "GPT_USER": "",
    "ID": 31337,
    "IDENT_OBIE": "67854099",
    "ID_ISDP": 0,
    "ID_SPRAWY": 80588549,
    "ID_WARSTWY": "F19_STAN_ARCH",
    "ISDP_FID": "GDB$G_EOZ_ARCHEOLOGIA_EOZ_A.4d9eef0c-e2ae-557a-e055-000000000001",
    "ISTNIEJE": "",
    "KARTA_MAPY": "",
    "LOKALIZACJ": "",
    "MATERIAL": "",
    "NAZWA": "",
    "NUMER": "",
    "NUMER_EWID": "",
    "NUMER_REJ_": "",
    "OBREB": "",
    "REJESTR_TA": "EW_ARCHEOLOGIA",
    "RODZAJE_ZA": "",
    "RODZAJ_OBI": "",
    "RODZAJ_WLA": "",
    "STAN_ZACHO": "",
    "STATUS": "",
    "STYL_OBIEK": "",
    "SYMBOL_EWI": "",
    "SYMBOL_REJ": "",
    "Shape__Area": 48776.576171875,
    "Shape__Length": 834.1466055620899,
    "UWAGI": "",
    "WIEK_CZ_PO": "",
    "WIEK_POWST": "",
    "WYDRUK_LIN": "",
    "ZAJETA_NA_": 1,
    "ZALACZNIKI": "http://172.16.11.22:8085/SOWA2-services/doc/print/65351449/0481.pdf",
    "ZDJECIE_1": "",
    "ZDJECIE_2": "",
    "ZDJECIE_3": "",
    "ZDJECIE_4": "",
    "ZDJECIE_5": "",
    "ZDJECIE_6": "",
    "ZDJECIE_7": "",
    "ZDJECIE_8": "",
    "ZWERYFIKOW": "",
    "ZWIAZANA_Z": 0
   },
   "type": "Feature"
  },
  {
   "geometry": {
    "coordinates": [
     [
      [
       19.868852,
       50.036935
      ],
      [
       19.868824,
       50.037008
      ],
      [
       19.868813,
       50.037084
      ],
      [
       19.868838,
       50.037142
      ],
      [
       19.868905,
       50.037185
      ],
      [
       19.86897,
       50.037204
      ],
      [
       19.869085,
       50.037194
      ],
      [
       19.869203,
       50.037117
      ],
      [
       19.869322,
       50.037026
      ],
      [
       19.869345,
       50.036979
      ],
      [
       19.869331,
       50.036919
      ],
      [
       19.869297,
       50.036846
      ],
      [
       19.869241,
       50.036803
      ],
      [
       19.869107,
       50.036777
      ],
      [
       19.868955,
       50.036814
      ],
      [
       19.868852,
       50.036935
      ]
     ]
    ],
    "type": "Polygon"
   },
   "id": 126,
   "properties": {
    "ADRES": "",
    "ATRYBUTY_O": "Nr stanowiska: 487",
    "BUDOWNICZY": "",
    "CHARAKTER": "",
    "DATA_WPISU": null,
    "DATA_WZNIE": "",
    "DZIELNICA": "",
    "FID": 126,
    "FUNKCJA_OB": "",
    "FUNKCJA_PI": "",
    "GDB_AREA": 1299.5,
    "GDB_PRM": 132.92,
    "GDB_PRMEX": 132.92,
    "GPT_DATE": null,
    "GPT_USER": "",
    "ID": 31160,
    "IDENT_OBIE": "67845249",
    "ID_ISDP": 0,
    "ID_SPRAWY": 80555549,
    "ID_WARSTWY": "F19_STAN_ARCH",
    "ISDP_FID": "GDB$G_EOZ_ARCHEOLOGIA_EOZ_A.4d9eef0c-e2af-557a-e055-000000000001",
    "ISTNIEJE": "",
    "KARTA_MAPY": "",
    "LOKALIZACJ": "",
    "MATERIAL": "",
    "NAZWA": "",
    "NUMER": "",
    "NUMER_EWID": "",
    "NUMER_REJ_": "",
    "OBREB": "",
    "REJESTR_TA": "EW_ARCHEOLOGIA",
    "RODZAJE_ZA": "",
    "RODZAJ_OBI": "",
    "RODZAJ_WLA": "",
    "STAN_ZACHO": "",
    "STATUS": "",
    "STYL_OBIEK": "",
    "SYMBOL_EWI": "",
    "SYMBOL_REJ": "",
    "Shape__Area": 3146.3056640625,
    "Shape__Length": 206.86689176072318,
    "UWAGI": "",
    "WIEK_CZ_PO": "",
    "WIEK_POWST": "",
    "WYDRUK_LIN": "",
    "ZAJETA_NA_": 1,
    "ZALACZNIKI": "http://172.16.11.22:8085/SOWA2-services/doc/print/65351549/0487.pdf",
    "ZDJECIE_1": "",
    "ZDJECIE_2": "",
    "ZDJECIE_3": "",
    "ZDJECIE_4": "",
    "ZDJECIE_5": "",
    "ZDJECIE_6": "",
    "ZDJECIE_7": "",
    "ZDJECIE_8": "",
    "ZWERYFIKOW": "",
    "ZWIAZANA_Z": 0
   },
   "type": "Feature"
  },
  {
   "geometry": {
    "coordinates": [
     [
      [
       19.945779,
       49.973699
      ],
      [
       19.945546,
       49.973686
      ],
      [
       19.94539,
       49.973713
      ],
      [
       19.945297,
       49.973744
      ],
      [
       19.945265,
       49.973784
      ],
      [
       19.94526,
       49.973835
      ],
      [
       19.945302,
       49.973878
      ],
      [
       19.945422,
       49.973932
      ],
      [
       19.945522,
       49.973941
      ],
      [
       19.945701,
       49.973941
      ],
      [
       19.945845,
       49.97394
      ],
      [
       19.94592,
       49.973928
      ],
      [
       19.945994,
       49.973895
      ],
      [
       19.946,
       49.973856
      ],
      [
       19.946001,
       49.973815
      ],
      [
       19.94595,
       49.973764
      ],
      [
       19.945879,
       49.973729
      ],
      [
       19.945779,
       49.973699
      ]
     ]
    ],
    "type": "Polygon"
   },
   "id": 127,
   "properties": {
    "ADRES": "",
    "ATRYBUTY_O": "Nr stanowiska: 490",
    "BUDOWNICZY": "",
    "CHARAKTER": "",
    "DATA_WPISU": null,
    "DATA_WZNIE": "",
    "DZIELNICA": "",
    "FID": 127,
    "FUNKCJA_OB": "",
    "FUNKCJA_PI": "",
    "GDB_AREA": 1232.57,
    "GDB_PRM": 135.15,
    "GDB_PRMEX": 135.15,
    "GPT_DATE": null,
    "GPT_USER": "",
    "ID": 31366,
    "IDENT_OBIE": "67855549",
    "ID_ISDP": 0,
    "ID_SPRAWY": 80594449,
    "ID_WARSTWY": "F19_STAN_ARCH",
    "ISDP_FID": "GDB$G_EOZ_ARCHEOLOGIA_EOZ_A.4d9eef0c-e2b0-557a-e055-000000000001",
    "ISTNIEJE": "",
    "KARTA_MAPY": "",
    "LOKALIZACJ": "",
    "MATERIAL": "",
    "NAZWA": "",
    "NUMER": "",
    "NUMER_EWID": "",
    "NUMER_REJ_": "",
    "OBREB": "",
    "REJESTR_TA": "EW_ARCHEOLOGIA",
    "RODZAJE_ZA": "",
    "RODZAJ_OBI": "",
    "RODZAJ_WLA": "",
    "STAN_ZACHO": "",
    "STATUS": "",
    "STYL_OBIEK": "",
    "SYMBOL_EWI": "",
    "SYMBOL_REJ": "",
    "Shape__Area": 2976.53125,
    "Shape__Length": 209.89431838257875,
    "UWAGI": "",
    "WIEK_CZ_PO": "",
    "WIEK_POWST": "",
    "WYDRUK_LIN": "",
    "ZAJETA_NA_": 1,
    "ZALACZNIKI": "http://172.16.11.22:8085/SOWA2-services/doc/print/65351599/0490.pdf",
    "ZDJECIE_1": "",
    "ZDJECIE_2": "",
    "ZDJECIE_3": "",
    "ZDJECIE_4": "",
    "ZDJECIE_5": "",
    "ZDJECIE_6": "",
    "ZDJECIE_7": "",
    "ZDJECIE_8": "",
    "ZWERYFIKOW": "",
    "ZWIAZANA_Z": 0
   },
   "type": "Feature"
  },
  {
   "geometry": {
    "coordinates": [
     [
      [
       19.961158,
       49.969577
      ],
      [
       19.960993,
       49.969588
      ],
      [
       19.960919,
       49.96961
      ],
      [
       19.960875,
       49.969635
      ],
      [
       19.960858,
       49.969663
      ],
      [
       19.960861,
       49.969702
      ],
      [
       19.960899,
       49.969756
      ],
      [
       19.960965,
       49.969796
      ],
      [
       19.961038,
       49.969817
      ],
      [
       19.961141,
       49.96982
      ],
      [
       19.961214,
       49.969816
      ],
      [
       19.961276,
       49.969788
      ],
      [
       19.961291,
       49.969732
      ],
      [
       19.961291,
       49.969675
      ],
      [
       19.961265,
       49.969623
      ],
      [
       19.961221,
       49.969595
      ],
      [
       19.961158,
       49.969577
      ]
     ]
    ],
    "type": "Polygon"
   },
   "id": 128,
   "properties": {
    "ADRES": "",
    "ATRYBUTY_O": "Nr stanowiska: 494",
    "BUDOWNICZY": "",
    "CHARAKTER": "",
    "DATA_WPISU": null,
    "DATA_WZNIE": "",
    "DZIELNICA": "",
    "FID": 128,
    "FUNKCJA_OB": "",
    "FUNKCJA_PI": "",
    "GDB_AREA": 681.85,
    "GDB_PRM": 94.61,
    "GDB_PRMEX": 94.61,
    "GPT_DATE": null,
    "GPT_USER": "",
    "ID": 31372,
    "IDENT_OBIE": "67855849",
    "ID_ISDP": 0,
    "ID_SPRAWY": 80595699,
    "ID_WARSTWY": "F19_STAN_ARCH",
    "ISDP_FID": "GDB$G_EOZ_ARCHEOLOGIA_EOZ_A.4d9eef0c-e2b1-557a-e055-000000000001",
    "ISTNIEJE": "",
    "KARTA_MAPY": "",
    "LOKALIZACJ": "",
    "MATERIAL": "",
    "NAZWA": "",
    "NUMER": "",
    "NUMER_EWID": "",
    "NUMER_REJ_": "",
    "OBREB": "",
    "REJESTR_TA": "EW_ARCHEOLOGIA",
    "RODZAJE_ZA": "",
    "RODZAJ_OBI": "",
    "RODZAJ_WLA": "",
    "STAN_ZACHO": "",
    "STATUS": "",
    "STYL_OBIEK": "",
    "SYMBOL_EWI": "",
    "SYMBOL_REJ": "",
    "Shape__Area": 1646.3173828125,
    "Shape__Length": 146.9850978021684,
    "UWAGI": "",
    "WIEK_CZ_PO": "",
    "WIEK_POWST": "",
    "WYDRUK_LIN": "",
    "ZAJETA_NA_": 1,
    "ZALACZNIKI": "http://172.16.11.22:8085/SOWA2-services/doc/print/65351749/0494.pdf",
    "ZDJECIE_1": "",
    "ZDJECIE_2": "",
    "ZDJECIE_3": "",
    "ZDJECIE_4": "",
    "ZDJECIE_5": "",
    "ZDJECIE_6": "",
    "ZDJECIE_7": "",
    "ZDJECIE_8": "",
    "ZWERYFIKOW": "",
    "ZWIAZANA_Z": 0
   },
   "type": "Feature"
  },
  {
   "geometry": {
    "coordinates": [
     [
      [
       19.958879,
       49.969542
      ],
      [
       19.95871,
       49.969521
      ],
      [
       19.958618,
       49.969522
      ],
      [
       19.958552,
       49.969544
      ],
      [
       19.958504,
       49.969576
      ],
      [
       19.958497,
       49.969612
      ],
      [
       19.958529,
       49.969664
      ],
      [
       19.958614,
       49.969715
      ],
      [
       19.958715,
       49.969759
      ],
      [
       19.958797,
       49.969781
      ],
      [
       19.95891,
       49.969788
      ],
      [
       19.958999,
       49.969771
      ],
      [
       19.95904,
       49.969738
      ],
      [
       19.959061,
       49.969694
      ],
      [
       19.959064,
       49.969637
      ],
      [
       19.959011,
       49.969587
      ],
      [
       19.95894,
       49.969561
      ],
      [
       19.958879,
       49.969542
      ]
     ]
    ],
    "type": "Polygon"
   },
   "id": 129,
   "properties": {
    "ADRES": "",
    "ATRYBUTY_O": "Nr stanowiska: 499",
    "BUDOWNICZY": "",
    "CHARAKTER": "",
    "DATA_WPISU": null,
    "DATA_WZNIE": "",
    "DZIELNICA": "",
    "FID": 129,
    "FUNKCJA_OB": "",
    "FUNKCJA_PI": "",
    "GDB_AREA": 891.74,
    "GDB_PRM": 111.4,
    "GDB_PRMEX": 111.4,
    "GPT_DATE": null,
    "GPT_USER": "",
    "ID": 31374,
    "IDENT_OBIE": "67855949",
    "ID_ISDP": 0,
    "ID_SPRAWY": 80595949,
    "ID_WARSTWY": "F19_STAN_ARCH",
    "ISDP_FID": "GDB$G_EOZ_ARCHEOLOGIA_EOZ_A.4d9eef0c-e2b2-557a-e055-000000000001",
    "ISTNIEJE": "",
    "KARTA_MAPY": "",
    "LOKALIZACJ": "",
    "MATERIAL": "",
    "NAZWA": "",
    "NUMER": "",
    "NUMER_EWID": "",
    "NUMER_REJ_": "",
    "OBREB": "",
    "REJESTR_TA": "EW_ARCHEOLOGIA",
    "RODZAJE_ZA": "",
    "RODZAJ_OBI": "",
    "RODZAJ_WLA": "",
    "STAN_ZACHO": "",
    "STATUS": "",
    "STYL_OBIEK": "",
    "SYMBOL_EWI": "",
    "SYMBOL_REJ": "",
    "Shape__Area": 2153.087890625,
    "Shape__Length": 173.04990992225424,
    "UWAGI": "",
    "WIEK_CZ_PO": "",
    "WIEK_POWST": "",
    "WYDRUK_LIN": "",
    "ZAJETA_NA_": 1,
    "ZALACZNIKI": "http://172.16.11.22:8085/SOWA2-services/doc/print/65351849/0499.pdf",
    "ZDJECIE_1": "",
    "ZDJECIE_2": "",
    "ZDJECIE_3": "",
    "ZDJECIE_4": "",
    "ZDJECIE_5": "",
    "ZDJECIE_6": "",
    "ZDJECIE_7": "",
    "ZDJECIE_8": "",
    "ZWERYFIKOW": "",
    "ZWIAZANA_Z": 0
   },
   "type": "Feature"
  },
  {
   "geometry": {
    "coordinates": [
     [
      [
       19.954927,
       49.969478
      ],
      [
       19.954702,
       49.969491
      ],
      [
       19.954592,
       49.969527
      ],
      [
       19.954524,
       49.969571
      ],
      [
       19.954473,
       49.969647
      ],
      [
       19.954491,
       49.969764
      ],
      [
       19.954557,
       49.969886
      ],
      [
       19.954637,
       49.96993
      ],
      [
       19.954726,
       49.969956
      ],
      [
       19.954865,
       49.969959
      ],
      [
       19.954996,
       49.969952
      ],
      [
       19.955124,
       49.969904
      ],
      [
       19.955204,
       49.969831
      ],
      [
       19.955241,
       49.969743
      ],
      [
       19.955246,
       49.969686
      ],
      [
       19.955213,
       49.969576
      ],
      [
       19.955127,
       49.969517
      ],
      [
       19.955053,
       49.969486
      ],
      [
       19.954927,
       49.969478
      ]
     ]
    ],
    "type": "Polygon"
   },
   "id": 130,
   "properties": {
    "ADRES": "",
    "ATRYBUTY_O": "Nr stanowiska: 502",
    "BUDOWNICZY": "",
    "CHARAKTER": "",
    "DATA_WPISU": null,
    "DATA_WZNIE": "",
    "DZIELNICA": "",
    "FID": 130,
    "FUNKCJA_OB": "",
    "FUNKCJA_PI": "",
    "GDB_AREA": 2423.38,
    "GDB_PRM": 176.51,
    "GDB_PRMEX": 176.51,
    "GPT_DATE": null,
    "GPT_USER": "",
    "ID": 31376,
    "IDENT_OBIE": "67856049",
    "ID_ISDP": 0,
    "ID_SPRAWY": 80596099,
    "ID_WARSTWY": "F19_STAN_ARCH",
    "ISDP_FID": "GDB$G_EOZ_ARCHEOLOGIA_EOZ_A.4d9eef0c-e2b3-557a-e055-000000000001",
    "ISTNIEJE": "",
    "KARTA_MAPY": "",
    "LOKALIZACJ": "",
    "MATERIAL": "",
    "NAZWA": "",
    "NUMER": "",
    "NUMER_EWID": "",
    "NUMER_REJ_": "",
    "OBREB": "",
    "REJESTR_TA": "EW_ARCHEOLOGIA",
    "RODZAJE_ZA": "",
    "RODZAJ_OBI": "",
    "RODZAJ_WLA": "",
    "STAN_ZACHO": "",
    "STATUS": "",
    "STYL_OBIEK": "",
    "SYMBOL_EWI": "",
    "SYMBOL_REJ": "",
    "Shape__Area": 5851.232421875,
    "Shape__Length": 274.2613189642137,
    "UWAGI": "",
    "WIEK_CZ_PO": "",
    "WIEK_POWST": "",
    "WYDRUK_LIN": "",
    "ZAJETA_NA_": 1,
    "ZALACZNIKI": "http://172.16.11.22:8085/SOWA2-services/doc/print/65351949/0502.pdf",
    "ZDJECIE_1": "",
    "ZDJECIE_2": "",
    "ZDJECIE_3": "",
    "ZDJECIE_4": "",
    "ZDJECIE_5": "",
    "ZDJECIE_6": "",
    "ZDJECIE_7": "",
    "ZDJECIE_8": "",
    "ZWERYFIKOW": "",
    "ZWIAZANA_Z": 0
   },
   "type": "Feature"
  },
  {
   "geometry": {
    "coordinates": [
     [
      [
       19.928106,
       49.981847
      ],
      [
       19.927908,
       49.981838
      ],
      [
       19.927771,
       49.981833
      ],
      [
       19.927659,
       49.98185
      ],
      [
       19.927542,
       49.981883
      ],
      [
       19.927477,
       49.981926
      ],
      [
       19.927424,
       49.98196
      ],
      [
       19.927402,
       49.982012
      ],
      [
       19.927398,
       49.982067
      ],
      [
       19.927466,
       49.982158
      ],
      [
       19.927569,
       49.982256
      ],
      [
       19.92771,
       49.982319
      ],
      [
       19.927824,
       49.982344
      ],
      [
       19.927988,
       49.98235
      ],
      [
       19.928202,
       49.982337
      ],
      [
       19.928315,
       49.98231
      ],
      [
       19.928428,
       49.982228
      ],
      [
       19.928477,
       49.982169
      ],
      [
       19.928482,
       49.982101
      ],
      [
       19.928463,
       49.982025
      ],
      [
       19.928416,
       49.981956
      ],
      [
       19.928341,
       49.98191
      ],
      [
       19.928262,
       49.981879
      ],
      [
       19.928106,
       49.981847
      ]
     ]
    ],
    "type": "Polygon"
   },
   "id": 131,
   "properties": {
    "ADRES": "",
    "ATRYBUTY_O": "Nr stanowiska: 505",
    "BUDOWNICZY": "",
    "CHARAKTER": "",
    "DATA_WPISU": null,
    "DATA_WZNIE": "",
    "DZIELNICA": "",
    "FID": 131,
    "FUNKCJA_OB": "",
    "FUNKCJA_PI": "",
    "GDB_AREA": 3553.44,
    "GDB_PRM": 216.77,
    "GDB_PRMEX": 216.77,
    "GPT_DATE": null,
    "GPT_USER": "",
    "ID": 31209,
    "IDENT_OBIE": "67847699",
    "ID_ISDP": 0,
    "ID_SPRAWY": 80565549,
    "ID_WARSTWY": "F19_STAN_ARCH",
    "ISDP_FID": "GDB$G_EOZ_ARCHEOLOGIA_EOZ_A.4d9eef0c-e2b4-557a-e055-000000000001",
    "ISTNIEJE": "",
    "KARTA_MAPY": "",
    "LOKALIZACJ": "",
    "MATERIAL": "",
    "NAZWA": "",
    "NUMER": "",
    "NUMER_EWID": "",
    "NUMER_REJ_": "",
    "OBREB": "",
    "REJESTR_TA": "EW_ARCHEOLOGIA",
    "RODZAJE_ZA": "",
    "RODZAJ_OBI": "",
    "RODZAJ_WLA": "",
    "STAN_ZACHO": "",
    "STATUS": "",
    "STYL_OBIEK": "",
    "SYMBOL_EWI": "",
    "SYMBOL_REJ": "",
    "Shape__Area": 8584.08984375,
    "Shape__Length": 336.82697566856035,
    "UWAGI": "",
    "WIEK_CZ_PO": "",
    "WIEK_POWST": "",
    "WYDRUK_LIN": "",
    "ZAJETA_NA_": 1,
    "ZALACZNIKI": "http://172.16.11.22:8085/SOWA2-services/doc/print/65352099/0505.pdf",
    "ZDJECIE_1": "",
    "ZDJECIE_2": "",
    "ZDJECIE_3": "",
    "ZDJECIE_4": "",
    "ZDJECIE_5": "",
    "ZDJECIE_6": "",
    "ZDJECIE_7": "",
    "ZDJECIE_8": "",
    "ZWERYFIKOW": "",
    "ZWIAZANA_Z": 0
   },
   "type": "Feature"
  },
  {
   "geometry": {
    "coordinates": [
     [
      [
       19.882825,
       49.991572
      ],
      [
       19.882661,
       49.991494
      ],
      [
       19.882393,
       49.991476
      ],
      [
       19.882124,
       49.991506
      ],
      [
       19.881885,
       49.991574
      ],
      [
       19.881768,
       49.991627
      ],
      [
       19.881705,
       49.991706
      ],
      [
       19.881722,
       49.991821
      ],
      [
       19.881797,
       49.991936
      ],
      [
       19.881982,
       49.99205
      ],
      [
       19.882199,
       49.992124
      ],
      [
       19.882408,
       49.99214
      ],
      [
       19.882563,
       49.992135
      ],
      [
       19.882746,
       49.992069
      ],
      [
       19.882901,
       49.991952
      ],
      [
       19.882968,
       49.991825
      ],
      [
       19.882976,
       49.991734
      ],
      [
       19.882911,
       49.991641
      ],
      [
       19.882825,
       49.991572
      ]
     ]
    ],
    "type": "Polygon"
   },
   "id": 132,
   "properties": {
    "ADRES": "",
    "ATRYBUTY_O": "Nr stanowiska: 507",
    "BUDOWNICZY": "",
    "CHARAKTER": "",
    "DATA_WPISU": null,
    "DATA_WZNIE": "",
    "DZIELNICA": "",
    "FID": 132,
    "FUNKCJA_OB": "",
    "FUNKCJA_PI": "",
    "GDB_AREA": 5167.03,
    "GDB_PRM": 259.66,
    "GDB_PRMEX": 259.66,
    "GPT_DATE": null,
    "GPT_USER": "",
    "ID": 31302,
    "IDENT_OBIE": "67852349",
    "ID_ISDP": 0,
    "ID_SPRAWY": 80583599,
    "ID_WARSTWY": "F19_STAN_ARCH",
    "ISDP_FID": "GDB$G_EOZ_ARCHEOLOGIA_EOZ_A.4d9eef0c-e2b5-557a-e055-000000000001",
    "ISTNIEJE": "",
    "KARTA_MAPY": "",
    "LOKALIZACJ": "",
    "MATERIAL": "",
    "NAZWA": "",
    "NUMER": "",
    "NUMER_EWID": "",
    "NUMER_REJ_": "",
    "OBREB": "",
    "REJESTR_TA": "EW_ARCHEOLOGIA",
    "RODZAJE_ZA": "",
    "RODZAJ_OBI": "",
    "RODZAJ_WLA": "",
    "STAN_ZACHO": "",
    "STATUS": "",
    "STYL_OBIEK": "",
    "SYMBOL_EWI": "",
    "SYMBOL_REJ": "",
    "Shape__Area": 12486.923828125,
    "Shape__Length": 403.5789498174448,
    "UWAGI": "",
    "WIEK_CZ_PO": "",
    "WIEK_POWST": "",
    "WYDRUK_LIN": "",
    "ZAJETA_NA_": 1,
    "ZALACZNIKI": "http://172.16.11.22:8085/SOWA2-services/doc/print/65352149/0507.pdf",
    "ZDJECIE_1": "",
    "ZDJECIE_2": "",
    "ZDJECIE_3": "",
    "ZDJECIE_4": "",
    "ZDJECIE_5": "",
    "ZDJECIE_6": "",
    "ZDJECIE_7": "",
    "ZDJECIE_8": "",
    "ZWERYFIKOW": "",
    "ZWIAZANA_Z": 0
   },
   "type": "Feature"
  },
  {
   "geometry": {
    "coordinates": [
     [
      [
       19.990897,
       49.991506
      ],
      [
       19.990779,
       49.991474
      ],
      [
       19.99071,
       49.991475
      ],
      [
       19.990654,
       49.991499
      ],
      [
       19.990635,
       49.991544
      ],
      [
       19.990648,
       49.9916
      ],
      [
       19.990693,
       49.991637
      ],
      [
       19.990773,
       49.991664
      ],
      [
       19.990867,
       49.991674
      ],
      [
       19.990946,
       49.991656
      ],
      [
       19.990999,
       49.991629
      ],
      [
       19.991014,
       49.991603
      ],
      [
       19.991005,
       49.991571
      ],
      [
       19.990972,
       49.991545
      ],
      [
       19.990897,
       49.991506
      ]
     ]
    ],
    "type": "Polygon"
   },
   "id": 133,
   "properties": {
    "ADRES": "",
    "ATRYBUTY_O": "Nr stanowiska: 510",
    "BUDOWNICZY": "",
    "CHARAKTER": "",
    "DATA_WPISU": null,
    "DATA_WZNIE": "",
    "DZIELNICA": "",
    "FID": 133,
    "FUNKCJA_OB": "",
    "FUNKCJA_PI": "",
    "GDB_AREA": 439.96,
    "GDB_PRM": 77.2,
    "GDB_PRMEX": 77.2,
    "GPT_DATE": null,
    "GPT_USER": "",
    "ID": 31197,
    "IDENT_OBIE": "67847099",
    "ID_ISDP": 0,
    "ID_SPRAWY": 80563099,
    "ID_WARSTWY": "F19_STAN_ARCH",
    "ISDP_FID": "GDB$G_EOZ_ARCHEOLOGIA_EOZ_A.4d9eef0c-e2b6-557a-e055-000000000001",
    "ISTNIEJE": "",
    "KARTA_MAPY": "",
    "LOKALIZACJ": "",
    "MATERIAL": "",
    "NAZWA": "",
    "NUMER": "",
    "NUMER_EWID": "",
    "NUMER_REJ_": "",
    "OBREB": "",
    "REJESTR_TA": "EW_ARCHEOLOGIA",
    "RODZAJE_ZA": "",
    "RODZAJ_OBI": "",
    "RODZAJ_WLA": "",
    "STAN_ZACHO": "",
    "STATUS": "",
    "STYL_OBIEK": "",
    "SYMBOL_EWI": "",
    "SYMBOL_REJ": "",
    "Shape__Area": 1063.2578125,
    "Shape__Length": 119.98983866781441,
    "UWAGI": "",
    "WIEK_CZ_PO": "",
    "WIEK_POWST": "",
    "WYDRUK_LIN": "",
    "ZAJETA_NA_": 1,
    "ZALACZNIKI": "http://172.16.11.22:8085/SOWA2-services/doc/print/65352249/0510.pdf",
    "ZDJECIE_1": "",
    "ZDJECIE_2": "",
    "ZDJECIE_3": "",
    "ZDJECIE_4": "",
    "ZDJECIE_5": "",
    "ZDJECIE_6": "",
    "ZDJECIE_7": "",
    "ZDJECIE_8": "",
    "ZWERYFIKOW": "",
    "ZWIAZANA_Z": 0
   },
   "type": "Feature"
  },
  {
   "geometry": {
    "coordinates": [
     [
      [
       19.974311,
       49.991355
      ],
      [
       19.9742,
       49.991332
      ],
      [
       19.97407,
       49.991345
      ],
      [
       19.973997,
       49.991373
      ],
      [
       19.973972,
       49.991394
      ],
      [
       19.97397,
       49.991417
      ],
      [
       19.973993,
       49.991457
      ],
      [
       19.974046,
       49.991499
      ],
      [
       19.974107,
       49.991528
      ],
      [
       19.974177,
       49.991548
      ],
      [
       19.974245,
       49.991562
      ],
      [
       19.974325,
       49.991557
      ],
      [
       19.974373,
       49.991524
      ],
      [
       19.974386,
       49.991495
      ],
      [
       19.97439,
       49.991448
      ],
      [
       19.974392,
       49.991415
      ],
      [
       19.974363,
       49.991382
      ],
      [
       19.974311,
       49.991355
      ]
     ]
    ],
    "type": "Polygon"
   },
   "id": 134,
   "properties": {
    "ADRES": "",
    "ATRYBUTY_O": "Nr stanowiska: 530",
    "BUDOWNICZY": "",
    "CHARAKTER": "",
    "DATA_WPISU": null,
    "DATA_WZNIE": "",
    "DZIELNICA": "",
    "FID": 134,
    "FUNKCJA_OB": "",
    "FUNKCJA_PI": "",
    "GDB_AREA": 579.3,
    "GDB_PRM": 88.22,
    "GDB_PRMEX": 88.22,
    "GPT_DATE": null,
    "GPT_USER": "",
    "ID": 31282,
    "IDENT_OBIE": "67851349",
    "ID_ISDP": 0,
    "ID_SPRAWY": 80580599,
    "ID_WARSTWY": "F19_STAN_ARCH",
    "ISDP_FID": "GDB$G_EOZ_ARCHEOLOGIA_EOZ_A.4d9eef0c-e2b7-557a-e055-000000000001",
    "ISTNIEJE": "",
    "KARTA_MAPY": "",
    "LOKALIZACJ": "",
    "MATERIAL": "",
    "NAZWA": "",
    "NUMER": "",
    "NUMER_EWID": "",
    "NUMER_REJ_": "",
    "OBREB": "",
    "REJESTR_TA": "EW_ARCHEOLOGIA",
    "RODZAJE_ZA": "",
    "RODZAJ_OBI": "",
    "RODZAJ_WLA": "",
    "STAN_ZACHO": "",
    "STATUS": "",
    "STYL_OBIEK": "",
    "SYMBOL_EWI": "",
    "SYMBOL_REJ": "",
    "Shape__Area": 1399.9814453125,
    "Shape__Length": 137.11119312889423,
    "UWAGI": "",
    "WIEK_CZ_PO": "",
    "WIEK_POWST": "",
    "WYDRUK_LIN": "",
    "ZAJETA_NA_": 1,
    "ZALACZNIKI": "http://172.16.11.22:8085/SOWA2-services/doc/print/65352449/0530.pdf",
    "ZDJECIE_1": "",
    "ZDJECIE_2": "",
    "ZDJECIE_3": "",
    "ZDJECIE_4": "",
    "ZDJECIE_5": "",
    "ZDJECIE_6": "",
    "ZDJECIE_7": "",
    "ZDJECIE_8": "",
    "ZWERYFIKOW": "",
    "ZWIAZANA_Z": 0
   },
   "type": "Feature"
  },
  {
   "geometry": {
    "coordinates": [
     [
      [
       19.981472,
       49.986884
      ],
      [
       19.981359,
       49.986887
      ],
      [
       19.981265,
       49.986903
      ],
      [
       19.98119,
       49.986925
      ],
      [
       19.981151,
       49.986951
      ],
      [
       19.981141,
       49.986973
      ],
      [
       19.981139,
       49.98701
      ],
      [
       19.981175,
       49.987056
      ],
      [
       19.981239,
       49.987103
      ],
      [
       19.981324,
       49.987143
      ],
      [
       19.981386,
       49.987154
      ],
      [
       19.981454,
       49.987156
      ],
      [
       19.981532,
       49.98714
      ],
      [
       19.981574,
       49.987121
      ],
      [
       19.981608,
       49.987092
      ],
      [
       19.98163,
       49.987044
      ],
      [
       19.98164,
       49.986975
      ],
      [
       19.981615,
       49.986933
      ],
      [
       19.981572,
       49.986908
      ],
      [
       19.981522,
       49.986894
      ],
      [
       19.981472,
       49.986884
      ]
     ]
    ],
    "type": "Polygon"
   },
   "id": 135,
   "properties": {
    "ADRES": "",
    "ATRYBUTY_O": "Nr stanowiska: 532",
    "BUDOWNICZY": "",
    "CHARAKTER": "",
    "DATA_WPISU": null,
    "DATA_WZNIE": "",
    "DZIELNICA": "",
    "FID": 135,
    "FUNKCJA_OB": "",
    "FUNKCJA_PI": "",
    "GDB_AREA": 843.1,
    "GDB_PRM": 105.03,
    "GDB_PRMEX": 105.03,
    "GPT_DATE": null,
    "GPT_USER": "",
    "ID": 31284,
    "IDENT_OBIE": "67851449",
    "ID_ISDP": 0,
    "ID_SPRAWY": 80580699,
    "ID_WARSTWY": "F19_STAN_ARCH",
    "ISDP_FID": "GDB$G_EOZ_ARCHEOLOGIA_EOZ_A.4d9eef0c-e2b8-557a-e055-000000000001",
    "ISTNIEJE": "",
    "KARTA_MAPY": "",
    "LOKALIZACJ": "",
    "MATERIAL": "",
    "NAZWA": "",
    "NUMER": "",
    "NUMER_EWID": "",
    "NUMER_REJ_": "",
    "OBREB": "",
    "REJESTR_TA": "EW_ARCHEOLOGIA",
    "RODZAJE_ZA": "",
    "RODZAJ_OBI": "",
    "RODZAJ_WLA": "",
    "STAN_ZACHO": "",
    "STATUS": "",
    "STYL_OBIEK": "",
    "SYMBOL_EWI": "",
    "SYMBOL_REJ": "",
    "Shape__Area": 2037.1328125,
    "Shape__Length": 163.23860427788685,
    "UWAGI": "",
    "WIEK_CZ_PO": "",
    "WIEK_POWST": "",
    "WYDRUK_LIN": "",
    "ZAJETA_NA_": 1,
    "ZALACZNIKI": "http://172.16.11.22:8085/SOWA2-services/doc/print/65352549/0532.pdf",
    "ZDJECIE_1": "",
    "ZDJECIE_2": "",
    "ZDJECIE_3": "",
    "ZDJECIE_4": "",
    "ZDJECIE_5": "",
    "ZDJECIE_6": "",
    "ZDJECIE_7": "",
    "ZDJECIE_8": "",
    "ZWERYFIKOW": "",
    "ZWIAZANA_Z": 0
   },
   "type": "Feature"
  },
  {
   "geometry": {
    "coordinates": [
     [
      [
       19.984165,
       49.9848
      ],
      [
       19.984053,
       49.984795
      ],
      [
       19.983961,
       49.984814
      ],
      [
       19.983903,
       49.984842
      ],
      [
       19.983886,
       49.984874
      ],
      [
       19.983883,
       49.984908
      ],
      [
       19.983898,
       49.984961
      ],
      [
       19.983946,
       49.985005
      ],
      [
       19.983998,
       49.985031
      ],
      [
       19.984059,
       49.985056
      ],
      [
       19.984135,
       49.985065
      ],
      [
       19.984196,
       49.985065
      ],
      [
       19.984252,
       49.98505
      ],
      [
       19.984286,
       49.985024
      ],
      [
       19.984292,
       49.984969
      ],
      [
       19.984285,
       49.984916
      ],
      [
       19.98426,
       49.984871
      ],
      [
       19.984231,
       49.984839
      ],
      [
       19.984165,
       49.9848
      ]
     ]
    ],
    "type": "Polygon"
   },
   "id": 136,
   "properties": {
    "ADRES": "",
    "ATRYBUTY_O": "Nr stanowiska: 535",
    "BUDOWNICZY": "",
    "CHARAKTER": "",
    "DATA_WPISU": null,
    "DATA_WZNIE": "",
    "DZIELNICA": "",
    "FID": 136,
    "FUNKCJA_OB": "",
    "FUNKCJA_PI": "",
    "GDB_AREA": 698.18,
    "GDB_PRM": 95.65,
    "GDB_PRMEX": 95.65,
    "GPT_DATE": null,
    "GPT_USER": "",
    "ID": 31312,
    "IDENT_OBIE": "67852849",
    "ID_ISDP": 0,
    "ID_SPRAWY": 80584999,
    "ID_WARSTWY": "F19_STAN_ARCH",
    "ISDP_FID": "GDB$G_EOZ_ARCHEOLOGIA_EOZ_A.4d9eef0c-e2b9-557a-e055-000000000001",
    "ISTNIEJE": "",
    "KARTA_MAPY": "",
    "LOKALIZACJ": "",
    "MATERIAL": "",
    "NAZWA": "",
    "NUMER": "",
    "NUMER_EWID": "",
    "NUMER_REJ_": "",
    "OBREB": "",
    "REJESTR_TA": "EW_ARCHEOLOGIA",
    "RODZAJE_ZA": "",
    "RODZAJ_OBI": "",
    "RODZAJ_WLA": "",
    "STAN_ZACHO": "",
    "STATUS": "",
    "STYL_OBIEK": "",
    "SYMBOL_EWI": "",
    "SYMBOL_REJ": "",
    "Shape__Area": 1686.83203125,
    "Shape__Length": 148.67632158183284,
    "UWAGI": "",
    "WIEK_CZ_PO": "",
    "WIEK_POWST": "",
    "WYDRUK_LIN": "",
    "ZAJETA_NA_": 1,
    "ZALACZNIKI": "http://172.16.11.22:8085/SOWA2-services/doc/print/65352649/0535.pdf",
    "ZDJECIE_1": "",
    "ZDJECIE_2": "",
    "ZDJECIE_3": "",
    "ZDJECIE_4": "",
    "ZDJECIE_5": "",
    "ZDJECIE_6": "",
    "ZDJECIE_7": "",
    "ZDJECIE_8": "",
    "ZWERYFIKOW": "",
    "ZWIAZANA_Z": 0
   },
   "type": "Feature"
  },
  {
   "geometry": {
    "coordinates": [
     [
      [
       19.988307,
       49.984437
      ],
      [
       19.988215,
       49.984413
      ],
      [
       19.988154,
       49.984411
      ],
      [
       19.988099,
       49.984425
      ],
      [
       19.988037,
       49.984445
      ],
      [
       19.987996,
       49.98447
      ],
      [
       19.98798,
       49.984491
      ],
      [
       19.98798,
       49.984522
      ],
      [
       19.98801,
       49.984549
      ],
      [
       19.988077,
       49.984586
      ],
      [
       19.98818,
       49.984616
      ],
      [
       19.988257,
       49.984622
      ],
      [
       19.98834,
       49.984622
      ],
      [
       19.9884,
       49.984604
      ],
      [
       19.988439,
       49.984587
      ],
      [
       19.98846,
       49.984551
      ],
      [
       19.988455,
       49.984522
      ],
      [
       19.988413,
       49.984485
      ],
      [
       19.988358,
       49.984459
      ],
      [
       19.988307,
       49.984437
      ]
     ]
    ],
    "type": "Polygon"
   },
   "id": 137,
   "properties": {
    "ADRES": "",
    "ATRYBUTY_O": "Nr stanowiska: 537",
    "BUDOWNICZY": "",
    "CHARAKTER": "",
    "DATA_WPISU": null,
    "DATA_WZNIE": "",
    "DZIELNICA": "",
    "FID": 137,
    "FUNKCJA_OB": "",
    "FUNKCJA_PI": "",
    "GDB_AREA": 589.98,
    "GDB_PRM": 90.49,
    "GDB_PRMEX": 90.49,
    "GPT_DATE": null,
    "GPT_USER": "",
    "ID": 31314,
    "IDENT_OBIE": "67852949",
    "ID_ISDP": 0,
    "ID_SPRAWY": 80585099,
    "ID_WARSTWY": "F19_STAN_ARCH",
    "ISDP_FID": "GDB$G_EOZ_ARCHEOLOGIA_EOZ_A.4d9eef0c-e2ba-557a-e055-000000000001",
    "ISTNIEJE": "",
    "KARTA_MAPY": "",
    "LOKALIZACJ": "",
    "MATERIAL": "",
    "NAZWA": "",
    "NUMER": "",
    "NUMER_EWID": "",
    "NUMER_REJ_": "",
    "OBREB": "",
    "REJESTR_TA": "EW_ARCHEOLOGIA",
    "RODZAJE_ZA": "",
    "RODZAJ_OBI": "",
    "RODZAJ_WLA": "",
    "STAN_ZACHO": "",
    "STATUS": "",
    "STYL_OBIEK": "",
    "SYMBOL_EWI": "",
    "SYMBOL_REJ": "",
    "Shape__Area": 1425.376953125,
    "Shape__Length": 140.59459086828818,
    "UWAGI": "",
    "WIEK_CZ_PO": "",
    "WIEK_POWST": "",
    "WYDRUK_LIN": "",
    "ZAJETA_NA_": 1,
    "ZALACZNIKI": "http://172.16.11.22:8085/SOWA2-services/doc/print/65352749/0537.pdf",
    "ZDJECIE_1": "",
    "ZDJECIE_2": "",
    "ZDJECIE_3": "",
    "ZDJECIE_4": "",
    "ZDJECIE_5": "",
    "ZDJECIE_6": "",
    "ZDJECIE_7": "",
    "ZDJECIE_8": "",
    "ZWERYFIKOW": "",
    "ZWIAZANA_Z": 0
   },
   "type": "Feature"
  },
  {
   "geometry": {
    "coordinates": [
     [
      [
       19.988869,
       49.986473
      ],
      [
       19.988661,
       49.986424
      ],
      [
       19.988481,
       49.986407
      ],
      [
       19.988339,
       49.986429
      ],
      [
       19.988263,
       49.986455
      ],
      [
       19.988224,
       49.986479
      ],
      [
       19.988216,
       49.986504
      ],
      [
       19.988221,
       49.986537
      ],
      [
       19.988289,
       49.986582
      ],
      [
       19.988463,
       49.986646
      ],
      [
       19.988581,
       49.986681
      ],
      [
       19.988739,
       49.986706
      ],
      [
       19.988867,
       49.986711
      ],
      [
       19.98895,
       49.986692
      ],
      [
       19.989009,
       49.986663
      ],
      [
       19.989032,
       49.986621
      ],
      [
       19.989018,
       49.986581
      ],
      [
       19.988972,
       49.986533
      ],
      [
       19.988905,
       49.986493
      ],
      [
       19.988869,
       49.986473
      ]
     ]
    ],
    "type": "Polygon"
   },
   "id": 138,
   "properties": {
    "ADRES": "",
    "ATRYBUTY_O": "Nr stanowiska: 540",
    "BUDOWNICZY": "",
    "CHARAKTER": "",
    "DATA_WPISU": null,
    "DATA_WZNIE": "",
    "DZIELNICA": "",
    "FID": 138,
    "FUNKCJA_OB": "",
    "FUNKCJA_PI": "",
    "GDB_AREA": 1356.48,
    "GDB_PRM": 144.95,
    "GDB_PRMEX": 144.95,
    "GPT_DATE": null,
    "GPT_USER": "",
    "ID": 31317,
    "IDENT_OBIE": "67853099",
    "ID_ISDP": 0,
    "ID_SPRAWY": 80585249,
    "ID_WARSTWY": "F19_STAN_ARCH",
    "ISDP_FID": "GDB$G_EOZ_ARCHEOLOGIA_EOZ_A.4d9eef0c-e2bb-557a-e055-000000000001",
    "ISTNIEJE": "",
    "KARTA_MAPY": "",
    "LOKALIZACJ": "",
    "MATERIAL": "",
    "NAZWA": "",
    "NUMER": "",
    "NUMER_EWID": "",
    "NUMER_REJ_": "",
    "OBREB": "",
    "REJESTR_TA": "EW_ARCHEOLOGIA",
    "RODZAJE_ZA": "",
    "RODZAJ_OBI": "",
    "RODZAJ_WLA": "",
    "STAN_ZACHO": "",
    "STATUS": "",
    "STYL_OBIEK": "",
    "SYMBOL_EWI": "",
    "SYMBOL_REJ": "",
    "Shape__Area": 3277.5244140625,
    "Shape__Length": 225.17575775253195,
    "UWAGI": "",
    "WIEK_CZ_PO": "",
    "WIEK_POWST": "",
    "WYDRUK_LIN": "",
    "ZAJETA_NA_": 1,
    "ZALACZNIKI": "http://172.16.11.22:8085/SOWA2-services/doc/print/65352899/0540.pdf",
    "ZDJECIE_1": "",
    "ZDJECIE_2": "",
    "ZDJECIE_3": "",
    "ZDJECIE_4": "",
    "ZDJECIE_5": "",
    "ZDJECIE_6": "",
    "ZDJECIE_7": "",
    "ZDJECIE_8": "",
    "ZWERYFIKOW": "",
    "ZWIAZANA_Z": 0
   },
   "type": "Feature"
  },
  {
   "geometry": {
    "coordinates": [
     [
      [
       19.987159,
       49.974944
      ],
      [
       19.987049,
       49.974943
      ],
      [
       19.986961,
       49.974954
      ],
      [
       19.986912,
       49.974974
      ],
      [
       19.986864,
       49.975006
      ],
      [
       19.986839,
       49.975045
      ],
      [
       19.986855,
       49.975086
      ],
      [
       19.986907,
       49.97513
      ],
      [
       19.986966,
       49.975151
      ],
      [
       19.987046,
       49.97516
      ],
      [
       19.987151,
       49.975156
      ],
      [
       19.987248,
       49.975133
      ],
      [
       19.987313,
       49.975099
      ],
      [
       19.987327,
       49.975072
      ],
      [
       19.987329,
       49.975027
      ],
      [
       19.987272,
       49.974982
      ],
      [
       19.987225,
       49.97496
      ],
      [
       19.987159,
       49.974944
      ]
     ]
    ],
    "type": "Polygon"
   },
   "id": 139,
   "properties": {
    "ADRES": "",
    "ATRYBUTY_O": "Nr stanowiska: 544",
    "BUDOWNICZY": "",
    "CHARAKTER": "",
    "DATA_WPISU": null,
    "DATA_WZNIE": "",
    "DZIELNICA": "",
    "FID": 139,
    "FUNKCJA_OB": "",
    "FUNKCJA_PI": "",
    "GDB_AREA": 665.17,
    "GDB_PRM": 94.43,
    "GDB_PRMEX": 94.43,
    "GPT_DATE": null,
    "GPT_USER": "",
    "ID": 31319,
    "IDENT_OBIE": "67853199",
    "ID_ISDP": 0,
    "ID_SPRAWY": 80585449,
    "ID_WARSTWY": "F19_STAN_ARCH",
    "ISDP_FID": "GDB$G_EOZ_ARCHEOLOGIA_EOZ_A.4d9eef0c-e2bc-557a-e055-000000000001",
    "ISTNIEJE": "",
    "KARTA_MAPY": "",
    "LOKALIZACJ": "",
    "MATERIAL": "",
    "NAZWA": "",
    "NUMER": "",
    "NUMER_EWID": "",
    "NUMER_REJ_": "",
    "OBREB": "",
    "REJESTR_TA": "EW_ARCHEOLOGIA",
    "RODZAJE_ZA": "",
    "RODZAJ_OBI": "",
    "RODZAJ_WLA": "",
    "STAN_ZACHO": "",
    "STATUS": "",
    "STYL_OBIEK": "",
    "SYMBOL_EWI": "",
    "SYMBOL_REJ": "",
    "Shape__Area": 1606.423828125,
    "Shape__Length": 146.69114947656016,
    "UWAGI": "",
    "WIEK_CZ_PO": "",
    "WIEK_POWST": "",
    "WYDRUK_LIN": "",
    "ZAJETA_NA_": 1,
    "ZALACZNIKI": "http://172.16.11.22:8085/SOWA2-services/doc/print/65352999/0544.pdf",
    "ZDJECIE_1": "",
    "ZDJECIE_2": "",
    "ZDJECIE_3": "",
    "ZDJECIE_4": "",
    "ZDJECIE_5": "",
    "ZDJECIE_6": "",
    "ZDJECIE_7": "",
    "ZDJECIE_8": "",
    "ZWERYFIKOW": "",
    "ZWIAZANA_Z": 0
   },
   "type": "Feature"
  },
  {
   "geometry": {
    "coordinates": [
     [
      [
       19.982912,
       49.977417
      ],
      [
       19.982802,
       49.977383
      ],
      [
       19.982736,
       49.977381
      ],
      [
       19.982678,
       49.977392
      ],
      [
       19.982626,
       49.977413
      ],
      [
       19.982591,
       49.977441
      ],
      [
       19.982576,
       49.977463
      ],
      [
       19.98258,
       49.977491
      ],
      [
       19.982624,
       49.977529
      ],
      [
       19.982676,
       49.977559
      ],
      [
       19.982725,
       49.977579
      ],
      [
       19.982777,
       49.977592
      ],
      [
       19.982841,
       49.977595
      ],
      [
       19.982903,
       49.977592
      ],
      [
       19.982974,
       49.977565
      ],
      [
       19.982994,
       49.977542
      ],
      [
       19.983014,
       49.977508
      ],
      [
       19.983016,
       49.97748
      ],
      [
       19.982992,
       49.977455
      ],
      [
       19.982958,
       49.977433
      ],
      [
       19.982912,
       49.977417
      ]
     ]
    ],
    "type": "Polygon"
   },
   "id": 140,
   "properties": {
    "ADRES": "",
    "ATRYBUTY_O": "Nr stanowiska: 546",
    "BUDOWNICZY": "",
    "CHARAKTER": "",
    "DATA_WPISU": null,
    "DATA_WZNIE": "",
    "DZIELNICA": "",
    "FID": 140,
    "FUNKCJA_OB": "",
    "FUNKCJA_PI": "",
    "GDB_AREA": 552.79,
    "GDB_PRM": 86.04,
    "GDB_PRMEX": 86.04,
    "GPT_DATE": null,
    "GPT_USER": "",
    "ID": 31321,
    "IDENT_OBIE": "67853299",
    "ID_ISDP": 0,
    "ID_SPRAWY": 80585549,
    "ID_WARSTWY": "F19_STAN_ARCH",
    "ISDP_FID": "GDB$G_EOZ_ARCHEOLOGIA_EOZ_A.4d9eef0c-e2bd-557a-e055-000000000001",
    "ISTNIEJE": "",
    "KARTA_MAPY": "",
    "LOKALIZACJ": "",
    "MATERIAL": "",
    "NAZWA": "",
    "NUMER": "",
    "NUMER_EWID": "",
    "NUMER_REJ_": "",
    "OBREB": "",
    "REJESTR_TA": "EW_ARCHEOLOGIA",
    "RODZAJE_ZA": "",
    "RODZAJ_OBI": "",
    "RODZAJ_WLA": "",
    "STAN_ZACHO": "",
    "STATUS": "",
    "STYL_OBIEK": "",
    "SYMBOL_EWI": "",
    "SYMBOL_REJ": "",
    "Shape__Area": 1335.150390625,
    "Shape__Length": 133.6813112600072,
    "UWAGI": "",
    "WIEK_CZ_PO": "",
    "WIEK_POWST": "",
    "WYDRUK_LIN": "",
    "ZAJETA_NA_": 1,
    "ZALACZNIKI": "http://172.16.11.22:8085/SOWA2-services/doc/print/65353099/0546.pdf",
    "ZDJECIE_1": "",
    "ZDJECIE_2": "",
    "ZDJECIE_3": "",
    "ZDJECIE_4": "",
    "ZDJECIE_5": "",
    "ZDJECIE_6": "",
    "ZDJECIE_7": "",
    "ZDJECIE_8": "",
    "ZWERYFIKOW": "",
    "ZWIAZANA_Z": 0
   },
   "type": "Feature"
  },
  {
   "geometry": {
    "coordinates": [
     [
      [
       19.991072,
       50.000648
      ],
      [
       19.990794,
       50.000663
      ],
      [
       19.99066,
       50.000691
      ],
      [
       19.990579,
       50.000716
      ],
      [
       19.990542,
       50.000747
      ],
      [
       19.990567,
       50.000814
      ],
      [
       19.990697,
       50.000901
      ],
      [
       19.990808,
       50.000933
      ],
      [
       19.991008,
       50.000948
      ],
      [
       19.991154,
       50.00095
      ],
      [
       19.991257,
       50.000947
      ],
      [
       19.991331,
       50.00093
      ],
      [
       19.991462,
       50.000901
      ],
      [
       19.991526,
       50.000861
      ],
      [
       19.991541,
       50.000816
      ],
      [
       19.991527,
       50.000772
      ],
      [
       19.991504,
       50.000739
      ],
      [
       19.991464,
       50.000699
      ],
      [
       19.991355,
       50.000669
      ],
      [
       19.991251,
       50.000654
      ],
      [
       19.991072,
       50.000648
      ]
     ]
    ],
    "type": "Polygon"
   },
   "id": 141,
   "properties": {
    "ADRES": "",
    "ATRYBUTY_O": "Nr stanowiska: 549",
    "BUDOWNICZY": "",
    "CHARAKTER": "",
    "DATA_WPISU": null,
    "DATA_WZNIE": "",
    "DZIELNICA": "",
    "FID": 141,
    "FUNKCJA_OB": "",
    "FUNKCJA_PI": "",
    "GDB_AREA": 1924.14,
    "GDB_PRM": 173.32,
    "GDB_PRMEX": 173.32,
    "GPT_DATE": null,
    "GPT_USER": "",
    "ID": 31199,
    "IDENT_OBIE": "67847199",
    "ID_ISDP": 0,
    "ID_SPRAWY": 80563699,
    "ID_WARSTWY": "F19_STAN_ARCH",
    "ISDP_FID": "GDB$G_EOZ_ARCHEOLOGIA_EOZ_A.4d9eef0c-e2be-557a-e055-000000000001",
    "ISTNIEJE": "",
    "KARTA_MAPY": "",
    "LOKALIZACJ": "",
    "MATERIAL": "",
    "NAZWA": "",
    "NUMER": "",
    "NUMER_EWID": "",
    "NUMER_REJ_": "",
    "OBREB": "",
    "REJESTR_TA": "EW_ARCHEOLOGIA",
    "RODZAJE_ZA": "",
    "RODZAJ_OBI": "",
    "RODZAJ_WLA": "",
    "STAN_ZACHO": "",
    "STATUS": "",
    "STYL_OBIEK": "",
    "SYMBOL_EWI": "",
    "SYMBOL_REJ": "",
    "Shape__Area": 4651.8564453125,
    "Shape__Length": 269.307729759194,
    "UWAGI": "",
    "WIEK_CZ_PO": "",
    "WIEK_POWST": "",
    "WYDRUK_LIN": "",
    "ZAJETA_NA_": 1,
    "ZALACZNIKI": "http://172.16.11.22:8085/SOWA2-services/doc/print/65353149/0549.pdf",
    "ZDJECIE_1": "",
    "ZDJECIE_2": "",
    "ZDJECIE_3": "",
    "ZDJECIE_4": "",
    "ZDJECIE_5": "",
    "ZDJECIE_6": "",
    "ZDJECIE_7": "",
    "ZDJECIE_8": "",
    "ZWERYFIKOW": "",
    "ZWIAZANA_Z": 0
   },
   "type": "Feature"
  },
  {
   "geometry": {
    "coordinates": [
     [
      [
       19.951599,
       49.980258
      ],
      [
       19.951488,
       49.980244
      ],
      [
       19.951383,
       49.980255
      ],
      [
       19.951313,
       49.980276
      ],
      [
       19.951278,
       49.980304
      ],
      [
       19.951276,
       49.980346
      ],
      [
       19.951322,
       49.980392
      ],
      [
       19.951399,
       49.980427
      ],
      [
       19.951496,
       49.980445
      ],
      [
       19.95156,
       49.980447
      ],
      [
       19.951648,
       49.980425
      ],
      [
       19.951702,
       49.980386
      ],
      [
       19.951722,
       49.980349
      ],
      [
       19.951704,
       49.980309
      ],
      [
       19.951661,
       49.980274
      ],
      [
       19.951599,
       49.980258
      ]
     ]
    ],
    "type": "Polygon"
   },
   "id": 142,
   "properties": {
    "ADRES": "",
    "ATRYBUTY_O": "Nr stanowiska: 554",
    "BUDOWNICZY": "",
    "CHARAKTER": "",
    "DATA_WPISU": null,
    "DATA_WZNIE": "",
    "DZIELNICA": "",
    "FID": 142,
    "FUNKCJA_OB": "",
    "FUNKCJA_PI": "",
    "GDB_AREA": 547.78,
    "GDB_PRM": 86.01,
    "GDB_PRMEX": 86.01,
    "GPT_DATE": null,
    "GPT_USER": "",
    "ID": 31362,
    "IDENT_OBIE": "67855349",
    "ID_ISDP": 0,
    "ID_SPRAWY": 80593749,
    "ID_WARSTWY": "F19_STAN_ARCH",
    "ISDP_FID": "GDB$G_EOZ_ARCHEOLOGIA_EOZ_A.4d9eef0c-e2bf-557a-e055-000000000001",
    "ISTNIEJE": "",
    "KARTA_MAPY": "",
    "LOKALIZACJ": "",
    "MATERIAL": "",
    "NAZWA": "",
    "NUMER": "",
    "NUMER_EWID": "",
    "NUMER_REJ_": "",
    "OBREB": "",
    "REJESTR_TA": "EW_ARCHEOLOGIA",
    "RODZAJE_ZA": "",
    "RODZAJ_OBI": "",
    "RODZAJ_WLA": "",
    "STAN_ZACHO": "",
    "STATUS": "",
    "STYL_OBIEK": "",
    "SYMBOL_EWI": "",
    "SYMBOL_REJ": "",
    "Shape__Area": 1323.1904296875,
    "Shape__Length": 133.62793956237238,
    "UWAGI": "",
    "WIEK_CZ_PO": "",
    "WIEK_POWST": "",
    "WYDRUK_LIN": "",
    "ZAJETA_NA_": 1,
    "ZALACZNIKI": "http://172.16.11.22:8085/SOWA2-services/doc/print/65353299/0554.pdf",
    "ZDJECIE_1": "",
    "ZDJECIE_2": "",
    "ZDJECIE_3": "",
    "ZDJECIE_4": "",
    "ZDJECIE_5": "",
    "ZDJECIE_6": "",
    "ZDJECIE_7": "",
    "ZDJECIE_8": "",
    "ZWERYFIKOW": "",
    "ZWIAZANA_Z": 0
   },
   "type": "Feature"
  },
  {
   "geometry": {
    "coordinates": [
     [
      [
       19.950138,
       49.974647
      ],
      [
       19.950355,
       49.974675
      ],
      [
       19.950574,
       49.974676
      ],
      [
       19.950704,
       49.97462
      ],
      [
       19.950786,
       49.974538
      ],
      [
       19.950828,
       49.974465
      ],
      [
       19.950775,
       49.974327
      ],
      [
       19.950644,
       49.974181
      ],
      [
       19.950429,
       49.974007
      ],
      [
       19.95024,
       49.973873
      ],
      [
       19.950058,
       49.973822
      ],
      [
       19.949777,
       49.973789
      ],
      [
       19.949613,
       49.973816
      ],
      [
       19.949469,
       49.973871
      ],
      [
       19.949334,
       49.973973
      ],
      [
       19.949271,
       49.974091
      ],
      [
       19.949277,
       49.974184
      ],
      [
       19.949356,
       49.974307
      ],
      [
       19.94966,
       49.974489
      ],
      [
       19.94998,
       49.974611
      ],
      [
       19.950138,
       49.974647
      ]
     ]
    ],
    "type": "Polygon"
   },
   "id": 143,
   "properties": {
    "ADRES": "",
    "ATRYBUTY_O": "Nr stanowiska: 557",
    "BUDOWNICZY": "",
    "CHARAKTER": "",
    "DATA_WPISU": null,
    "DATA_WZNIE": "",
    "DZIELNICA": "",
    "FID": 143,
    "FUNKCJA_OB": "",
    "FUNKCJA_PI": "",
    "GDB_AREA": 7526.15,
    "GDB_PRM": 323.02,
    "GDB_PRMEX": 323.02,
    "GPT_DATE": null,
    "GPT_USER": "",
    "ID": 31364,
    "IDENT_OBIE": "67855449",
    "ID_ISDP": 0,
    "ID_SPRAWY": 80593899,
    "ID_WARSTWY": "F19_STAN_ARCH",
    "ISDP_FID": "GDB$G_EOZ_ARCHEOLOGIA_EOZ_A.4d9eef0c-e2c0-557a-e055-000000000001",
    "ISTNIEJE": "",
    "KARTA_MAPY": "",
    "LOKALIZACJ": "",
    "MATERIAL": "",
    "NAZWA": "",
    "NUMER": "",
    "NUMER_EWID": "",
    "NUMER_REJ_": "",
    "OBREB": "",
    "REJESTR_TA": "EW_ARCHEOLOGIA",
    "RODZAJE_ZA": "",
    "RODZAJ_OBI": "",
    "RODZAJ_WLA": "",
    "STAN_ZACHO": "",
    "STATUS": "",
    "STYL_OBIEK": "",
    "SYMBOL_EWI": "",
    "SYMBOL_REJ": "",
    "Shape__Area": 18175.216796875,
    "Shape__Length": 501.9220373467997,
    "UWAGI": "",
    "WIEK_CZ_PO": "",
    "WIEK_POWST": "",
    "WYDRUK_LIN": "",
    "ZAJETA_NA_": 1,
    "ZALACZNIKI": "http://172.16.11.22:8085/SOWA2-services/doc/print/65353399/0557.pdf",
    "ZDJECIE_1": "",
    "ZDJECIE_2": "",
    "ZDJECIE_3": "",
    "ZDJECIE_4": "",
    "ZDJECIE_5": "",
    "ZDJECIE_6": "",
    "ZDJECIE_7": "",
    "ZDJECIE_8": "",
    "ZWERYFIKOW": "",
    "ZWIAZANA_Z": 0
   },
   "type": "Feature"
  },
  {
   "geometry": {
    "coordinates": [
     [
      [
       19.874596,
       49.997108
      ],
      [
       19.874508,
       49.997114
      ],
      [
       19.874436,
       49.997132
      ],
      [
       19.874377,
       49.997157
      ],
      [
       19.874364,
       49.997191
      ],
      [
       19.874381,
       49.99723
      ],
      [
       19.874432,
       49.997263
      ],
      [
       19.874493,
       49.997295
      ],
      [
       19.874569,
       49.99731
      ],
      [
       19.874683,
       49.997315
      ],
      [
       19.874745,
       49.997316
      ],
      [
       19.874788,
       49.997301
      ],
      [
       19.874823,
       49.997272
      ],
      [
       19.874848,
       49.997243
      ],
      [
       19.874856,
       49.997211
      ],
      [
       19.874849,
       49.997176
      ],
      [
       19.874815,
       49.997149
      ],
      [
       19.874726,
       49.99712
      ],
      [
       19.874651,
       49.99711
      ],
      [
       19.874596,
       49.997108
      ]
     ]
    ],
    "type": "Polygon"
   },
   "id": 144,
   "properties": {
    "ADRES": "",
    "ATRYBUTY_O": "Nr stanowiska: 561",
    "BUDOWNICZY": "",
    "CHARAKTER": "",
    "DATA_WPISU": null,
    "DATA_WZNIE": "",
    "DZIELNICA": "",
    "FID": 144,
    "FUNKCJA_OB": "",
    "FUNKCJA_PI": "",
    "GDB_AREA": 638.85,
    "GDB_PRM": 93.78,
    "GDB_PRMEX": 93.78,
    "GPT_DATE": null,
    "GPT_USER": "",
    "ID": 31291,
    "IDENT_OBIE": "67851799",
    "ID_ISDP": 0,
    "ID_SPRAWY": 80582399,
    "ID_WARSTWY": "F19_STAN_ARCH",
    "ISDP_FID": "GDB$G_EOZ_ARCHEOLOGIA_EOZ_A.4d9eef0c-e2c1-557a-e055-000000000001",
    "ISTNIEJE": "",
    "KARTA_MAPY": "",
    "LOKALIZACJ": "",
    "MATERIAL": "",
    "NAZWA": "",
    "NUMER": "",
    "NUMER_EWID": "",
    "NUMER_REJ_": "",
    "OBREB": "",
    "REJESTR_TA": "EW_ARCHEOLOGIA",
    "RODZAJE_ZA": "",
    "RODZAJ_OBI": "",
    "RODZAJ_WLA": "",
    "STAN_ZACHO": "",
    "STATUS": "",
    "STYL_OBIEK": "",
    "SYMBOL_EWI": "",
    "SYMBOL_REJ": "",
    "Shape__Area": 1544.220703125,
    "Shape__Length": 145.7450070842786,
    "UWAGI": "",
    "WIEK_CZ_PO": "",
    "WIEK_POWST": "",
    "WYDRUK_LIN": "",
    "ZAJETA_NA_": 1,
    "ZALACZNIKI": "http://172.16.11.22:8085/SOWA2-services/doc/print/65353499/0561.pdf",
    "ZDJECIE_1": "",
    "ZDJECIE_2": "",
    "ZDJECIE_3": "",
    "ZDJECIE_4": "",
    "ZDJECIE_5": "",
    "ZDJECIE_6": "",
    "ZDJECIE_7": "",
    "ZDJECIE_8": "",
    "ZWERYFIKOW": "",
    "ZWIAZANA_Z": 0
   },
   "type": "Feature"
  },
  {
   "geometry": {
    "coordinates": [
     [
      [
       19.867194,
       49.988165
      ],
      [
       19.867078,
       49.988204
      ],
      [
       19.866996,
       49.988247
      ],
      [
       19.86695,
       49.988298
      ],
      [
       19.866935,
       49.988359
      ],
      [
       19.866949,
       49.988421
      ],
      [
       19.866957,
       49.988453
      ],
      [
       19.866953,
       49.988496
      ],
      [
       19.866998,
       49.988533
      ],
      [
       19.867062,
       49.988548
      ],
      [
       19.867156,
       49.988536
      ],
      [
       19.867263,
       49.988498
      ],
      [
       19.867402,
       49.988415
      ],
      [
       19.867497,
       49.988336
      ],
      [
       19.867547,
       49.988269
      ],
      [
       19.867523,
       49.988229
      ],
      [
       19.867458,
       49.988183
      ],
      [
       19.867357,
       49.988161
      ],
      [
       19.86726,
       49.988159
      ],
      [
       19.867194,
       49.988165
      ]
     ]
    ],
    "type": "Polygon"
   },
   "id": 145,
   "properties": {
    "ADRES": "",
    "ATRYBUTY_O": "Nr stanowiska: 573",
    "BUDOWNICZY": "",
    "CHARAKTER": "",
    "DATA_WPISU": null,
    "DATA_WZNIE": "",
    "DZIELNICA": "",
    "FID": 145,
    "FUNKCJA_OB": "",
    "FUNKCJA_PI": "",
    "GDB_AREA": 1317.18,
    "GDB_PRM": 135.58,
    "GDB_PRMEX": 135.58,
    "GPT_DATE": null,
    "GPT_USER": "",
    "ID": 31294,
    "IDENT_OBIE": "67851949",
    "ID_ISDP": 0,
    "ID_SPRAWY": 80582949,
    "ID_WARSTWY": "F19_STAN_ARCH",
    "ISDP_FID": "GDB$G_EOZ_ARCHEOLOGIA_EOZ_A.4d9eef0c-e2c2-557a-e055-000000000001",
    "ISTNIEJE": "",
    "KARTA_MAPY": "",
    "LOKALIZACJ": "",
    "MATERIAL": "",
    "NAZWA": "",
    "NUMER": "",
    "NUMER_EWID": "",
    "NUMER_REJ_": "",
    "OBREB": "",
    "REJESTR_TA": "EW_ARCHEOLOGIA",
    "RODZAJE_ZA": "",
    "RODZAJ_OBI": "",
    "RODZAJ_WLA": "",
    "STAN_ZACHO": "",
    "STATUS": "",
    "STYL_OBIEK": "",
    "SYMBOL_EWI": "",
    "SYMBOL_REJ": "",
    "Shape__Area": 3182.6865234375,
    "Shape__Length": 210.74326161182415,
    "UWAGI": "",
    "WIEK_CZ_PO": "",
    "WIEK_POWST": "",
    "WYDRUK_LIN": "",
    "ZAJETA_NA_": 1,
    "ZALACZNIKI": "http://172.16.11.22:8085/SOWA2-services/doc/print/65353649/0573.pdf",
    "ZDJECIE_1": "",
    "ZDJECIE_2": "",
    "ZDJECIE_3": "",
    "ZDJECIE_4": "",
    "ZDJECIE_5": "",
    "ZDJECIE_6": "",
    "ZDJECIE_7": "",
    "ZDJECIE_8": "",
    "ZWERYFIKOW": "",
    "ZWIAZANA_Z": 0
   },
   "type": "Feature"
  },
  {
   "geometry": {
    "coordinates": [
     [
      [
       19.870482,
       49.980889
      ],
      [
       19.870621,
       49.980844
      ],
      [
       19.870675,
       49.980802
      ],
      [
       19.870708,
       49.980756
      ],
      [
       19.870709,
       49.980703
      ],
      [
       19.870661,
       49.980618
      ],
      [
       19.870595,
       49.980568
      ],
      [
       19.870521,
       49.980538
      ],
      [
       19.870381,
       49.980504
      ],
      [
       19.870256,
       49.980488
      ],
      [
       19.870134,
       49.980494
      ],
      [
       19.869998,
       49.980542
      ],
      [
       19.869912,
       49.980625
      ],
      [
       19.869867,
       49.980685
      ],
      [
       19.869861,
       49.980754
      ],
      [
       19.869904,
       49.980837
      ],
      [
       19.869988,
       49.980879
      ],
      [
       19.870124,
       49.980893
      ],
      [
       19.870302,
       49.980906
      ],
      [
       19.870482,
       49.980889
      ]
     ]
    ],
    "type": "Polygon"
   },
   "id": 146,
   "properties": {
    "ADRES": "",
    "ATRYBUTY_O": "Nr stanowiska: 578",
    "BUDOWNICZY": "",
    "CHARAKTER": "",
    "DATA_WPISU": null,
    "DATA_WZNIE": "",
    "DZIELNICA": "",
    "FID": 146,
    "FUNKCJA_OB": "",
    "FUNKCJA_PI": "",
    "GDB_AREA": 2223.32,
    "GDB_PRM": 171.5,
    "GDB_PRMEX": 171.5,
    "GPT_DATE": null,
    "GPT_USER": "",
    "ID": 31296,
    "IDENT_OBIE": "67852049",
    "ID_ISDP": 0,
    "ID_SPRAWY": 80583199,
    "ID_WARSTWY": "F19_STAN_ARCH",
    "ISDP_FID": "GDB$G_EOZ_ARCHEOLOGIA_EOZ_A.4d9eef0c-e2c3-557a-e055-000000000001",
    "ISTNIEJE": "",
    "KARTA_MAPY": "",
    "LOKALIZACJ": "",
    "MATERIAL": "",
    "NAZWA": "",
    "NUMER": "",
    "NUMER_EWID": "",
    "NUMER_REJ_": "",
    "OBREB": "",
    "REJESTR_TA": "EW_ARCHEOLOGIA",
    "RODZAJE_ZA": "",
    "RODZAJ_OBI": "",
    "RODZAJ_WLA": "",
    "STAN_ZACHO": "",
    "STATUS": "",
    "STYL_OBIEK": "",
    "SYMBOL_EWI": "",
    "SYMBOL_REJ": "",
    "Shape__Area": 5370.50390625,
    "Shape__Length": 266.47829250718456,
    "UWAGI": "",
    "WIEK_CZ_PO": "",
    "WIEK_POWST": "",
    "WYDRUK_LIN": "",
    "ZAJETA_NA_": 1,
    "ZALACZNIKI": "http://172.16.11.22:8085/SOWA2-services/doc/print/65353749/0578.pdf",
    "ZDJECIE_1": "",
    "ZDJECIE_2": "",
    "ZDJECIE_3": "",
    "ZDJECIE_4": "",
    "ZDJECIE_5": "",
    "ZDJECIE_6": "",
    "ZDJECIE_7": "",
    "ZDJECIE_8": "",
    "ZWERYFIKOW": "",
    "ZWIAZANA_Z": 0
   },
   "type": "Feature"
  },
  {
   "geometry": {
    "coordinates": [
     [
      [
       19.873303,
       49.977407
      ],
      [
       19.87315,
       49.977368
      ],
      [
       19.873023,
       49.977358
      ],
      [
       19.872924,
       49.977381
      ],
      [
       19.872825,
       49.977447
      ],
      [
       19.872773,
       49.977519
      ],
      [
       19.872777,
       49.977601
      ],
      [
       19.872831,
       49.977668
      ],
      [
       19.872905,
       49.977711
      ],
      [
       19.872956,
       49.977738
      ],
      [
       19.873041,
       49.977747
      ],
      [
       19.873185,
       49.977747
      ],
      [
       19.873293,
       49.977712
      ],
      [
       19.873381,
       49.977642
      ],
      [
       19.873419,
       49.977592
      ],
      [
       19.873435,
       49.977543
      ],
      [
       19.873409,
       49.97749
      ],
      [
       19.87337,
       49.977451
      ],
      [
       19.873303,
       49.977407
      ]
     ]
    ],
    "type": "Polygon"
   },
   "id": 147,
   "properties": {
    "ADRES": "",
    "ATRYBUTY_O": "Nr stanowiska: 581",
    "BUDOWNICZY": "",
    "CHARAKTER": "",
    "DATA_WPISU": null,
    "DATA_WZNIE": "",
    "DZIELNICA": "",
    "FID": 147,
    "FUNKCJA_OB": "",
    "FUNKCJA_PI": "",
    "GDB_AREA": 1576.79,
    "GDB_PRM": 142.18,
    "GDB_PRMEX": 142.18,
    "GPT_DATE": null,
    "GPT_USER": "",
    "ID": 31298,
    "IDENT_OBIE": "67852149",
    "ID_ISDP": 0,
    "ID_SPRAWY": 80583349,
    "ID_WARSTWY": "F19_STAN_ARCH",
    "ISDP_FID": "GDB$G_EOZ_ARCHEOLOGIA_EOZ_A.4d9eef0c-e2c4-557a-e055-000000000001",
    "ISTNIEJE": "",
    "KARTA_MAPY": "",
    "LOKALIZACJ": "",
    "MATERIAL": "",
    "NAZWA": "",
    "NUMER": "",
    "NUMER_EWID": "",
    "NUMER_REJ_": "",
    "OBREB": "",
    "REJESTR_TA": "EW_ARCHEOLOGIA",
    "RODZAJE_ZA": "",
    "RODZAJ_OBI": "",
    "RODZAJ_WLA": "",
    "STAN_ZACHO": "",
    "STATUS": "",
    "STYL_OBIEK": "",
    "SYMBOL_EWI": "",
    "SYMBOL_REJ": "",
    "Shape__Area": 3808.3037109375,
    "Shape__Length": 220.94143535009408,
    "UWAGI": "",
    "WIEK_CZ_PO": "",
    "WIEK_POWST": "",
    "WYDRUK_LIN": "",
    "ZAJETA_NA_": 1,
    "ZALACZNIKI": "http://172.16.11.22:8085/SOWA2-services/doc/print/65353849/0581.pdf",
    "ZDJECIE_1": "",
    "ZDJECIE_2": "",
    "ZDJECIE_3": "",
    "ZDJECIE_4": "",
    "ZDJECIE_5": "",
    "ZDJECIE_6": "",
    "ZDJECIE_7": "",
    "ZDJECIE_8": "",
    "ZWERYFIKOW": "",
    "ZWIAZANA_Z": 0
   },
   "type": "Feature"
  },
  {
   "geometry": {
    "coordinates": [
     [
      [
       19.885267,
       49.978976
      ],
      [
       19.885357,
       49.978971
      ],
      [
       19.885472,
       49.978918
      ],
      [
       19.88552,
       49.978841
      ],
      [
       19.885521,
       49.978785
      ],
      [
       19.885482,
       49.978734
      ],
      [
       19.885421,
       49.978701
      ],
      [
       19.885373,
       49.978681
      ],
      [
       19.885167,
       49.978644
      ],
      [
       19.884937,
       49.978639
      ],
      [
       19.884826,
       49.978646
      ],
      [
       19.884759,
       49.978663
      ],
      [
       19.884724,
       49.97869
      ],
      [
       19.884713,
       49.978722
      ],
      [
       19.884711,
       49.978773
      ],
      [
       19.884771,
       49.978825
      ],
      [
       19.884867,
       49.978876
      ],
      [
       19.885034,
       49.97893
      ],
      [
       19.885173,
       49.978963
      ],
      [
       19.885267,
       49.978976
      ]
     ]
    ],
    "type": "Polygon"
   },
   "id": 148,
   "properties": {
    "ADRES": "",
    "ATRYBUTY_O": "Nr stanowiska: 584",
    "BUDOWNICZY": "",
    "CHARAKTER": "",
    "DATA_WPISU": null,
    "DATA_WZNIE": "",
    "DZIELNICA": "",
    "FID": 148,
    "FUNKCJA_OB": "",
    "FUNKCJA_PI": "",
    "GDB_AREA": 1623.6,
    "GDB_PRM": 153.44,
    "GDB_PRMEX": 153.44,
    "GPT_DATE": null,
    "GPT_USER": "",
    "ID": 31300,
    "IDENT_OBIE": "67852249",
    "ID_ISDP": 0,
    "ID_SPRAWY": 80583499,
    "ID_WARSTWY": "F19_STAN_ARCH",
    "ISDP_FID": "GDB$G_EOZ_ARCHEOLOGIA_EOZ_A.4d9eef0c-e2c5-557a-e055-000000000001",
    "ISTNIEJE": "",
    "KARTA_MAPY": "",
    "LOKALIZACJ": "",
    "MATERIAL": "",
    "NAZWA": "",
    "NUMER": "",
    "NUMER_EWID": "",
    "NUMER_REJ_": "",
    "OBREB": "",
    "REJESTR_TA": "EW_ARCHEOLOGIA",
    "RODZAJE_ZA": "",
    "RODZAJ_OBI": "",
    "RODZAJ_WLA": "",
    "STAN_ZACHO": "",
    "STATUS": "",
    "STYL_OBIEK": "",
    "SYMBOL_EWI": "",
    "SYMBOL_REJ": "",
    "Shape__Area": 3921.5751953125,
    "Shape__Length": 238.36331520144518,
    "UWAGI": "",
    "WIEK_CZ_PO": "",
    "WIEK_POWST": "",
    "WYDRUK_LIN": "",
    "ZAJETA_NA_": 1,
    "ZALACZNIKI": "http://172.16.11.22:8085/SOWA2-services/doc/print/65353949/0584.pdf",
    "ZDJECIE_1": "",
    "ZDJECIE_2": "",
    "ZDJECIE_3": "",
    "ZDJECIE_4": "",
    "ZDJECIE_5": "",
    "ZDJECIE_6": "",
    "ZDJECIE_7": "",
    "ZDJECIE_8": "",
    "ZWERYFIKOW": "",
    "ZWIAZANA_Z": 0
   },
   "type": "Feature"
  },
  {
   "geometry": {
    "coordinates": [
     [
      [
       19.908862,
       49.983058
      ],
      [
       19.908772,
       49.983009
      ],
      [
       19.908704,
       49.982998
      ],
      [
       19.908641,
       49.983017
      ],
      [
       19.908574,
       49.983057
      ],
      [
       19.908453,
       49.983228
      ],
      [
       19.908429,
       49.983289
      ],
      [
       19.908445,
       49.983342
      ],
      [
       19.908542,
       49.983434
      ],
      [
       19.908641,
       49.983474
      ],
      [
       19.908706,
       49.983485
      ],
      [
       19.90879,
       49.983484
      ],
      [
       19.908857,
       49.983461
      ],
      [
       19.908918,
       49.983433
      ],
      [
       19.908959,
       49.983382
      ],
      [
       19.90897,
       49.983329
      ],
      [
       19.908973,
       49.983288
      ],
      [
       19.908941,
       49.983165
      ],
      [
       19.908902,
       49.983102
      ],
      [
       19.908862,
       49.983058
      ]
     ]
    ],
    "type": "Polygon"
   },
   "id": 149,
   "properties": {
    "ADRES": "",
    "ATRYBUTY_O": "Nr stanowiska: 599",
    "BUDOWNICZY": "",
    "CHARAKTER": "",
    "DATA_WPISU": null,
    "DATA_WZNIE": "",
    "DZIELNICA": "",
    "FID": 149,
    "FUNKCJA_OB": "",
    "FUNKCJA_PI": "",
    "GDB_AREA": 1552.29,
    "GDB_PRM": 145.32,
    "GDB_PRMEX": 145.32,
    "GPT_DATE": null,
    "GPT_USER": "",
    "ID": 31259,
    "IDENT_OBIE": "67850199",
    "ID_ISDP": 0,
    "ID_SPRAWY": 80575849,
    "ID_WARSTWY": "F19_STAN_ARCH",
    "ISDP_FID": "GDB$G_EOZ_ARCHEOLOGIA_EOZ_A.4d9eef0c-e2c6-557a-e055-000000000001",
    "ISTNIEJE": "",
    "KARTA_MAPY": "",
    "LOKALIZACJ": "",
    "MATERIAL": "",
    "NAZWA": "",
    "NUMER": "",
    "NUMER_EWID": "",
    "NUMER_REJ_": "",
    "OBREB": "",
    "REJESTR_TA": "EW_ARCHEOLOGIA",
    "RODZAJE_ZA": "",
    "RODZAJ_OBI": "",
    "RODZAJ_WLA": "",
    "STAN_ZACHO": "",
    "STATUS": "",
    "STYL_OBIEK": "",
    "SYMBOL_EWI": "",
    "SYMBOL_REJ": "",
    "Shape__Area": 3750.0419921875,
    "Shape__Length": 225.95516904903292,
    "UWAGI": "",
    "WIEK_CZ_PO": "",
    "WIEK_POWST": "",
    "WYDRUK_LIN": "",
    "ZAJETA_NA_": 1,
    "ZALACZNIKI": "http://172.16.11.22:8085/SOWA2-services/doc/print/65354149/0599.pdf",
    "ZDJECIE_1": "",
    "ZDJECIE_2": "",
    "ZDJECIE_3": "",
    "ZDJECIE_4": "",
    "ZDJECIE_5": "",
    "ZDJECIE_6": "",
    "ZDJECIE_7": "",
    "ZDJECIE_8": "",
    "ZWERYFIKOW": "",
    "ZWIAZANA_Z": 0
   },
   "type": "Feature"
  },
  {
   "geometry": {
    "coordinates": [
     [
      [
       19.915463,
       49.984269
      ],
      [
       19.915564,
       49.984207
      ],
      [
       19.915595,
       49.984158
      ],
      [
       19.915606,
       49.984095
      ],
      [
       19.915599,
       49.984027
      ],
      [
       19.915564,
       49.983969
      ],
      [
       19.915513,
       49.983925
      ],
      [
       19.915436,
       49.983901
      ],
      [
       19.915359,
       49.983898
      ],
      [
       19.915247,
       49.98392
      ],
      [
       19.915137,
       49.983998
      ],
      [
       19.915078,
       49.984079
      ],
      [
       19.915065,
       49.984138
      ],
      [
       19.915068,
       49.984192
      ],
      [
       19.915128,
       49.984244
      ],
      [
       19.915208,
       49.984284
      ],
      [
       19.915306,
       49.984297
      ],
      [
       19.915403,
       49.984289
      ],
      [
       19.915463,
       49.984269
      ]
     ]
    ],
    "type": "Polygon"
   },
   "id": 150,
   "properties": {
    "ADRES": "",
    "ATRYBUTY_O": "Nr stanowiska: 602",
    "BUDOWNICZY": "",
    "CHARAKTER": "",
    "DATA_WPISU": null,
    "DATA_WZNIE": "",
    "DZIELNICA": "",
    "FID": 150,
    "FUNKCJA_OB": "",
    "FUNKCJA_PI": "",
    "GDB_AREA": 1333.58,
    "GDB_PRM": 131.41,
    "GDB_PRMEX": 131.41,
    "GPT_DATE": null,
    "GPT_USER": "",
    "ID": 31261,
    "IDENT_OBIE": "67850299",
    "ID_ISDP": 0,
    "ID_SPRAWY": 80575999,
    "ID_WARSTWY": "F19_STAN_ARCH",
    "ISDP_FID": "GDB$G_EOZ_ARCHEOLOGIA_EOZ_A.4d9eef0c-e2c7-557a-e055-000000000001",
    "ISTNIEJE": "",
    "KARTA_MAPY": "",
    "LOKALIZACJ": "",
    "MATERIAL": "",
    "NAZWA": "",
    "NUMER": "",
    "NUMER_EWID": "",
    "NUMER_REJ_": "",
    "OBREB": "",
    "REJESTR_TA": "EW_ARCHEOLOGIA",
    "RODZAJE_ZA": "",
    "RODZAJ_OBI": "",
    "RODZAJ_WLA": "",
    "STAN_ZACHO": "",
    "STATUS": "",
    "STYL_OBIEK": "",
    "SYMBOL_EWI": "",
    "SYMBOL_REJ": "",
    "Shape__Area": 3221.798828125,
    "Shape__Length": 204.2864498641167,
    "UWAGI": "",
    "WIEK_CZ_PO": "",
    "WIEK_POWST": "",
    "WYDRUK_LIN": "",
    "ZAJETA_NA_": 1,
    "ZALACZNIKI": "http://172.16.11.22:8085/SOWA2-services/doc/print/65354249/0602.pdf",
    "ZDJECIE_1": "",
    "ZDJECIE_2": "",
    "ZDJECIE_3": "",
    "ZDJECIE_4": "",
    "ZDJECIE_5": "",
    "ZDJECIE_6": "",
    "ZDJECIE_7": "",
    "ZDJECIE_8": "",
    "ZWERYFIKOW": "",
    "ZWIAZANA_Z": 0
   },
   "type": "Feature"
  },
  {
   "geometry": {
    "coordinates": [
     [
      [
       19.933471,
       49.997017
      ],
      [
       19.933445,
       49.997059
      ],
      [
       19.933438,
       49.997104
      ],
      [
       19.93345,
       49.99716
      ],
      [
       19.933503,
       49.997219
      ],
      [
       19.933566,
       49.997254
      ],
      [
       19.933656,
       49.997269
      ],
      [
       19.933717,
       49.997262
      ],
      [
       19.933769,
       49.997235
      ],
      [
       19.933804,
       49.997194
      ],
      [
       19.933802,
       49.997148
      ],
      [
       19.933782,
       49.997099
      ],
      [
       19.93375,
       49.99706
      ],
      [
       19.933712,
       49.99703
      ],
      [
       19.933635,
       49.996993
      ],
      [
       19.933582,
       49.996991
      ],
      [
       19.933521,
       49.996997
      ],
      [
       19.933492,
       49.997006
      ],
      [
       19.933471,
       49.997017
      ]
     ]
    ],
    "type": "Polygon"
   },
   "id": 151,
   "properties": {
    "ADRES": "",
    "ATRYBUTY_O": "Nr stanowiska: 610",
    "BUDOWNICZY": "",
    "CHARAKTER": "",
    "DATA_WPISU": null,
    "DATA_WZNIE": "",
    "DZIELNICA": "",
    "FID": 151,
    "FUNKCJA_OB": "",
    "FUNKCJA_PI": "",
    "GDB_AREA": 618.95,
    "GDB_PRM": 90.3,
    "GDB_PRMEX": 90.3,
    "GPT_DATE": null,
    "GPT_USER": "",
    "ID": 31324,
    "IDENT_OBIE": "67853449",
    "ID_ISDP": 0,
    "ID_SPRAWY": 80586649,
    "ID_WARSTWY": "F19_STAN_ARCH",
    "ISDP_FID": "GDB$G_EOZ_ARCHEOLOGIA_EOZ_A.4d9eef0c-e2c8-557a-e055-000000000001",
    "ISTNIEJE": "",
    "KARTA_MAPY": "",
    "LOKALIZACJ": "",
    "MATERIAL": "",
    "NAZWA": "",
    "NUMER": "",
    "NUMER_EWID": "",
    "NUMER_REJ_": "",
    "OBREB": "",
    "REJESTR_TA": "EW_ARCHEOLOGIA",
    "RODZAJE_ZA": "",
    "RODZAJ_OBI": "",
    "RODZAJ_WLA": "",
    "STAN_ZACHO": "",
    "STATUS": "",
    "STYL_OBIEK": "",
    "SYMBOL_EWI": "",
    "SYMBOL_REJ": "",
    "Shape__Area": 1496.1318359375,
    "Shape__Length": 140.41260553340862,
    "UWAGI": "",
    "WIEK_CZ_PO": "",
    "WIEK_POWST": "",
    "WYDRUK_LIN": "",
    "ZAJETA_NA_": 1,
    "ZALACZNIKI": "http://172.16.11.22:8085/SOWA2-services/doc/print/65354449/0610.pdf",
    "ZDJECIE_1": "",
    "ZDJECIE_2": "",
    "ZDJECIE_3": "",
    "ZDJECIE_4": "",
    "ZDJECIE_5": "",
    "ZDJECIE_6": "",
    "ZDJECIE_7": "",
    "ZDJECIE_8": "",
    "ZWERYFIKOW": "",
    "ZWIAZANA_Z": 0
   },
   "type": "Feature"
  },
  {
   "geometry": {
    "coordinates": [
     [
      [
       20.042324,
       50.067115
      ],
      [
       20.043161,
       50.067056
      ],
      [
       20.043537,
       50.066884
      ],
      [
       20.045859,
       50.06657
      ],
      [
       20.048691,
       50.066002
      ],
      [
       20.049819,
       50.065921
      ],
      [
       20.050475,
       50.065649
      ],
      [
       20.050749,
       50.064949
      ],
      [
       20.050743,
       50.064152
      ],
      [
       20.050608,
       50.063602
      ],
      [
       20.050193,
       50.063369
      ],
      [
       20.049804,
       50.063269
      ],
      [
       20.049022,
       50.063318
      ],
      [
       20.048606,
       50.063326
      ],
      [
       20.047684,
       50.063534
      ],
      [
       20.046922,
       50.063781
      ],
      [
       20.046375,
       50.064057
      ],
      [
       20.045421,
       50.064438
      ],
      [
       20.044311,
       50.064739
      ],
      [
       20.043474,
       50.065026
      ],
      [
       20.042503,
       50.066041
      ],
      [
       20.042085,
       50.066724
      ],
      [
       20.042324,
       50.067115
      ]
     ]
    ],
    "type": "Polygon"
   },
   "id": 152,
   "properties": {
    "ADRES": "",
    "ATRYBUTY_O": "Nr stanowiska: 691",
    "BUDOWNICZY": "",
    "CHARAKTER": "",
    "DATA_WPISU": null,
    "DATA_WZNIE": "",
    "DZIELNICA": "",
    "FID": 152,
    "FUNKCJA_OB": "",
    "FUNKCJA_PI": "",
    "GDB_AREA": 151211.89,
    "GDB_PRM": 1675.33,
    "GDB_PRMEX": 1675.33,
    "GPT_DATE": null,
    "GPT_USER": "",
    "ID": 31232,
    "IDENT_OBIE": "67848849",
    "ID_ISDP": 0,
    "ID_SPRAWY": 80570249,
    "ID_WARSTWY": "F19_STAN_ARCH",
    "ISDP_FID": "GDB$G_EOZ_ARCHEOLOGIA_EOZ_A.4d9eef0c-e2c9-557a-e055-000000000001",
    "ISTNIEJE": "",
    "KARTA_MAPY": "",
    "LOKALIZACJ": "",
    "MATERIAL": "",
    "NAZWA": "",
    "NUMER": "",
    "NUMER_EWID": "",
    "NUMER_REJ_": "",
    "OBREB": "",
    "REJESTR_TA": "EW_ARCHEOLOGIA",
    "RODZAJE_ZA": "",
    "RODZAJ_OBI": "",
    "RODZAJ_WLA": "",
    "STAN_ZACHO": "",
    "STATUS": "",
    "STYL_OBIEK": "",
    "SYMBOL_EWI": "",
    "SYMBOL_REJ": "",
    "Shape__Area": 366554.4384765625,
    "Shape__Length": 2607.3953337014345,
    "UWAGI": "",
    "WIEK_CZ_PO": "",
    "WIEK_POWST": "",
    "WYDRUK_LIN": "",
    "ZAJETA_NA_": 1,
    "ZALACZNIKI": "http://172.16.11.22:8085/SOWA2-services/doc/print/65354549/0691.pdf",
    "ZDJECIE_1": "",
    "ZDJECIE_2": "",
    "ZDJECIE_3": "",
    "ZDJECIE_4": "",
    "ZDJECIE_5": "",
    "ZDJECIE_6": "",
    "ZDJECIE_7": "",
    "ZDJECIE_8": "",
    "ZWERYFIKOW": "",
    "ZWIAZANA_Z": 0
   },
   "type": "Feature"
  },
  {
   "geometry": {
    "coordinates": [
     [
      [
       19.873056,
       50.087312
      ],
      [
       19.873248,
       50.087704
      ],
      [
       19.873735,
       50.087897
      ],
      [
       19.874225,
       50.087915
      ],
      [
       19.875121,
       50.087531
      ],
      [
       19.875291,
       50.087256
      ],
      [
       19.875222,
       50.086982
      ],
      [
       19.874665,
       50.086817
      ],
      [
       19.873508,
       50.08684
      ],
      [
       19.873136,
       50.087003
      ],
      [
       19.873056,
       50.087312
      ]
     ]
    ],
    "type": "Polygon"
   },
   "id": 153,
   "properties": {
    "ADRES": "",
    "ATRYBUTY_O": "Nr stanowiska: 175",
    "BUDOWNICZY": "",
    "CHARAKTER": "",
    "DATA_WPISU": null,
    "DATA_WZNIE": "",
    "DZIELNICA": "",
    "FID": 153,
    "FUNKCJA_OB": "",
    "FUNKCJA_PI": "",
    "GDB_AREA": 15192.21,
    "GDB_PRM": 456.41,
    "GDB_PRMEX": 456.41,
    "GPT_DATE": null,
    "GPT_USER": "",
    "ID": 31163,
    "IDENT_OBIE": "67845399",
    "ID_ISDP": 0,
    "ID_SPRAWY": 80556599,
    "ID_WARSTWY": "F19_STAN_ARCH",
    "ISDP_FID": "GDB$G_EOZ_ARCHEOLOGIA_EOZ_A.4d9eef0c-e2eb-557a-e055-000000000001",
    "ISTNIEJE": "",
    "KARTA_MAPY": "",
    "LOKALIZACJ": "",
    "MATERIAL": "",
    "NAZWA": "",
    "NUMER": "",
    "NUMER_EWID": "",
    "NUMER_REJ_": "",
    "OBREB": "",
    "REJESTR_TA": "EW_ARCHEOLOGIA",
    "RODZAJE_ZA": "",
    "RODZAJ_OBI": "",
    "RODZAJ_WLA": "",
    "STAN_ZACHO": "",
    "STATUS": "",
    "STYL_OBIEK": "",
    "SYMBOL_EWI": "",
    "SYMBOL_REJ": "",
    "Shape__Area": 36859.826171875,
    "Shape__Length": 710.7366046797446,
    "UWAGI": "",
    "WIEK_CZ_PO": "",
    "WIEK_POWST": "",
    "WYDRUK_LIN": "",
    "ZAJETA_NA_": 1,
    "ZALACZNIKI": "http://172.16.11.22:8085/SOWA2-services/doc/print/65347149/0175.pdf",
    "ZDJECIE_1": "",
    "ZDJECIE_2": "",
    "ZDJECIE_3": "",
    "ZDJECIE_4": "",
    "ZDJECIE_5": "",
    "ZDJECIE_6": "",
    "ZDJECIE_7": "",
    "ZDJECIE_8": "",
    "ZWERYFIKOW": "",
    "ZWIAZANA_Z": 0
   },
   "type": "Feature"
  },
  {
   "geometry": {
    "coordinates": [
     [
      [
       19.887987,
       50.082697
      ],
      [
       19.888046,
       50.082923
      ],
      [
       19.888418,
       50.083001
      ],
      [
       19.888902,
       50.083014
      ],
      [
       19.889166,
       50.082933
      ],
      [
       19.889215,
       50.082775
      ],
      [
       19.889204,
       50.082659
      ],
      [
       19.888901,
       50.082532
      ],
      [
       19.888279,
       50.082535
      ],
      [
       19.887987,
       50.082697
      ]
     ]
    ],
    "type": "Polygon"
   },
   "id": 154,
   "properties": {
    "ADRES": "",
    "ATRYBUTY_O": "Nr stanowiska: 176",
    "BUDOWNICZY": "",
    "CHARAKTER": "",
    "DATA_WPISU": null,
    "DATA_WZNIE": "",
    "DZIELNICA": "",
    "FID": 154,
    "FUNKCJA_OB": "",
    "FUNKCJA_PI": "",
    "GDB_AREA": 3919.7,
    "GDB_PRM": 238,
    "GDB_PRMEX": 238,
    "GPT_DATE": null,
    "GPT_USER": "",
    "ID": 31164,
    "IDENT_OBIE": "67845449",
    "ID_ISDP": 0,
    "ID_SPRAWY": 80556699,
    "ID_WARSTWY": "F19_STAN_ARCH",
    "ISDP_FID": "GDB$G_EOZ_ARCHEOLOGIA_EOZ_A.4d9eef0c-e2ec-557a-e055-000000000001",
    "ISTNIEJE": "",
    "KARTA_MAPY": "",
    "LOKALIZACJ": "",
    "MATERIAL": "",
    "NAZWA": "",
    "NUMER": "",
    "NUMER_EWID": "",
    "NUMER_REJ_": "",
    "OBREB": "",
    "REJESTR_TA": "EW_ARCHEOLOGIA",
    "RODZAJE_ZA": "",
    "RODZAJ_OBI": "",
    "RODZAJ_WLA": "",
    "STAN_ZACHO": "",
    "STATUS": "",
    "STYL_OBIEK": "",
    "SYMBOL_EWI": "",
    "SYMBOL_REJ": "",
    "Shape__Area": 9508.35546875,
    "Shape__Length": 370.51664425923474,
    "UWAGI": "",
    "WIEK_CZ_PO": "",
    "WIEK_POWST": "",
    "WYDRUK_LIN": "",
    "ZAJETA_NA_": 1,
    "ZALACZNIKI": "http://172.16.11.22:8085/SOWA2-services/doc/print/65347199/0176.pdf",
    "ZDJECIE_1": "",
    "ZDJECIE_2": "",
    "ZDJECIE_3": "",
    "ZDJECIE_4": "",
    "ZDJECIE_5": "",
    "ZDJECIE_6": "",
    "ZDJECIE_7": "",
    "ZDJECIE_8": "",
    "ZWERYFIKOW": "",
    "ZWIAZANA_Z": 0
   },
   "type": "Feature"
  },
  {
   "geometry": {
    "coordinates": [
     [
      [
       19.885455,
       50.084715
      ],
      [
       19.885432,
       50.084985
      ],
      [
       19.885729,
       50.085129
      ],
      [
       19.886066,
       50.085106
      ],
      [
       19.886276,
       50.08503
      ],
      [
       19.886455,
       50.084854
      ],
      [
       19.886335,
       50.084638
      ],
      [
       19.885849,
       50.084591
      ],
      [
       19.885568,
       50.084631
      ],
      [
       19.885455,
       50.084715
      ]
     ]
    ],
    "type": "Polygon"
   },
   "id": 155,
   "properties": {
    "ADRES": "",
    "ATRYBUTY_O": "Nr stanowiska: 179",
    "BUDOWNICZY": "",
    "CHARAKTER": "",
    "DATA_WPISU": null,
    "DATA_WZNIE": "",
    "DZIELNICA": "",
    "FID": 155,
    "FUNKCJA_OB": "",
    "FUNKCJA_PI": "",
    "GDB_AREA": 3405.38,
    "GDB_PRM": 215.19,
    "GDB_PRMEX": 215.19,
    "GPT_DATE": null,
    "GPT_USER": "",
    "ID": 31166,
    "IDENT_OBIE": "67845549",
    "ID_ISDP": 0,
    "ID_SPRAWY": 80556849,
    "ID_WARSTWY": "F19_STAN_ARCH",
    "ISDP_FID": "GDB$G_EOZ_ARCHEOLOGIA_EOZ_A.4d9eef0c-e2ed-557a-e055-000000000001",
    "ISTNIEJE": "",
    "KARTA_MAPY": "",
    "LOKALIZACJ": "",
    "MATERIAL": "",
    "NAZWA": "",
    "NUMER": "",
    "NUMER_EWID": "",
    "NUMER_REJ_": "",
    "OBREB": "",
    "REJESTR_TA": "EW_ARCHEOLOGIA",
    "RODZAJE_ZA": "",
    "RODZAJ_OBI": "",
    "RODZAJ_WLA": "",
    "STAN_ZACHO": "",
    "STATUS": "",
    "STYL_OBIEK": "",
    "SYMBOL_EWI": "",
    "SYMBOL_REJ": "",
    "Shape__Area": 8261.431640625,
    "Shape__Length": 335.1042886907307,
    "UWAGI": "",
    "WIEK_CZ_PO": "",
    "WIEK_POWST": "",
    "WYDRUK_LIN": "",
    "ZAJETA_NA_": 1,
    "ZALACZNIKI": "http://172.16.11.22:8085/SOWA2-services/doc/print/65347299/0179.pdf",
    "ZDJECIE_1": "",
    "ZDJECIE_2": "",
    "ZDJECIE_3": "",
    "ZDJECIE_4": "",
    "ZDJECIE_5": "",
    "ZDJECIE_6": "",
    "ZDJECIE_7": "",
    "ZDJECIE_8": "",
    "ZWERYFIKOW": "",
    "ZWIAZANA_Z": 0
   },
   "type": "Feature"
  },
  {
   "geometry": {
    "coordinates": [
     [
      [
       19.879789,
       50.085301
      ],
      [
       19.880056,
       50.085394
      ],
      [
       19.880379,
       50.085299
      ],
      [
       19.880431,
       50.085147
      ],
      [
       19.88034,
       50.084948
      ],
      [
       19.880128,
       50.084905
      ],
      [
       19.879901,
       50.084914
      ],
      [
       19.879734,
       50.085027
      ],
      [
       19.879702,
       50.085174
      ],
      [
       19.879789,
       50.085301
      ]
     ]
    ],
    "type": "Polygon"
   },
   "id": 156,
   "properties": {
    "ADRES": "",
    "ATRYBUTY_O": "Nr stanowiska: 182",
    "BUDOWNICZY": "",
    "CHARAKTER": "",
    "DATA_WPISU": null,
    "DATA_WZNIE": "",
    "DZIELNICA": "",
    "FID": 156,
    "FUNKCJA_OB": "",
    "FUNKCJA_PI": "",
    "GDB_AREA": 2151.93,
    "GDB_PRM": 168.94,
    "GDB_PRMEX": 168.94,
    "GPT_DATE": null,
    "GPT_USER": "",
    "ID": 31168,
    "IDENT_OBIE": "67845649",
    "ID_ISDP": 0,
    "ID_SPRAWY": 80556999,
    "ID_WARSTWY": "F19_STAN_ARCH",
    "ISDP_FID": "GDB$G_EOZ_ARCHEOLOGIA_EOZ_A.4d9eef0c-e2ee-557a-e055-000000000001",
    "ISTNIEJE": "",
    "KARTA_MAPY": "",
    "LOKALIZACJ": "",
    "MATERIAL": "",
    "NAZWA": "",
    "NUMER": "",
    "NUMER_EWID": "",
    "NUMER_REJ_": "",
    "OBREB": "",
    "REJESTR_TA": "EW_ARCHEOLOGIA",
    "RODZAJE_ZA": "",
    "RODZAJ_OBI": "",
    "RODZAJ_WLA": "",
    "STAN_ZACHO": "",
    "STATUS": "",
    "STYL_OBIEK": "",
    "SYMBOL_EWI": "",
    "SYMBOL_REJ": "",
    "Shape__Area": 5220.6240234375,
    "Shape__Length": 263.1529726924938,
    "UWAGI": "",
    "WIEK_CZ_PO": "",
    "WIEK_POWST": "",
    "WYDRUK_LIN": "",
    "ZAJETA_NA_": 1,
    "ZALACZNIKI": "http://172.16.11.22:8085/SOWA2-services/doc/print/65347399/0182.pdf",
    "ZDJECIE_1": "",
    "ZDJECIE_2": "",
    "ZDJECIE_3": "",
    "ZDJECIE_4": "",
    "ZDJECIE_5": "",
    "ZDJECIE_6": "",
    "ZDJECIE_7": "",
    "ZDJECIE_8": "",
    "ZWERYFIKOW": "",
    "ZWIAZANA_Z": 0
   },
   "type": "Feature"
  },
  {
   "geometry": {
    "coordinates": [
     [
      [
       19.871704,
       50.088057
      ],
      [
       19.871949,
       50.08813
      ],
      [
       19.872436,
       50.088035
      ],
      [
       19.87261,
       50.087865
      ],
      [
       19.872623,
       50.087713
      ],
      [
       19.872212,
       50.087554
      ],
      [
       19.871835,
       50.087613
      ],
      [
       19.871717,
       50.087753
      ],
      [
       19.871704,
       50.088057
      ]
     ]
    ],
    "type": "Polygon"
   },
   "id": 157,
   "properties": {
    "ADRES": "",
    "ATRYBUTY_O": "Nr stanowiska: 186",
    "BUDOWNICZY": "",
    "CHARAKTER": "",
    "DATA_WPISU": null,
    "DATA_WZNIE": "",
    "DZIELNICA": "",
    "FID": 157,
    "FUNKCJA_OB": "",
    "FUNKCJA_PI": "",
    "GDB_AREA": 3164.83,
    "GDB_PRM": 208.85,
    "GDB_PRMEX": 208.85,
    "GPT_DATE": null,
    "GPT_USER": "",
    "ID": 31170,
    "IDENT_OBIE": "67845749",
    "ID_ISDP": 0,
    "ID_SPRAWY": 80557199,
    "ID_WARSTWY": "F19_STAN_ARCH",
    "ISDP_FID": "GDB$G_EOZ_ARCHEOLOGIA_EOZ_A.4d9eef0c-e2ef-557a-e055-000000000001",
    "ISTNIEJE": "",
    "KARTA_MAPY": "",
    "LOKALIZACJ": "",
    "MATERIAL": "",
    "NAZWA": "",
    "NUMER": "",
    "NUMER_EWID": "",
    "NUMER_REJ_": "",
    "OBREB": "",
    "REJESTR_TA": "EW_ARCHEOLOGIA",
    "RODZAJE_ZA": "",
    "RODZAJ_OBI": "",
    "RODZAJ_WLA": "",
    "STAN_ZACHO": "",
    "STATUS": "",
    "STYL_OBIEK": "",
    "SYMBOL_EWI": "",
    "SYMBOL_REJ": "",
    "Shape__Area": 7678.7607421875,
    "Shape__Length": 325.2907518029199,
    "UWAGI": "",
    "WIEK_CZ_PO": "",
    "WIEK_POWST": "",
    "WYDRUK_LIN": "",
    "ZAJETA_NA_": 1,
    "ZALACZNIKI": "http://172.16.11.22:8085/SOWA2-services/doc/print/65347499/0186.pdf",
    "ZDJECIE_1": "",
    "ZDJECIE_2": "",
    "ZDJECIE_3": "",
    "ZDJECIE_4": "",
    "ZDJECIE_5": "",
    "ZDJECIE_6": "",
    "ZDJECIE_7": "",
    "ZDJECIE_8": "",
    "ZWERYFIKOW": "",
    "ZWIAZANA_Z": 0
   },
   "type": "Feature"
  },
  {
   "geometry": {
    "coordinates": [
     [
      [
       19.873221,
       50.089544
      ],
      [
       19.873176,
       50.089759
      ],
      [
       19.873216,
       50.089913
      ],
      [
       19.873579,
       50.090006
      ],
      [
       19.873758,
       50.089932
      ],
      [
       19.873878,
       50.089776
      ],
      [
       19.873806,
       50.089533
      ],
      [
       19.873537,
       50.089428
      ],
      [
       19.873221,
       50.089544
      ]
     ]
    ],
    "type": "Polygon"
   },
   "id": 158,
   "properties": {
    "ADRES": "",
    "ATRYBUTY_O": "Nr stanowiska: 188",
    "BUDOWNICZY": "",
    "CHARAKTER": "",
    "DATA_WPISU": null,
    "DATA_WZNIE": "",
    "DZIELNICA": "",
    "FID": 158,
    "FUNKCJA_OB": "",
    "FUNKCJA_PI": "",
    "GDB_AREA": 2374.77,
    "GDB_PRM": 180.1,
    "GDB_PRMEX": 180.1,
    "GPT_DATE": null,
    "GPT_USER": "",
    "ID": 31172,
    "IDENT_OBIE": "67845849",
    "ID_ISDP": 0,
    "ID_SPRAWY": 80557299,
    "ID_WARSTWY": "F19_STAN_ARCH",
    "ISDP_FID": "GDB$G_EOZ_ARCHEOLOGIA_EOZ_A.4d9eef0c-e2f0-557a-e055-000000000001",
    "ISTNIEJE": "",
    "KARTA_MAPY": "",
    "LOKALIZACJ": "",
    "MATERIAL": "",
    "NAZWA": "",
    "NUMER": "",
    "NUMER_EWID": "",
    "NUMER_REJ_": "",
    "OBREB": "",
    "REJESTR_TA": "EW_ARCHEOLOGIA",
    "RODZAJE_ZA": "",
    "RODZAJ_OBI": "",
    "RODZAJ_WLA": "",
    "STAN_ZACHO": "",
    "STATUS": "",
    "STYL_OBIEK": "",
    "SYMBOL_EWI": "",
    "SYMBOL_REJ": "",
    "Shape__Area": 5762.310546875,
    "Shape__Length": 280.59706777446644,
    "UWAGI": "",
    "WIEK_CZ_PO": "",
    "WIEK_POWST": "",
    "WYDRUK_LIN": "",
    "ZAJETA_NA_": 1,
    "ZALACZNIKI": "http://172.16.11.22:8085/SOWA2-services/doc/print/65347599/0188.pdf",
    "ZDJECIE_1": "",
    "ZDJECIE_2": "",
    "ZDJECIE_3": "",
    "ZDJECIE_4": "",
    "ZDJECIE_5": "",
    "ZDJECIE_6": "",
    "ZDJECIE_7": "",
    "ZDJECIE_8": "",
    "ZWERYFIKOW": "",
    "ZWIAZANA_Z": 0
   },
   "type": "Feature"
  },
  {
   "geometry": {
    "coordinates": [
     [
      [
       19.874589,
       50.091649
      ],
      [
       19.874767,
       50.091659
      ],
      [
       19.874972,
       50.091597
      ],
      [
       19.875109,
       50.091501
      ],
      [
       19.875133,
       50.091366
      ],
      [
       19.8751,
       50.091226
      ],
      [
       19.874944,
       50.0911
      ],
      [
       19.874808,
       50.091045
      ],
      [
       19.874518,
       50.091058
      ],
      [
       19.87438,
       50.091087
      ],
      [
       19.874262,
       50.091192
      ],
      [
       19.874223,
       50.091345
      ],
      [
       19.874305,
       50.091519
      ],
      [
       19.874589,
       50.091649
      ]
     ]
    ],
    "type": "Polygon"
   },
   "id": 159,
   "properties": {
    "ADRES": "",
    "ATRYBUTY_O": "Nr stanowiska: 189",
    "BUDOWNICZY": "",
    "CHARAKTER": "",
    "DATA_WPISU": null,
    "DATA_WZNIE": "",
    "DZIELNICA": "",
    "FID": 159,
    "FUNKCJA_OB": "",
    "FUNKCJA_PI": "",
    "GDB_AREA": 3463.35,
    "GDB_PRM": 211.76,
    "GDB_PRMEX": 211.76,
    "GPT_DATE": null,
    "GPT_USER": "",
    "ID": 31173,
    "IDENT_OBIE": "67845899",
    "ID_ISDP": 0,
    "ID_SPRAWY": 80557349,
    "ID_WARSTWY": "F19_STAN_ARCH",
    "ISDP_FID": "GDB$G_EOZ_ARCHEOLOGIA_EOZ_A.4d9eef0c-e2f1-557a-e055-000000000001",
    "ISTNIEJE": "",
    "KARTA_MAPY": "",
    "LOKALIZACJ": "",
    "MATERIAL": "",
    "NAZWA": "",
    "NUMER": "",
    "NUMER_EWID": "",
    "NUMER_REJ_": "",
    "OBREB": "",
    "REJESTR_TA": "EW_ARCHEOLOGIA",
    "RODZAJE_ZA": "",
    "RODZAJ_OBI": "",
    "RODZAJ_WLA": "",
    "STAN_ZACHO": "",
    "STATUS": "",
    "STYL_OBIEK": "",
    "SYMBOL_EWI": "",
    "SYMBOL_REJ": "",
    "Shape__Area": 8404.2822265625,
    "Shape__Length": 329.88501551657964,
    "UWAGI": "",
    "WIEK_CZ_PO": "",
    "WIEK_POWST": "",
    "WYDRUK_LIN": "",
    "ZAJETA_NA_": 1,
    "ZALACZNIKI": "http://172.16.11.22:8085/SOWA2-services/doc/print/65347649/0189.pdf",
    "ZDJECIE_1": "",
    "ZDJECIE_2": "",
    "ZDJECIE_3": "",
    "ZDJECIE_4": "",
    "ZDJECIE_5": "",
    "ZDJECIE_6": "",
    "ZDJECIE_7": "",
    "ZDJECIE_8": "",
    "ZWERYFIKOW": "",
    "ZWIAZANA_Z": 0
   },
   "type": "Feature"
  },
  {
   "geometry": {
    "coordinates": [
     [
      [
       19.870464,
       50.09296
      ],
      [
       19.870402,
       50.093278
      ],
      [
       19.870842,
       50.093509
      ],
      [
       19.871238,
       50.093465
      ],
      [
       19.871633,
       50.093322
      ],
      [
       19.872074,
       50.092939
      ],
      [
       19.872147,
       50.0928
      ],
      [
       19.872128,
       50.092621
      ],
      [
       19.871792,
       50.092483
      ],
      [
       19.871404,
       50.092443
      ],
      [
       19.871105,
       50.09249
      ],
      [
       19.87065,
       50.092726
      ],
      [
       19.870464,
       50.09296
      ]
     ]
    ],
    "type": "Polygon"
   },
   "id": 160,
   "properties": {
    "ADRES": "",
    "ATRYBUTY_O": "Nr stanowiska: 191",
    "BUDOWNICZY": "",
    "CHARAKTER": "",
    "DATA_WPISU": null,
    "DATA_WZNIE": "",
    "DZIELNICA": "",
    "FID": 160,
    "FUNKCJA_OB": "",
    "FUNKCJA_PI": "",
    "GDB_AREA": 10296.13,
    "GDB_PRM": 376.48,
    "GDB_PRMEX": 376.48,
    "GPT_DATE": null,
    "GPT_USER": "",
    "ID": 31175,
    "IDENT_OBIE": "67845999",
    "ID_ISDP": 0,
    "ID_SPRAWY": 80557449,
    "ID_WARSTWY": "F19_STAN_ARCH",
    "ISDP_FID": "GDB$G_EOZ_ARCHEOLOGIA_EOZ_A.4d9eef0c-e2f2-557a-e055-000000000001",
    "ISTNIEJE": "",
    "KARTA_MAPY": "",
    "LOKALIZACJ": "",
    "MATERIAL": "",
    "NAZWA": "",
    "NUMER": "",
    "NUMER_EWID": "",
    "NUMER_REJ_": "",
    "OBREB": "",
    "REJESTR_TA": "EW_ARCHEOLOGIA",
    "RODZAJE_ZA": "",
    "RODZAJ_OBI": "",
    "RODZAJ_WLA": "",
    "STAN_ZACHO": "",
    "STATUS": "",
    "STYL_OBIEK": "",
    "SYMBOL_EWI": "",
    "SYMBOL_REJ": "",
    "Shape__Area": 24986.6181640625,
    "Shape__Length": 586.4483493966507,
    "UWAGI": "",
    "WIEK_CZ_PO": "",
    "WIEK_POWST": "",
    "WYDRUK_LIN": "",
    "ZAJETA_NA_": 1,
    "ZALACZNIKI": "http://172.16.11.22:8085/SOWA2-services/doc/print/65347749/0191.pdf",
    "ZDJECIE_1": "",
    "ZDJECIE_2": "",
    "ZDJECIE_3": "",
    "ZDJECIE_4": "",
    "ZDJECIE_5": "",
    "ZDJECIE_6": "",
    "ZDJECIE_7": "",
    "ZDJECIE_8": "",
    "ZWERYFIKOW": "",
    "ZWIAZANA_Z": 0
   },
   "type": "Feature"
  },
  {
   "geometry": {
    "coordinates": [
     [
      [
       19.881117,
       50.097939
      ],
      [
       19.881174,
       50.098133
      ],
      [
       19.881388,
       50.098207
      ],
      [
       19.881676,
       50.098136
      ],
      [
       19.88174,
       50.097954
      ],
      [
       19.881542,
       50.097836
      ],
      [
       19.881264,
       50.097804
      ],
      [
       19.881117,
       50.097939
      ]
     ]
    ],
    "type": "Polygon"
   },
   "id": 161,
   "properties": {
    "ADRES": "",
    "ATRYBUTY_O": "Nr stanowiska: 46",
    "BUDOWNICZY": "",
    "CHARAKTER": "",
    "DATA_WPISU": null,
    "DATA_WZNIE": "",
    "DZIELNICA": "",
    "FID": 161,
    "FUNKCJA_OB": "",
    "FUNKCJA_PI": "",
    "GDB_AREA": 1437.3,
    "GDB_PRM": 140.1,
    "GDB_PRMEX": 140.1,
    "GPT_DATE": null,
    "GPT_USER": "",
    "ID": 31177,
    "IDENT_OBIE": "67846099",
    "ID_ISDP": 0,
    "ID_SPRAWY": 80558149,
    "ID_WARSTWY": "F19_STAN_ARCH",
    "ISDP_FID": "GDB$G_EOZ_ARCHEOLOGIA_EOZ_A.4d9eef0c-e2f3-557a-e055-000000000001",
    "ISTNIEJE": "",
    "KARTA_MAPY": "",
    "LOKALIZACJ": "",
    "MATERIAL": "",
    "NAZWA": "",
    "NUMER": "",
    "NUMER_EWID": "",
    "NUMER_REJ_": "",
    "OBREB": "",
    "REJESTR_TA": "EW_ARCHEOLOGIA",
    "RODZAJE_ZA": "",
    "RODZAJ_OBI": "",
    "RODZAJ_WLA": "",
    "STAN_ZACHO": "",
    "STATUS": "",
    "STYL_OBIEK": "",
    "SYMBOL_EWI": "",
    "SYMBOL_REJ": "",
    "Shape__Area": 3488.779296875,
    "Shape__Length": 218.270445503602,
    "UWAGI": "",
    "WIEK_CZ_PO": "",
    "WIEK_POWST": "",
    "WYDRUK_LIN": "",
    "ZAJETA_NA_": 1,
    "ZALACZNIKI": "http://172.16.11.22:8085/SOWA2-services/doc/print/65346399/0046.pdf",
    "ZDJECIE_1": "",
    "ZDJECIE_2": "",
    "ZDJECIE_3": "",
    "ZDJECIE_4": "",
    "ZDJECIE_5": "",
    "ZDJECIE_6": "",
    "ZDJECIE_7": "",
    "ZDJECIE_8": "",
    "ZWERYFIKOW": "",
    "ZWIAZANA_Z": 0
   },
   "type": "Feature"
  },
  {
   "geometry": {
    "coordinates": [
     [
      [
       19.880017,
       50.097634
      ],
      [
       19.880241,
       50.09759
      ],
      [
       19.8804,
       50.097455
      ],
      [
       19.880353,
       50.097291
      ],
      [
       19.880189,
       50.097197
      ],
      [
       19.879934,
       50.097173
      ],
      [
       19.879661,
       50.097355
      ],
      [
       19.879668,
       50.097562
      ],
      [
       19.880017,
       50.097634
      ]
     ]
    ],
    "type": "Polygon"
   },
   "id": 162,
   "properties": {
    "ADRES": "",
    "ATRYBUTY_O": "Nr stanowiska: 47",
    "BUDOWNICZY": "",
    "CHARAKTER": "",
    "DATA_WPISU": null,
    "DATA_WZNIE": "",
    "DZIELNICA": "",
    "FID": 162,
    "FUNKCJA_OB": "",
    "FUNKCJA_PI": "",
    "GDB_AREA": 2030.62,
    "GDB_PRM": 165.66,
    "GDB_PRMEX": 165.66,
    "GPT_DATE": null,
    "GPT_USER": "",
    "ID": 31178,
    "IDENT_OBIE": "67846149",
    "ID_ISDP": 0,
    "ID_SPRAWY": 80558199,
    "ID_WARSTWY": "F19_STAN_ARCH",
    "ISDP_FID": "GDB$G_EOZ_ARCHEOLOGIA_EOZ_A.4d9eef0c-e2f4-557a-e055-000000000001",
    "ISTNIEJE": "",
    "KARTA_MAPY": "",
    "LOKALIZACJ": "",
    "MATERIAL": "",
    "NAZWA": "",
    "NUMER": "",
    "NUMER_EWID": "",
    "NUMER_REJ_": "",
    "OBREB": "",
    "REJESTR_TA": "EW_ARCHEOLOGIA",
    "RODZAJE_ZA": "",
    "RODZAJ_OBI": "",
    "RODZAJ_WLA": "",
    "STAN_ZACHO": "",
    "STATUS": "",
    "STYL_OBIEK": "",
    "SYMBOL_EWI": "",
    "SYMBOL_REJ": "",
    "Shape__Area": 4928.8232421875,
    "Shape__Length": 258.07200508849724,
    "UWAGI": "",
    "WIEK_CZ_PO": "",
    "WIEK_POWST": "",
    "WYDRUK_LIN": "",
    "ZAJETA_NA_": 1,
    "ZALACZNIKI": "http://172.16.11.22:8085/SOWA2-services/doc/print/65346449/0047.pdf",
    "ZDJECIE_1": "",
    "ZDJECIE_2": "",
    "ZDJECIE_3": "",
    "ZDJECIE_4": "",
    "ZDJECIE_5": "",
    "ZDJECIE_6": "",
    "ZDJECIE_7": "",
    "ZDJECIE_8": "",
    "ZWERYFIKOW": "",
    "ZWIAZANA_Z": 0
   },
   "type": "Feature"
  },
  {
   "geometry": {
    "coordinates": [
     [
      [
       19.880624,
       50.095601
      ],
      [
       19.880617,
       50.095682
      ],
      [
       19.880737,
       50.095844
      ],
      [
       19.880883,
       50.095892
      ],
      [
       19.881201,
       50.095879
      ],
      [
       19.881326,
       50.095803
      ],
      [
       19.8814,
       50.095681
      ],
      [
       19.8813,
       50.095558
      ],
      [
       19.881085,
       50.095489
      ],
      [
       19.880781,
       50.095516
      ],
      [
       19.880624,
       50.095601
      ]
     ]
    ],
    "type": "Polygon"
   },
   "id": 163,
   "properties": {
    "ADRES": "",
    "ATRYBUTY_O": "Nr stanowiska: 200",
    "BUDOWNICZY": "",
    "CHARAKTER": "",
    "DATA_WPISU": null,
    "DATA_WZNIE": "",
    "DZIELNICA": "",
    "FID": 163,
    "FUNKCJA_OB": "",
    "FUNKCJA_PI": "",
    "GDB_AREA": 1915.58,
    "GDB_PRM": 159.73,
    "GDB_PRMEX": 159.73,
    "GPT_DATE": null,
    "GPT_USER": "",
    "ID": 31179,
    "IDENT_OBIE": "67846199",
    "ID_ISDP": 0,
    "ID_SPRAWY": 80558249,
    "ID_WARSTWY": "F19_STAN_ARCH",
    "ISDP_FID": "GDB$G_EOZ_ARCHEOLOGIA_EOZ_A.4d9eef0c-e2f5-557a-e055-000000000001",
    "ISTNIEJE": "",
    "KARTA_MAPY": "",
    "LOKALIZACJ": "",
    "MATERIAL": "",
    "NAZWA": "",
    "NUMER": "",
    "NUMER_EWID": "",
    "NUMER_REJ_": "",
    "OBREB": "",
    "REJESTR_TA": "EW_ARCHEOLOGIA",
    "RODZAJE_ZA": "",
    "RODZAJ_OBI": "",
    "RODZAJ_WLA": "",
    "STAN_ZACHO": "",
    "STATUS": "",
    "STYL_OBIEK": "",
    "SYMBOL_EWI": "",
    "SYMBOL_REJ": "",
    "Shape__Area": 4649.2705078125,
    "Shape__Length": 248.80153805738183,
    "UWAGI": "",
    "WIEK_CZ_PO": "",
    "WIEK_POWST": "",
    "WYDRUK_LIN": "",
    "ZAJETA_NA_": 1,
    "ZALACZNIKI": "http://172.16.11.22:8085/SOWA2-services/doc/print/65347849/0200.pdf",
    "ZDJECIE_1": "",
    "ZDJECIE_2": "",
    "ZDJECIE_3": "",
    "ZDJECIE_4": "",
    "ZDJECIE_5": "",
    "ZDJECIE_6": "",
    "ZDJECIE_7": "",
    "ZDJECIE_8": "",
    "ZWERYFIKOW": "",
    "ZWIAZANA_Z": 0
   },
   "type": "Feature"
  },
  {
   "geometry": {
    "coordinates": [
     [
      [
       20.074853,
       50.063998
      ],
      [
       20.074982,
       50.063771
      ],
      [
       20.07495,
       50.063551
      ],
      [
       20.074578,
       50.063288
      ],
      [
       20.073989,
       50.06322
      ],
      [
       20.073527,
       50.063313
      ],
      [
       20.073045,
       50.063656
      ],
      [
       20.07266,
       50.064166
      ],
      [
       20.072604,
       50.064475
      ],
      [
       20.072847,
       50.064587
      ],
      [
       20.073262,
       50.06457
      ],
      [
       20.073807,
       50.064327
      ],
      [
       20.074268,
       50.064233
      ],
      [
       20.074853,
       50.063998
      ]
     ]
    ],
    "type": "Polygon"
   },
   "id": 164,
   "properties": {
    "ADRES": "",
    "ATRYBUTY_O": "Nr stanowiska: 724",
    "BUDOWNICZY": "",
    "CHARAKTER": "",
    "DATA_WPISU": null,
    "DATA_WZNIE": "",
    "DZIELNICA": "",
    "FID": 164,
    "FUNKCJA_OB": "",
    "FUNKCJA_PI": "",
    "GDB_AREA": 16450.38,
    "GDB_PRM": 500.28,
    "GDB_PRMEX": 500.28,
    "GPT_DATE": null,
    "GPT_USER": "",
    "ID": 31235,
    "IDENT_OBIE": "67848999",
    "ID_ISDP": 0,
    "ID_SPRAWY": 80570999,
    "ID_WARSTWY": "F19_STAN_ARCH",
    "ISDP_FID": "GDB$G_EOZ_ARCHEOLOGIA_EOZ_A.4d9eef0c-e311-557a-e055-000000000001",
    "ISTNIEJE": "",
    "KARTA_MAPY": "",
    "LOKALIZACJ": "",
    "MATERIAL": "",
    "NAZWA": "",
    "NUMER": "",
    "NUMER_EWID": "",
    "NUMER_REJ_": "",
    "OBREB": "",
    "REJESTR_TA": "EW_ARCHEOLOGIA",
    "RODZAJE_ZA": "",
    "RODZAJ_OBI": "",
    "RODZAJ_WLA": "",
    "STAN_ZACHO": "",
    "STATUS": "",
    "STYL_OBIEK": "",
    "SYMBOL_EWI": "",
    "SYMBOL_REJ": "",
    "Shape__Area": 39875.6865234375,
    "Shape__Length": 778.8035901908174,
    "UWAGI": "",
    "WIEK_CZ_PO": "",
    "WIEK_POWST": "",
    "WYDRUK_LIN": "",
    "ZAJETA_NA_": 1,
    "ZALACZNIKI": "http://172.16.11.22:8085/SOWA2-services/doc/print/65355049/0724.pdf",
    "ZDJECIE_1": "",
    "ZDJECIE_2": "",
    "ZDJECIE_3": "",
    "ZDJECIE_4": "",
    "ZDJECIE_5": "",
    "ZDJECIE_6": "",
    "ZDJECIE_7": "",
    "ZDJECIE_8": "",
    "ZWERYFIKOW": "",
    "ZWIAZANA_Z": 0
   },
   "type": "Feature"
  },
  {
   "geometry": {
    "coordinates": [
     [
      [
       20.014702,
       50.093546
      ],
      [
       20.015635,
       50.094132
      ],
      [
       20.016306,
       50.094388
      ],
      [
       20.017042,
       50.094452
      ],
      [
       20.017769,
       50.094419
      ],
      [
       20.018711,
       50.094326
      ],
      [
       20.019108,
       50.094203
      ],
      [
       20.019571,
       50.09387
      ],
      [
       20.019883,
       50.093414
      ],
      [
       20.019939,
       50.093125
      ],
      [
       20.019923,
       50.09293
      ],
      [
       20.020059,
       50.092653
      ],
      [
       20.020462,
       50.092269
      ],
      [
       20.020476,
       50.091706
      ],
      [
       20.020287,
       50.091077
      ],
      [
       20.020007,
       50.090961
      ],
      [
       20.019515,
       50.09107
      ],
      [
       20.018528,
       50.091123
      ],
      [
       20.017612,
       50.091296
      ],
      [
       20.016876,
       50.09162
      ],
      [
       20.016033,
       50.092261
      ],
      [
       20.014854,
       50.093075
      ],
      [
       20.014445,
       50.093343
      ],
      [
       20.014431,
       50.093507
      ],
      [
       20.014702,
       50.093546
      ]
     ]
    ],
    "type": "Polygon"
   },
   "id": 165,
   "properties": {
    "ADRES": "",
    "ATRYBUTY_O": "Nr stanowiska: 697",
    "BUDOWNICZY": "",
    "CHARAKTER": "",
    "DATA_WPISU": null,
    "DATA_WZNIE": "",
    "DZIELNICA": "",
    "FID": 165,
    "FUNKCJA_OB": "",
    "FUNKCJA_PI": "",
    "GDB_AREA": 109601.47,
    "GDB_PRM": 1292.21,
    "GDB_PRMEX": 1292.21,
    "GPT_DATE": null,
    "GPT_USER": "",
    "ID": 31236,
    "IDENT_OBIE": "67849049",
    "ID_ISDP": 0,
    "ID_SPRAWY": 80571199,
    "ID_WARSTWY": "F19_STAN_ARCH",
    "ISDP_FID": "GDB$G_EOZ_ARCHEOLOGIA_EOZ_A.4d9eef0c-e312-557a-e055-000000000001",
    "ISTNIEJE": "",
    "KARTA_MAPY": "",
    "LOKALIZACJ": "",
    "MATERIAL": "",
    "NAZWA": "",
    "NUMER": "",
    "NUMER_EWID": "",
    "NUMER_REJ_": "",
    "OBREB": "",
    "REJESTR_TA": "EW_ARCHEOLOGIA",
    "RODZAJE_ZA": "",
    "RODZAJ_OBI": "",
    "RODZAJ_WLA": "",
    "STAN_ZACHO": "",
    "STATUS": "",
    "STYL_OBIEK": "",
    "SYMBOL_EWI": "",
    "SYMBOL_REJ": "",
    "Shape__Area": 265989.3662109375,
    "Shape__Length": 2012.8243049421646,
    "UWAGI": "",
    "WIEK_CZ_PO": "",
    "WIEK_POWST": "",
    "WYDRUK_LIN": "",
    "ZAJETA_NA_": 1,
    "ZALACZNIKI": "http://172.16.11.22:8085/SOWA2-services/doc/print/65354599/0697.pdf",
    "ZDJECIE_1": "",
    "ZDJECIE_2": "",
    "ZDJECIE_3": "",
    "ZDJECIE_4": "",
    "ZDJECIE_5": "",
    "ZDJECIE_6": "",
    "ZDJECIE_7": "",
    "ZDJECIE_8": "",
    "ZWERYFIKOW": "",
    "ZWIAZANA_Z": 0
   },
   "type": "Feature"
  },
  {
   "geometry": {
    "coordinates": [
     [
      [
       20.116787,
       50.07158
      ],
      [
       20.11693,
       50.071592
      ],
      [
       20.117072,
       50.07155
      ],
      [
       20.117138,
       50.071468
      ],
      [
       20.117153,
       50.071401
      ],
      [
       20.117153,
       50.071338
      ],
      [
       20.117077,
       50.071239
      ],
      [
       20.116963,
       50.071159
      ],
      [
       20.11682,
       50.071123
      ],
      [
       20.116674,
       50.071131
      ],
      [
       20.116534,
       50.071176
      ],
      [
       20.116449,
       50.071239
      ],
      [
       20.116431,
       50.071327
      ],
      [
       20.116517,
       50.071442
      ],
      [
       20.116623,
       50.07152
      ],
      [
       20.116787,
       50.07158
      ]
     ]
    ],
    "type": "Polygon"
   },
   "id": 166,
   "properties": {
    "ADRES": "",
    "ATRYBUTY_O": "Nr stanowiska: 786",
    "BUDOWNICZY": "",
    "CHARAKTER": "",
    "DATA_WPISU": null,
    "DATA_WZNIE": "",
    "DZIELNICA": "",
    "FID": 166,
    "FUNKCJA_OB": "",
    "FUNKCJA_PI": "",
    "GDB_AREA": 2004.93,
    "GDB_PRM": 161.75,
    "GDB_PRMEX": 161.75,
    "GPT_DATE": null,
    "GPT_USER": "",
    "ID": 31238,
    "IDENT_OBIE": "67849149",
    "ID_ISDP": 0,
    "ID_SPRAWY": 80571699,
    "ID_WARSTWY": "F19_STAN_ARCH",
    "ISDP_FID": "GDB$G_EOZ_ARCHEOLOGIA_EOZ_A.4d9eef0c-e313-557a-e055-000000000001",
    "ISTNIEJE": "",
    "KARTA_MAPY": "",
    "LOKALIZACJ": "",
    "MATERIAL": "",
    "NAZWA": "",
    "NUMER": "",
    "NUMER_EWID": "",
    "NUMER_REJ_": "",
    "OBREB": "",
    "REJESTR_TA": "EW_ARCHEOLOGIA",
    "RODZAJE_ZA": "",
    "RODZAJ_OBI": "",
    "RODZAJ_WLA": "",
    "STAN_ZACHO": "",
    "STATUS": "",
    "STYL_OBIEK": "",
    "SYMBOL_EWI": "",
    "SYMBOL_REJ": "",
    "Shape__Area": 4861.51171875,
    "Shape__Length": 251.8691988816691,
    "UWAGI": "",
    "WIEK_CZ_PO": "",
    "WIEK_POWST": "",
    "WYDRUK_LIN": "",
    "ZAJETA_NA_": 1,
    "ZALACZNIKI": "http://172.16.11.22:8085/SOWA2-services/doc/print/65356149/0786.pdf",
    "ZDJECIE_1": "",
    "ZDJECIE_2": "",
    "ZDJECIE_3": "",
    "ZDJECIE_4": "",
    "ZDJECIE_5": "",
    "ZDJECIE_6": "",
    "ZDJECIE_7": "",
    "ZDJECIE_8": "",
    "ZWERYFIKOW": "",
    "ZWIAZANA_Z": 0
   },
   "type": "Feature"
  },
  {
   "geometry": {
    "coordinates": [
     [
      [
       20.11668,
       50.069783
      ],
      [
       20.11691,
       50.069837
      ],
      [
       20.117016,
       50.069925
      ],
      [
       20.11722,
       50.070086
      ],
      [
       20.117414,
       50.070133
      ],
      [
       20.117639,
       50.070141
      ],
      [
       20.117796,
       50.0701
      ],
      [
       20.117934,
       50.07002
      ],
      [
       20.117991,
       50.069929
      ],
      [
       20.117998,
       50.069787
      ],
      [
       20.117958,
       50.069666
      ],
      [
       20.117864,
       50.069547
      ],
      [
       20.117753,
       50.069462
      ],
      [
       20.117444,
       50.069324
      ],
      [
       20.117105,
       50.069213
      ],
      [
       20.116895,
       50.069195
      ],
      [
       20.116705,
       50.069197
      ],
      [
       20.116488,
       50.069251
      ],
      [
       20.116366,
       50.069311
      ],
      [
       20.116345,
       50.069406
      ],
      [
       20.116401,
       50.069544
      ],
      [
       20.116532,
       50.069665
      ],
      [
       20.11668,
       50.069783
      ]
     ]
    ],
    "type": "Polygon"
   },
   "id": 167,
   "properties": {
    "ADRES": "",
    "ATRYBUTY_O": "Nr stanowiska: 787",
    "BUDOWNICZY": "",
    "CHARAKTER": "",
    "DATA_WPISU": null,
    "DATA_WZNIE": "",
    "DZIELNICA": "",
    "FID": 167,
    "FUNKCJA_OB": "",
    "FUNKCJA_PI": "",
    "GDB_AREA": 8184.01,
    "GDB_PRM": 347.46,
    "GDB_PRMEX": 347.46,
    "GPT_DATE": null,
    "GPT_USER": "",
    "ID": 31239,
    "IDENT_OBIE": "67849199",
    "ID_ISDP": 0,
    "ID_SPRAWY": 80571799,
    "ID_WARSTWY": "F19_STAN_ARCH",
    "ISDP_FID": "GDB$G_EOZ_ARCHEOLOGIA_EOZ_A.4d9eef0c-e314-557a-e055-000000000001",
    "ISTNIEJE": "",
    "KARTA_MAPY": "",
    "LOKALIZACJ": "",
    "MATERIAL": "",
    "NAZWA": "",
    "NUMER": "",
    "NUMER_EWID": "",
    "NUMER_REJ_": "",
    "OBREB": "",
    "REJESTR_TA": "EW_ARCHEOLOGIA",
    "RODZAJE_ZA": "",
    "RODZAJ_OBI": "",
    "RODZAJ_WLA": "",
    "STAN_ZACHO": "",
    "STATUS": "",
    "STYL_OBIEK": "",
    "SYMBOL_EWI": "",
    "SYMBOL_REJ": "",
    "Shape__Area": 19842.9736328125,
    "Shape__Length": 540.9738766379965,
    "UWAGI": "",
    "WIEK_CZ_PO": "",
    "WIEK_POWST": "",
    "WYDRUK_LIN": "",
    "ZAJETA_NA_": 1,
    "ZALACZNIKI": "http://172.16.11.22:8085/SOWA2-services/doc/print/65356199/0787.pdf",
    "ZDJECIE_1": "",
    "ZDJECIE_2": "",
    "ZDJECIE_3": "",
    "ZDJECIE_4": "",
    "ZDJECIE_5": "",
    "ZDJECIE_6": "",
    "ZDJECIE_7": "",
    "ZDJECIE_8": "",
    "ZWERYFIKOW": "",
    "ZWIAZANA_Z": 0
   },
   "type": "Feature"
  },
  {
   "geometry": {
    "coordinates": [
     [
      [
       20.119897,
       50.076641
      ],
      [
       20.11987,
       50.077609
      ],
      [
       20.12263,
       50.077702
      ],
      [
       20.122643,
       50.07669
      ],
      [
       20.119897,
       50.076641
      ]
     ]
    ],
    "type": "Polygon"
   },
   "id": 168,
   "properties": {
    "ADRES": "",
    "ATRYBUTY_O": "Nr stanowiska: 2147",
    "BUDOWNICZY": "",
    "CHARAKTER": "",
    "DATA_WPISU": null,
    "DATA_WZNIE": "",
    "DZIELNICA": "",
    "FID": 168,
    "FUNKCJA_OB": "",
    "FUNKCJA_PI": "",
    "GDB_AREA": 21706.06,
    "GDB_PRM": 614.65,
    "GDB_PRMEX": 614.65,
    "GPT_DATE": null,
    "GPT_USER": "",
    "ID": 31240,
    "IDENT_OBIE": "67849249",
    "ID_ISDP": 0,
    "ID_SPRAWY": 80571849,
    "ID_WARSTWY": "F19_STAN_ARCH",
    "ISDP_FID": "GDB$G_EOZ_ARCHEOLOGIA_EOZ_A.4d9eef0c-e315-557a-e055-000000000001",
    "ISTNIEJE": "",
    "KARTA_MAPY": "",
    "LOKALIZACJ": "",
    "MATERIAL": "",
    "NAZWA": "",
    "NUMER": "",
    "NUMER_EWID": "",
    "NUMER_REJ_": "",
    "OBREB": "",
    "REJESTR_TA": "EW_ARCHEOLOGIA",
    "RODZAJE_ZA": "",
    "RODZAJ_OBI": "",
    "RODZAJ_WLA": "",
    "STAN_ZACHO": "",
    "STATUS": "",
    "STYL_OBIEK": "",
    "SYMBOL_EWI": "",
    "SYMBOL_REJ": "",
    "Shape__Area": 52645.0048828125,
    "Shape__Length": 956.8548227319238,
    "UWAGI": "",
    "WIEK_CZ_PO": "",
    "WIEK_POWST": "",
    "WYDRUK_LIN": "",
    "ZAJETA_NA_": 1,
    "ZALACZNIKI": "http://172.16.11.22:8085/SOWA2-services/doc/print/65357049/2147.pdf",
    "ZDJECIE_1": "",
    "ZDJECIE_2": "",
    "ZDJECIE_3": "",
    "ZDJECIE_4": "",
    "ZDJECIE_5": "",
    "ZDJECIE_6": "",
    "ZDJECIE_7": "",
    "ZDJECIE_8": "",
    "ZWERYFIKOW": "",
    "ZWIAZANA_Z": 0
   },
   "type": "Feature"
  },
  {
   "geometry": {
    "coordinates": [
     [
      [
       20.148248,
       50.102424
      ],
      [
       20.148418,
       50.102618
      ],
      [
       20.148474,
       50.102646
      ],
      [
       20.148592,
       50.102641
      ],
      [
       20.148699,
       50.102596
      ],
      [
       20.148752,
       50.102536
      ],
      [
       20.14877,
       50.102441
      ],
      [
       20.148773,
       50.102364
      ],
      [
       20.148748,
       50.102283
      ],
      [
       20.14862,
       50.102079
      ],
      [
       20.148494,
       50.101927
      ],
      [
       20.148375,
       50.101865
      ],
      [
       20.148293,
       50.101862
      ],
      [
       20.148194,
       50.10189
      ],
      [
       20.148131,
       50.101954
      ],
      [
       20.148108,
       50.102067
      ],
      [
       20.148139,
       50.102232
      ],
      [
       20.148248,
       50.102424
      ]
     ]
    ],
    "type": "Polygon"
   },
   "id": 169,
   "properties": {
    "ADRES": "",
    "ATRYBUTY_O": "Nr stanowiska: 803",
    "BUDOWNICZY": "",
    "CHARAKTER": "",
    "DATA_WPISU": null,
    "DATA_WZNIE": "",
    "DZIELNICA": "",
    "FID": 169,
    "FUNKCJA_OB": "",
    "FUNKCJA_PI": "",
    "GDB_AREA": 2827.01,
    "GDB_PRM": 214.02,
    "GDB_PRMEX": 214.02,
    "GPT_DATE": null,
    "GPT_USER": "",
    "ID": 31243,
    "IDENT_OBIE": "67849399",
    "ID_ISDP": 0,
    "ID_SPRAWY": 80572449,
    "ID_WARSTWY": "F19_STAN_ARCH",
    "ISDP_FID": "GDB$G_EOZ_ARCHEOLOGIA_EOZ_A.4d9eef0c-e316-557a-e055-000000000001",
    "ISTNIEJE": "",
    "KARTA_MAPY": "",
    "LOKALIZACJ": "",
    "MATERIAL": "",
    "NAZWA": "",
    "NUMER": "",
    "NUMER_EWID": "",
    "NUMER_REJ_": "",
    "OBREB": "",
    "REJESTR_TA": "EW_ARCHEOLOGIA",
    "RODZAJE_ZA": "",
    "RODZAJ_OBI": "",
    "RODZAJ_WLA": "",
    "STAN_ZACHO": "",
    "STATUS": "",
    "STYL_OBIEK": "",
    "SYMBOL_EWI": "",
    "SYMBOL_REJ": "",
    "Shape__Area": 6863.7021484375,
    "Shape__Length": 333.68273925548584,
    "UWAGI": "",
    "WIEK_CZ_PO": "",
    "WIEK_POWST": "",
    "WYDRUK_LIN": "",
    "ZAJETA_NA_": 1,
    "ZALACZNIKI": "http://172.16.11.22:8085/SOWA2-services/doc/print/65356499/0803.pdf",
    "ZDJECIE_1": "",
    "ZDJECIE_2": "",
    "ZDJECIE_3": "",
    "ZDJECIE_4": "",
    "ZDJECIE_5": "",
    "ZDJECIE_6": "",
    "ZDJECIE_7": "",
    "ZDJECIE_8": "",
    "ZWERYFIKOW": "",
    "ZWIAZANA_Z": 0
   },
   "type": "Feature"
  },
  {
   "geometry": {
    "coordinates": [
     [
      [
       20.16384,
       50.077419
      ],
      [
       20.164079,
       50.077573
      ],
      [
       20.164405,
       50.077786
      ],
      [
       20.164588,
       50.077869
      ],
      [
       20.164707,
       50.077889
      ],
      [
       20.164822,
       50.077898
      ],
      [
       20.165008,
       50.077891
      ],
      [
       20.165109,
       50.077873
      ],
      [
       20.165169,
       50.077846
      ],
      [
       20.165245,
       50.077766
      ],
      [
       20.165389,
       50.077526
      ],
      [
       20.165394,
       50.077463
      ],
      [
       20.165472,
       50.077359
      ],
      [
       20.165516,
       50.077275
      ],
      [
       20.165511,
       50.077179
      ],
      [
       20.16547,
       50.077082
      ],
      [
       20.16541,
       50.077001
      ],
      [
       20.165318,
       50.07696
      ],
      [
       20.165204,
       50.076943
      ],
      [
       20.165004,
       50.076915
      ],
      [
       20.164898,
       50.076893
      ],
      [
       20.164772,
       50.076868
      ],
      [
       20.164427,
       50.076846
      ],
      [
       20.164161,
       50.076821
      ],
      [
       20.164026,
       50.076803
      ],
      [
       20.163917,
       50.07677
      ],
      [
       20.1636,
       50.076696
      ],
      [
       20.163328,
       50.076641
      ],
      [
       20.16311,
       50.076626
      ],
      [
       20.162874,
       50.076637
      ],
      [
       20.162627,
       50.076671
      ],
      [
       20.162434,
       50.076715
      ],
      [
       20.162283,
       50.076787
      ],
      [
       20.162198,
       50.076875
      ],
      [
       20.162171,
       50.076999
      ],
      [
       20.162197,
       50.077135
      ],
      [
       20.162321,
       50.077243
      ],
      [
       20.16242,
       50.077292
      ],
      [
       20.1626,
       50.077314
      ],
      [
       20.162839,
       50.077322
      ],
      [
       20.16304,
       50.077342
      ],
      [
       20.163184,
       50.077357
      ],
      [
       20.16334,
       50.077362
      ],
      [
       20.163523,
       50.077352
      ],
      [
       20.163654,
       50.07736
      ],
      [
       20.163784,
       50.07739
      ],
      [
       20.16384,
       50.077419
      ]
     ]
    ],
    "type": "Polygon"
   },
   "id": 170,
   "properties": {
    "ADRES": "",
    "ATRYBUTY_O": "Nr stanowiska: 764",
    "BUDOWNICZY": "",
    "CHARAKTER": "",
    "DATA_WPISU": null,
    "DATA_WZNIE": "",
    "DZIELNICA": "",
    "FID": 170,
    "FUNKCJA_OB": "",
    "FUNKCJA_PI": "",
    "GDB_AREA": 19642.97,
    "GDB_PRM": 620.2,
    "GDB_PRMEX": 620.2,
    "GPT_DATE": null,
    "GPT_USER": "",
    "ID": 31245,
    "IDENT_OBIE": "67849499",
    "ID_ISDP": 0,
    "ID_SPRAWY": 80572649,
    "ID_WARSTWY": "F19_STAN_ARCH",
    "ISDP_FID": "GDB$G_EOZ_ARCHEOLOGIA_EOZ_A.4d9eef0c-e317-557a-e055-000000000001",
    "ISTNIEJE": "",
    "KARTA_MAPY": "",
    "LOKALIZACJ": "",
    "MATERIAL": "",
    "NAZWA": "",
    "NUMER": "",
    "NUMER_EWID": "",
    "NUMER_REJ_": "",
    "OBREB": "",
    "REJESTR_TA": "EW_ARCHEOLOGIA",
    "RODZAJE_ZA": "",
    "RODZAJ_OBI": "",
    "RODZAJ_WLA": "",
    "STAN_ZACHO": "",
    "STATUS": "",
    "STYL_OBIEK": "",
    "SYMBOL_EWI": "",
    "SYMBOL_REJ": "",
    "Shape__Area": 47641.7431640625,
    "Shape__Length": 965.4014030975267,
    "UWAGI": "",
    "WIEK_CZ_PO": "",
    "WIEK_POWST": "",
    "WYDRUK_LIN": "",
    "ZAJETA_NA_": 1,
    "ZALACZNIKI": "http://172.16.11.22:8085/SOWA2-services/doc/print/65355699/0764.pdf",
    "ZDJECIE_1": "",
    "ZDJECIE_2": "",
    "ZDJECIE_3": "",
    "ZDJECIE_4": "",
    "ZDJECIE_5": "",
    "ZDJECIE_6": "",
    "ZDJECIE_7": "",
    "ZDJECIE_8": "",
    "ZWERYFIKOW": "",
    "ZWIAZANA_Z": 0
   },
   "type": "Feature"
  },
  {
   "geometry": {
    "coordinates": [
     [
      [
       20.159659,
       50.074735
      ],
      [
       20.159302,
       50.07469
      ],
      [
       20.158905,
       50.074667
      ],
      [
       20.158682,
       50.074682
      ],
      [
       20.158504,
       50.074732
      ],
      [
       20.158368,
       50.07482
      ],
      [
       20.158291,
       50.074895
      ],
      [
       20.158299,
       50.074955
      ],
      [
       20.15836,
       50.075044
      ],
      [
       20.158493,
       50.075185
      ],
      [
       20.158674,
       50.075293
      ],
      [
       20.159071,
       50.075401
      ],
      [
       20.159435,
       50.075477
      ],
      [
       20.159633,
       50.075499
      ],
      [
       20.159792,
       50.075514
      ],
      [
       20.159934,
       50.075513
      ],
      [
       20.160221,
       50.075473
      ],
      [
       20.16048,
       50.075411
      ],
      [
       20.160607,
       50.075347
      ],
      [
       20.160708,
       50.075255
      ],
      [
       20.16075,
       50.075171
      ],
      [
       20.160776,
       50.075091
      ],
      [
       20.160778,
       50.07499
      ],
      [
       20.160695,
       50.074931
      ],
      [
       20.160551,
       50.074854
      ],
      [
       20.160335,
       50.074809
      ],
      [
       20.160051,
       50.074785
      ],
      [
       20.159861,
       50.074779
      ],
      [
       20.159732,
       50.074752
      ],
      [
       20.159659,
       50.074735
      ]
     ]
    ],
    "type": "Polygon"
   },
   "id": 171,
   "properties": {
    "ADRES": "",
    "ATRYBUTY_O": "Nr stanowiska: 766",
    "BUDOWNICZY": "",
    "CHARAKTER": "",
    "DATA_WPISU": null,
    "DATA_WZNIE": "",
    "DZIELNICA": "",
    "FID": 171,
    "FUNKCJA_OB": "",
    "FUNKCJA_PI": "",
    "GDB_AREA": 12354.66,
    "GDB_PRM": 439.04,
    "GDB_PRMEX": 439.04,
    "GPT_DATE": null,
    "GPT_USER": "",
    "ID": 31247,
    "IDENT_OBIE": "67849599",
    "ID_ISDP": 0,
    "ID_SPRAWY": 80572749,
    "ID_WARSTWY": "F19_STAN_ARCH",
    "ISDP_FID": "GDB$G_EOZ_ARCHEOLOGIA_EOZ_A.4d9eef0c-e318-557a-e055-000000000001",
    "ISTNIEJE": "",
    "KARTA_MAPY": "",
    "LOKALIZACJ": "",
    "MATERIAL": "",
    "NAZWA": "",
    "NUMER": "",
    "NUMER_EWID": "",
    "NUMER_REJ_": "",
    "OBREB": "",
    "REJESTR_TA": "EW_ARCHEOLOGIA",
    "RODZAJE_ZA": "",
    "RODZAJ_OBI": "",
    "RODZAJ_WLA": "",
    "STAN_ZACHO": "",
    "STATUS": "",
    "STYL_OBIEK": "",
    "SYMBOL_EWI": "",
    "SYMBOL_REJ": "",
    "Shape__Area": 29962.15234375,
    "Shape__Length": 683.2873155926466,
    "UWAGI": "",
    "WIEK_CZ_PO": "",
    "WIEK_POWST": "",
    "WYDRUK_LIN": "",
    "ZAJETA_NA_": 1,
    "ZALACZNIKI": "http://172.16.11.22:8085/SOWA2-services/doc/print/65355799/0766.pdf",
    "ZDJECIE_1": "",
    "ZDJECIE_2": "",
    "ZDJECIE_3": "",
    "ZDJECIE_4": "",
    "ZDJECIE_5": "",
    "ZDJECIE_6": "",
    "ZDJECIE_7": "",
    "ZDJECIE_8": "",
    "ZWERYFIKOW": "",
    "ZWIAZANA_Z": 0
   },
   "type": "Feature"
  },
  {
   "geometry": {
    "coordinates": [
     [
      [
       20.175926,
       50.081687
      ],
      [
       20.176388,
       50.081827
      ],
      [
       20.176582,
       50.081855
      ],
      [
       20.17677,
       50.081856
      ],
      [
       20.17699,
       50.081836
      ],
      [
       20.17715,
       50.081772
      ],
      [
       20.177304,
       50.081623
      ],
      [
       20.177582,
       50.08118
      ],
      [
       20.177643,
       50.080935
      ],
      [
       20.177612,
       50.080751
      ],
      [
       20.177456,
       50.080613
      ],
      [
       20.177261,
       50.080486
      ],
      [
       20.177083,
       50.080456
      ],
      [
       20.17673,
       50.080433
      ],
      [
       20.176345,
       50.080431
      ],
      [
       20.176127,
       50.08044
      ],
      [
       20.175484,
       50.080456
      ],
      [
       20.174863,
       50.080451
      ],
      [
       20.174571,
       50.080453
      ],
      [
       20.174294,
       50.080499
      ],
      [
       20.174165,
       50.080566
      ],
      [
       20.174042,
       50.080722
      ],
      [
       20.174024,
       50.080823
      ],
      [
       20.1741,
       50.080952
      ],
      [
       20.17426,
       50.081099
      ],
      [
       20.17443,
       50.081187
      ],
      [
       20.174571,
       50.08122
      ],
      [
       20.174693,
       50.081258
      ],
      [
       20.17479,
       50.081298
      ],
      [
       20.175037,
       50.081374
      ],
      [
       20.175164,
       50.081461
      ],
      [
       20.175322,
       50.081528
      ],
      [
       20.175926,
       50.081687
      ]
     ]
    ],
    "type": "Polygon"
   },
   "id": 172,
   "properties": {
    "ADRES": "",
    "ATRYBUTY_O": "Nr stanowiska: 748",
    "BUDOWNICZY": "",
    "CHARAKTER": "",
    "DATA_WPISU": null,
    "DATA_WZNIE": "",
    "DZIELNICA": "",
    "FID": 172,
    "FUNKCJA_OB": "",
    "FUNKCJA_PI": "",
    "GDB_AREA": 30077.65,
    "GDB_PRM": 682.67,
    "GDB_PRMEX": 682.67,
    "GPT_DATE": null,
    "GPT_USER": "",
    "ID": 31249,
    "IDENT_OBIE": "67849699",
    "ID_ISDP": 0,
    "ID_SPRAWY": 80572849,
    "ID_WARSTWY": "F19_STAN_ARCH",
    "ISDP_FID": "GDB$G_EOZ_ARCHEOLOGIA_EOZ_A.4d9eef0c-e319-557a-e055-000000000001",
    "ISTNIEJE": "",
    "KARTA_MAPY": "",
    "LOKALIZACJ": "",
    "MATERIAL": "",
    "NAZWA": "",
    "NUMER": "",
    "NUMER_EWID": "",
    "NUMER_REJ_": "",
    "OBREB": "",
    "REJESTR_TA": "EW_ARCHEOLOGIA",
    "RODZAJE_ZA": "",
    "RODZAJ_OBI": "",
    "RODZAJ_WLA": "",
    "STAN_ZACHO": "",
    "STATUS": "",
    "STYL_OBIEK": "",
    "SYMBOL_EWI": "",
    "SYMBOL_REJ": "",
    "Shape__Area": 72961.705078125,
    "Shape__Length": 1062.7956710858052,
    "UWAGI": "",
    "WIEK_CZ_PO": "",
    "WIEK_POWST": "",
    "WYDRUK_LIN": "",
    "ZAJETA_NA_": 1,
    "ZALACZNIKI": "http://172.16.11.22:8085/SOWA2-services/doc/print/65355249/0748.pdf",
    "ZDJECIE_1": "",
    "ZDJECIE_2": "",
    "ZDJECIE_3": "",
    "ZDJECIE_4": "",
    "ZDJECIE_5": "",
    "ZDJECIE_6": "",
    "ZDJECIE_7": "",
    "ZDJECIE_8": "",
    "ZWERYFIKOW": "",
    "ZWIAZANA_Z": 0
   },
   "type": "Feature"
  },
  {
   "geometry": {
    "coordinates": [
     [
      [
       19.835889,
       50.066443
      ],
      [
       19.835899,
       50.06663
      ],
      [
       19.836089,
       50.0668
      ],
      [
       19.836371,
       50.066898
      ],
      [
       19.836792,
       50.066906
      ],
      [
       19.837074,
       50.066848
      ],
      [
       19.83729,
       50.066796
      ],
      [
       19.837464,
       50.066615
      ],
      [
       19.837472,
       50.066373
      ],
      [
       19.8374,
       50.066215
      ],
      [
       19.837423,
       50.065941
      ],
      [
       19.83759,
       50.065768
      ],
      [
       19.837635,
       50.065631
      ],
      [
       19.837662,
       50.065401
      ],
      [
       19.837544,
       50.065241
      ],
      [
       19.837283,
       50.065129
      ],
      [
       19.837001,
       50.065114
      ],
      [
       19.836671,
       50.065194
      ],
      [
       19.836284,
       50.065546
      ],
      [
       19.836176,
       50.065809
      ],
      [
       19.836103,
       50.065961
      ],
      [
       19.835954,
       50.066227
      ],
      [
       19.835889,
       50.066443
      ]
     ]
    ],
    "type": "Polygon"
   },
   "id": 173,
   "properties": {
    "ADRES": "",
    "ATRYBUTY_O": "Nr stanowiska: 269",
    "BUDOWNICZY": "",
    "CHARAKTER": "",
    "DATA_WPISU": null,
    "DATA_WZNIE": "",
    "DZIELNICA": "",
    "FID": 173,
    "FUNKCJA_OB": "",
    "FUNKCJA_PI": "",
    "GDB_AREA": 18416.45,
    "GDB_PRM": 537.7,
    "GDB_PRMEX": 537.7,
    "GPT_DATE": null,
    "GPT_USER": "",
    "ID": 31189,
    "IDENT_OBIE": "67846699",
    "ID_ISDP": 0,
    "ID_SPRAWY": 80558899,
    "ID_WARSTWY": "F19_STAN_ARCH",
    "ISDP_FID": "GDB$G_EOZ_ARCHEOLOGIA_EOZ_A.4d9eef0c-e2f6-557a-e055-000000000001",
    "ISTNIEJE": "",
    "KARTA_MAPY": "",
    "LOKALIZACJ": "",
    "MATERIAL": "",
    "NAZWA": "",
    "NUMER": "",
    "NUMER_EWID": "",
    "NUMER_REJ_": "",
    "OBREB": "",
    "REJESTR_TA": "EW_ARCHEOLOGIA",
    "RODZAJE_ZA": "",
    "RODZAJ_OBI": "",
    "RODZAJ_WLA": "",
    "STAN_ZACHO": "",
    "STATUS": "",
    "STYL_OBIEK": "",
    "SYMBOL_EWI": "",
    "SYMBOL_REJ": "",
    "Shape__Area": 44642.671875,
    "Shape__Length": 837.5126979606466,
    "UWAGI": "",
    "WIEK_CZ_PO": "",
    "WIEK_POWST": "",
    "WYDRUK_LIN": "",
    "ZAJETA_NA_": 1,
    "ZALACZNIKI": "http://172.16.11.22:8085/SOWA2-services/doc/print/65348299/0269.pdf",
    "ZDJECIE_1": "",
    "ZDJECIE_2": "",
    "ZDJECIE_3": "",
    "ZDJECIE_4": "",
    "ZDJECIE_5": "",
    "ZDJECIE_6": "",
    "ZDJECIE_7": "",
    "ZDJECIE_8": "",
    "ZWERYFIKOW": "",
    "ZWIAZANA_Z": 0
   },
   "type": "Feature"
  },
  {
   "geometry": {
    "coordinates": [
     [
      [
       19.851237,
       50.070628
      ],
      [
       19.851783,
       50.07083
      ],
      [
       19.852132,
       50.070813
      ],
      [
       19.852134,
       50.070639
      ],
      [
       19.851885,
       50.070447
      ],
      [
       19.851715,
       50.070324
      ],
      [
       19.851458,
       50.070268
      ],
      [
       19.851193,
       50.070357
      ],
      [
       19.851111,
       50.070466
      ],
      [
       19.851237,
       50.070628
      ]
     ]
    ],
    "type": "Polygon"
   },
   "id": 174,
   "properties": {
    "ADRES": "",
    "ATRYBUTY_O": "Nr stanowiska: 271",
    "BUDOWNICZY": "",
    "CHARAKTER": "",
    "DATA_WPISU": null,
    "DATA_WZNIE": "",
    "DZIELNICA": "",
    "FID": 174,
    "FUNKCJA_OB": "",
    "FUNKCJA_PI": "",
    "GDB_AREA": 2878.52,
    "GDB_PRM": 210.02,
    "GDB_PRMEX": 210.02,
    "GPT_DATE": null,
    "GPT_USER": "",
    "ID": 31190,
    "IDENT_OBIE": "67846749",
    "ID_ISDP": 0,
    "ID_SPRAWY": 80559199,
    "ID_WARSTWY": "F19_STAN_ARCH",
    "ISDP_FID": "GDB$G_EOZ_ARCHEOLOGIA_EOZ_A.4d9eef0c-e2f7-557a-e055-000000000001",
    "ISTNIEJE": "",
    "KARTA_MAPY": "",
    "LOKALIZACJ": "",
    "MATERIAL": "",
    "NAZWA": "",
    "NUMER": "",
    "NUMER_EWID": "",
    "NUMER_REJ_": "",
    "OBREB": "",
    "REJESTR_TA": "EW_ARCHEOLOGIA",
    "RODZAJE_ZA": "",
    "RODZAJ_OBI": "",
    "RODZAJ_WLA": "",
    "STAN_ZACHO": "",
    "STATUS": "",
    "STYL_OBIEK": "",
    "SYMBOL_EWI": "",
    "SYMBOL_REJ": "",
    "Shape__Area": 6979.041015625,
    "Shape__Length": 326.95897779172964,
    "UWAGI": "",
    "WIEK_CZ_PO": "",
    "WIEK_POWST": "",
    "WYDRUK_LIN": "",
    "ZAJETA_NA_": 1,
    "ZALACZNIKI": "http://172.16.11.22:8085/SOWA2-services/doc/print/65348349/0271.pdf",
    "ZDJECIE_1": "",
    "ZDJECIE_2": "",
    "ZDJECIE_3": "",
    "ZDJECIE_4": "",
    "ZDJECIE_5": "",
    "ZDJECIE_6": "",
    "ZDJECIE_7": "",
    "ZDJECIE_8": "",
    "ZWERYFIKOW": "",
    "ZWIAZANA_Z": 0
   },
   "type": "Feature"
  },
  {
   "geometry": {
    "coordinates": [
     [
      [
       19.950054,
       50.10003
      ],
      [
       19.949904,
       50.100151
      ],
      [
       19.950043,
       50.100391
      ],
      [
       19.950312,
       50.100514
      ],
      [
       19.950462,
       50.100508
      ],
      [
       19.95082,
       50.10052
      ],
      [
       19.951085,
       50.100343
      ],
      [
       19.951066,
       50.100204
      ],
      [
       19.950935,
       50.099995
      ],
      [
       19.950427,
       50.099977
      ],
      [
       19.950054,
       50.10003
      ]
     ]
    ],
    "type": "Polygon"
   },
   "id": 175,
   "properties": {
    "ADRES": "",
    "ATRYBUTY_O": "Nr stanowiska: 14",
    "BUDOWNICZY": "",
    "CHARAKTER": "",
    "DATA_WPISU": null,
    "DATA_WZNIE": "",
    "DZIELNICA": "",
    "FID": 175,
    "FUNKCJA_OB": "",
    "FUNKCJA_PI": "",
    "GDB_AREA": 4044.78,
    "GDB_PRM": 237.36,
    "GDB_PRMEX": 237.36,
    "GPT_DATE": null,
    "GPT_USER": "",
    "ID": 31191,
    "IDENT_OBIE": "67846799",
    "ID_ISDP": 0,
    "ID_SPRAWY": 80560099,
    "ID_WARSTWY": "F19_STAN_ARCH",
    "ISDP_FID": "GDB$G_EOZ_ARCHEOLOGIA_EOZ_A.4d9eef0c-e2f8-557a-e055-000000000001",
    "ISTNIEJE": "",
    "KARTA_MAPY": "",
    "LOKALIZACJ": "",
    "MATERIAL": "",
    "NAZWA": "",
    "NUMER": "",
    "NUMER_EWID": "",
    "NUMER_REJ_": "",
    "OBREB": "",
    "REJESTR_TA": "EW_ARCHEOLOGIA",
    "RODZAJE_ZA": "",
    "RODZAJ_OBI": "",
    "RODZAJ_WLA": "",
    "STAN_ZACHO": "",
    "STATUS": "",
    "STYL_OBIEK": "",
    "SYMBOL_EWI": "",
    "SYMBOL_REJ": "",
    "Shape__Area": 9819.046875,
    "Shape__Length": 369.724403377417,
    "UWAGI": "",
    "WIEK_CZ_PO": "",
    "WIEK_POWST": "",
    "WYDRUK_LIN": "",
    "ZAJETA_NA_": 1,
    "ZALACZNIKI": "http://172.16.11.22:8085/SOWA2-services/doc/print/65342949/0014.pdf",
    "ZDJECIE_1": "",
    "ZDJECIE_2": "",
    "ZDJECIE_3": "",
    "ZDJECIE_4": "",
    "ZDJECIE_5": "",
    "ZDJECIE_6": "",
    "ZDJECIE_7": "",
    "ZDJECIE_8": "",
    "ZWERYFIKOW": "",
    "ZWIAZANA_Z": 0
   },
   "type": "Feature"
  },
  {
   "geometry": {
    "coordinates": [
     [
      [
       19.949626,
       50.09795
      ],
      [
       19.94986,
       50.098193
      ],
      [
       19.950285,
       50.098262
      ],
      [
       19.950678,
       50.098199
      ],
      [
       19.951014,
       50.098063
      ],
      [
       19.951114,
       50.097942
      ],
      [
       19.95109,
       50.097723
      ],
      [
       19.95061,
       50.097556
      ],
      [
       19.950095,
       50.09756
      ],
      [
       19.949847,
       50.097593
      ],
      [
       19.949664,
       50.097743
      ],
      [
       19.949626,
       50.09795
      ]
     ]
    ],
    "type": "Polygon"
   },
   "id": 176,
   "properties": {
    "ADRES": "",
    "ATRYBUTY_O": "Nr stanowiska: 10",
    "BUDOWNICZY": "",
    "CHARAKTER": "",
    "DATA_WPISU": null,
    "DATA_WZNIE": "",
    "DZIELNICA": "",
    "FID": 176,
    "FUNKCJA_OB": "",
    "FUNKCJA_PI": "",
    "GDB_AREA": 6565.53,
    "GDB_PRM": 298.66,
    "GDB_PRMEX": 298.66,
    "GPT_DATE": null,
    "GPT_USER": "",
    "ID": 31192,
    "IDENT_OBIE": "67846849",
    "ID_ISDP": 0,
    "ID_SPRAWY": 80560199,
    "ID_WARSTWY": "F19_STAN_ARCH",
    "ISDP_FID": "GDB$G_EOZ_ARCHEOLOGIA_EOZ_A.4d9eef0c-e2f9-557a-e055-000000000001",
    "ISTNIEJE": "",
    "KARTA_MAPY": "",
    "LOKALIZACJ": "",
    "MATERIAL": "",
    "NAZWA": "",
    "NUMER": "",
    "NUMER_EWID": "",
    "NUMER_REJ_": "",
    "OBREB": "",
    "REJESTR_TA": "EW_ARCHEOLOGIA",
    "RODZAJE_ZA": "",
    "RODZAJ_OBI": "",
    "RODZAJ_WLA": "",
    "STAN_ZACHO": "",
    "STATUS": "",
    "STYL_OBIEK": "",
    "SYMBOL_EWI": "",
    "SYMBOL_REJ": "",
    "Shape__Area": 15936.810546875,
    "Shape__Length": 465.1741477502529,
    "UWAGI": "",
    "WIEK_CZ_PO": "",
    "WIEK_POWST": "",
    "WYDRUK_LIN": "",
    "ZAJETA_NA_": 1,
    "ZALACZNIKI": "http://172.16.11.22:8085/SOWA2-services/doc/print/65342799/0010.pdf",
    "ZDJECIE_1": "",
    "ZDJECIE_2": "",
    "ZDJECIE_3": "",
    "ZDJECIE_4": "",
    "ZDJECIE_5": "",
    "ZDJECIE_6": "",
    "ZDJECIE_7": "",
    "ZDJECIE_8": "",
    "ZWERYFIKOW": "",
    "ZWIAZANA_Z": 0
   },
   "type": "Feature"
  },
  {
   "geometry": {
    "coordinates": [
     [
      [
       19.95576,
       50.097639
      ],
      [
       19.955933,
       50.097829
      ],
      [
       19.956432,
       50.098031
      ],
      [
       19.956971,
       50.098102
      ],
      [
       19.957519,
       50.097981
      ],
      [
       19.957866,
       50.09766
      ],
      [
       19.957924,
       50.097329
      ],
      [
       19.957683,
       50.097167
      ],
      [
       19.957148,
       50.097048
      ],
      [
       19.956282,
       50.097144
      ],
      [
       19.955769,
       50.097363
      ],
      [
       19.95576,
       50.097639
      ]
     ]
    ],
    "type": "Polygon"
   },
   "id": 177,
   "properties": {
    "ADRES": "",
    "ATRYBUTY_O": "Nr stanowiska: 13",
    "BUDOWNICZY": "",
    "CHARAKTER": "",
    "DATA_WPISU": null,
    "DATA_WZNIE": "",
    "DZIELNICA": "",
    "FID": 177,
    "FUNKCJA_OB": "",
    "FUNKCJA_PI": "",
    "GDB_AREA": 13650.92,
    "GDB_PRM": 431.12,
    "GDB_PRMEX": 431.12,
    "GPT_DATE": null,
    "GPT_USER": "",
    "ID": 31193,
    "IDENT_OBIE": "67846899",
    "ID_ISDP": 0,
    "ID_SPRAWY": 80560249,
    "ID_WARSTWY": "F19_STAN_ARCH",
    "ISDP_FID": "GDB$G_EOZ_ARCHEOLOGIA_EOZ_A.4d9eef0c-e2fa-557a-e055-000000000001",
    "ISTNIEJE": "",
    "KARTA_MAPY": "",
    "LOKALIZACJ": "",
    "MATERIAL": "",
    "NAZWA": "",
    "NUMER": "",
    "NUMER_EWID": "",
    "NUMER_REJ_": "",
    "OBREB": "",
    "REJESTR_TA": "EW_ARCHEOLOGIA",
    "RODZAJE_ZA": "",
    "RODZAJ_OBI": "",
    "RODZAJ_WLA": "",
    "STAN_ZACHO": "",
    "STATUS": "",
    "STYL_OBIEK": "",
    "SYMBOL_EWI": "",
    "SYMBOL_REJ": "",
    "Shape__Area": 33135.12109375,
    "Shape__Length": 671.4689533663741,
    "UWAGI": "",
    "WIEK_CZ_PO": "",
    "WIEK_POWST": "",
    "WYDRUK_LIN": "",
    "ZAJETA_NA_": 1,
    "ZALACZNIKI": "http://172.16.11.22:8085/SOWA2-services/doc/print/65342899/0013.pdf",
    "ZDJECIE_1": "",
    "ZDJECIE_2": "",
    "ZDJECIE_3": "",
    "ZDJECIE_4": "",
    "ZDJECIE_5": "",
    "ZDJECIE_6": "",
    "ZDJECIE_7": "",
    "ZDJECIE_8": "",
    "ZWERYFIKOW": "",
    "ZWIAZANA_Z": 0
   },
   "type": "Feature"
  },
  {
   "geometry": {
    "coordinates": [
     [
      [
       19.945438,
       50.098656
      ],
      [
       19.945767,
       50.098814
      ],
      [
       19.946067,
       50.098807
      ],
      [
       19.946355,
       50.098647
      ],
      [
       19.946307,
       50.098207
      ],
      [
       19.946005,
       50.097954
      ],
      [
       19.945603,
       50.097862
      ],
      [
       19.945309,
       50.097878
      ],
      [
       19.945074,
       50.09805
      ],
      [
       19.945097,
       50.09829
      ],
      [
       19.945438,
       50.098656
      ]
     ]
    ],
    "type": "Polygon"
   },
   "id": 178,
   "properties": {
    "ADRES": "",
    "ATRYBUTY_O": "Nr stanowiska: 11",
    "BUDOWNICZY": "",
    "CHARAKTER": "",
    "DATA_WPISU": null,
    "DATA_WZNIE": "",
    "DZIELNICA": "",
    "FID": 178,
    "FUNKCJA_OB": "",
    "FUNKCJA_PI": "",
    "GDB_AREA": 7152.86,
    "GDB_PRM": 314.03,
    "GDB_PRMEX": 314.03,
    "GPT_DATE": null,
    "GPT_USER": "",
    "ID": 31194,
    "IDENT_OBIE": "67846949",
    "ID_ISDP": 0,
    "ID_SPRAWY": 80560299,
    "ID_WARSTWY": "F19_STAN_ARCH",
    "ISDP_FID": "GDB$G_EOZ_ARCHEOLOGIA_EOZ_A.4d9eef0c-e2fb-557a-e055-000000000001",
    "ISTNIEJE": "",
    "KARTA_MAPY": "",
    "LOKALIZACJ": "",
    "MATERIAL": "",
    "NAZWA": "",
    "NUMER": "",
    "NUMER_EWID": "",
    "NUMER_REJ_": "",
    "OBREB": "",
    "REJESTR_TA": "EW_ARCHEOLOGIA",
    "RODZAJE_ZA": "",
    "RODZAJ_OBI": "",
    "RODZAJ_WLA": "",
    "STAN_ZACHO": "",
    "STATUS": "",
    "STYL_OBIEK": "",
    "SYMBOL_EWI": "",
    "SYMBOL_REJ": "",
    "Shape__Area": 17362.7705078125,
    "Shape__Length": 489.3341324854539,
    "UWAGI": "",
    "WIEK_CZ_PO": "",
    "WIEK_POWST": "",
    "WYDRUK_LIN": "",
    "ZAJETA_NA_": 1,
    "ZALACZNIKI": "http://172.16.11.22:8085/SOWA2-services/doc/print/65342849/0011.pdf",
    "ZDJECIE_1": "",
    "ZDJECIE_2": "",
    "ZDJECIE_3": "",
    "ZDJECIE_4": "",
    "ZDJECIE_5": "",
    "ZDJECIE_6": "",
    "ZDJECIE_7": "",
    "ZDJECIE_8": "",
    "ZWERYFIKOW": "",
    "ZWIAZANA_Z": 0
   },
   "type": "Feature"
  },
  {
   "geometry": {
    "coordinates": [
     [
      [
       19.982712,
       49.991403
      ],
      [
       19.982583,
       49.991356
      ],
      [
       19.982497,
       49.991349
      ],
      [
       19.982432,
       49.991367
      ],
      [
       19.98239,
       49.991402
      ],
      [
       19.982374,
       49.99147
      ],
      [
       19.982391,
       49.991518
      ],
      [
       19.982439,
       49.991556
      ],
      [
       19.982533,
       49.99158
      ],
      [
       19.982617,
       49.9916
      ],
      [
       19.982714,
       49.991581
      ],
      [
       19.982756,
       49.991553
      ],
      [
       19.982773,
       49.991516
      ],
      [
       19.982774,
       49.991471
      ],
      [
       19.982756,
       49.991442
      ],
      [
       19.982712,
       49.991403
      ]
     ]
    ],
    "type": "Polygon"
   },
   "id": 179,
   "properties": {
    "ADRES": "",
    "ATRYBUTY_O": "Nr stanowiska: 509",
    "BUDOWNICZY": "",
    "CHARAKTER": "",
    "DATA_WPISU": null,
    "DATA_WZNIE": "",
    "DZIELNICA": "",
    "FID": 179,
    "FUNKCJA_OB": "",
    "FUNKCJA_PI": "",
    "GDB_AREA": 600.89,
    "GDB_PRM": 88.85,
    "GDB_PRMEX": 88.85,
    "GPT_DATE": null,
    "GPT_USER": "",
    "ID": 31196,
    "IDENT_OBIE": "67847049",
    "ID_ISDP": 0,
    "ID_SPRAWY": 80563049,
    "ID_WARSTWY": "F19_STAN_ARCH",
    "ISDP_FID": "GDB$G_EOZ_ARCHEOLOGIA_EOZ_A.4d9eef0c-e2fc-557a-e055-000000000001",
    "ISTNIEJE": "",
    "KARTA_MAPY": "",
    "LOKALIZACJ": "",
    "MATERIAL": "",
    "NAZWA": "",
    "NUMER": "",
    "NUMER_EWID": "",
    "NUMER_REJ_": "",
    "OBREB": "",
    "REJESTR_TA": "EW_ARCHEOLOGIA",
    "RODZAJE_ZA": "",
    "RODZAJ_OBI": "",
    "RODZAJ_WLA": "",
    "STAN_ZACHO": "",
    "STATUS": "",
    "STYL_OBIEK": "",
    "SYMBOL_EWI": "",
    "SYMBOL_REJ": "",
    "Shape__Area": 1452.166015625,
    "Shape__Length": 138.11480338485023,
    "UWAGI": "",
    "WIEK_CZ_PO": "",
    "WIEK_POWST": "",
    "WYDRUK_LIN": "",
    "ZAJETA_NA_": 1,
    "ZALACZNIKI": "http://172.16.11.22:8085/SOWA2-services/doc/print/65352199/0509.pdf",
    "ZDJECIE_1": "",
    "ZDJECIE_2": "",
    "ZDJECIE_3": "",
    "ZDJECIE_4": "",
    "ZDJECIE_5": "",
    "ZDJECIE_6": "",
    "ZDJECIE_7": "",
    "ZDJECIE_8": "",
    "ZWERYFIKOW": "",
    "ZWIAZANA_Z": 0
   },
   "type": "Feature"
  },
  {
   "geometry": {
    "coordinates": [
     [
      [
       19.992554,
       49.989095
      ],
      [
       19.992455,
       49.989065
      ],
      [
       19.99239,
       49.989068
      ],
      [
       19.99234,
       49.989085
      ],
      [
       19.9923,
       49.989109
      ],
      [
       19.99229,
       49.98914
      ],
      [
       19.992297,
       49.989186
      ],
      [
       19.992339,
       49.989232
      ],
      [
       19.992386,
       49.989263
      ],
      [
       19.992438,
       49.989273
      ],
      [
       19.992512,
       49.989272
      ],
      [
       19.992573,
       49.989246
      ],
      [
       19.992592,
       49.989221
      ],
      [
       19.992602,
       49.989172
      ],
      [
       19.992597,
       49.989138
      ],
      [
       19.992581,
       49.989117
      ],
      [
       19.992554,
       49.989095
      ]
     ]
    ],
    "type": "Polygon"
   },
   "id": 180,
   "properties": {
    "ADRES": "",
    "ATRYBUTY_O": "Nr stanowiska: 511",
    "BUDOWNICZY": "",
    "CHARAKTER": "",
    "DATA_WPISU": null,
    "DATA_WZNIE": "",
    "DZIELNICA": "",
    "FID": 180,
    "FUNKCJA_OB": "",
    "FUNKCJA_PI": "",
    "GDB_AREA": 407.11,
    "GDB_PRM": 72.5,
    "GDB_PRMEX": 72.5,
    "GPT_DATE": null,
    "GPT_USER": "",
    "ID": 31198,
    "IDENT_OBIE": "67847149",
    "ID_ISDP": 0,
    "ID_SPRAWY": 80563149,
    "ID_WARSTWY": "F19_STAN_ARCH",
    "ISDP_FID": "GDB$G_EOZ_ARCHEOLOGIA_EOZ_A.4d9eef0c-e2fd-557a-e055-000000000001",
    "ISTNIEJE": "",
    "KARTA_MAPY": "",
    "LOKALIZACJ": "",
    "MATERIAL": "",
    "NAZWA": "",
    "NUMER": "",
    "NUMER_EWID": "",
    "NUMER_REJ_": "",
    "OBREB": "",
    "REJESTR_TA": "EW_ARCHEOLOGIA",
    "RODZAJE_ZA": "",
    "RODZAJ_OBI": "",
    "RODZAJ_WLA": "",
    "STAN_ZACHO": "",
    "STATUS": "",
    "STYL_OBIEK": "",
    "SYMBOL_EWI": "",
    "SYMBOL_REJ": "",
    "Shape__Area": 983.763671875,
    "Shape__Length": 112.70507521740905,
    "UWAGI": "",
    "WIEK_CZ_PO": "",
    "WIEK_POWST": "",
    "WYDRUK_LIN": "",
    "ZAJETA_NA_": 1,
    "ZALACZNIKI": "http://172.16.11.22:8085/SOWA2-services/doc/print/65352299/0511.pdf",
    "ZDJECIE_1": "",
    "ZDJECIE_2": "",
    "ZDJECIE_3": "",
    "ZDJECIE_4": "",
    "ZDJECIE_5": "",
    "ZDJECIE_6": "",
    "ZDJECIE_7": "",
    "ZDJECIE_8": "",
    "ZWERYFIKOW": "",
    "ZWIAZANA_Z": 0
   },
   "type": "Feature"
  },
  {
   "geometry": {
    "coordinates": [
     [
      [
       19.993807,
       50.001363
      ],
      [
       19.993925,
       50.001362
      ],
      [
       19.994122,
       50.001367
      ],
      [
       19.994468,
       50.001367
      ],
      [
       19.994838,
       50.001339
      ],
      [
       19.995246,
       50.001308
      ],
      [
       19.995408,
       50.001265
      ],
      [
       19.995472,
       50.001208
      ],
      [
       19.995477,
       50.001145
      ],
      [
       19.995432,
       50.001064
      ],
      [
       19.995314,
       50.000981
      ],
      [
       19.995171,
       50.000954
      ],
      [
       19.994959,
       50.000935
      ],
      [
       19.994741,
       50.000923
      ],
      [
       19.994654,
       50.000912
      ],
      [
       19.994592,
       50.000865
      ],
      [
       19.994532,
       50.000797
      ],
      [
       19.994459,
       50.000772
      ],
      [
       19.993871,
       50.000759
      ],
      [
       19.993418,
       50.000764
      ],
      [
       19.993131,
       50.00077
      ],
      [
       19.992945,
       50.000797
      ],
      [
       19.992822,
       50.000853
      ],
      [
       19.99278,
       50.000922
      ],
      [
       19.992777,
       50.000988
      ],
      [
       19.992825,
       50.001063
      ],
      [
       19.992956,
       50.001174
      ],
      [
       19.993097,
       50.001265
      ],
      [
       19.993204,
       50.001335
      ],
      [
       19.993336,
       50.00136
      ],
      [
       19.993599,
       50.001369
      ],
      [
       19.993807,
       50.001363
      ]
     ]
    ],
    "type": "Polygon"
   },
   "id": 181,
   "properties": {
    "ADRES": "",
    "ATRYBUTY_O": "Nr stanowiska: 550",
    "BUDOWNICZY": "",
    "CHARAKTER": "",
    "DATA_WPISU": null,
    "DATA_WZNIE": "",
    "DZIELNICA": "",
    "FID": 181,
    "FUNKCJA_OB": "",
    "FUNKCJA_PI": "",
    "GDB_AREA": 10436.54,
    "GDB_PRM": 451.44,
    "GDB_PRMEX": 451.44,
    "GPT_DATE": null,
    "GPT_USER": "",
    "ID": 31200,
    "IDENT_OBIE": "67847249",
    "ID_ISDP": 0,
    "ID_SPRAWY": 80563799,
    "ID_WARSTWY": "F19_STAN_ARCH",
    "ISDP_FID": "GDB$G_EOZ_ARCHEOLOGIA_EOZ_A.4d9eef0c-e2fe-557a-e055-000000000001",
    "ISTNIEJE": "",
    "KARTA_MAPY": "",
    "LOKALIZACJ": "",
    "MATERIAL": "",
    "NAZWA": "",
    "NUMER": "",
    "NUMER_EWID": "",
    "NUMER_REJ_": "",
    "OBREB": "",
    "REJESTR_TA": "EW_ARCHEOLOGIA",
    "RODZAJE_ZA": "",
    "RODZAJ_OBI": "",
    "RODZAJ_WLA": "",
    "STAN_ZACHO": "",
    "STATUS": "",
    "STYL_OBIEK": "",
    "SYMBOL_EWI": "",
    "SYMBOL_REJ": "",
    "Shape__Area": 25231.9267578125,
    "Shape__Length": 701.3638661677064,
    "UWAGI": "",
    "WIEK_CZ_PO": "",
    "WIEK_POWST": "",
    "WYDRUK_LIN": "",
    "ZAJETA_NA_": 1,
    "ZALACZNIKI": "http://172.16.11.22:8085/SOWA2-services/doc/print/65353199/0550.pdf",
    "ZDJECIE_1": "",
    "ZDJECIE_2": "",
    "ZDJECIE_3": "",
    "ZDJECIE_4": "",
    "ZDJECIE_5": "",
    "ZDJECIE_6": "",
    "ZDJECIE_7": "",
    "ZDJECIE_8": "",
    "ZWERYFIKOW": "",
    "ZWIAZANA_Z": 0
   },
   "type": "Feature"
  },
  {
   "geometry": {
    "coordinates": [
     [
      [
       19.853691,
       50.036059
      ],
      [
       19.853688,
       50.036123
      ],
      [
       19.853753,
       50.036191
      ],
      [
       19.853843,
       50.036227
      ],
      [
       19.853949,
       50.036229
      ],
      [
       19.854046,
       50.036181
      ],
      [
       19.854091,
       50.036107
      ],
      [
       19.854077,
       50.036001
      ],
      [
       19.853967,
       50.035948
      ],
      [
       19.853874,
       50.035941
      ],
      [
       19.853763,
       50.035967
      ],
      [
       19.853722,
       50.036003
      ],
      [
       19.853691,
       50.036059
      ]
     ]
    ],
    "type": "Polygon"
   },
   "id": 182,
   "properties": {
    "ADRES": "",
    "ATRYBUTY_O": "Nr stanowiska: 359",
    "BUDOWNICZY": "",
    "CHARAKTER": "",
    "DATA_WPISU": null,
    "DATA_WZNIE": "",
    "DZIELNICA": "",
    "FID": 182,
    "FUNKCJA_OB": "",
    "FUNKCJA_PI": "",
    "GDB_AREA": 726.85,
    "GDB_PRM": 97.18,
    "GDB_PRMEX": 97.18,
    "GPT_DATE": null,
    "GPT_USER": "",
    "ID": 31201,
    "IDENT_OBIE": "67847299",
    "ID_ISDP": 0,
    "ID_SPRAWY": 80563899,
    "ID_WARSTWY": "F19_STAN_ARCH",
    "ISDP_FID": "GDB$G_EOZ_ARCHEOLOGIA_EOZ_A.4d9eef0c-e2ff-557a-e055-000000000001",
    "ISTNIEJE": "",
    "KARTA_MAPY": "",
    "LOKALIZACJ": "",
    "MATERIAL": "",
    "NAZWA": "",
    "NUMER": "",
    "NUMER_EWID": "",
    "NUMER_REJ_": "",
    "OBREB": "",
    "REJESTR_TA": "EW_ARCHEOLOGIA",
    "RODZAJE_ZA": "",
    "RODZAJ_OBI": "",
    "RODZAJ_WLA": "",
    "STAN_ZACHO": "",
    "STATUS": "",
    "STYL_OBIEK": "",
    "SYMBOL_EWI": "",
    "SYMBOL_REJ": "",
    "Shape__Area": 1759.748046875,
    "Shape__Length": 151.22614589568045,
    "UWAGI": "",
    "WIEK_CZ_PO": "",
    "WIEK_POWST": "",
    "WYDRUK_LIN": "",
    "ZAJETA_NA_": 1,
    "ZALACZNIKI": "http://172.16.11.22:8085/SOWA2-services/doc/print/65349449/0359.pdf",
    "ZDJECIE_1": "",
    "ZDJECIE_2": "",
    "ZDJECIE_3": "",
    "ZDJECIE_4": "",
    "ZDJECIE_5": "",
    "ZDJECIE_6": "",
    "ZDJECIE_7": "",
    "ZDJECIE_8": "",
    "ZWERYFIKOW": "",
    "ZWIAZANA_Z": 0
   },
   "type": "Feature"
  },
  {
   "geometry": {
    "coordinates": [
     [
      [
       19.855564,
       50.030131
      ],
      [
       19.855446,
       50.030145
      ],
      [
       19.855373,
       50.030165
      ],
      [
       19.855332,
       50.030185
      ],
      [
       19.855311,
       50.030204
      ],
      [
       19.855311,
       50.030234
      ],
      [
       19.855362,
       50.030277
      ],
      [
       19.855451,
       50.03033
      ],
      [
       19.85554,
       50.030359
      ],
      [
       19.855618,
       50.030376
      ],
      [
       19.855681,
       50.03038
      ],
      [
       19.85575,
       50.030375
      ],
      [
       19.855806,
       50.030366
      ],
      [
       19.855837,
       50.030339
      ],
      [
       19.855846,
       50.030303
      ],
      [
       19.855848,
       50.030285
      ],
      [
       19.855845,
       50.030241
      ],
      [
       19.855808,
       50.030206
      ],
      [
       19.855744,
       50.03017
      ],
      [
       19.855669,
       50.030144
      ],
      [
       19.855564,
       50.030131
      ]
     ]
    ],
    "type": "Polygon"
   },
   "id": 183,
   "properties": {
    "ADRES": "",
    "ATRYBUTY_O": "Nr stanowiska: 361",
    "BUDOWNICZY": "",
    "CHARAKTER": "",
    "DATA_WPISU": null,
    "DATA_WZNIE": "",
    "DZIELNICA": "",
    "FID": 183,
    "FUNKCJA_OB": "",
    "FUNKCJA_PI": "",
    "GDB_AREA": 782.33,
    "GDB_PRM": 104.56,
    "GDB_PRMEX": 104.56,
    "GPT_DATE": null,
    "GPT_USER": "",
    "ID": 31203,
    "IDENT_OBIE": "67847399",
    "ID_ISDP": 0,
    "ID_SPRAWY": 80563999,
    "ID_WARSTWY": "F19_STAN_ARCH",
    "ISDP_FID": "GDB$G_EOZ_ARCHEOLOGIA_EOZ_A.4d9eef0c-e300-557a-e055-000000000001",
    "ISTNIEJE": "",
    "KARTA_MAPY": "",
    "LOKALIZACJ": "",
    "MATERIAL": "",
    "NAZWA": "",
    "NUMER": "",
    "NUMER_EWID": "",
    "NUMER_REJ_": "",
    "OBREB": "",
    "REJESTR_TA": "EW_ARCHEOLOGIA",
    "RODZAJE_ZA": "",
    "RODZAJ_OBI": "",
    "RODZAJ_WLA": "",
    "STAN_ZACHO": "",
    "STATUS": "",
    "STYL_OBIEK": "",
    "SYMBOL_EWI": "",
    "SYMBOL_REJ": "",
    "Shape__Area": 1893.6279296875,
    "Shape__Length": 162.61317154903077,
    "UWAGI": "",
    "WIEK_CZ_PO": "",
    "WIEK_POWST": "",
    "WYDRUK_LIN": "",
    "ZAJETA_NA_": 1,
    "ZALACZNIKI": "http://172.16.11.22:8085/SOWA2-services/doc/print/65349549/0361.pdf",
    "ZDJECIE_1": "",
    "ZDJECIE_2": "",
    "ZDJECIE_3": "",
    "ZDJECIE_4": "",
    "ZDJECIE_5": "",
    "ZDJECIE_6": "",
    "ZDJECIE_7": "",
    "ZDJECIE_8": "",
    "ZWERYFIKOW": "",
    "ZWIAZANA_Z": 0
   },
   "type": "Feature"
  },
  {
   "geometry": {
    "coordinates": [
     [
      [
       19.85984,
       50.029278
      ],
      [
       19.85971,
       50.029286
      ],
      [
       19.859642,
       50.029313
      ],
      [
       19.859598,
       50.02935
      ],
      [
       19.859578,
       50.029385
      ],
      [
       19.859603,
       50.029435
      ],
      [
       19.859666,
       50.029514
      ],
      [
       19.859978,
       50.029696
      ],
      [
       19.860092,
       50.029768
      ],
      [
       19.860174,
       50.029786
      ],
      [
       19.860263,
       50.02979
      ],
      [
       19.860317,
       50.029776
      ],
      [
       19.860374,
       50.029732
      ],
      [
       19.8604,
       50.02968
      ],
      [
       19.860403,
       50.029622
      ],
      [
       19.860364,
       50.029545
      ],
      [
       19.860226,
       50.029416
      ],
      [
       19.860023,
       50.029311
      ],
      [
       19.85984,
       50.029278
      ]
     ]
    ],
    "type": "Polygon"
   },
   "id": 184,
   "properties": {
    "ADRES": "",
    "ATRYBUTY_O": "Nr stanowiska: 363",
    "BUDOWNICZY": "",
    "CHARAKTER": "",
    "DATA_WPISU": null,
    "DATA_WZNIE": "",
    "DZIELNICA": "",
    "FID": 184,
    "FUNKCJA_OB": "",
    "FUNKCJA_PI": "",
    "GDB_AREA": 2041.24,
    "GDB_PRM": 176.15,
    "GDB_PRMEX": 176.15,
    "GPT_DATE": null,
    "GPT_USER": "",
    "ID": 31205,
    "IDENT_OBIE": "67847499",
    "ID_ISDP": 0,
    "ID_SPRAWY": 80564099,
    "ID_WARSTWY": "F19_STAN_ARCH",
    "ISDP_FID": "GDB$G_EOZ_ARCHEOLOGIA_EOZ_A.4d9eef0c-e301-557a-e055-000000000001",
    "ISTNIEJE": "",
    "KARTA_MAPY": "",
    "LOKALIZACJ": "",
    "MATERIAL": "",
    "NAZWA": "",
    "NUMER": "",
    "NUMER_EWID": "",
    "NUMER_REJ_": "",
    "OBREB": "",
    "REJESTR_TA": "EW_ARCHEOLOGIA",
    "RODZAJE_ZA": "",
    "RODZAJ_OBI": "",
    "RODZAJ_WLA": "",
    "STAN_ZACHO": "",
    "STATUS": "",
    "STYL_OBIEK": "",
    "SYMBOL_EWI": "",
    "SYMBOL_REJ": "",
    "Shape__Area": 4940.6337890625,
    "Shape__Length": 274.0394105544842,
    "UWAGI": "",
    "WIEK_CZ_PO": "",
    "WIEK_POWST": "",
    "WYDRUK_LIN": "",
    "ZAJETA_NA_": 1,
    "ZALACZNIKI": "http://172.16.11.22:8085/SOWA2-services/doc/print/65349649/0363.pdf",
    "ZDJECIE_1": "",
    "ZDJECIE_2": "",
    "ZDJECIE_3": "",
    "ZDJECIE_4": "",
    "ZDJECIE_5": "",
    "ZDJECIE_6": "",
    "ZDJECIE_7": "",
    "ZDJECIE_8": "",
    "ZWERYFIKOW": "",
    "ZWIAZANA_Z": 0
   },
   "type": "Feature"
  },
  {
   "geometry": {
    "coordinates": [
     [
      [
       19.94339,
       50.010299
      ],
      [
       19.943339,
       50.010352
      ],
      [
       19.943319,
       50.010417
      ],
      [
       19.943344,
       50.010502
      ],
      [
       19.943429,
       50.010585
      ],
      [
       19.943522,
       50.010642
      ],
      [
       19.943611,
       50.010671
      ],
      [
       19.943707,
       50.010663
      ],
      [
       19.943793,
       50.010636
      ],
      [
       19.943833,
       50.010614
      ],
      [
       19.943879,
       50.010573
      ],
      [
       19.943891,
       50.010471
      ],
      [
       19.943878,
       50.010361
      ],
      [
       19.94384,
       50.010293
      ],
      [
       19.943752,
       50.010251
      ],
      [
       19.943671,
       50.010234
      ],
      [
       19.943595,
       50.010233
      ],
      [
       19.943511,
       50.010249
      ],
      [
       19.94339,
       50.010299
      ]
     ]
    ],
    "type": "Polygon"
   },
   "id": 185,
   "properties": {
    "ADRES": "",
    "ATRYBUTY_O": "Nr stanowiska: 426",
    "BUDOWNICZY": "",
    "CHARAKTER": "",
    "DATA_WPISU": null,
    "DATA_WZNIE": "",
    "DZIELNICA": "",
    "FID": 185,
    "FUNKCJA_OB": "",
    "FUNKCJA_PI": "",
    "GDB_AREA": 1553.43,
    "GDB_PRM": 142.22,
    "GDB_PRMEX": 142.22,
    "GPT_DATE": null,
    "GPT_USER": "",
    "ID": 31207,
    "IDENT_OBIE": "67847599",
    "ID_ISDP": 0,
    "ID_SPRAWY": 80564699,
    "ID_WARSTWY": "F19_STAN_ARCH",
    "ISDP_FID": "GDB$G_EOZ_ARCHEOLOGIA_EOZ_A.4d9eef0c-e302-557a-e055-000000000001",
    "ISTNIEJE": "",
    "KARTA_MAPY": "",
    "LOKALIZACJ": "",
    "MATERIAL": "",
    "NAZWA": "",
    "NUMER": "",
    "NUMER_EWID": "",
    "NUMER_REJ_": "",
    "OBREB": "",
    "REJESTR_TA": "EW_ARCHEOLOGIA",
    "RODZAJE_ZA": "",
    "RODZAJ_OBI": "",
    "RODZAJ_WLA": "",
    "STAN_ZACHO": "",
    "STATUS": "",
    "STYL_OBIEK": "",
    "SYMBOL_EWI": "",
    "SYMBOL_REJ": "",
    "Shape__Area": 3757.0625,
    "Shape__Length": 221.2102374789917,
    "UWAGI": "",
    "WIEK_CZ_PO": "",
    "WIEK_POWST": "",
    "WYDRUK_LIN": "",
    "ZAJETA_NA_": 1,
    "ZALACZNIKI": "http://172.16.11.22:8085/SOWA2-services/doc/print/65350999/0426.pdf",
    "ZDJECIE_1": "",
    "ZDJECIE_2": "",
    "ZDJECIE_3": "",
    "ZDJECIE_4": "",
    "ZDJECIE_5": "",
    "ZDJECIE_6": "",
    "ZDJECIE_7": "",
    "ZDJECIE_8": "",
    "ZWERYFIKOW": "",
    "ZWIAZANA_Z": 0
   },
   "type": "Feature"
  },
  {
   "geometry": {
    "coordinates": [
     [
      [
       19.927556,
       49.983071
      ],
      [
       19.927298,
       49.983034
      ],
      [
       19.927131,
       49.98302
      ],
      [
       19.927031,
       49.983026
      ],
      [
       19.926925,
       49.983071
      ],
      [
       19.926872,
       49.983121
      ],
      [
       19.926843,
       49.983175
      ],
      [
       19.926872,
       49.983226
      ],
      [
       19.926934,
       49.983271
      ],
      [
       19.927091,
       49.983322
      ],
      [
       19.927307,
       49.983361
      ],
      [
       19.927445,
       49.983374
      ],
      [
       19.927579,
       49.983379
      ],
      [
       19.927667,
       49.983346
      ],
      [
       19.927737,
       49.983293
      ],
      [
       19.927745,
       49.983224
      ],
      [
       19.927716,
       49.983165
      ],
      [
       19.927653,
       49.983114
      ],
      [
       19.927605,
       49.983094
      ],
      [
       19.927556,
       49.983071
      ]
     ]
    ],
    "type": "Polygon"
   },
   "id": 186,
   "properties": {
    "ADRES": "",
    "ATRYBUTY_O": "Nr stanowiska: 504",
    "BUDOWNICZY": "",
    "CHARAKTER": "",
    "DATA_WPISU": null,
    "DATA_WZNIE": "",
    "DZIELNICA": "",
    "FID": 186,
    "FUNKCJA_OB": "",
    "FUNKCJA_PI": "",
    "GDB_AREA": 1921.19,
    "GDB_PRM": 166.84,
    "GDB_PRMEX": 166.84,
    "GPT_DATE": null,
    "GPT_USER": "",
    "ID": 31208,
    "IDENT_OBIE": "67847649",
    "ID_ISDP": 0,
    "ID_SPRAWY": 80565499,
    "ID_WARSTWY": "F19_STAN_ARCH",
    "ISDP_FID": "GDB$G_EOZ_ARCHEOLOGIA_EOZ_A.4d9eef0c-e303-557a-e055-000000000001",
    "ISTNIEJE": "",
    "KARTA_MAPY": "",
    "LOKALIZACJ": "",
    "MATERIAL": "",
    "NAZWA": "",
    "NUMER": "",
    "NUMER_EWID": "",
    "NUMER_REJ_": "",
    "OBREB": "",
    "REJESTR_TA": "EW_ARCHEOLOGIA",
    "RODZAJE_ZA": "",
    "RODZAJ_OBI": "",
    "RODZAJ_WLA": "",
    "STAN_ZACHO": "",
    "STATUS": "",
    "STYL_OBIEK": "",
    "SYMBOL_EWI": "",
    "SYMBOL_REJ": "",
    "Shape__Area": 4641.2626953125,
    "Shape__Length": 259.1932134716949,
    "UWAGI": "",
    "WIEK_CZ_PO": "",
    "WIEK_POWST": "",
    "WYDRUK_LIN": "",
    "ZAJETA_NA_": 1,
    "ZALACZNIKI": "http://172.16.11.22:8085/SOWA2-services/doc/print/65352049/0504.pdf",
    "ZDJECIE_1": "",
    "ZDJECIE_2": "",
    "ZDJECIE_3": "",
    "ZDJECIE_4": "",
    "ZDJECIE_5": "",
    "ZDJECIE_6": "",
    "ZDJECIE_7": "",
    "ZDJECIE_8": "",
    "ZWERYFIKOW": "",
    "ZWIAZANA_Z": 0
   },
   "type": "Feature"
  },
  {
   "geometry": {
    "coordinates": [
     [
      [
       19.943285,
       50.012897
      ],
      [
       19.943284,
       50.01303
      ],
      [
       19.943332,
       50.01314
      ],
      [
       19.943404,
       50.013209
      ],
      [
       19.943508,
       50.013253
      ],
      [
       19.943579,
       50.013259
      ],
      [
       19.94363,
       50.013241
      ],
      [
       19.943684,
       50.013201
      ],
      [
       19.943715,
       50.013172
      ],
      [
       19.943758,
       50.013109
      ],
      [
       19.943788,
       50.013041
      ],
      [
       19.943788,
       50.012967
      ],
      [
       19.943752,
       50.012874
      ],
      [
       19.943693,
       50.0128
      ],
      [
       19.943625,
       50.012757
      ],
      [
       19.943549,
       50.012737
      ],
      [
       19.943447,
       50.012739
      ],
      [
       19.943368,
       50.012767
      ],
      [
       19.943315,
       50.012808
      ],
      [
       19.943285,
       50.012897
      ]
     ]
    ],
    "type": "Polygon"
   },
   "id": 187,
   "properties": {
    "ADRES": "",
    "ATRYBUTY_O": "Nr stanowiska: 427",
    "BUDOWNICZY": "",
    "CHARAKTER": "",
    "DATA_WPISU": null,
    "DATA_WZNIE": "",
    "DZIELNICA": "",
    "FID": 187,
    "FUNKCJA_OB": "",
    "FUNKCJA_PI": "",
    "GDB_AREA": 1644.19,
    "GDB_PRM": 150.93,
    "GDB_PRMEX": 150.93,
    "GPT_DATE": null,
    "GPT_USER": "",
    "ID": 31210,
    "IDENT_OBIE": "67847749",
    "ID_ISDP": 0,
    "ID_SPRAWY": 80565749,
    "ID_WARSTWY": "F19_STAN_ARCH",
    "ISDP_FID": "GDB$G_EOZ_ARCHEOLOGIA_EOZ_A.4d9eef0c-e304-557a-e055-000000000001",
    "ISTNIEJE": "",
    "KARTA_MAPY": "",
    "LOKALIZACJ": "",
    "MATERIAL": "",
    "NAZWA": "",
    "NUMER": "",
    "NUMER_EWID": "",
    "NUMER_REJ_": "",
    "OBREB": "",
    "REJESTR_TA": "EW_ARCHEOLOGIA",
    "RODZAJE_ZA": "",
    "RODZAJ_OBI": "",
    "RODZAJ_WLA": "",
    "STAN_ZACHO": "",
    "STATUS": "",
    "STYL_OBIEK": "",
    "SYMBOL_EWI": "",
    "SYMBOL_REJ": "",
    "Shape__Area": 3976.9755859375,
    "Shape__Length": 234.85158005368692,
    "UWAGI": "",
    "WIEK_CZ_PO": "",
    "WIEK_POWST": "",
    "WYDRUK_LIN": "",
    "ZAJETA_NA_": 1,
    "ZALACZNIKI": "http://172.16.11.22:8085/SOWA2-services/doc/print/65351049/0427.pdf",
    "ZDJECIE_1": "",
    "ZDJECIE_2": "",
    "ZDJECIE_3": "",
    "ZDJECIE_4": "",
    "ZDJECIE_5": "",
    "ZDJECIE_6": "",
    "ZDJECIE_7": "",
    "ZDJECIE_8": "",
    "ZWERYFIKOW": "",
    "ZWIAZANA_Z": 0
   },
   "type": "Feature"
  },
  {
   "geometry": {
    "coordinates": [
     [
      [
       20.135285,
       50.070956
      ],
      [
       20.134727,
       50.071033
      ],
      [
       20.134307,
       50.071112
      ],
      [
       20.134112,
       50.071211
      ],
      [
       20.134025,
       50.071337
      ],
      [
       20.134041,
       50.071493
      ],
      [
       20.134157,
       50.071598
      ],
      [
       20.134296,
       50.071665
      ],
      [
       20.134543,
       50.071701
      ],
      [
       20.13486,
       50.071699
      ],
      [
       20.135348,
       50.071604
      ],
      [
       20.135661,
       50.071476
      ],
      [
       20.135869,
       50.071338
      ],
      [
       20.135902,
       50.071234
      ],
      [
       20.135852,
       50.07113
      ],
      [
       20.135726,
       50.07103
      ],
      [
       20.135573,
       50.070966
      ],
      [
       20.13542,
       50.070955
      ],
      [
       20.135285,
       50.070956
      ]
     ]
    ],
    "type": "Polygon"
   },
   "id": 188,
   "properties": {
    "ADRES": "",
    "ATRYBUTY_O": "Nr stanowiska: 756",
    "BUDOWNICZY": "",
    "CHARAKTER": "",
    "DATA_WPISU": null,
    "DATA_WZNIE": "",
    "DZIELNICA": "",
    "FID": 188,
    "FUNKCJA_OB": "",
    "FUNKCJA_PI": "",
    "GDB_AREA": 8279.76,
    "GDB_PRM": 346.69,
    "GDB_PRMEX": 346.69,
    "GPT_DATE": null,
    "GPT_USER": "",
    "ID": 31213,
    "IDENT_OBIE": "67847899",
    "ID_ISDP": 0,
    "ID_SPRAWY": 80567199,
    "ID_WARSTWY": "F19_STAN_ARCH",
    "ISDP_FID": "GDB$G_EOZ_ARCHEOLOGIA_EOZ_A.4d9eef0c-e305-557a-e055-000000000001",
    "ISTNIEJE": "",
    "KARTA_MAPY": "",
    "LOKALIZACJ": "",
    "MATERIAL": "",
    "NAZWA": "",
    "NUMER": "",
    "NUMER_EWID": "",
    "NUMER_REJ_": "",
    "OBREB": "",
    "REJESTR_TA": "EW_ARCHEOLOGIA",
    "RODZAJE_ZA": "",
    "RODZAJ_OBI": "",
    "RODZAJ_WLA": "",
    "STAN_ZACHO": "",
    "STATUS": "",
    "STYL_OBIEK": "",
    "SYMBOL_EWI": "",
    "SYMBOL_REJ": "",
    "Shape__Area": 20076.5986328125,
    "Shape__Length": 539.5880339779637,
    "UWAGI": "",
    "WIEK_CZ_PO": "",
    "WIEK_POWST": "",
    "WYDRUK_LIN": "",
    "ZAJETA_NA_": 1,
    "ZALACZNIKI": "http://172.16.11.22:8085/SOWA2-services/doc/print/65355399/0756.pdf",
    "ZDJECIE_1": "",
    "ZDJECIE_2": "",
    "ZDJECIE_3": "",
    "ZDJECIE_4": "",
    "ZDJECIE_5": "",
    "ZDJECIE_6": "",
    "ZDJECIE_7": "",
    "ZDJECIE_8": "",
    "ZWERYFIKOW": "",
    "ZWIAZANA_Z": 0
   },
   "type": "Feature"
  },
  {
   "geometry": {
    "coordinates": [
     [
      [
       20.127428,
       50.067053
      ],
      [
       20.12683,
       50.067045
      ],
      [
       20.126182,
       50.067047
      ],
      [
       20.125846,
       50.06708
      ],
      [
       20.1256,
       50.067139
      ],
      [
       20.125421,
       50.067212
      ],
      [
       20.125285,
       50.067371
      ],
      [
       20.125265,
       50.067541
      ],
      [
       20.125302,
       50.067773
      ],
      [
       20.125469,
       50.068065
      ],
      [
       20.125644,
       50.068269
      ],
      [
       20.12582,
       50.068462
      ],
      [
       20.126091,
       50.068542
      ],
      [
       20.12659,
       50.068631
      ],
      [
       20.127028,
       50.068709
      ],
      [
       20.127317,
       50.068727
      ],
      [
       20.127895,
       50.068778
      ],
      [
       20.128173,
       50.068859
      ],
      [
       20.128532,
       50.069078
      ],
      [
       20.129092,
       50.069558
      ],
      [
       20.129332,
       50.069717
      ],
      [
       20.129556,
       50.069768
      ],
      [
       20.129728,
       50.069786
      ],
      [
       20.130189,
       50.069813
      ],
      [
       20.130545,
       50.069765
      ],
      [
       20.130911,
       50.069659
      ],
      [
       20.131187,
       50.069541
      ],
      [
       20.131333,
       50.069414
      ],
      [
       20.13147,
       50.069165
      ],
      [
       20.131532,
       50.068936
      ],
      [
       20.131512,
       50.068653
      ],
      [
       20.131353,
       50.068398
      ],
      [
       20.130979,
       50.067987
      ],
      [
       20.130602,
       50.067697
      ],
      [
       20.130025,
       50.067423
      ],
      [
       20.129691,
       50.067268
      ],
      [
       20.129283,
       50.067128
      ],
      [
       20.12878,
       50.067011
      ],
      [
       20.128244,
       50.066989
      ],
      [
       20.127852,
       50.067024
      ],
      [
       20.127428,
       50.067053
      ]
     ]
    ],
    "type": "Polygon"
   },
   "id": 189,
   "properties": {
    "ADRES": "",
    "ATRYBUTY_O": "Nr stanowiska: 789",
    "BUDOWNICZY": "",
    "CHARAKTER": "",
    "DATA_WPISU": null,
    "DATA_WZNIE": "",
    "DZIELNICA": "",
    "FID": 189,
    "FUNKCJA_OB": "",
    "FUNKCJA_PI": "",
    "GDB_AREA": 89905.79,
    "GDB_PRM": 1220.75,
    "GDB_PRMEX": 1220.75,
    "GPT_DATE": null,
    "GPT_USER": "",
    "ID": 31214,
    "IDENT_OBIE": "67847949",
    "ID_ISDP": 0,
    "ID_SPRAWY": 80567249,
    "ID_WARSTWY": "F19_STAN_ARCH",
    "ISDP_FID": "GDB$G_EOZ_ARCHEOLOGIA_EOZ_A.4d9eef0c-e306-557a-e055-000000000001",
    "ISTNIEJE": "",
    "KARTA_MAPY": "",
    "LOKALIZACJ": "",
    "MATERIAL": "",
    "NAZWA": "",
    "NUMER": "",
    "NUMER_EWID": "",
    "NUMER_REJ_": "",
    "OBREB": "",
    "REJESTR_TA": "EW_ARCHEOLOGIA",
    "RODZAJE_ZA": "",
    "RODZAJ_OBI": "",
    "RODZAJ_WLA": "",
    "STAN_ZACHO": "",
    "STATUS": "",
    "STYL_OBIEK": "",
    "SYMBOL_EWI": "",
    "SYMBOL_REJ": "",
    "Shape__Area": 217973.4541015625,
    "Shape__Length": 1900.150708272477,
    "UWAGI": "",
    "WIEK_CZ_PO": "",
    "WIEK_POWST": "",
    "WYDRUK_LIN": "",
    "ZAJETA_NA_": 1,
    "ZALACZNIKI": "http://172.16.11.22:8085/SOWA2-services/doc/print/65356299/0789.pdf",
    "ZDJECIE_1": "",
    "ZDJECIE_2": "",
    "ZDJECIE_3": "",
    "ZDJECIE_4": "",
    "ZDJECIE_5": "",
    "ZDJECIE_6": "",
    "ZDJECIE_7": "",
    "ZDJECIE_8": "",
    "ZWERYFIKOW": "",
    "ZWIAZANA_Z": 0
   },
   "type": "Feature"
  },
  {
   "geometry": {
    "coordinates": [
     [
      [
       20.137407,
       50.067311
      ],
      [
       20.137055,
       50.067291
      ],
      [
       20.136492,
       50.067195
      ],
      [
       20.136121,
       50.067179
      ],
      [
       20.135777,
       50.067202
      ],
      [
       20.135395,
       50.067324
      ],
      [
       20.13506,
       50.067456
      ],
      [
       20.134873,
       50.067616
      ],
      [
       20.134758,
       50.067859
      ],
      [
       20.13474,
       50.068002
      ],
      [
       20.134807,
       50.068139
      ],
      [
       20.134995,
       50.068265
      ],
      [
       20.135292,
       50.068372
      ],
      [
       20.135784,
       50.06845
      ],
      [
       20.13626,
       50.068505
      ],
      [
       20.136516,
       50.068529
      ],
      [
       20.136733,
       50.068598
      ],
      [
       20.136853,
       50.068598
      ],
      [
       20.136967,
       50.068672
      ],
      [
       20.137182,
       50.06876
      ],
      [
       20.137291,
       50.068821
      ],
      [
       20.137608,
       50.068983
      ],
      [
       20.137803,
       50.069101
      ],
      [
       20.138046,
       50.069357
      ],
      [
       20.138167,
       50.069492
      ],
      [
       20.138346,
       50.069579
      ],
      [
       20.138516,
       50.069635
      ],
      [
       20.138641,
       50.069643
      ],
      [
       20.138807,
       50.069599
      ],
      [
       20.138969,
       50.069527
      ],
      [
       20.139248,
       50.069413
      ],
      [
       20.139416,
       50.069271
      ],
      [
       20.139514,
       50.069163
      ],
      [
       20.139664,
       50.069021
      ],
      [
       20.140119,
       50.068739
      ],
      [
       20.140394,
       50.068535
      ],
      [
       20.140508,
       50.068385
      ],
      [
       20.140566,
       50.068255
      ],
      [
       20.14055,
       50.068089
      ],
      [
       20.140446,
       50.067958
      ],
      [
       20.140293,
       50.067852
      ],
      [
       20.14012,
       50.067769
      ],
      [
       20.139885,
       50.067703
      ],
      [
       20.139672,
       50.067657
      ],
      [
       20.139284,
       50.06764
      ],
      [
       20.138979,
       50.067618
      ],
      [
       20.138631,
       50.067541
      ],
      [
       20.138193,
       50.067469
      ],
      [
       20.137821,
       50.067394
      ],
      [
       20.137555,
       50.067335
      ],
      [
       20.137407,
       50.067311
      ]
     ]
    ],
    "type": "Polygon"
   },
   "id": 190,
   "properties": {
    "ADRES": "",
    "ATRYBUTY_O": "Nr stanowiska: 760",
    "BUDOWNICZY": "",
    "CHARAKTER": "",
    "DATA_WPISU": null,
    "DATA_WZNIE": "",
    "DZIELNICA": "",
    "FID": 190,
    "FUNKCJA_OB": "",
    "FUNKCJA_PI": "",
    "GDB_AREA": 64724.83,
    "GDB_PRM": 1077.1,
    "GDB_PRMEX": 1077.1,
    "GPT_DATE": null,
    "GPT_USER": "",
    "ID": 31216,
    "IDENT_OBIE": "67848049",
    "ID_ISDP": 0,
    "ID_SPRAWY": 80567349,
    "ID_WARSTWY": "F19_STAN_ARCH",
    "ISDP_FID": "GDB$G_EOZ_ARCHEOLOGIA_EOZ_A.4d9eef0c-e307-557a-e055-000000000001",
    "ISTNIEJE": "",
    "KARTA_MAPY": "",
    "LOKALIZACJ": "",
    "MATERIAL": "",
    "NAZWA": "",
    "NUMER": "",
    "NUMER_EWID": "",
    "NUMER_REJ_": "",
    "OBREB": "",
    "REJESTR_TA": "EW_ARCHEOLOGIA",
    "RODZAJE_ZA": "",
    "RODZAJ_OBI": "",
    "RODZAJ_WLA": "",
    "STAN_ZACHO": "",
    "STATUS": "",
    "STYL_OBIEK": "",
    "SYMBOL_EWI": "",
    "SYMBOL_REJ": "",
    "Shape__Area": 156923.310546875,
    "Shape__Length": 1676.3932233881205,
    "UWAGI": "",
    "WIEK_CZ_PO": "",
    "WIEK_POWST": "",
    "WYDRUK_LIN": "",
    "ZAJETA_NA_": 1,
    "ZALACZNIKI": "http://172.16.11.22:8085/SOWA2-services/doc/print/65355599/0760.pdf",
    "ZDJECIE_1": "",
    "ZDJECIE_2": "",
    "ZDJECIE_3": "",
    "ZDJECIE_4": "",
    "ZDJECIE_5": "",
    "ZDJECIE_6": "",
    "ZDJECIE_7": "",
    "ZDJECIE_8": "",
    "ZWERYFIKOW": "",
    "ZWIAZANA_Z": 0
   },
   "type": "Feature"
  },
  {
   "geometry": {
    "coordinates": [
     [
      [
       19.996034,
       50.071475
      ],
      [
       19.996319,
       50.071508
      ],
      [
       19.996955,
       50.071457
      ],
      [
       19.997489,
       50.071361
      ],
      [
       19.997964,
       50.071114
      ],
      [
       19.997994,
       50.070958
      ],
      [
       19.997912,
       50.070885
      ],
      [
       19.997758,
       50.070803
      ],
      [
       19.997373,
       50.070766
      ],
      [
       19.996283,
       50.070748
      ],
      [
       19.99572,
       50.070859
      ],
      [
       19.995563,
       50.070947
      ],
      [
       19.995561,
       50.071101
      ],
      [
       19.99574,
       50.071347
      ],
      [
       19.996034,
       50.071475
      ]
     ]
    ],
    "type": "Polygon"
   },
   "id": 191,
   "properties": {
    "ADRES": "",
    "ATRYBUTY_O": "Nr stanowiska: 873",
    "BUDOWNICZY": "",
    "CHARAKTER": "",
    "DATA_WPISU": null,
    "DATA_WZNIE": "",
    "DZIELNICA": "",
    "FID": 191,
    "FUNKCJA_OB": "",
    "FUNKCJA_PI": "",
    "GDB_AREA": 11504.65,
    "GDB_PRM": 427.65,
    "GDB_PRMEX": 427.65,
    "GPT_DATE": null,
    "GPT_USER": "",
    "ID": 31217,
    "IDENT_OBIE": "67848099",
    "ID_ISDP": 0,
    "ID_SPRAWY": 80567499,
    "ID_WARSTWY": "F19_STAN_ARCH",
    "ISDP_FID": "GDB$G_EOZ_ARCHEOLOGIA_EOZ_A.4d9eef0c-e308-557a-e055-000000000001",
    "ISTNIEJE": "",
    "KARTA_MAPY": "",
    "LOKALIZACJ": "",
    "MATERIAL": "",
    "NAZWA": "",
    "NUMER": "",
    "NUMER_EWID": "",
    "NUMER_REJ_": "",
    "OBREB": "",
    "REJESTR_TA": "EW_ARCHEOLOGIA",
    "RODZAJE_ZA": "",
    "RODZAJ_OBI": "",
    "RODZAJ_WLA": "",
    "STAN_ZACHO": "",
    "STATUS": "",
    "STYL_OBIEK": "",
    "SYMBOL_EWI": "",
    "SYMBOL_REJ": "",
    "Shape__Area": 27895.0859375,
    "Shape__Length": 665.4689584037866,
    "UWAGI": "",
    "WIEK_CZ_PO": "",
    "WIEK_POWST": "",
    "WYDRUK_LIN": "",
    "ZAJETA_NA_": 1,
    "ZALACZNIKI": "http://172.16.11.22:8085/SOWA2-services/doc/print/65356949/0873.pdf",
    "ZDJECIE_1": "",
    "ZDJECIE_2": "",
    "ZDJECIE_3": "",
    "ZDJECIE_4": "",
    "ZDJECIE_5": "",
    "ZDJECIE_6": "",
    "ZDJECIE_7": "",
    "ZDJECIE_8": "",
    "ZWERYFIKOW": "",
    "ZWIAZANA_Z": 0
   },
   "type": "Feature"
  },
  {
   "geometry": {
    "coordinates": [
     [
      [
       20.162803,
       50.099009
      ],
      [
       20.163254,
       50.099127
      ],
      [
       20.163501,
       50.099141
      ],
      [
       20.163688,
       50.09911
      ],
      [
       20.163814,
       50.099052
      ],
      [
       20.163871,
       50.098951
      ],
      [
       20.163843,
       50.098815
      ],
      [
       20.163751,
       50.098684
      ],
      [
       20.163526,
       50.09853
      ],
      [
       20.163296,
       50.098435
      ],
      [
       20.162953,
       50.098346
      ],
      [
       20.162659,
       50.09832
      ],
      [
       20.162459,
       50.098338
      ],
      [
       20.162298,
       50.098399
      ],
      [
       20.162175,
       50.098485
      ],
      [
       20.162141,
       50.098603
      ],
      [
       20.162161,
       50.098725
      ],
      [
       20.16232,
       50.098849
      ],
      [
       20.162803,
       50.099009
      ]
     ]
    ],
    "type": "Polygon"
   },
   "id": 192,
   "properties": {
    "ADRES": "",
    "ATRYBUTY_O": "Nr stanowiska: 774",
    "BUDOWNICZY": "",
    "CHARAKTER": "",
    "DATA_WPISU": null,
    "DATA_WZNIE": "",
    "DZIELNICA": "",
    "FID": 192,
    "FUNKCJA_OB": "",
    "FUNKCJA_PI": "",
    "GDB_AREA": 7808.58,
    "GDB_PRM": 335.94,
    "GDB_PRMEX": 335.94,
    "GPT_DATE": null,
    "GPT_USER": "",
    "ID": 31218,
    "IDENT_OBIE": "67848149",
    "ID_ISDP": 0,
    "ID_SPRAWY": 80567599,
    "ID_WARSTWY": "F19_STAN_ARCH",
    "ISDP_FID": "GDB$G_EOZ_ARCHEOLOGIA_EOZ_A.4d9eef0c-e309-557a-e055-000000000001",
    "ISTNIEJE": "",
    "KARTA_MAPY": "",
    "LOKALIZACJ": "",
    "MATERIAL": "",
    "NAZWA": "",
    "NUMER": "",
    "NUMER_EWID": "",
    "NUMER_REJ_": "",
    "OBREB": "",
    "REJESTR_TA": "EW_ARCHEOLOGIA",
    "RODZAJE_ZA": "",
    "RODZAJ_OBI": "",
    "RODZAJ_WLA": "",
    "STAN_ZACHO": "",
    "STATUS": "",
    "STYL_OBIEK": "",
    "SYMBOL_EWI": "",
    "SYMBOL_REJ": "",
    "Shape__Area": 18955.7431640625,
    "Shape__Length": 523.2443528010207,
    "UWAGI": "",
    "WIEK_CZ_PO": "",
    "WIEK_POWST": "",
    "WYDRUK_LIN": "",
    "ZAJETA_NA_": 1,
    "ZALACZNIKI": "http://172.16.11.22:8085/SOWA2-services/doc/print/65355949/0774.pdf",
    "ZDJECIE_1": "",
    "ZDJECIE_2": "",
    "ZDJECIE_3": "",
    "ZDJECIE_4": "",
    "ZDJECIE_5": "",
    "ZDJECIE_6": "",
    "ZDJECIE_7": "",
    "ZDJECIE_8": "",
    "ZWERYFIKOW": "",
    "ZWIAZANA_Z": 0
   },
   "type": "Feature"
  },
  {
   "geometry": {
    "coordinates": [
     [
      [
       20.171397,
       50.096939
      ],
      [
       20.17169,
       50.097015
      ],
      [
       20.171921,
       50.097025
      ],
      [
       20.172132,
       50.096947
      ],
      [
       20.172273,
       50.096838
      ],
      [
       20.172304,
       50.0967
      ],
      [
       20.172242,
       50.096498
      ],
      [
       20.172074,
       50.096317
      ],
      [
       20.17176,
       50.096142
      ],
      [
       20.171517,
       50.096031
      ],
      [
       20.17105,
       50.095864
      ],
      [
       20.170777,
       50.095827
      ],
      [
       20.170623,
       50.095854
      ],
      [
       20.170464,
       50.095932
      ],
      [
       20.170371,
       50.096032
      ],
      [
       20.170365,
       50.096175
      ],
      [
       20.170482,
       50.096396
      ],
      [
       20.170742,
       50.096625
      ],
      [
       20.171139,
       50.096831
      ],
      [
       20.171397,
       50.096939
      ]
     ]
    ],
    "type": "Polygon"
   },
   "id": 193,
   "properties": {
    "ADRES": "",
    "ATRYBUTY_O": "Nr stanowiska: 777",
    "BUDOWNICZY": "",
    "CHARAKTER": "",
    "DATA_WPISU": null,
    "DATA_WZNIE": "",
    "DZIELNICA": "",
    "FID": 193,
    "FUNKCJA_OB": "",
    "FUNKCJA_PI": "",
    "GDB_AREA": 11727.22,
    "GDB_PRM": 414.07,
    "GDB_PRMEX": 414.07,
    "GPT_DATE": null,
    "GPT_USER": "",
    "ID": 31221,
    "IDENT_OBIE": "67848299",
    "ID_ISDP": 0,
    "ID_SPRAWY": 80568049,
    "ID_WARSTWY": "F19_STAN_ARCH",
    "ISDP_FID": "GDB$G_EOZ_ARCHEOLOGIA_EOZ_A.4d9eef0c-e30a-557a-e055-000000000001",
    "ISTNIEJE": "",
    "KARTA_MAPY": "",
    "LOKALIZACJ": "",
    "MATERIAL": "",
    "NAZWA": "",
    "NUMER": "",
    "NUMER_EWID": "",
    "NUMER_REJ_": "",
    "OBREB": "",
    "REJESTR_TA": "EW_ARCHEOLOGIA",
    "RODZAJE_ZA": "",
    "RODZAJ_OBI": "",
    "RODZAJ_WLA": "",
    "STAN_ZACHO": "",
    "STATUS": "",
    "STYL_OBIEK": "",
    "SYMBOL_EWI": "",
    "SYMBOL_REJ": "",
    "Shape__Area": 28465.7822265625,
    "Shape__Length": 645.0795889319791,
    "UWAGI": "",
    "WIEK_CZ_PO": "",
    "WIEK_POWST": "",
    "WYDRUK_LIN": "",
    "ZAJETA_NA_": 1,
    "ZALACZNIKI": "http://172.16.11.22:8085/SOWA2-services/doc/print/65356049/0777.pdf",
    "ZDJECIE_1": "",
    "ZDJECIE_2": "",
    "ZDJECIE_3": "",
    "ZDJECIE_4": "",
    "ZDJECIE_5": "",
    "ZDJECIE_6": "",
    "ZDJECIE_7": "",
    "ZDJECIE_8": "",
    "ZWERYFIKOW": "",
    "ZWIAZANA_Z": 0
   },
   "type": "Feature"
  },
  {
   "geometry": {
    "coordinates": [
     [
      [
       20.161583,
       50.107589
      ],
      [
       20.161258,
       50.107893
      ],
      [
       20.1611,
       50.108087
      ],
      [
       20.161052,
       50.108219
      ],
      [
       20.161071,
       50.108346
      ],
      [
       20.161154,
       50.108454
      ],
      [
       20.16128,
       50.108504
      ],
      [
       20.161434,
       50.108514
      ],
      [
       20.161658,
       50.108484
      ],
      [
       20.161918,
       50.10842
      ],
      [
       20.162304,
       50.10825
      ],
      [
       20.162598,
       50.108021
      ],
      [
       20.162788,
       50.107796
      ],
      [
       20.162892,
       50.107587
      ],
      [
       20.162907,
       50.107453
      ],
      [
       20.162862,
       50.107344
      ],
      [
       20.162749,
       50.107289
      ],
      [
       20.162557,
       50.107234
      ],
      [
       20.162351,
       50.107252
      ],
      [
       20.162052,
       50.10733
      ],
      [
       20.161867,
       50.107397
      ],
      [
       20.161771,
       50.107437
      ],
      [
       20.161583,
       50.107589
      ]
     ]
    ],
    "type": "Polygon"
   },
   "id": 194,
   "properties": {
    "ADRES": "",
    "ATRYBUTY_O": "Nr stanowiska: 792",
    "BUDOWNICZY": "",
    "CHARAKTER": "",
    "DATA_WPISU": null,
    "DATA_WZNIE": "",
    "DZIELNICA": "",
    "FID": 194,
    "FUNKCJA_OB": "",
    "FUNKCJA_PI": "",
    "GDB_AREA": 11751.15,
    "GDB_PRM": 420.98,
    "GDB_PRMEX": 420.98,
    "GPT_DATE": null,
    "GPT_USER": "",
    "ID": 31222,
    "IDENT_OBIE": "67848349",
    "ID_ISDP": 0,
    "ID_SPRAWY": 80568149,
    "ID_WARSTWY": "F19_STAN_ARCH",
    "ISDP_FID": "GDB$G_EOZ_ARCHEOLOGIA_EOZ_A.4d9eef0c-e30b-557a-e055-000000000001",
    "ISTNIEJE": "",
    "KARTA_MAPY": "",
    "LOKALIZACJ": "",
    "MATERIAL": "",
    "NAZWA": "",
    "NUMER": "",
    "NUMER_EWID": "",
    "NUMER_REJ_": "",
    "OBREB": "",
    "REJESTR_TA": "EW_ARCHEOLOGIA",
    "RODZAJE_ZA": "",
    "RODZAJ_OBI": "",
    "RODZAJ_WLA": "",
    "STAN_ZACHO": "",
    "STATUS": "",
    "STYL_OBIEK": "",
    "SYMBOL_EWI": "",
    "SYMBOL_REJ": "",
    "Shape__Area": 28537.373046875,
    "Shape__Length": 656.0901094134334,
    "UWAGI": "",
    "WIEK_CZ_PO": "",
    "WIEK_POWST": "",
    "WYDRUK_LIN": "",
    "ZAJETA_NA_": 1,
    "ZALACZNIKI": "http://172.16.11.22:8085/SOWA2-services/doc/print/65356399/0792.pdf",
    "ZDJECIE_1": "",
    "ZDJECIE_2": "",
    "ZDJECIE_3": "",
    "ZDJECIE_4": "",
    "ZDJECIE_5": "",
    "ZDJECIE_6": "",
    "ZDJECIE_7": "",
    "ZDJECIE_8": "",
    "ZWERYFIKOW": "",
    "ZWIAZANA_Z": 0
   },
   "type": "Feature"
  },
  {
   "geometry": {
    "coordinates": [
     [
      [
       20.180043,
       50.099681
      ],
      [
       20.180158,
       50.099729
      ],
      [
       20.180428,
       50.099738
      ],
      [
       20.180709,
       50.099647
      ],
      [
       20.180902,
       50.099536
      ],
      [
       20.180939,
       50.0994
      ],
      [
       20.180902,
       50.099293
      ],
      [
       20.180824,
       50.099181
      ],
      [
       20.18058,
       50.099052
      ],
      [
       20.180332,
       50.099013
      ],
      [
       20.180116,
       50.099016
      ],
      [
       20.179935,
       50.099093
      ],
      [
       20.179867,
       50.09922
      ],
      [
       20.179841,
       50.099424
      ],
      [
       20.179939,
       50.099609
      ],
      [
       20.180043,
       50.099681
      ]
     ]
    ],
    "type": "Polygon"
   },
   "id": 195,
   "properties": {
    "ADRES": "",
    "ATRYBUTY_O": "Nr stanowiska: 773",
    "BUDOWNICZY": "",
    "CHARAKTER": "",
    "DATA_WPISU": null,
    "DATA_WZNIE": "",
    "DZIELNICA": "",
    "FID": 195,
    "FUNKCJA_OB": "",
    "FUNKCJA_PI": "",
    "GDB_AREA": 4954.85,
    "GDB_PRM": 253.49,
    "GDB_PRMEX": 253.49,
    "GPT_DATE": null,
    "GPT_USER": "",
    "ID": 31223,
    "IDENT_OBIE": "67848399",
    "ID_ISDP": 0,
    "ID_SPRAWY": 80568449,
    "ID_WARSTWY": "F19_STAN_ARCH",
    "ISDP_FID": "GDB$G_EOZ_ARCHEOLOGIA_EOZ_A.4d9eef0c-e30c-557a-e055-000000000001",
    "ISTNIEJE": "",
    "KARTA_MAPY": "",
    "LOKALIZACJ": "",
    "MATERIAL": "",
    "NAZWA": "",
    "NUMER": "",
    "NUMER_EWID": "",
    "NUMER_REJ_": "",
    "OBREB": "",
    "REJESTR_TA": "EW_ARCHEOLOGIA",
    "RODZAJE_ZA": "",
    "RODZAJ_OBI": "",
    "RODZAJ_WLA": "",
    "STAN_ZACHO": "",
    "STATUS": "",
    "STYL_OBIEK": "",
    "SYMBOL_EWI": "",
    "SYMBOL_REJ": "",
    "Shape__Area": 12028.5224609375,
    "Shape__Length": 394.9665831799582,
    "UWAGI": "",
    "WIEK_CZ_PO": "",
    "WIEK_POWST": "",
    "WYDRUK_LIN": "",
    "ZAJETA_NA_": 1,
    "ZALACZNIKI": "http://172.16.11.22:8085/SOWA2-services/doc/print/65355899/0773.pdf",
    "ZDJECIE_1": "",
    "ZDJECIE_2": "",
    "ZDJECIE_3": "",
    "ZDJECIE_4": "",
    "ZDJECIE_5": "",
    "ZDJECIE_6": "",
    "ZDJECIE_7": "",
    "ZDJECIE_8": "",
    "ZWERYFIKOW": "",
    "ZWIAZANA_Z": 0
   },
   "type": "Feature"
  },
  {
   "geometry": {
    "coordinates": [
     [
      [
       20.180562,
       50.084539
      ],
      [
       20.180344,
       50.084796
      ],
      [
       20.180124,
       50.085007
      ],
      [
       20.180045,
       50.085168
      ],
      [
       20.180058,
       50.085517
      ],
      [
       20.180146,
       50.085875
      ],
      [
       20.180253,
       50.085997
      ],
      [
       20.180525,
       50.086201
      ],
      [
       20.180692,
       50.086279
      ],
      [
       20.18085,
       50.086323
      ],
      [
       20.181184,
       50.086142
      ],
      [
       20.181379,
       50.085988
      ],
      [
       20.181444,
       50.085873
      ],
      [
       20.181482,
       50.085773
      ],
      [
       20.18146,
       50.085606
      ],
      [
       20.181383,
       50.085307
      ],
      [
       20.181357,
       50.085182
      ],
      [
       20.181348,
       50.084979
      ],
      [
       20.181363,
       50.084794
      ],
      [
       20.181391,
       50.084631
      ],
      [
       20.18148,
       50.084478
      ],
      [
       20.181581,
       50.084357
      ],
      [
       20.181966,
       50.084109
      ],
      [
       20.182821,
       50.08356
      ],
      [
       20.182675,
       50.083353
      ],
      [
       20.18248,
       50.083261
      ],
      [
       20.182182,
       50.083245
      ],
      [
       20.181865,
       50.083277
      ],
      [
       20.181646,
       50.083354
      ],
      [
       20.181361,
       50.083551
      ],
      [
       20.181178,
       50.083753
      ],
      [
       20.180906,
       50.084172
      ],
      [
       20.180562,
       50.084539
      ]
     ]
    ],
    "type": "Polygon"
   },
   "id": 196,
   "properties": {
    "ADRES": "",
    "ATRYBUTY_O": "Nr stanowiska: 749",
    "BUDOWNICZY": "",
    "CHARAKTER": "",
    "DATA_WPISU": null,
    "DATA_WZNIE": "",
    "DZIELNICA": "",
    "FID": 196,
    "FUNKCJA_OB": "",
    "FUNKCJA_PI": "",
    "GDB_AREA": 27113.27,
    "GDB_PRM": 855.31,
    "GDB_PRMEX": 855.31,
    "GPT_DATE": null,
    "GPT_USER": "",
    "ID": 31225,
    "IDENT_OBIE": "67848499",
    "ID_ISDP": 0,
    "ID_SPRAWY": 80568649,
    "ID_WARSTWY": "F19_STAN_ARCH",
    "ISDP_FID": "GDB$G_EOZ_ARCHEOLOGIA_EOZ_A.4d9eef0c-e30d-557a-e055-000000000001",
    "ISTNIEJE": "",
    "KARTA_MAPY": "",
    "LOKALIZACJ": "",
    "MATERIAL": "",
    "NAZWA": "",
    "NUMER": "",
    "NUMER_EWID": "",
    "NUMER_REJ_": "",
    "OBREB": "",
    "REJESTR_TA": "EW_ARCHEOLOGIA",
    "RODZAJE_ZA": "",
    "RODZAJ_OBI": "",
    "RODZAJ_WLA": "",
    "STAN_ZACHO": "",
    "STATUS": "",
    "STYL_OBIEK": "",
    "SYMBOL_EWI": "",
    "SYMBOL_REJ": "",
    "Shape__Area": 65780.986328125,
    "Shape__Length": 1332.9244299086963,
    "UWAGI": "",
    "WIEK_CZ_PO": "",
    "WIEK_POWST": "",
    "WYDRUK_LIN": "",
    "ZAJETA_NA_": 1,
    "ZALACZNIKI": "http://172.16.11.22:8085/SOWA2-services/doc/print/65355299/0749.pdf",
    "ZDJECIE_1": "",
    "ZDJECIE_2": "",
    "ZDJECIE_3": "",
    "ZDJECIE_4": "",
    "ZDJECIE_5": "",
    "ZDJECIE_6": "",
    "ZDJECIE_7": "",
    "ZDJECIE_8": "",
    "ZWERYFIKOW": "",
    "ZWIAZANA_Z": 0
   },
   "type": "Feature"
  },
  {
   "geometry": {
    "coordinates": [
     [
      [
       20.037795,
       50.093656
      ],
      [
       20.037783,
       50.093882
      ],
      [
       20.038003,
       50.093986
      ],
      [
       20.038247,
       50.094031
      ],
      [
       20.038615,
       50.09404
      ],
      [
       20.039043,
       50.093969
      ],
      [
       20.039405,
       50.093808
      ],
      [
       20.039689,
       50.09362
      ],
      [
       20.039738,
       50.093435
      ],
      [
       20.039692,
       50.093268
      ],
      [
       20.039473,
       50.093151
      ],
      [
       20.039194,
       50.093121
      ],
      [
       20.038682,
       50.093152
      ],
      [
       20.038132,
       50.093392
      ],
      [
       20.037795,
       50.093656
      ]
     ]
    ],
    "type": "Polygon"
   },
   "id": 197,
   "properties": {
    "ADRES": "",
    "ATRYBUTY_O": "Nr stanowiska: 704",
    "BUDOWNICZY": "",
    "CHARAKTER": "",
    "DATA_WPISU": null,
    "DATA_WZNIE": "",
    "DZIELNICA": "",
    "FID": 197,
    "FUNKCJA_OB": "",
    "FUNKCJA_PI": "",
    "GDB_AREA": 10401.77,
    "GDB_PRM": 384.08,
    "GDB_PRMEX": 384.08,
    "GPT_DATE": null,
    "GPT_USER": "",
    "ID": 31228,
    "IDENT_OBIE": "67848649",
    "ID_ISDP": 0,
    "ID_SPRAWY": 80569049,
    "ID_WARSTWY": "F19_STAN_ARCH",
    "ISDP_FID": "GDB$G_EOZ_ARCHEOLOGIA_EOZ_A.4d9eef0c-e30e-557a-e055-000000000001",
    "ISTNIEJE": "",
    "KARTA_MAPY": "",
    "LOKALIZACJ": "",
    "MATERIAL": "",
    "NAZWA": "",
    "NUMER": "",
    "NUMER_EWID": "",
    "NUMER_REJ_": "",
    "OBREB": "",
    "REJESTR_TA": "EW_ARCHEOLOGIA",
    "RODZAJE_ZA": "",
    "RODZAJ_OBI": "",
    "RODZAJ_WLA": "",
    "STAN_ZACHO": "",
    "STATUS": "",
    "STYL_OBIEK": "",
    "SYMBOL_EWI": "",
    "SYMBOL_REJ": "",
    "Shape__Area": 25244.748046875,
    "Shape__Length": 598.155465917655,
    "UWAGI": "",
    "WIEK_CZ_PO": "",
    "WIEK_POWST": "",
    "WYDRUK_LIN": "",
    "ZAJETA_NA_": 1,
    "ZALACZNIKI": "http://172.16.11.22:8085/SOWA2-services/doc/print/65354699/0704.pdf",
    "ZDJECIE_1": "",
    "ZDJECIE_2": "",
    "ZDJECIE_3": "",
    "ZDJECIE_4": "",
    "ZDJECIE_5": "",
    "ZDJECIE_6": "",
    "ZDJECIE_7": "",
    "ZDJECIE_8": "",
    "ZWERYFIKOW": "",
    "ZWIAZANA_Z": 0
   },
   "type": "Feature"
  },
  {
   "geometry": {
    "coordinates": [
     [
      [
       20.102213,
       50.107851
      ],
      [
       20.102447,
       50.108002
      ],
      [
       20.102723,
       50.108083
      ],
      [
       20.10317,
       50.108191
      ],
      [
       20.103443,
       50.1082
      ],
      [
       20.103556,
       50.10816
      ],
      [
       20.103574,
       50.108051
      ],
      [
       20.103521,
       50.107912
      ],
      [
       20.103296,
       50.107772
      ],
      [
       20.102959,
       50.107645
      ],
      [
       20.102631,
       50.107535
      ],
      [
       20.102393,
       50.107549
      ],
      [
       20.10223,
       50.107747
      ],
      [
       20.102213,
       50.107851
      ]
     ]
    ],
    "type": "Polygon"
   },
   "id": 198,
   "properties": {
    "ADRES": "",
    "ATRYBUTY_O": "Nr stanowiska: 817",
    "BUDOWNICZY": "",
    "CHARAKTER": "",
    "DATA_WPISU": null,
    "DATA_WZNIE": "",
    "DZIELNICA": "",
    "FID": 198,
    "FUNKCJA_OB": "",
    "FUNKCJA_PI": "",
    "GDB_AREA": 4539.38,
    "GDB_PRM": 266.99,
    "GDB_PRMEX": 266.99,
    "GPT_DATE": null,
    "GPT_USER": "",
    "ID": 31230,
    "IDENT_OBIE": "67848749",
    "ID_ISDP": 0,
    "ID_SPRAWY": 80569599,
    "ID_WARSTWY": "F19_STAN_ARCH",
    "ISDP_FID": "GDB$G_EOZ_ARCHEOLOGIA_EOZ_A.4d9eef0c-e30f-557a-e055-000000000001",
    "ISTNIEJE": "",
    "KARTA_MAPY": "",
    "LOKALIZACJ": "",
    "MATERIAL": "",
    "NAZWA": "",
    "NUMER": "",
    "NUMER_EWID": "",
    "NUMER_REJ_": "",
    "OBREB": "",
    "REJESTR_TA": "EW_ARCHEOLOGIA",
    "RODZAJE_ZA": "",
    "RODZAJ_OBI": "",
    "RODZAJ_WLA": "",
    "STAN_ZACHO": "",
    "STATUS": "",
    "STYL_OBIEK": "",
    "SYMBOL_EWI": "",
    "SYMBOL_REJ": "",
    "Shape__Area": 11023.6220703125,
    "Shape__Length": 415.9321675565262,
    "UWAGI": "",
    "WIEK_CZ_PO": "",
    "WIEK_POWST": "",
    "WYDRUK_LIN": "",
    "ZAJETA_NA_": 1,
    "ZALACZNIKI": "http://172.16.11.22:8085/SOWA2-services/doc/print/65356599/0817.pdf",
    "ZDJECIE_1": "",
    "ZDJECIE_2": "",
    "ZDJECIE_3": "",
    "ZDJECIE_4": "",
    "ZDJECIE_5": "",
    "ZDJECIE_6": "",
    "ZDJECIE_7": "",
    "ZDJECIE_8": "",
    "ZWERYFIKOW": "",
    "ZWIAZANA_Z": 0
   },
   "type": "Feature"
  },
  {
   "geometry": {
    "coordinates": [
     [
      [
       20.065971,
       50.070452
      ],
      [
       20.066409,
       50.070864
      ],
      [
       20.067057,
       50.071181
      ],
      [
       20.067878,
       50.07125
      ],
      [
       20.068628,
       50.071143
      ],
      [
       20.069134,
       50.070936
      ],
      [
       20.069366,
       50.070578
      ],
      [
       20.069099,
       50.069725
      ],
      [
       20.068332,
       50.06921
      ],
      [
       20.067651,
       50.068882
      ],
      [
       20.066853,
       50.068753
      ],
      [
       20.06573,
       50.069894
      ],
      [
       20.06615,
       50.070122
      ],
      [
       20.065971,
       50.070452
      ]
     ]
    ],
    "type": "Polygon"
   },
   "id": 199,
   "properties": {
    "ADRES": "",
    "ATRYBUTY_O": "Nr stanowiska: 719",
    "BUDOWNICZY": "",
    "CHARAKTER": "",
    "DATA_WPISU": null,
    "DATA_WZNIE": "",
    "DZIELNICA": "",
    "FID": 199,
    "FUNKCJA_OB": "",
    "FUNKCJA_PI": "",
    "GDB_AREA": 49535.66,
    "GDB_PRM": 838.52,
    "GDB_PRMEX": 838.52,
    "GPT_DATE": null,
    "GPT_USER": "",
    "ID": 31233,
    "IDENT_OBIE": "67848899",
    "ID_ISDP": 0,
    "ID_SPRAWY": 80570749,
    "ID_WARSTWY": "F19_STAN_ARCH",
    "ISDP_FID": "GDB$G_EOZ_ARCHEOLOGIA_EOZ_A.4d9eef0c-e310-557a-e055-000000000001",
    "ISTNIEJE": "",
    "KARTA_MAPY": "",
    "LOKALIZACJ": "",
    "MATERIAL": "",
    "NAZWA": "",
    "NUMER": "",
    "NUMER_EWID": "",
    "NUMER_REJ_": "",
    "OBREB": "",
    "REJESTR_TA": "EW_ARCHEOLOGIA",
    "RODZAJE_ZA": "",
    "RODZAJ_OBI": "",
    "RODZAJ_WLA": "",
    "STAN_ZACHO": "",
    "STATUS": "",
    "STYL_OBIEK": "",
    "SYMBOL_EWI": "",
    "SYMBOL_REJ": "",
    "Shape__Area": 120105.1767578125,
    "Shape__Length": 1305.7278475515566,
    "UWAGI": "",
    "WIEK_CZ_PO": "",
    "WIEK_POWST": "",
    "WYDRUK_LIN": "",
    "ZAJETA_NA_": 1,
    "ZALACZNIKI": "http://172.16.11.22:8085/SOWA2-services/doc/print/65354949/0719.pdf",
    "ZDJECIE_1": "",
    "ZDJECIE_2": "",
    "ZDJECIE_3": "",
    "ZDJECIE_4": "",
    "ZDJECIE_5": "",
    "ZDJECIE_6": "",
    "ZDJECIE_7": "",
    "ZDJECIE_8": "",
    "ZWERYFIKOW": "",
    "ZWIAZANA_Z": 0
   },
   "type": "Feature"
  },
  {
   "geometry": {
    "coordinates": [
     [
      [
       20.174812,
       50.078496
      ],
      [
       20.174974,
       50.078467
      ],
      [
       20.1753,
       50.078352
      ],
      [
       20.175464,
       50.078248
      ],
      [
       20.175531,
       50.078144
      ],
      [
       20.175557,
       50.078004
      ],
      [
       20.175619,
       50.077893
      ],
      [
       20.175805,
       50.077695
      ],
      [
       20.175882,
       50.077592
      ],
      [
       20.175998,
       50.07736
      ],
      [
       20.176079,
       50.077203
      ],
      [
       20.176051,
       50.077068
      ],
      [
       20.175999,
       50.076856
      ],
      [
       20.17587,
       50.076767
      ],
      [
       20.175486,
       50.076635
      ],
      [
       20.175143,
       50.076549
      ],
      [
       20.174845,
       50.076501
      ],
      [
       20.174337,
       50.076456
      ],
      [
       20.173982,
       50.076457
      ],
      [
       20.173735,
       50.076508
      ],
      [
       20.17356,
       50.076618
      ],
      [
       20.173428,
       50.076749
      ],
      [
       20.173395,
       50.076979
      ],
      [
       20.173458,
       50.07722
      ],
      [
       20.173517,
       50.0774
      ],
      [
       20.173502,
       50.0777
      ],
      [
       20.173515,
       50.077908
      ],
      [
       20.173593,
       50.078095
      ],
      [
       20.173778,
       50.07827
      ],
      [
       20.174021,
       50.078401
      ],
      [
       20.17427,
       50.078453
      ],
      [
       20.174598,
       50.078489
      ],
      [
       20.174812,
       50.078496
      ]
     ]
    ],
    "type": "Polygon"
   },
   "id": 200,
   "properties": {
    "ADRES": "",
    "ATRYBUTY_O": "Nr stanowiska: 763",
    "BUDOWNICZY": "",
    "CHARAKTER": "",
    "DATA_WPISU": null,
    "DATA_WZNIE": "",
    "DZIELNICA": "",
    "FID": 200,
    "FUNKCJA_OB": "",
    "FUNKCJA_PI": "",
    "GDB_AREA": 34126.71,
    "GDB_PRM": 683.5,
    "GDB_PRMEX": 683.5,
    "GPT_DATE": null,
    "GPT_USER": "",
    "ID": 31244,
    "IDENT_OBIE": "67849449",
    "ID_ISDP": 0,
    "ID_SPRAWY": 80572599,
    "ID_WARSTWY": "F19_STAN_ARCH",
    "ISDP_FID": "GDB$G_EOZ_ARCHEOLOGIA_EOZ_A.4d9eef0c-e2d1-557a-e055-000000000001",
    "ISTNIEJE": "",
    "KARTA_MAPY": "",
    "LOKALIZACJ": "",
    "MATERIAL": "",
    "NAZWA": "",
    "NUMER": "",
    "NUMER_EWID": "",
    "NUMER_REJ_": "",
    "OBREB": "",
    "REJESTR_TA": "EW_ARCHEOLOGIA",
    "RODZAJE_ZA": "",
    "RODZAJ_OBI": "",
    "RODZAJ_WLA": "",
    "STAN_ZACHO": "",
    "STATUS": "",
    "STYL_OBIEK": "",
    "SYMBOL_EWI": "",
    "SYMBOL_REJ": "",
    "Shape__Area": 82771.3896484375,
    "Shape__Length": 1064.6350429550905,
    "UWAGI": "",
    "WIEK_CZ_PO": "",
    "WIEK_POWST": "",
    "WYDRUK_LIN": "",
    "ZAJETA_NA_": 1,
    "ZALACZNIKI": "http://172.16.11.22:8085/SOWA2-services/doc/print/65355649/0763.pdf",
    "ZDJECIE_1": "",
    "ZDJECIE_2": "",
    "ZDJECIE_3": "",
    "ZDJECIE_4": "",
    "ZDJECIE_5": "",
    "ZDJECIE_6": "",
    "ZDJECIE_7": "",
    "ZDJECIE_8": "",
    "ZWERYFIKOW": "",
    "ZWIAZANA_Z": 0
   },
   "type": "Feature"
  },
  {
   "geometry": {
    "coordinates": [
     [
      [
       20.163889,
       50.073781
      ],
      [
       20.164002,
       50.073887
      ],
      [
       20.163984,
       50.073954
      ],
      [
       20.163903,
       50.074024
      ],
      [
       20.163719,
       50.074085
      ],
      [
       20.163478,
       50.07416
      ],
      [
       20.163336,
       50.074212
      ],
      [
       20.163273,
       50.074269
      ],
      [
       20.163257,
       50.074317
      ],
      [
       20.163284,
       50.074398
      ],
      [
       20.163361,
       50.074471
      ],
      [
       20.163437,
       50.074519
      ],
      [
       20.163597,
       50.074562
      ],
      [
       20.163782,
       50.074592
      ],
      [
       20.16391,
       50.074616
      ],
      [
       20.16411,
       50.074617
      ],
      [
       20.164345,
       50.074563
      ],
      [
       20.164619,
       50.07448
      ],
      [
       20.164768,
       50.074391
      ],
      [
       20.164905,
       50.074197
      ],
      [
       20.16501,
       50.073983
      ],
      [
       20.165094,
       50.073716
      ],
      [
       20.165136,
       50.073452
      ],
      [
       20.165133,
       50.073277
      ],
      [
       20.165125,
       50.073118
      ],
      [
       20.165077,
       50.072987
      ],
      [
       20.164945,
       50.072767
      ],
      [
       20.1648,
       50.072636
      ],
      [
       20.164675,
       50.072538
      ],
      [
       20.164575,
       50.072483
      ],
      [
       20.164417,
       50.072419
      ],
      [
       20.164122,
       50.072401
      ],
      [
       20.163829,
       50.072399
      ],
      [
       20.163496,
       50.072437
      ],
      [
       20.1632,
       50.072526
      ],
      [
       20.162984,
       50.072613
      ],
      [
       20.162878,
       50.072693
      ],
      [
       20.162773,
       50.072797
      ],
      [
       20.162754,
       50.07288
      ],
      [
       20.16277,
       50.072988
      ],
      [
       20.162873,
       50.073161
      ],
      [
       20.163046,
       50.073304
      ],
      [
       20.163298,
       50.073439
      ],
      [
       20.163537,
       50.073538
      ],
      [
       20.163715,
       50.073662
      ],
      [
       20.163889,
       50.073781
      ]
     ]
    ],
    "type": "Polygon"
   },
   "id": 201,
   "properties": {
    "ADRES": "",
    "ATRYBUTY_O": "Nr stanowiska: 765",
    "BUDOWNICZY": "",
    "CHARAKTER": "",
    "DATA_WPISU": null,
    "DATA_WZNIE": "",
    "DZIELNICA": "",
    "FID": 201,
    "FUNKCJA_OB": "",
    "FUNKCJA_PI": "",
    "GDB_AREA": 28446.4,
    "GDB_PRM": 739.12,
    "GDB_PRMEX": 739.12,
    "GPT_DATE": null,
    "GPT_USER": "",
    "ID": 31246,
    "IDENT_OBIE": "67849549",
    "ID_ISDP": 0,
    "ID_SPRAWY": 80572699,
    "ID_WARSTWY": "F19_STAN_ARCH",
    "ISDP_FID": "GDB$G_EOZ_ARCHEOLOGIA_EOZ_A.4d9eef0c-e2d2-557a-e055-000000000001",
    "ISTNIEJE": "",
    "KARTA_MAPY": "",
    "LOKALIZACJ": "",
    "MATERIAL": "",
    "NAZWA": "",
    "NUMER": "",
    "NUMER_EWID": "",
    "NUMER_REJ_": "",
    "OBREB": "",
    "REJESTR_TA": "EW_ARCHEOLOGIA",
    "RODZAJE_ZA": "",
    "RODZAJ_OBI": "",
    "RODZAJ_WLA": "",
    "STAN_ZACHO": "",
    "STATUS": "",
    "STYL_OBIEK": "",
    "SYMBOL_EWI": "",
    "SYMBOL_REJ": "",
    "Shape__Area": 68982.6240234375,
    "Shape__Length": 1151.1078000386856,
    "UWAGI": "",
    "WIEK_CZ_PO": "",
    "WIEK_POWST": "",
    "WYDRUK_LIN": "",
    "ZAJETA_NA_": 1,
    "ZALACZNIKI": "http://172.16.11.22:8085/SOWA2-services/doc/print/65355749/0765.pdf",
    "ZDJECIE_1": "",
    "ZDJECIE_2": "",
    "ZDJECIE_3": "",
    "ZDJECIE_4": "",
    "ZDJECIE_5": "",
    "ZDJECIE_6": "",
    "ZDJECIE_7": "",
    "ZDJECIE_8": "",
    "ZWERYFIKOW": "",
    "ZWIAZANA_Z": 0
   },
   "type": "Feature"
  },
  {
   "geometry": {
    "coordinates": [
     [
      [
       20.171479,
       50.093931
      ],
      [
       20.171901,
       50.094085
      ],
      [
       20.172083,
       50.094102
      ],
      [
       20.172204,
       50.094088
      ],
      [
       20.172336,
       50.094004
      ],
      [
       20.172417,
       50.093848
      ],
      [
       20.17241,
       50.093657
      ],
      [
       20.172278,
       50.093443
      ],
      [
       20.172,
       50.092997
      ],
      [
       20.171648,
       50.092544
      ],
      [
       20.17124,
       50.092152
      ],
      [
       20.17098,
       50.091974
      ],
      [
       20.170628,
       50.091871
      ],
      [
       20.17021,
       50.091813
      ],
      [
       20.169884,
       50.091813
      ],
      [
       20.169583,
       50.091873
      ],
      [
       20.16937,
       50.091965
      ],
      [
       20.169217,
       50.092092
      ],
      [
       20.169116,
       50.092272
      ],
      [
       20.169096,
       50.092452
      ],
      [
       20.169111,
       50.092629
      ],
      [
       20.169173,
       50.092774
      ],
      [
       20.169372,
       50.092935
      ],
      [
       20.169954,
       50.093226
      ],
      [
       20.170689,
       50.0936
      ],
      [
       20.171246,
       50.093854
      ],
      [
       20.171479,
       50.093931
      ]
     ]
    ],
    "type": "Polygon"
   },
   "id": 202,
   "properties": {
    "ADRES": "",
    "ATRYBUTY_O": "Nr stanowiska: 771",
    "BUDOWNICZY": "",
    "CHARAKTER": "",
    "DATA_WPISU": null,
    "DATA_WZNIE": "",
    "DZIELNICA": "",
    "FID": 202,
    "FUNKCJA_OB": "",
    "FUNKCJA_PI": "",
    "GDB_AREA": 35045.29,
    "GDB_PRM": 752.94,
    "GDB_PRMEX": 752.94,
    "GPT_DATE": null,
    "GPT_USER": "",
    "ID": 31224,
    "IDENT_OBIE": "67848449",
    "ID_ISDP": 0,
    "ID_SPRAWY": 80568599,
    "ID_WARSTWY": "F19_STAN_ARCH",
    "ISDP_FID": "GDB$G_EOZ_ARCHEOLOGIA_EOZ_A.4d9eef0c-e2d3-557a-e055-000000000001",
    "ISTNIEJE": "",
    "KARTA_MAPY": "",
    "LOKALIZACJ": "",
    "MATERIAL": "",
    "NAZWA": "",
    "NUMER": "",
    "NUMER_EWID": "",
    "NUMER_REJ_": "",
    "OBREB": "",
    "REJESTR_TA": "EW_ARCHEOLOGIA",
    "RODZAJE_ZA": "",
    "RODZAJ_OBI": "",
    "RODZAJ_WLA": "",
    "STAN_ZACHO": "",
    "STATUS": "",
    "STYL_OBIEK": "",
    "SYMBOL_EWI": "",
    "SYMBOL_REJ": "",
    "Shape__Area": 85053.732421875,
    "Shape__Length": 1173.0671741899525,
    "UWAGI": "",
    "WIEK_CZ_PO": "",
    "WIEK_POWST": "",
    "WYDRUK_LIN": "",
    "ZAJETA_NA_": 1,
    "ZALACZNIKI": "http://172.16.11.22:8085/SOWA2-services/doc/print/65355849/0771.pdf",
    "ZDJECIE_1": "",
    "ZDJECIE_2": "",
    "ZDJECIE_3": "",
    "ZDJECIE_4": "",
    "ZDJECIE_5": "",
    "ZDJECIE_6": "",
    "ZDJECIE_7": "",
    "ZDJECIE_8": "",
    "ZWERYFIKOW": "",
    "ZWIAZANA_Z": 0
   },
   "type": "Feature"
  },
  {
   "geometry": {
    "coordinates": [
     [
      [
       20.172965,
       50.101539
      ],
      [
       20.173303,
       50.101404
      ],
      [
       20.173755,
       50.101134
      ],
      [
       20.173928,
       50.100971
      ],
      [
       20.173954,
       50.100838
      ],
      [
       20.173884,
       50.100664
      ],
      [
       20.173714,
       50.100558
      ],
      [
       20.173482,
       50.100512
      ],
      [
       20.173195,
       50.100515
      ],
      [
       20.173074,
       50.100529
      ],
      [
       20.172741,
       50.100547
      ],
      [
       20.172432,
       50.100523
      ],
      [
       20.17209,
       50.100461
      ],
      [
       20.171809,
       50.100431
      ],
      [
       20.171601,
       50.100447
      ],
      [
       20.171461,
       50.100548
      ],
      [
       20.171366,
       50.100683
      ],
      [
       20.171363,
       50.100875
      ],
      [
       20.171426,
       50.101034
      ],
      [
       20.171603,
       50.10116
      ],
      [
       20.172094,
       50.1014
      ],
      [
       20.172499,
       50.101534
      ],
      [
       20.172768,
       50.101556
      ],
      [
       20.172965,
       50.101539
      ]
     ]
    ],
    "type": "Polygon"
   },
   "id": 203,
   "properties": {
    "ADRES": "",
    "ATRYBUTY_O": "Nr stanowiska: 776",
    "BUDOWNICZY": "",
    "CHARAKTER": "",
    "DATA_WPISU": null,
    "DATA_WZNIE": "",
    "DZIELNICA": "",
    "FID": 203,
    "FUNKCJA_OB": "",
    "FUNKCJA_PI": "",
    "GDB_AREA": 16893.72,
    "GDB_PRM": 500.41,
    "GDB_PRMEX": 500.41,
    "GPT_DATE": null,
    "GPT_USER": "",
    "ID": 31220,
    "IDENT_OBIE": "67848249",
    "ID_ISDP": 0,
    "ID_SPRAWY": 80567999,
    "ID_WARSTWY": "F19_STAN_ARCH",
    "ISDP_FID": "GDB$G_EOZ_ARCHEOLOGIA_EOZ_A.4d9eef0c-e2d4-557a-e055-000000000001",
    "ISTNIEJE": "",
    "KARTA_MAPY": "",
    "LOKALIZACJ": "",
    "MATERIAL": "",
    "NAZWA": "",
    "NUMER": "",
    "NUMER_EWID": "",
    "NUMER_REJ_": "",
    "OBREB": "",
    "REJESTR_TA": "EW_ARCHEOLOGIA",
    "RODZAJE_ZA": "",
    "RODZAJ_OBI": "",
    "RODZAJ_WLA": "",
    "STAN_ZACHO": "",
    "STATUS": "",
    "STYL_OBIEK": "",
    "SYMBOL_EWI": "",
    "SYMBOL_REJ": "",
    "Shape__Area": 41014.2568359375,
    "Shape__Length": 779.4174312730486,
    "UWAGI": "",
    "WIEK_CZ_PO": "",
    "WIEK_POWST": "",
    "WYDRUK_LIN": "",
    "ZAJETA_NA_": 1,
    "ZALACZNIKI": "http://172.16.11.22:8085/SOWA2-services/doc/print/65355999/0776.pdf",
    "ZDJECIE_1": "",
    "ZDJECIE_2": "",
    "ZDJECIE_3": "",
    "ZDJECIE_4": "",
    "ZDJECIE_5": "",
    "ZDJECIE_6": "",
    "ZDJECIE_7": "",
    "ZDJECIE_8": "",
    "ZWERYFIKOW": "",
    "ZWIAZANA_Z": 0
   },
   "type": "Feature"
  },
  {
   "geometry": {
    "coordinates": [
     [
      [
       20.110272,
       50.069481
      ],
      [
       20.110476,
       50.069517
      ],
      [
       20.110697,
       50.069381
      ],
      [
       20.110906,
       50.069292
      ],
      [
       20.111143,
       50.069224
      ],
      [
       20.1113,
       50.069184
      ],
      [
       20.111432,
       50.069112
      ],
      [
       20.111636,
       50.068978
      ],
      [
       20.111807,
       50.068809
      ],
      [
       20.111863,
       50.068659
      ],
      [
       20.11184,
       50.068458
      ],
      [
       20.111717,
       50.068313
      ],
      [
       20.111426,
       50.068168
      ],
      [
       20.111153,
       50.068083
      ],
      [
       20.11085,
       50.068044
      ],
      [
       20.110551,
       50.068037
      ],
      [
       20.110186,
       50.068059
      ],
      [
       20.109651,
       50.068187
      ],
      [
       20.10914,
       50.068387
      ],
      [
       20.10879,
       50.068651
      ],
      [
       20.108627,
       50.068871
      ],
      [
       20.108565,
       50.069094
      ],
      [
       20.108583,
       50.069255
      ],
      [
       20.108643,
       50.069381
      ],
      [
       20.108717,
       50.069491
      ],
      [
       20.108767,
       50.069515
      ],
      [
       20.109001,
       50.069439
      ],
      [
       20.109292,
       50.06942
      ],
      [
       20.109641,
       50.069426
      ],
      [
       20.109933,
       50.069442
      ],
      [
       20.110272,
       50.069481
      ]
     ]
    ],
    "type": "Polygon"
   },
   "id": 204,
   "properties": {
    "ADRES": "",
    "ATRYBUTY_O": "Nr stanowiska: 785",
    "BUDOWNICZY": "",
    "CHARAKTER": "",
    "DATA_WPISU": null,
    "DATA_WZNIE": "",
    "DZIELNICA": "",
    "FID": 204,
    "FUNKCJA_OB": "",
    "FUNKCJA_PI": "",
    "GDB_AREA": 28771.61,
    "GDB_PRM": 652.5,
    "GDB_PRMEX": 652.5,
    "GPT_DATE": null,
    "GPT_USER": "",
    "ID": 31237,
    "IDENT_OBIE": "67849099",
    "ID_ISDP": 0,
    "ID_SPRAWY": 80571649,
    "ID_WARSTWY": "F19_STAN_ARCH",
    "ISDP_FID": "GDB$G_EOZ_ARCHEOLOGIA_EOZ_A.4d9eef0c-e2d5-557a-e055-000000000001",
    "ISTNIEJE": "",
    "KARTA_MAPY": "",
    "LOKALIZACJ": "",
    "MATERIAL": "",
    "NAZWA": "",
    "NUMER": "",
    "NUMER_EWID": "",
    "NUMER_REJ_": "",
    "OBREB": "",
    "REJESTR_TA": "EW_ARCHEOLOGIA",
    "RODZAJE_ZA": "",
    "RODZAJ_OBI": "",
    "RODZAJ_WLA": "",
    "STAN_ZACHO": "",
    "STATUS": "",
    "STYL_OBIEK": "",
    "SYMBOL_EWI": "",
    "SYMBOL_REJ": "",
    "Shape__Area": 69757.091796875,
    "Shape__Length": 1015.697745210817,
    "UWAGI": "",
    "WIEK_CZ_PO": "",
    "WIEK_POWST": "",
    "WYDRUK_LIN": "",
    "ZAJETA_NA_": 1,
    "ZALACZNIKI": "http://172.16.11.22:8085/SOWA2-services/doc/print/65356099/0785.pdf",
    "ZDJECIE_1": "",
    "ZDJECIE_2": "",
    "ZDJECIE_3": "",
    "ZDJECIE_4": "",
    "ZDJECIE_5": "",
    "ZDJECIE_6": "",
    "ZDJECIE_7": "",
    "ZDJECIE_8": "",
    "ZWERYFIKOW": "",
    "ZWIAZANA_Z": 0
   },
   "type": "Feature"
  },
  {
   "geometry": {
    "coordinates": [
     [
      [
       20.131374,
       50.07379
      ],
      [
       20.131782,
       50.073784
      ],
      [
       20.132092,
       50.073753
      ],
      [
       20.132543,
       50.07373
      ],
      [
       20.132895,
       50.073753
      ],
      [
       20.133186,
       50.073812
      ],
      [
       20.133414,
       50.073915
      ],
      [
       20.13377,
       50.073977
      ],
      [
       20.134014,
       50.074023
      ],
      [
       20.13446,
       50.074205
      ],
      [
       20.13465,
       50.074265
      ],
      [
       20.134939,
       50.074282
      ],
      [
       20.135133,
       50.074285
      ],
      [
       20.135321,
       50.074227
      ],
      [
       20.135493,
       50.074145
      ],
      [
       20.135614,
       50.074039
      ],
      [
       20.135694,
       50.073783
      ],
      [
       20.135773,
       50.073397
      ],
      [
       20.135778,
       50.073261
      ],
      [
       20.13572,
       50.073167
      ],
      [
       20.135653,
       50.073127
      ],
      [
       20.135514,
       50.073088
      ],
      [
       20.135291,
       50.072993
      ],
      [
       20.1349,
       50.072938
      ],
      [
       20.134466,
       50.07289
      ],
      [
       20.133809,
       50.072841
      ],
      [
       20.133361,
       50.072818
      ],
      [
       20.132966,
       50.07274
      ],
      [
       20.132805,
       50.072682
      ],
      [
       20.132595,
       50.072652
      ],
      [
       20.132408,
       50.072619
      ],
      [
       20.132226,
       50.07254
      ],
      [
       20.131948,
       50.072466
      ],
      [
       20.131749,
       50.072372
      ],
      [
       20.131551,
       50.072339
      ],
      [
       20.131314,
       50.072339
      ],
      [
       20.130941,
       50.072429
      ],
      [
       20.130436,
       50.072534
      ],
      [
       20.130028,
       50.072603
      ],
      [
       20.129835,
       50.07265
      ],
      [
       20.1297,
       50.072714
      ],
      [
       20.129672,
       50.072835
      ],
      [
       20.129686,
       50.072965
      ],
      [
       20.129965,
       50.073157
      ],
      [
       20.130545,
       50.073511
      ],
      [
       20.130893,
       50.073667
      ],
      [
       20.131099,
       50.073758
      ],
      [
       20.131374,
       50.07379
      ]
     ]
    ],
    "type": "Polygon"
   },
   "id": 205,
   "properties": {
    "ADRES": "",
    "ATRYBUTY_O": "Nr stanowiska: 788",
    "BUDOWNICZY": "",
    "CHARAKTER": "",
    "DATA_WPISU": null,
    "DATA_WZNIE": "",
    "DZIELNICA": "",
    "FID": 205,
    "FUNKCJA_OB": "",
    "FUNKCJA_PI": "",
    "GDB_AREA": 54303.2,
    "GDB_PRM": 1068.01,
    "GDB_PRMEX": 1068.01,
    "GPT_DATE": null,
    "GPT_USER": "",
    "ID": 31212,
    "IDENT_OBIE": "67847849",
    "ID_ISDP": 0,
    "ID_SPRAWY": 80567149,
    "ID_WARSTWY": "F19_STAN_ARCH",
    "ISDP_FID": "GDB$G_EOZ_ARCHEOLOGIA_EOZ_A.4d9eef0c-e2d6-557a-e055-000000000001",
    "ISTNIEJE": "",
    "KARTA_MAPY": "",
    "LOKALIZACJ": "",
    "MATERIAL": "",
    "NAZWA": "",
    "NUMER": "",
    "NUMER_EWID": "",
    "NUMER_REJ_": "",
    "OBREB": "",
    "REJESTR_TA": "EW_ARCHEOLOGIA",
    "RODZAJE_ZA": "",
    "RODZAJ_OBI": "",
    "RODZAJ_WLA": "",
    "STAN_ZACHO": "",
    "STATUS": "",
    "STYL_OBIEK": "",
    "SYMBOL_EWI": "",
    "SYMBOL_REJ": "",
    "Shape__Area": 131683.908203125,
    "Shape__Length": 1662.0385947404282,
    "UWAGI": "",
    "WIEK_CZ_PO": "",
    "WIEK_POWST": "",
    "WYDRUK_LIN": "",
    "ZAJETA_NA_": 1,
    "ZALACZNIKI": "http://172.16.11.22:8085/SOWA2-services/doc/print/65356249/0788.pdf",
    "ZDJECIE_1": "",
    "ZDJECIE_2": "",
    "ZDJECIE_3": "",
    "ZDJECIE_4": "",
    "ZDJECIE_5": "",
    "ZDJECIE_6": "",
    "ZDJECIE_7": "",
    "ZDJECIE_8": "",
    "ZWERYFIKOW": "",
    "ZWIAZANA_Z": 0
   },
   "type": "Feature"
  },
  {
   "geometry": {
    "coordinates": [
     [
      [
       20.164443,
       50.111054
      ],
      [
       20.164002,
       50.110935
      ],
      [
       20.163556,
       50.110884
      ],
      [
       20.163291,
       50.110898
      ],
      [
       20.163078,
       50.110969
      ],
      [
       20.162894,
       50.111119
      ],
      [
       20.162725,
       50.111338
      ],
      [
       20.162717,
       50.111497
      ],
      [
       20.162751,
       50.111762
      ],
      [
       20.162814,
       50.111982
      ],
      [
       20.16296,
       50.112127
      ],
      [
       20.163216,
       50.11221
      ],
      [
       20.16349,
       50.112262
      ],
      [
       20.163704,
       50.112311
      ],
      [
       20.163922,
       50.112302
      ],
      [
       20.164148,
       50.112261
      ],
      [
       20.164322,
       50.112175
      ],
      [
       20.164567,
       50.111953
      ],
      [
       20.164794,
       50.111719
      ],
      [
       20.164919,
       50.111545
      ],
      [
       20.164928,
       50.111434
      ],
      [
       20.164849,
       50.111279
      ],
      [
       20.164726,
       50.111177
      ],
      [
       20.164575,
       50.111107
      ],
      [
       20.164443,
       50.111054
      ]
     ]
    ],
    "type": "Polygon"
   },
   "id": 206,
   "properties": {
    "ADRES": "",
    "ATRYBUTY_O": "Nr stanowiska: 790",
    "BUDOWNICZY": "",
    "CHARAKTER": "",
    "DATA_WPISU": null,
    "DATA_WZNIE": "",
    "DZIELNICA": "",
    "FID": 206,
    "FUNKCJA_OB": "",
    "FUNKCJA_PI": "",
    "GDB_AREA": 19180.87,
    "GDB_PRM": 499.47,
    "GDB_PRMEX": 499.47,
    "GPT_DATE": null,
    "GPT_USER": "",
    "ID": 31219,
    "IDENT_OBIE": "67848199",
    "ID_ISDP": 0,
    "ID_SPRAWY": 80567649,
    "ID_WARSTWY": "F19_STAN_ARCH",
    "ISDP_FID": "GDB$G_EOZ_ARCHEOLOGIA_EOZ_A.4d9eef0c-e2d7-557a-e055-000000000001",
    "ISTNIEJE": "",
    "KARTA_MAPY": "",
    "LOKALIZACJ": "",
    "MATERIAL": "",
    "NAZWA": "",
    "NUMER": "",
    "NUMER_EWID": "",
    "NUMER_REJ_": "",
    "OBREB": "",
    "REJESTR_TA": "EW_ARCHEOLOGIA",
    "RODZAJE_ZA": "",
    "RODZAJ_OBI": "",
    "RODZAJ_WLA": "",
    "STAN_ZACHO": "",
    "STATUS": "",
    "STYL_OBIEK": "",
    "SYMBOL_EWI": "",
    "SYMBOL_REJ": "",
    "Shape__Area": 46587.4560546875,
    "Shape__Length": 778.4155470712127,
    "UWAGI": "",
    "WIEK_CZ_PO": "",
    "WIEK_POWST": "",
    "WYDRUK_LIN": "",
    "ZAJETA_NA_": 1,
    "ZALACZNIKI": "http://172.16.11.22:8085/SOWA2-services/doc/print/65356349/0790.pdf",
    "ZDJECIE_1": "",
    "ZDJECIE_2": "",
    "ZDJECIE_3": "",
    "ZDJECIE_4": "",
    "ZDJECIE_5": "",
    "ZDJECIE_6": "",
    "ZDJECIE_7": "",
    "ZDJECIE_8": "",
    "ZWERYFIKOW": "",
    "ZWIAZANA_Z": 0
   },
   "type": "Feature"
  },
  {
   "geometry": {
    "coordinates": [
     [
      [
       20.145453,
       50.09897
      ],
      [
       20.145689,
       50.098975
      ],
      [
       20.145838,
       50.098971
      ],
      [
       20.145968,
       50.098918
      ],
      [
       20.146092,
       50.098848
      ],
      [
       20.146125,
       50.098795
      ],
      [
       20.146123,
       50.098733
      ],
      [
       20.146063,
       50.09865
      ],
      [
       20.145911,
       50.098562
      ],
      [
       20.145727,
       50.098505
      ],
      [
       20.145586,
       50.098465
      ],
      [
       20.145304,
       50.098429
      ],
      [
       20.145061,
       50.098416
      ],
      [
       20.144905,
       50.098425
      ],
      [
       20.144802,
       50.098462
      ],
      [
       20.144686,
       50.098525
      ],
      [
       20.144624,
       50.098561
      ],
      [
       20.144588,
       50.098598
      ],
      [
       20.144583,
       50.098653
      ],
      [
       20.144635,
       50.098745
      ],
      [
       20.144747,
       50.098825
      ],
      [
       20.144935,
       50.098879
      ],
      [
       20.145328,
       50.098951
      ],
      [
       20.145453,
       50.09897
      ]
     ]
    ],
    "type": "Polygon"
   },
   "id": 207,
   "properties": {
    "ADRES": "",
    "ATRYBUTY_O": "Nr stanowiska: 801",
    "BUDOWNICZY": "",
    "CHARAKTER": "",
    "DATA_WPISU": null,
    "DATA_WZNIE": "",
    "DZIELNICA": "",
    "FID": 207,
    "FUNKCJA_OB": "",
    "FUNKCJA_PI": "",
    "GDB_AREA": 5102.1,
    "GDB_PRM": 275.55,
    "GDB_PRMEX": 275.55,
    "GPT_DATE": null,
    "GPT_USER": "",
    "ID": 31242,
    "IDENT_OBIE": "67849349",
    "ID_ISDP": 0,
    "ID_SPRAWY": 80572149,
    "ID_WARSTWY": "F19_STAN_ARCH",
    "ISDP_FID": "GDB$G_EOZ_ARCHEOLOGIA_EOZ_A.4d9eef0c-e2d8-557a-e055-000000000001",
    "ISTNIEJE": "",
    "KARTA_MAPY": "",
    "LOKALIZACJ": "",
    "MATERIAL": "",
    "NAZWA": "",
    "NUMER": "",
    "NUMER_EWID": "",
    "NUMER_REJ_": "",
    "OBREB": "",
    "REJESTR_TA": "EW_ARCHEOLOGIA",
    "RODZAJE_ZA": "",
    "RODZAJ_OBI": "",
    "RODZAJ_WLA": "",
    "STAN_ZACHO": "",
    "STATUS": "",
    "STYL_OBIEK": "",
    "SYMBOL_EWI": "",
    "SYMBOL_REJ": "",
    "Shape__Area": 12385.5556640625,
    "Shape__Length": 429.08256307753305,
    "UWAGI": "",
    "WIEK_CZ_PO": "",
    "WIEK_POWST": "",
    "WYDRUK_LIN": "",
    "ZAJETA_NA_": 1,
    "ZALACZNIKI": "http://172.16.11.22:8085/SOWA2-services/doc/print/65356449/0801.pdf",
    "ZDJECIE_1": "",
    "ZDJECIE_2": "",
    "ZDJECIE_3": "",
    "ZDJECIE_4": "",
    "ZDJECIE_5": "",
    "ZDJECIE_6": "",
    "ZDJECIE_7": "",
    "ZDJECIE_8": "",
    "ZWERYFIKOW": "",
    "ZWIAZANA_Z": 0
   },
   "type": "Feature"
  },
  {
   "geometry": {
    "coordinates": [
     [
      [
       20.134098,
       50.101046
      ],
      [
       20.134265,
       50.101041
      ],
      [
       20.134424,
       50.100984
      ],
      [
       20.134541,
       50.100901
      ],
      [
       20.134612,
       50.100846
      ],
      [
       20.134617,
       50.100792
      ],
      [
       20.134562,
       50.100723
      ],
      [
       20.134529,
       50.100628
      ],
      [
       20.134493,
       50.100568
      ],
      [
       20.134323,
       50.100451
      ],
      [
       20.134116,
       50.100353
      ],
      [
       20.133799,
       50.100253
      ],
      [
       20.133736,
       50.100251
      ],
      [
       20.133591,
       50.10029
      ],
      [
       20.133462,
       50.100408
      ],
      [
       20.133423,
       50.100498
      ],
      [
       20.133455,
       50.10072
      ],
      [
       20.133526,
       50.10082
      ],
      [
       20.133725,
       50.100926
      ],
      [
       20.133964,
       50.101025
      ],
      [
       20.134098,
       50.101046
      ]
     ]
    ],
    "type": "Polygon"
   },
   "id": 208,
   "properties": {
    "ADRES": "",
    "ATRYBUTY_O": "Nr stanowiska: 814",
    "BUDOWNICZY": "",
    "CHARAKTER": "",
    "DATA_WPISU": null,
    "DATA_WZNIE": "",
    "DZIELNICA": "",
    "FID": 208,
    "FUNKCJA_OB": "",
    "FUNKCJA_PI": "",
    "GDB_AREA": 5272.01,
    "GDB_PRM": 267.44,
    "GDB_PRMEX": 267.44,
    "GPT_DATE": null,
    "GPT_USER": "",
    "ID": 31241,
    "IDENT_OBIE": "67849299",
    "ID_ISDP": 0,
    "ID_SPRAWY": 80572099,
    "ID_WARSTWY": "F19_STAN_ARCH",
    "ISDP_FID": "GDB$G_EOZ_ARCHEOLOGIA_EOZ_A.4d9eef0c-e2d9-557a-e055-000000000001",
    "ISTNIEJE": "",
    "KARTA_MAPY": "",
    "LOKALIZACJ": "",
    "MATERIAL": "",
    "NAZWA": "",
    "NUMER": "",
    "NUMER_EWID": "",
    "NUMER_REJ_": "",
    "OBREB": "",
    "REJESTR_TA": "EW_ARCHEOLOGIA",
    "RODZAJE_ZA": "",
    "RODZAJ_OBI": "",
    "RODZAJ_WLA": "",
    "STAN_ZACHO": "",
    "STATUS": "",
    "STYL_OBIEK": "",
    "SYMBOL_EWI": "",
    "SYMBOL_REJ": "",
    "Shape__Area": 12799.04296875,
    "Shape__Length": 416.71343798320345,
    "UWAGI": "",
    "WIEK_CZ_PO": "",
    "WIEK_POWST": "",
    "WYDRUK_LIN": "",
    "ZAJETA_NA_": 1,
    "ZALACZNIKI": "http://172.16.11.22:8085/SOWA2-services/doc/print/65356549/0814.pdf",
    "ZDJECIE_1": "",
    "ZDJECIE_2": "",
    "ZDJECIE_3": "",
    "ZDJECIE_4": "",
    "ZDJECIE_5": "",
    "ZDJECIE_6": "",
    "ZDJECIE_7": "",
    "ZDJECIE_8": "",
    "ZWERYFIKOW": "",
    "ZWIAZANA_Z": 0
   },
   "type": "Feature"
  },
  {
   "geometry": {
    "coordinates": [
     [
      [
       20.193793,
       50.11102
      ],
      [
       20.194023,
       50.11095
      ],
      [
       20.19419,
       50.110827
      ],
      [
       20.194235,
       50.110723
      ],
      [
       20.194236,
       50.110629
      ],
      [
       20.194168,
       50.110499
      ],
      [
       20.194,
       50.110404
      ],
      [
       20.193557,
       50.110257
      ],
      [
       20.193124,
       50.110145
      ],
      [
       20.192698,
       50.110104
      ],
      [
       20.192364,
       50.110116
      ],
      [
       20.192003,
       50.110229
      ],
      [
       20.191785,
       50.110385
      ],
      [
       20.191686,
       50.110561
      ],
      [
       20.191687,
       50.110697
      ],
      [
       20.1918,
       50.110798
      ],
      [
       20.191997,
       50.110914
      ],
      [
       20.192216,
       50.110975
      ],
      [
       20.192505,
       50.111001
      ],
      [
       20.192965,
       50.111
      ],
      [
       20.193484,
       50.111025
      ],
      [
       20.193793,
       50.11102
      ]
     ]
    ],
    "type": "Polygon"
   },
   "id": 209,
   "properties": {
    "ADRES": "",
    "ATRYBUTY_O": "Nr stanowiska: 838",
    "BUDOWNICZY": "",
    "CHARAKTER": "",
    "DATA_WPISU": null,
    "DATA_WZNIE": "",
    "DZIELNICA": "",
    "FID": 209,
    "FUNKCJA_OB": "",
    "FUNKCJA_PI": "",
    "GDB_AREA": 14680.86,
    "GDB_PRM": 464.96,
    "GDB_PRMEX": 464.96,
    "GPT_DATE": null,
    "GPT_USER": "",
    "ID": 31369,
    "IDENT_OBIE": "67855699",
    "ID_ISDP": 0,
    "ID_SPRAWY": 80594799,
    "ID_WARSTWY": "F19_STAN_ARCH",
    "ISDP_FID": "GDB$G_EOZ_ARCHEOLOGIA_EOZ_A.4d9eef0c-e2da-557a-e055-000000000001",
    "ISTNIEJE": "",
    "KARTA_MAPY": "",
    "LOKALIZACJ": "",
    "MATERIAL": "",
    "NAZWA": "",
    "NUMER": "",
    "NUMER_EWID": "",
    "NUMER_REJ_": "",
    "OBREB": "",
    "REJESTR_TA": "EW_ARCHEOLOGIA",
    "RODZAJE_ZA": "",
    "RODZAJ_OBI": "",
    "RODZAJ_WLA": "",
    "STAN_ZACHO": "",
    "STATUS": "",
    "STYL_OBIEK": "",
    "SYMBOL_EWI": "",
    "SYMBOL_REJ": "",
    "Shape__Area": 35656.361328125,
    "Shape__Length": 724.2257469909467,
    "UWAGI": "",
    "WIEK_CZ_PO": "",
    "WIEK_POWST": "",
    "WYDRUK_LIN": "",
    "ZAJETA_NA_": 1,
    "ZALACZNIKI": "http://172.16.11.22:8085/SOWA2-services/doc/print/65356649/0838.pdf",
    "ZDJECIE_1": "",
    "ZDJECIE_2": "",
    "ZDJECIE_3": "",
    "ZDJECIE_4": "",
    "ZDJECIE_5": "",
    "ZDJECIE_6": "",
    "ZDJECIE_7": "",
    "ZDJECIE_8": "",
    "ZWERYFIKOW": "",
    "ZWIAZANA_Z": 0
   },
   "type": "Feature"
  },
  {
   "geometry": {
    "coordinates": [
     [
      [
       20.153023,
       50.117457
      ],
      [
       20.15303,
       50.117633
      ],
      [
       20.153089,
       50.117839
      ],
      [
       20.153146,
       50.117916
      ],
      [
       20.153243,
       50.11796
      ],
      [
       20.153365,
       50.11797
      ],
      [
       20.153452,
       50.117929
      ],
      [
       20.153508,
       50.117869
      ],
      [
       20.153578,
       50.117728
      ],
      [
       20.153593,
       50.117601
      ],
      [
       20.153582,
       50.11747
      ],
      [
       20.153524,
       50.117352
      ],
      [
       20.153394,
       50.117239
      ],
      [
       20.15325,
       50.117199
      ],
      [
       20.153165,
       50.117207
      ],
      [
       20.153081,
       50.117253
      ],
      [
       20.15303,
       50.117363
      ],
      [
       20.153023,
       50.117457
      ]
     ]
    ],
    "type": "Polygon"
   },
   "id": 210,
   "properties": {
    "ADRES": "",
    "ATRYBUTY_O": "Nr stanowiska: 845",
    "BUDOWNICZY": "",
    "CHARAKTER": "",
    "DATA_WPISU": null,
    "DATA_WZNIE": "",
    "DZIELNICA": "",
    "FID": 210,
    "FUNKCJA_OB": "",
    "FUNKCJA_PI": "",
    "GDB_AREA": 2783.47,
    "GDB_PRM": 208.21,
    "GDB_PRMEX": 208.21,
    "GPT_DATE": null,
    "GPT_USER": "",
    "ID": 31350,
    "IDENT_OBIE": "67854749",
    "ID_ISDP": 0,
    "ID_SPRAWY": 80591699,
    "ID_WARSTWY": "F19_STAN_ARCH",
    "ISDP_FID": "GDB$G_EOZ_ARCHEOLOGIA_EOZ_A.4d9eef0c-e2db-557a-e055-000000000001",
    "ISTNIEJE": "",
    "KARTA_MAPY": "",
    "LOKALIZACJ": "",
    "MATERIAL": "",
    "NAZWA": "",
    "NUMER": "",
    "NUMER_EWID": "",
    "NUMER_REJ_": "",
    "OBREB": "",
    "REJESTR_TA": "EW_ARCHEOLOGIA",
    "RODZAJE_ZA": "",
    "RODZAJ_OBI": "",
    "RODZAJ_WLA": "",
    "STAN_ZACHO": "",
    "STATUS": "",
    "STYL_OBIEK": "",
    "SYMBOL_EWI": "",
    "SYMBOL_REJ": "",
    "Shape__Area": 6762.3076171875,
    "Shape__Length": 324.74514251051613,
    "UWAGI": "",
    "WIEK_CZ_PO": "",
    "WIEK_POWST": "",
    "WYDRUK_LIN": "",
    "ZAJETA_NA_": 1,
    "ZALACZNIKI": "http://172.16.11.22:8085/SOWA2-services/doc/print/65356749/0845.pdf",
    "ZDJECIE_1": "",
    "ZDJECIE_2": "",
    "ZDJECIE_3": "",
    "ZDJECIE_4": "",
    "ZDJECIE_5": "",
    "ZDJECIE_6": "",
    "ZDJECIE_7": "",
    "ZDJECIE_8": "",
    "ZWERYFIKOW": "",
    "ZWIAZANA_Z": 0
   },
   "type": "Feature"
  },
  {
   "geometry": {
    "coordinates": [
     [
      [
       20.189549,
       50.106048
      ],
      [
       20.189843,
       50.106054
      ],
      [
       20.190201,
       50.10598
      ],
      [
       20.190446,
       50.105888
      ],
      [
       20.190545,
       50.105778
      ],
      [
       20.190666,
       50.105568
      ],
      [
       20.190666,
       50.105443
      ],
      [
       20.190604,
       50.105334
      ],
      [
       20.190417,
       50.10523
      ],
      [
       20.190233,
       50.105221
      ],
      [
       20.189635,
       50.105207
      ],
      [
       20.188199,
       50.105172
      ],
      [
       20.187846,
       50.105188
      ],
      [
       20.187695,
       50.105235
      ],
      [
       20.187636,
       50.105312
      ],
      [
       20.187656,
       50.105423
      ],
      [
       20.187788,
       50.105561
      ],
      [
       20.18819,
       50.105813
      ],
      [
       20.188627,
       50.105941
      ],
      [
       20.189286,
       50.106017
      ],
      [
       20.189549,
       50.106048
      ]
     ]
    ],
    "type": "Polygon"
   },
   "id": 211,
   "properties": {
    "ADRES": "",
    "ATRYBUTY_O": "Nr stanowiska: 853",
    "BUDOWNICZY": "",
    "CHARAKTER": "",
    "DATA_WPISU": null,
    "DATA_WZNIE": "",
    "DZIELNICA": "",
    "FID": 211,
    "FUNKCJA_OB": "",
    "FUNKCJA_PI": "",
    "GDB_AREA": 16587.78,
    "GDB_PRM": 529.46,
    "GDB_PRMEX": 529.46,
    "GPT_DATE": null,
    "GPT_USER": "",
    "ID": 31211,
    "IDENT_OBIE": "67847799",
    "ID_ISDP": 0,
    "ID_SPRAWY": 80566799,
    "ID_WARSTWY": "F19_STAN_ARCH",
    "ISDP_FID": "GDB$G_EOZ_ARCHEOLOGIA_EOZ_A.4d9eef0c-e2dc-557a-e055-000000000001",
    "ISTNIEJE": "",
    "KARTA_MAPY": "",
    "LOKALIZACJ": "",
    "MATERIAL": "",
    "NAZWA": "",
    "NUMER": "",
    "NUMER_EWID": "",
    "NUMER_REJ_": "",
    "OBREB": "",
    "REJESTR_TA": "EW_ARCHEOLOGIA",
    "RODZAJE_ZA": "",
    "RODZAJ_OBI": "",
    "RODZAJ_WLA": "",
    "STAN_ZACHO": "",
    "STATUS": "",
    "STYL_OBIEK": "",
    "SYMBOL_EWI": "",
    "SYMBOL_REJ": "",
    "Shape__Area": 40279.4072265625,
    "Shape__Length": 824.4990370602826,
    "UWAGI": "",
    "WIEK_CZ_PO": "",
    "WIEK_POWST": "",
    "WYDRUK_LIN": "",
    "ZAJETA_NA_": 1,
    "ZALACZNIKI": "http://172.16.11.22:8085/SOWA2-services/doc/print/65356849/0853.pdf",
    "ZDJECIE_1": "",
    "ZDJECIE_2": "",
    "ZDJECIE_3": "",
    "ZDJECIE_4": "",
    "ZDJECIE_5": "",
    "ZDJECIE_6": "",
    "ZDJECIE_7": "",
    "ZDJECIE_8": "",
    "ZWERYFIKOW": "",
    "ZWIAZANA_Z": 0
   },
   "type": "Feature"
  },
  {
   "geometry": {
    "coordinates": [
     [
      [
       19.986335,
       50.096853
      ],
      [
       19.986555,
       50.097057
      ],
      [
       19.987248,
       50.097182
      ],
      [
       19.987832,
       50.09715
      ],
      [
       19.988249,
       50.097
      ],
      [
       19.988437,
       50.096343
      ],
      [
       19.988336,
       50.095867
      ],
      [
       19.988185,
       50.09557
      ],
      [
       19.987676,
       50.09534
      ],
      [
       19.98668,
       50.095369
      ],
      [
       19.986209,
       50.095835
      ],
      [
       19.986133,
       50.096528
      ],
      [
       19.986335,
       50.096853
      ]
     ]
    ],
    "type": "Polygon"
   },
   "id": 212,
   "properties": {
    "ADRES": "",
    "ATRYBUTY_O": "Nr stanowiska: 874",
    "BUDOWNICZY": "",
    "CHARAKTER": "",
    "DATA_WPISU": null,
    "DATA_WZNIE": "",
    "DZIELNICA": "",
    "FID": 212,
    "FUNKCJA_OB": "",
    "FUNKCJA_PI": "",
    "GDB_AREA": 27909.05,
    "GDB_PRM": 611.64,
    "GDB_PRMEX": 611.64,
    "GPT_DATE": null,
    "GPT_USER": "",
    "ID": 31231,
    "IDENT_OBIE": "67848799",
    "ID_ISDP": 0,
    "ID_SPRAWY": 80570099,
    "ID_WARSTWY": "F19_STAN_ARCH",
    "ISDP_FID": "GDB$G_EOZ_ARCHEOLOGIA_EOZ_A.4d9eef0c-e2dd-557a-e055-000000000001",
    "ISTNIEJE": "",
    "KARTA_MAPY": "",
    "LOKALIZACJ": "",
    "MATERIAL": "",
    "NAZWA": "",
    "NUMER": "",
    "NUMER_EWID": "",
    "NUMER_REJ_": "",
    "OBREB": "",
    "REJESTR_TA": "EW_ARCHEOLOGIA",
    "RODZAJE_ZA": "",
    "RODZAJ_OBI": "",
    "RODZAJ_WLA": "",
    "STAN_ZACHO": "",
    "STATUS": "",
    "STYL_OBIEK": "",
    "SYMBOL_EWI": "",
    "SYMBOL_REJ": "",
    "Shape__Area": 67741.0322265625,
    "Shape__Length": 953.1116419728385,
    "UWAGI": "",
    "WIEK_CZ_PO": "",
    "WIEK_POWST": "",
    "WYDRUK_LIN": "",
    "ZAJETA_NA_": 1,
    "ZALACZNIKI": "http://172.16.11.22:8085/SOWA2-services/doc/print/65356999/0874.pdf",
    "ZDJECIE_1": "",
    "ZDJECIE_2": "",
    "ZDJECIE_3": "",
    "ZDJECIE_4": "",
    "ZDJECIE_5": "",
    "ZDJECIE_6": "",
    "ZDJECIE_7": "",
    "ZDJECIE_8": "",
    "ZWERYFIKOW": "",
    "ZWIAZANA_Z": 0
   },
   "type": "Feature"
  },
  {
   "geometry": {
    "coordinates": [
     [
      [
       20.010821,
       49.988726
      ],
      [
       20.010532,
       49.98874
      ],
      [
       20.010365,
       49.988787
      ],
      [
       20.010254,
       49.988855
      ],
      [
       20.010208,
       49.988923
      ],
      [
       20.010235,
       49.989044
      ],
      [
       20.01039,
       49.989301
      ],
      [
       20.010453,
       49.989395
      ],
      [
       20.010459,
       49.989482
      ],
      [
       20.010538,
       49.989555
      ],
      [
       20.010609,
       49.989599
      ],
      [
       20.010703,
       49.989613
      ],
      [
       20.010843,
       49.989596
      ],
      [
       20.010936,
       49.989571
      ],
      [
       20.011017,
       49.98953
      ],
      [
       20.011056,
       49.989477
      ],
      [
       20.011129,
       49.989407
      ],
      [
       20.011221,
       49.98933
      ],
      [
       20.011273,
       49.989268
      ],
      [
       20.011303,
       49.989156
      ],
      [
       20.011282,
       49.989035
      ],
      [
       20.011246,
       49.988938
      ],
      [
       20.011132,
       49.988811
      ],
      [
       20.010987,
       49.988754
      ],
      [
       20.010888,
       49.988726
      ],
      [
       20.010821,
       49.988726
      ]
     ]
    ],
    "type": "Polygon"
   },
   "id": 213,
   "properties": {
    "ADRES": "",
    "ATRYBUTY_O": "Nr stanowiska: 860",
    "BUDOWNICZY": "",
    "CHARAKTER": "",
    "DATA_WPISU": null,
    "DATA_WZNIE": "",
    "DZIELNICA": "",
    "FID": 213,
    "FUNKCJA_OB": "",
    "FUNKCJA_PI": "",
    "GDB_AREA": 5669.17,
    "GDB_PRM": 279.96,
    "GDB_PRMEX": 279.96,
    "GPT_DATE": null,
    "GPT_USER": "",
    "ID": 31151,
    "IDENT_OBIE": "67844799",
    "ID_ISDP": 0,
    "ID_SPRAWY": 80551099,
    "ID_WARSTWY": "F19_STAN_ARCH",
    "ISDP_FID": "GDB$G_EOZ_ARCHEOLOGIA_EOZ_A.4d9eef0c-e2de-557a-e055-000000000001",
    "ISTNIEJE": "",
    "KARTA_MAPY": "",
    "LOKALIZACJ": "",
    "MATERIAL": "",
    "NAZWA": "",
    "NUMER": "",
    "NUMER_EWID": "",
    "NUMER_REJ_": "",
    "OBREB": "",
    "REJESTR_TA": "EW_ARCHEOLOGIA",
    "RODZAJE_ZA": "",
    "RODZAJ_OBI": "",
    "RODZAJ_WLA": "",
    "STAN_ZACHO": "",
    "STATUS": "",
    "STYL_OBIEK": "",
    "SYMBOL_EWI": "",
    "SYMBOL_REJ": "",
    "Shape__Area": 13699.36328125,
    "Shape__Length": 435.3048496144595,
    "UWAGI": "",
    "WIEK_CZ_PO": "",
    "WIEK_POWST": "",
    "WYDRUK_LIN": "",
    "ZAJETA_NA_": 1,
    "ZALACZNIKI": "http://172.16.11.22:8085/SOWA2-services/doc/print/65356899/0860.pdf",
    "ZDJECIE_1": "",
    "ZDJECIE_2": "",
    "ZDJECIE_3": "",
    "ZDJECIE_4": "",
    "ZDJECIE_5": "",
    "ZDJECIE_6": "",
    "ZDJECIE_7": "",
    "ZDJECIE_8": "",
    "ZWERYFIKOW": "",
    "ZWIAZANA_Z": 0
   },
   "type": "Feature"
  },
  {
   "geometry": {
    "coordinates": [
     [
      [
       19.885997,
       50.095584
      ],
      [
       19.886258,
       50.09559
      ],
      [
       19.886544,
       50.095546
      ],
      [
       19.886625,
       50.095403
      ],
      [
       19.886603,
       50.095265
      ],
      [
       19.886456,
       50.095127
      ],
      [
       19.886194,
       50.095051
      ],
      [
       19.885939,
       50.095129
      ],
      [
       19.885812,
       50.095245
      ],
      [
       19.885835,
       50.095462
      ],
      [
       19.885997,
       50.095584
      ]
     ]
    ],
    "type": "Polygon"
   },
   "id": 214,
   "properties": {
    "ADRES": "",
    "ATRYBUTY_O": "Nr stanowiska: 203",
    "BUDOWNICZY": "",
    "CHARAKTER": "",
    "DATA_WPISU": null,
    "DATA_WZNIE": "",
    "DZIELNICA": "",
    "FID": 214,
    "FUNKCJA_OB": "",
    "FUNKCJA_PI": "",
    "GDB_AREA": 2710.46,
    "GDB_PRM": 189.25,
    "GDB_PRMEX": 189.25,
    "GPT_DATE": null,
    "GPT_USER": "",
    "ID": 31181,
    "IDENT_OBIE": "67846299",
    "ID_ISDP": 0,
    "ID_SPRAWY": 80558399,
    "ID_WARSTWY": "F19_STAN_ARCH",
    "ISDP_FID": "GDB$G_EOZ_ARCHEOLOGIA_EOZ_A.4d9eef0c-e2df-557a-e055-000000000001",
    "ISTNIEJE": "",
    "KARTA_MAPY": "",
    "LOKALIZACJ": "",
    "MATERIAL": "",
    "NAZWA": "",
    "NUMER": "",
    "NUMER_EWID": "",
    "NUMER_REJ_": "",
    "OBREB": "",
    "REJESTR_TA": "EW_ARCHEOLOGIA",
    "RODZAJE_ZA": "",
    "RODZAJ_OBI": "",
    "RODZAJ_WLA": "",
    "STAN_ZACHO": "",
    "STATUS": "",
    "STYL_OBIEK": "",
    "SYMBOL_EWI": "",
    "SYMBOL_REJ": "",
    "Shape__Area": 6578.4111328125,
    "Shape__Length": 294.84682705641285,
    "UWAGI": "",
    "WIEK_CZ_PO": "",
    "WIEK_POWST": "",
    "WYDRUK_LIN": "",
    "ZAJETA_NA_": 1,
    "ZALACZNIKI": "http://172.16.11.22:8085/SOWA2-services/doc/print/65347949/0203.pdf",
    "ZDJECIE_1": "",
    "ZDJECIE_2": "",
    "ZDJECIE_3": "",
    "ZDJECIE_4": "",
    "ZDJECIE_5": "",
    "ZDJECIE_6": "",
    "ZDJECIE_7": "",
    "ZDJECIE_8": "",
    "ZWERYFIKOW": "",
    "ZWIAZANA_Z": 0
   },
   "type": "Feature"
  },
  {
   "geometry": {
    "coordinates": [
     [
      [
       19.89161,
       50.092186
      ],
      [
       19.891758,
       50.092307
      ],
      [
       19.892102,
       50.092371
      ],
      [
       19.892318,
       50.092319
      ],
      [
       19.892432,
       50.09214
      ],
      [
       19.892473,
       50.09197
      ],
      [
       19.892345,
       50.091846
      ],
      [
       19.892217,
       50.091802
      ],
      [
       19.891968,
       50.091785
      ],
      [
       19.891671,
       50.091862
      ],
      [
       19.891582,
       50.091966
      ],
      [
       19.89161,
       50.092186
      ]
     ]
    ],
    "type": "Polygon"
   },
   "id": 215,
   "properties": {
    "ADRES": "",
    "ATRYBUTY_O": "Nr stanowiska: 205",
    "BUDOWNICZY": "",
    "CHARAKTER": "",
    "DATA_WPISU": null,
    "DATA_WZNIE": "",
    "DZIELNICA": "",
    "FID": 215,
    "FUNKCJA_OB": "",
    "FUNKCJA_PI": "",
    "GDB_AREA": 3215.06,
    "GDB_PRM": 205.42,
    "GDB_PRMEX": 205.42,
    "GPT_DATE": null,
    "GPT_USER": "",
    "ID": 31182,
    "IDENT_OBIE": "67846349",
    "ID_ISDP": 0,
    "ID_SPRAWY": 80558499,
    "ID_WARSTWY": "F19_STAN_ARCH",
    "ISDP_FID": "GDB$G_EOZ_ARCHEOLOGIA_EOZ_A.4d9eef0c-e2e0-557a-e055-000000000001",
    "ISTNIEJE": "",
    "KARTA_MAPY": "",
    "LOKALIZACJ": "",
    "MATERIAL": "",
    "NAZWA": "",
    "NUMER": "",
    "NUMER_EWID": "",
    "NUMER_REJ_": "",
    "OBREB": "",
    "REJESTR_TA": "EW_ARCHEOLOGIA",
    "RODZAJE_ZA": "",
    "RODZAJ_OBI": "",
    "RODZAJ_WLA": "",
    "STAN_ZACHO": "",
    "STATUS": "",
    "STYL_OBIEK": "",
    "SYMBOL_EWI": "",
    "SYMBOL_REJ": "",
    "Shape__Area": 7802.046875,
    "Shape__Length": 320.00837311830696,
    "UWAGI": "",
    "WIEK_CZ_PO": "",
    "WIEK_POWST": "",
    "WYDRUK_LIN": "",
    "ZAJETA_NA_": 1,
    "ZALACZNIKI": "http://172.16.11.22:8085/SOWA2-services/doc/print/65347999/0205.pdf",
    "ZDJECIE_1": "",
    "ZDJECIE_2": "",
    "ZDJECIE_3": "",
    "ZDJECIE_4": "",
    "ZDJECIE_5": "",
    "ZDJECIE_6": "",
    "ZDJECIE_7": "",
    "ZDJECIE_8": "",
    "ZWERYFIKOW": "",
    "ZWIAZANA_Z": 0
   },
   "type": "Feature"
  },
  {
   "geometry": {
    "coordinates": [
     [
      [
       19.901887,
       50.094955
      ],
      [
       19.901979,
       50.09515
      ],
      [
       19.902194,
       50.095196
      ],
      [
       19.902469,
       50.095168
      ],
      [
       19.902661,
       50.095048
      ],
      [
       19.902691,
       50.094912
      ],
      [
       19.902611,
       50.094789
      ],
      [
       19.902461,
       50.094734
      ],
      [
       19.902308,
       50.094712
      ],
      [
       19.902043,
       50.094724
      ],
      [
       19.901926,
       50.094814
      ],
      [
       19.901887,
       50.094955
      ]
     ]
    ],
    "type": "Polygon"
   },
   "id": 216,
   "properties": {
    "ADRES": "",
    "ATRYBUTY_O": "Nr stanowiska: 207",
    "BUDOWNICZY": "",
    "CHARAKTER": "",
    "DATA_WPISU": null,
    "DATA_WZNIE": "",
    "DZIELNICA": "",
    "FID": 216,
    "FUNKCJA_OB": "",
    "FUNKCJA_PI": "",
    "GDB_AREA": 2456,
    "GDB_PRM": 179.61,
    "GDB_PRMEX": 179.61,
    "GPT_DATE": null,
    "GPT_USER": "",
    "ID": 31184,
    "IDENT_OBIE": "67846449",
    "ID_ISDP": 0,
    "ID_SPRAWY": 80558599,
    "ID_WARSTWY": "F19_STAN_ARCH",
    "ISDP_FID": "GDB$G_EOZ_ARCHEOLOGIA_EOZ_A.4d9eef0c-e2e1-557a-e055-000000000001",
    "ISTNIEJE": "",
    "KARTA_MAPY": "",
    "LOKALIZACJ": "",
    "MATERIAL": "",
    "NAZWA": "",
    "NUMER": "",
    "NUMER_EWID": "",
    "NUMER_REJ_": "",
    "OBREB": "",
    "REJESTR_TA": "EW_ARCHEOLOGIA",
    "RODZAJE_ZA": "",
    "RODZAJ_OBI": "",
    "RODZAJ_WLA": "",
    "STAN_ZACHO": "",
    "STATUS": "",
    "STYL_OBIEK": "",
    "SYMBOL_EWI": "",
    "SYMBOL_REJ": "",
    "Shape__Area": 5960.7578125,
    "Shape__Length": 279.8032162941837,
    "UWAGI": "",
    "WIEK_CZ_PO": "",
    "WIEK_POWST": "",
    "WYDRUK_LIN": "",
    "ZAJETA_NA_": 1,
    "ZALACZNIKI": "http://172.16.11.22:8085/SOWA2-services/doc/print/65348099/0207.pdf",
    "ZDJECIE_1": "",
    "ZDJECIE_2": "",
    "ZDJECIE_3": "",
    "ZDJECIE_4": "",
    "ZDJECIE_5": "",
    "ZDJECIE_6": "",
    "ZDJECIE_7": "",
    "ZDJECIE_8": "",
    "ZWERYFIKOW": "",
    "ZWIAZANA_Z": 0
   },
   "type": "Feature"
  },
  {
   "geometry": {
    "coordinates": [
     [
      [
       19.903474,
       50.093723
      ],
      [
       19.903649,
       50.093751
      ],
      [
       19.903901,
       50.093709
      ],
      [
       19.904105,
       50.093558
      ],
      [
       19.904127,
       50.093428
      ],
      [
       19.903936,
       50.093261
      ],
      [
       19.90376,
       50.093203
      ],
      [
       19.903485,
       50.093226
      ],
      [
       19.9033,
       50.093315
      ],
      [
       19.903245,
       50.093463
      ],
      [
       19.903474,
       50.093723
      ]
     ]
    ],
    "type": "Polygon"
   },
   "id": 217,
   "properties": {
    "ADRES": "",
    "ATRYBUTY_O": "Nr stanowiska: 116",
    "BUDOWNICZY": "",
    "CHARAKTER": "",
    "DATA_WPISU": null,
    "DATA_WZNIE": "",
    "DZIELNICA": "",
    "FID": 217,
    "FUNKCJA_OB": "",
    "FUNKCJA_PI": "",
    "GDB_AREA": 2799.45,
    "GDB_PRM": 192.08,
    "GDB_PRMEX": 192.08,
    "GPT_DATE": null,
    "GPT_USER": "",
    "ID": 31185,
    "IDENT_OBIE": "67846499",
    "ID_ISDP": 0,
    "ID_SPRAWY": 80558649,
    "ID_WARSTWY": "F19_STAN_ARCH",
    "ISDP_FID": "GDB$G_EOZ_ARCHEOLOGIA_EOZ_A.4d9eef0c-e2e2-557a-e055-000000000001",
    "ISTNIEJE": "",
    "KARTA_MAPY": "",
    "LOKALIZACJ": "",
    "MATERIAL": "",
    "NAZWA": "",
    "NUMER": "",
    "NUMER_EWID": "",
    "NUMER_REJ_": "",
    "OBREB": "",
    "REJESTR_TA": "EW_ARCHEOLOGIA",
    "RODZAJE_ZA": "",
    "RODZAJ_OBI": "",
    "RODZAJ_WLA": "",
    "STAN_ZACHO": "",
    "STATUS": "",
    "STYL_OBIEK": "",
    "SYMBOL_EWI": "",
    "SYMBOL_REJ": "",
    "Shape__Area": 6793.8994140625,
    "Shape__Length": 299.2190112555294,
    "UWAGI": "",
    "WIEK_CZ_PO": "",
    "WIEK_POWST": "",
    "WYDRUK_LIN": "",
    "ZAJETA_NA_": 1,
    "ZALACZNIKI": "http://172.16.11.22:8085/SOWA2-services/doc/print/65346749/0116.pdf",
    "ZDJECIE_1": "",
    "ZDJECIE_2": "",
    "ZDJECIE_3": "",
    "ZDJECIE_4": "",
    "ZDJECIE_5": "",
    "ZDJECIE_6": "",
    "ZDJECIE_7": "",
    "ZDJECIE_8": "",
    "ZWERYFIKOW": "",
    "ZWIAZANA_Z": 0
   },
   "type": "Feature"
  },
  {
   "geometry": {
    "coordinates": [
     [
      [
       19.90445,
       50.09051
      ],
      [
       19.904626,
       50.09057
      ],
      [
       19.904861,
       50.090508
      ],
      [
       19.905041,
       50.090346
      ],
      [
       19.905009,
       50.09024
      ],
      [
       19.904847,
       50.09018
      ],
      [
       19.904645,
       50.090181
      ],
      [
       19.904392,
       50.090294
      ],
      [
       19.90436,
       50.090423
      ],
      [
       19.90445,
       50.09051
      ]
     ]
    ],
    "type": "Polygon"
   },
   "id": 218,
   "properties": {
    "ADRES": "",
    "ATRYBUTY_O": "Nr stanowiska: 115",
    "BUDOWNICZY": "",
    "CHARAKTER": "",
    "DATA_WPISU": null,
    "DATA_WZNIE": "",
    "DZIELNICA": "",
    "FID": 218,
    "FUNKCJA_OB": "",
    "FUNKCJA_PI": "",
    "GDB_AREA": 1505.35,
    "GDB_PRM": 142.64,
    "GDB_PRMEX": 142.64,
    "GPT_DATE": null,
    "GPT_USER": "",
    "ID": 31186,
    "IDENT_OBIE": "67846549",
    "ID_ISDP": 0,
    "ID_SPRAWY": 80558699,
    "ID_WARSTWY": "F19_STAN_ARCH",
    "ISDP_FID": "GDB$G_EOZ_ARCHEOLOGIA_EOZ_A.4d9eef0c-e2e3-557a-e055-000000000001",
    "ISTNIEJE": "",
    "KARTA_MAPY": "",
    "LOKALIZACJ": "",
    "MATERIAL": "",
    "NAZWA": "",
    "NUMER": "",
    "NUMER_EWID": "",
    "NUMER_REJ_": "",
    "OBREB": "",
    "REJESTR_TA": "EW_ARCHEOLOGIA",
    "RODZAJE_ZA": "",
    "RODZAJ_OBI": "",
    "RODZAJ_WLA": "",
    "STAN_ZACHO": "",
    "STATUS": "",
    "STYL_OBIEK": "",
    "SYMBOL_EWI": "",
    "SYMBOL_REJ": "",
    "Shape__Area": 3652.828125,
    "Shape__Length": 222.16480029665598,
    "UWAGI": "",
    "WIEK_CZ_PO": "",
    "WIEK_POWST": "",
    "WYDRUK_LIN": "",
    "ZAJETA_NA_": 1,
    "ZALACZNIKI": "http://172.16.11.22:8085/SOWA2-services/doc/print/65346699/0115.pdf",
    "ZDJECIE_1": "",
    "ZDJECIE_2": "",
    "ZDJECIE_3": "",
    "ZDJECIE_4": "",
    "ZDJECIE_5": "",
    "ZDJECIE_6": "",
    "ZDJECIE_7": "",
    "ZDJECIE_8": "",
    "ZWERYFIKOW": "",
    "ZWIAZANA_Z": 0
   },
   "type": "Feature"
  },
  {
   "geometry": {
    "coordinates": [
     [
      [
       19.900804,
       50.089811
      ],
      [
       19.901125,
       50.089895
      ],
      [
       19.901404,
       50.089864
      ],
      [
       19.901569,
       50.089755
      ],
      [
       19.90167,
       50.089581
      ],
      [
       19.901572,
       50.089416
      ],
      [
       19.901314,
       50.089297
      ],
      [
       19.901064,
       50.089294
      ],
      [
       19.900775,
       50.089346
      ],
      [
       19.900672,
       50.08953
      ],
      [
       19.900674,
       50.089707
      ],
      [
       19.900804,
       50.089811
      ]
     ]
    ],
    "type": "Polygon"
   },
   "id": 219,
   "properties": {
    "ADRES": "",
    "ATRYBUTY_O": "Nr stanowiska: 114",
    "BUDOWNICZY": "",
    "CHARAKTER": "",
    "DATA_WPISU": null,
    "DATA_WZNIE": "",
    "DZIELNICA": "",
    "FID": 219,
    "FUNKCJA_OB": "",
    "FUNKCJA_PI": "",
    "GDB_AREA": 3724.17,
    "GDB_PRM": 220.67,
    "GDB_PRMEX": 220.67,
    "GPT_DATE": null,
    "GPT_USER": "",
    "ID": 31187,
    "IDENT_OBIE": "67846599",
    "ID_ISDP": 0,
    "ID_SPRAWY": 80558749,
    "ID_WARSTWY": "F19_STAN_ARCH",
    "ISDP_FID": "GDB$G_EOZ_ARCHEOLOGIA_EOZ_A.4d9eef0c-e2e4-557a-e055-000000000001",
    "ISTNIEJE": "",
    "KARTA_MAPY": "",
    "LOKALIZACJ": "",
    "MATERIAL": "",
    "NAZWA": "",
    "NUMER": "",
    "NUMER_EWID": "",
    "NUMER_REJ_": "",
    "OBREB": "",
    "REJESTR_TA": "EW_ARCHEOLOGIA",
    "RODZAJE_ZA": "",
    "RODZAJ_OBI": "",
    "RODZAJ_WLA": "",
    "STAN_ZACHO": "",
    "STATUS": "",
    "STYL_OBIEK": "",
    "SYMBOL_EWI": "",
    "SYMBOL_REJ": "",
    "Shape__Area": 9036.6064453125,
    "Shape__Length": 343.7236228624344,
    "UWAGI": "",
    "WIEK_CZ_PO": "",
    "WIEK_POWST": "",
    "WYDRUK_LIN": "",
    "ZAJETA_NA_": 1,
    "ZALACZNIKI": "http://172.16.11.22:8085/SOWA2-services/doc/print/65346649/0114.pdf",
    "ZDJECIE_1": "",
    "ZDJECIE_2": "",
    "ZDJECIE_3": "",
    "ZDJECIE_4": "",
    "ZDJECIE_5": "",
    "ZDJECIE_6": "",
    "ZDJECIE_7": "",
    "ZDJECIE_8": "",
    "ZWERYFIKOW": "",
    "ZWIAZANA_Z": 0
   },
   "type": "Feature"
  },
  {
   "geometry": {
    "coordinates": [
     [
      [
       19.831286,
       50.040943
      ],
      [
       19.831156,
       50.040973
      ],
      [
       19.831143,
       50.041042
      ],
      [
       19.831167,
       50.041156
      ],
      [
       19.831296,
       50.041221
      ],
      [
       19.831435,
       50.041248
      ],
      [
       19.831532,
       50.041212
      ],
      [
       19.831572,
       50.041149
      ],
      [
       19.831534,
       50.041034
      ],
      [
       19.831448,
       50.040944
      ],
      [
       19.831286,
       50.040943
      ]
     ]
    ],
    "type": "Polygon"
   },
   "id": 220,
   "properties": {
    "ADRES": "",
    "ATRYBUTY_O": "Nr stanowiska: 344",
    "BUDOWNICZY": "",
    "CHARAKTER": "",
    "DATA_WPISU": null,
    "DATA_WZNIE": "",
    "DZIELNICA": "",
    "FID": 220,
    "FUNKCJA_OB": "",
    "FUNKCJA_PI": "",
    "GDB_AREA": 802.58,
    "GDB_PRM": 104.53,
    "GDB_PRMEX": 104.53,
    "GPT_DATE": null,
    "GPT_USER": "",
    "ID": 31152,
    "IDENT_OBIE": "67844849",
    "ID_ISDP": 0,
    "ID_SPRAWY": 80552999,
    "ID_WARSTWY": "F19_STAN_ARCH",
    "ISDP_FID": "GDB$G_EOZ_ARCHEOLOGIA_EOZ_A.4d9eef0c-e2e5-557a-e055-000000000001",
    "ISTNIEJE": "",
    "KARTA_MAPY": "",
    "LOKALIZACJ": "",
    "MATERIAL": "",
    "NAZWA": "",
    "NUMER": "",
    "NUMER_EWID": "",
    "NUMER_REJ_": "",
    "OBREB": "",
    "REJESTR_TA": "EW_ARCHEOLOGIA",
    "RODZAJE_ZA": "",
    "RODZAJ_OBI": "",
    "RODZAJ_WLA": "",
    "STAN_ZACHO": "",
    "STATUS": "",
    "STYL_OBIEK": "",
    "SYMBOL_EWI": "",
    "SYMBOL_REJ": "",
    "Shape__Area": 1943.49609375,
    "Shape__Length": 162.67835377229062,
    "UWAGI": "",
    "WIEK_CZ_PO": "",
    "WIEK_POWST": "",
    "WYDRUK_LIN": "",
    "ZAJETA_NA_": 1,
    "ZALACZNIKI": "http://172.16.11.22:8085/SOWA2-services/doc/print/65348999/0344.pdf",
    "ZDJECIE_1": "",
    "ZDJECIE_2": "",
    "ZDJECIE_3": "",
    "ZDJECIE_4": "",
    "ZDJECIE_5": "",
    "ZDJECIE_6": "",
    "ZDJECIE_7": "",
    "ZDJECIE_8": "",
    "ZWERYFIKOW": "",
    "ZWIAZANA_Z": 0
   },
   "type": "Feature"
  },
  {
   "geometry": {
    "coordinates": [
     [
      [
       19.815495,
       50.04127
      ],
      [
       19.815363,
       50.041311
      ],
      [
       19.815305,
       50.041357
      ],
      [
       19.8153,
       50.041461
      ],
      [
       19.815334,
       50.041547
      ],
      [
       19.815413,
       50.041596
      ],
      [
       19.815565,
       50.041612
      ],
      [
       19.815774,
       50.041595
      ],
      [
       19.815952,
       50.041554
      ],
      [
       19.816051,
       50.041512
      ],
      [
       19.816091,
       50.041433
      ],
      [
       19.816062,
       50.041339
      ],
      [
       19.815974,
       50.041295
      ],
      [
       19.815853,
       50.041259
      ],
      [
       19.815725,
       50.041252
      ],
      [
       19.815495,
       50.04127
      ]
     ]
    ],
    "type": "Polygon"
   },
   "id": 221,
   "properties": {
    "ADRES": "",
    "ATRYBUTY_O": "Nr stanowiska: 346",
    "BUDOWNICZY": "",
    "CHARAKTER": "",
    "DATA_WPISU": null,
    "DATA_WZNIE": "",
    "DZIELNICA": "",
    "FID": 221,
    "FUNKCJA_OB": "",
    "FUNKCJA_PI": "",
    "GDB_AREA": 1825.19,
    "GDB_PRM": 157.78,
    "GDB_PRMEX": 157.78,
    "GPT_DATE": null,
    "GPT_USER": "",
    "ID": 31154,
    "IDENT_OBIE": "67844949",
    "ID_ISDP": 0,
    "ID_SPRAWY": 80553199,
    "ID_WARSTWY": "F19_STAN_ARCH",
    "ISDP_FID": "GDB$G_EOZ_ARCHEOLOGIA_EOZ_A.4d9eef0c-e2e6-557a-e055-000000000001",
    "ISTNIEJE": "",
    "KARTA_MAPY": "",
    "LOKALIZACJ": "",
    "MATERIAL": "",
    "NAZWA": "",
    "NUMER": "",
    "NUMER_EWID": "",
    "NUMER_REJ_": "",
    "OBREB": "",
    "REJESTR_TA": "EW_ARCHEOLOGIA",
    "RODZAJE_ZA": "",
    "RODZAJ_OBI": "",
    "RODZAJ_WLA": "",
    "STAN_ZACHO": "",
    "STATUS": "",
    "STYL_OBIEK": "",
    "SYMBOL_EWI": "",
    "SYMBOL_REJ": "",
    "Shape__Area": 4419.83203125,
    "Shape__Length": 245.43763994308037,
    "UWAGI": "",
    "WIEK_CZ_PO": "",
    "WIEK_POWST": "",
    "WYDRUK_LIN": "",
    "ZAJETA_NA_": 1,
    "ZALACZNIKI": "http://172.16.11.22:8085/SOWA2-services/doc/print/65349099/0346.pdf",
    "ZDJECIE_1": "",
    "ZDJECIE_2": "",
    "ZDJECIE_3": "",
    "ZDJECIE_4": "",
    "ZDJECIE_5": "",
    "ZDJECIE_6": "",
    "ZDJECIE_7": "",
    "ZDJECIE_8": "",
    "ZWERYFIKOW": "",
    "ZWIAZANA_Z": 0
   },
   "type": "Feature"
  },
  {
   "geometry": {
    "coordinates": [
     [
      [
       19.818567,
       50.039277
      ],
      [
       19.818469,
       50.039333
      ],
      [
       19.818503,
       50.039392
      ],
      [
       19.818589,
       50.039471
      ],
      [
       19.818841,
       50.039611
      ],
      [
       19.819022,
       50.039657
      ],
      [
       19.819132,
       50.039626
      ],
      [
       19.819219,
       50.039572
      ],
      [
       19.8192,
       50.039466
      ],
      [
       19.819049,
       50.039313
      ],
      [
       19.818888,
       50.039238
      ],
      [
       19.818724,
       50.03923
      ],
      [
       19.818567,
       50.039277
      ]
     ]
    ],
    "type": "Polygon"
   },
   "id": 222,
   "properties": {
    "ADRES": "",
    "ATRYBUTY_O": "Nr stanowiska: 348",
    "BUDOWNICZY": "",
    "CHARAKTER": "",
    "DATA_WPISU": null,
    "DATA_WZNIE": "",
    "DZIELNICA": "",
    "FID": 222,
    "FUNKCJA_OB": "",
    "FUNKCJA_PI": "",
    "GDB_AREA": 1610.26,
    "GDB_PRM": 152.58,
    "GDB_PRMEX": 152.58,
    "GPT_DATE": null,
    "GPT_USER": "",
    "ID": 31155,
    "IDENT_OBIE": "67844999",
    "ID_ISDP": 0,
    "ID_SPRAWY": 80553299,
    "ID_WARSTWY": "F19_STAN_ARCH",
    "ISDP_FID": "GDB$G_EOZ_ARCHEOLOGIA_EOZ_A.4d9eef0c-e2e7-557a-e055-000000000001",
    "ISTNIEJE": "",
    "KARTA_MAPY": "",
    "LOKALIZACJ": "",
    "MATERIAL": "",
    "NAZWA": "",
    "NUMER": "",
    "NUMER_EWID": "",
    "NUMER_REJ_": "",
    "OBREB": "",
    "REJESTR_TA": "EW_ARCHEOLOGIA",
    "RODZAJE_ZA": "",
    "RODZAJ_OBI": "",
    "RODZAJ_WLA": "",
    "STAN_ZACHO": "",
    "STATUS": "",
    "STYL_OBIEK": "",
    "SYMBOL_EWI": "",
    "SYMBOL_REJ": "",
    "Shape__Area": 3899.0458984375,
    "Shape__Length": 237.3921189818429,
    "UWAGI": "",
    "WIEK_CZ_PO": "",
    "WIEK_POWST": "",
    "WYDRUK_LIN": "",
    "ZAJETA_NA_": 1,
    "ZALACZNIKI": "http://172.16.11.22:8085/SOWA2-services/doc/print/65349149/0348.pdf",
    "ZDJECIE_1": "",
    "ZDJECIE_2": "",
    "ZDJECIE_3": "",
    "ZDJECIE_4": "",
    "ZDJECIE_5": "",
    "ZDJECIE_6": "",
    "ZDJECIE_7": "",
    "ZDJECIE_8": "",
    "ZWERYFIKOW": "",
    "ZWIAZANA_Z": 0
   },
   "type": "Feature"
  },
  {
   "geometry": {
    "coordinates": [
     [
      [
       19.83007,
       50.042292
      ],
      [
       19.829935,
       50.042378
      ],
      [
       19.829938,
       50.042499
      ],
      [
       19.829984,
       50.042583
      ],
      [
       19.830093,
       50.042648
      ],
      [
       19.8303,
       50.042669
      ],
      [
       19.83046,
       50.042618
      ],
      [
       19.8305,
       50.042463
      ],
      [
       19.830423,
       50.042339
      ],
      [
       19.830267,
       50.042281
      ],
      [
       19.83007,
       50.042292
      ]
     ]
    ],
    "type": "Polygon"
   },
   "id": 223,
   "properties": {
    "ADRES": "",
    "ATRYBUTY_O": "Nr stanowiska: 353",
    "BUDOWNICZY": "",
    "CHARAKTER": "",
    "DATA_WPISU": null,
    "DATA_WZNIE": "",
    "DZIELNICA": "",
    "FID": 223,
    "FUNKCJA_OB": "",
    "FUNKCJA_PI": "",
    "GDB_AREA": 1380.66,
    "GDB_PRM": 134.81,
    "GDB_PRMEX": 134.81,
    "GPT_DATE": null,
    "GPT_USER": "",
    "ID": 31157,
    "IDENT_OBIE": "67845099",
    "ID_ISDP": 0,
    "ID_SPRAWY": 80553549,
    "ID_WARSTWY": "F19_STAN_ARCH",
    "ISDP_FID": "GDB$G_EOZ_ARCHEOLOGIA_EOZ_A.4d9eef0c-e2e8-557a-e055-000000000001",
    "ISTNIEJE": "",
    "KARTA_MAPY": "",
    "LOKALIZACJ": "",
    "MATERIAL": "",
    "NAZWA": "",
    "NUMER": "",
    "NUMER_EWID": "",
    "NUMER_REJ_": "",
    "OBREB": "",
    "REJESTR_TA": "EW_ARCHEOLOGIA",
    "RODZAJE_ZA": "",
    "RODZAJ_OBI": "",
    "RODZAJ_WLA": "",
    "STAN_ZACHO": "",
    "STATUS": "",
    "STYL_OBIEK": "",
    "SYMBOL_EWI": "",
    "SYMBOL_REJ": "",
    "Shape__Area": 3343.5234375,
    "Shape__Length": 209.79483973314444,
    "UWAGI": "",
    "WIEK_CZ_PO": "",
    "WIEK_POWST": "",
    "WYDRUK_LIN": "",
    "ZAJETA_NA_": 1,
    "ZALACZNIKI": "http://172.16.11.22:8085/SOWA2-services/doc/print/65349249/0353.pdf",
    "ZDJECIE_1": "",
    "ZDJECIE_2": "",
    "ZDJECIE_3": "",
    "ZDJECIE_4": "",
    "ZDJECIE_5": "",
    "ZDJECIE_6": "",
    "ZDJECIE_7": "",
    "ZDJECIE_8": "",
    "ZWERYFIKOW": "",
    "ZWIAZANA_Z": 0
   },
   "type": "Feature"
  },
  {
   "geometry": {
    "coordinates": [
     [
      [
       19.859114,
       50.035814
      ],
      [
       19.859053,
       50.035915
      ],
      [
       19.859051,
       50.036026
      ],
      [
       19.85912,
       50.03613
      ],
      [
       19.859226,
       50.036204
      ],
      [
       19.859344,
       50.036234
      ],
      [
       19.859497,
       50.036197
      ],
      [
       19.859603,
       50.036101
      ],
      [
       19.859655,
       50.036009
      ],
      [
       19.859662,
       50.035932
      ],
      [
       19.859612,
       50.035822
      ],
      [
       19.859509,
       50.035755
      ],
      [
       19.859351,
       50.035721
      ],
      [
       19.859257,
       50.035725
      ],
      [
       19.859174,
       50.035767
      ],
      [
       19.859114,
       50.035814
      ]
     ]
    ],
    "type": "Polygon"
   },
   "id": 224,
   "properties": {
    "ADRES": "",
    "ATRYBUTY_O": "Nr stanowiska: 356",
    "BUDOWNICZY": "",
    "CHARAKTER": "",
    "DATA_WPISU": null,
    "DATA_WZNIE": "",
    "DZIELNICA": "",
    "FID": 224,
    "FUNKCJA_OB": "",
    "FUNKCJA_PI": "",
    "GDB_AREA": 1894.12,
    "GDB_PRM": 157.83,
    "GDB_PRMEX": 157.83,
    "GPT_DATE": null,
    "GPT_USER": "",
    "ID": 31159,
    "IDENT_OBIE": "67845199",
    "ID_ISDP": 0,
    "ID_SPRAWY": 80555499,
    "ID_WARSTWY": "F19_STAN_ARCH",
    "ISDP_FID": "GDB$G_EOZ_ARCHEOLOGIA_EOZ_A.4d9eef0c-e2e9-557a-e055-000000000001",
    "ISTNIEJE": "",
    "KARTA_MAPY": "",
    "LOKALIZACJ": "",
    "MATERIAL": "",
    "NAZWA": "",
    "NUMER": "",
    "NUMER_EWID": "",
    "NUMER_REJ_": "",
    "OBREB": "",
    "REJESTR_TA": "EW_ARCHEOLOGIA",
    "RODZAJE_ZA": "",
    "RODZAJ_OBI": "",
    "RODZAJ_WLA": "",
    "STAN_ZACHO": "",
    "STATUS": "",
    "STYL_OBIEK": "",
    "SYMBOL_EWI": "",
    "SYMBOL_REJ": "",
    "Shape__Area": 4585.787109375,
    "Shape__Length": 245.65398634050706,
    "UWAGI": "",
    "WIEK_CZ_PO": "",
    "WIEK_POWST": "",
    "WYDRUK_LIN": "",
    "ZAJETA_NA_": 1,
    "ZALACZNIKI": "http://172.16.11.22:8085/SOWA2-services/doc/print/65349349/0356.pdf",
    "ZDJECIE_1": "",
    "ZDJECIE_2": "",
    "ZDJECIE_3": "",
    "ZDJECIE_4": "",
    "ZDJECIE_5": "",
    "ZDJECIE_6": "",
    "ZDJECIE_7": "",
    "ZDJECIE_8": "",
    "ZWERYFIKOW": "",
    "ZWIAZANA_Z": 0
   },
   "type": "Feature"
  },
  {
   "geometry": {
    "coordinates": [
     [
      [
       19.910915,
       50.011715
      ],
      [
       19.911111,
       50.01209
      ],
      [
       19.911399,
       50.01244
      ],
      [
       19.911599,
       50.012612
      ],
      [
       19.91232,
       50.01303
      ],
      [
       19.912759,
       50.013181
      ],
      [
       19.913145,
       50.01327
      ],
      [
       19.913867,
       50.013474
      ],
      [
       19.915073,
       50.01382
      ],
      [
       19.91605,
       50.014066
      ],
      [
       19.916959,
       50.014271
      ],
      [
       19.917672,
       50.014308
      ],
      [
       19.918073,
       50.01438
      ],
      [
       19.918569,
       50.014444
      ],
      [
       19.919181,
       50.014459
      ],
      [
       19.919711,
       50.014441
      ],
      [
       19.920168,
       50.014385
      ],
      [
       19.920735,
       50.0142
      ],
      [
       19.921576,
       50.013835
      ],
      [
       19.92192,
       50.013633
      ],
      [
       19.922073,
       50.013466
      ],
      [
       19.922215,
       50.013171
      ],
      [
       19.92236,
       50.012838
      ],
      [
       19.922396,
       50.012681
      ],
      [
       19.922361,
       50.012455
      ],
      [
       19.922121,
       50.012071
      ],
      [
       19.921828,
       50.011827
      ],
      [
       19.921442,
       50.011629
      ],
      [
       19.921059,
       50.011454
      ],
      [
       19.920384,
       50.011231
      ],
      [
       19.919446,
       50.010944
      ],
      [
       19.919071,
       50.010875
      ],
      [
       19.918771,
       50.010781
      ],
      [
       19.918547,
       50.010721
      ],
      [
       19.91826,
       50.010679
      ],
      [
       19.917801,
       50.010652
      ],
      [
       19.917405,
       50.010574
      ],
      [
       19.916983,
       50.010484
      ],
      [
       19.916042,
       50.010332
      ],
      [
       19.915164,
       50.010191
      ],
      [
       19.914444,
       50.010071
      ],
      [
       19.913829,
       50.009991
      ],
      [
       19.913525,
       50.00998
      ],
      [
       19.913374,
       50.009982
      ],
      [
       19.912662,
       50.010005
      ],
      [
       19.912059,
       50.009969
      ],
      [
       19.911808,
       50.009997
      ],
      [
       19.911527,
       50.010102
      ],
      [
       19.911252,
       50.010282
      ],
      [
       19.910948,
       50.010863
      ],
      [
       19.910841,
       50.011236
      ],
      [
       19.910915,
       50.011715
      ]
     ]
    ],
    "type": "Polygon"
   },
   "id": 225,
   "properties": {
    "ADRES": "",
    "ATRYBUTY_O": "Nr stanowiska: 446",
    "BUDOWNICZY": "",
    "CHARAKTER": "",
    "DATA_WPISU": null,
    "DATA_WZNIE": "",
    "DZIELNICA": "",
    "FID": 225,
    "FUNKCJA_OB": "",
    "FUNKCJA_PI": "",
    "GDB_AREA": 289547.06,
    "GDB_PRM": 2119.95,
    "GDB_PRMEX": 2119.95,
    "GPT_DATE": null,
    "GPT_USER": "",
    "ID": 31162,
    "IDENT_OBIE": "67845349",
    "ID_ISDP": 0,
    "ID_SPRAWY": 80555899,
    "ID_WARSTWY": "F19_STAN_ARCH",
    "ISDP_FID": "GDB$G_EOZ_ARCHEOLOGIA_EOZ_A.4d9eef0c-e2ea-557a-e055-000000000001",
    "ISTNIEJE": "",
    "KARTA_MAPY": "",
    "LOKALIZACJ": "",
    "MATERIAL": "",
    "NAZWA": "",
    "NUMER": "",
    "NUMER_EWID": "",
    "NUMER_REJ_": "",
    "OBREB": "",
    "REJESTR_TA": "EW_ARCHEOLOGIA",
    "RODZAJE_ZA": "",
    "RODZAJ_OBI": "",
    "RODZAJ_WLA": "",
    "STAN_ZACHO": "",
    "STATUS": "",
    "STYL_OBIEK": "",
    "SYMBOL_EWI": "",
    "SYMBOL_REJ": "",
    "Shape__Area": 700332.37109375,
    "Shape__Length": 3295.306648811061,
    "UWAGI": "",
    "WIEK_CZ_PO": "",
    "WIEK_POWST": "",
    "WYDRUK_LIN": "",
    "ZAJETA_NA_": 1,
    "ZALACZNIKI": "http://172.16.11.22:8085/SOWA2-services/doc/print/65351099/0446.pdf",
    "ZDJECIE_1": "",
    "ZDJECIE_2": "",
    "ZDJECIE_3": "",
    "ZDJECIE_4": "",
    "ZDJECIE_5": "",
    "ZDJECIE_6": "",
    "ZDJECIE_7": "",
    "ZDJECIE_8": "",
    "ZWERYFIKOW": "",
    "ZWIAZANA_Z": 0
   },
   "type": "Feature"
  },
  {
   "geometry": {
    "coordinates": [
     [
      [
       20.154245,
       50.073847
      ],
      [
       20.153667,
       50.073904
      ],
      [
       20.153171,
       50.073906
      ],
      [
       20.152716,
       50.07383
      ],
      [
       20.152442,
       50.07379
      ],
      [
       20.152212,
       50.073783
      ],
      [
       20.152068,
       50.073812
      ],
      [
       20.151908,
       50.073886
      ],
      [
       20.151748,
       50.074037
      ],
      [
       20.151669,
       50.074145
      ],
      [
       20.151666,
       50.074243
      ],
      [
       20.151713,
       50.074393
      ],
      [
       20.151889,
       50.074559
      ],
      [
       20.152025,
       50.074632
      ],
      [
       20.152268,
       50.074701
      ],
      [
       20.152612,
       50.07475
      ],
      [
       20.152808,
       50.074818
      ],
      [
       20.152953,
       50.074842
      ],
      [
       20.153181,
       50.07488
      ],
      [
       20.153339,
       50.0749
      ],
      [
       20.1536,
       50.074962
      ],
      [
       20.153938,
       50.075084
      ],
      [
       20.154178,
       50.075187
      ],
      [
       20.154576,
       50.075314
      ],
      [
       20.154849,
       50.075369
      ],
      [
       20.155067,
       50.075372
      ],
      [
       20.155266,
       50.075326
      ],
      [
       20.155466,
       50.075256
      ],
      [
       20.155683,
       50.075131
      ],
      [
       20.155826,
       50.075048
      ],
      [
       20.15598,
       50.074817
      ],
      [
       20.156114,
       50.074624
      ],
      [
       20.156168,
       50.074474
      ],
      [
       20.156185,
       50.074337
      ],
      [
       20.156151,
       50.074238
      ],
      [
       20.156012,
       50.074062
      ],
      [
       20.155747,
       50.073905
      ],
      [
       20.155498,
       50.073839
      ],
      [
       20.155308,
       50.073783
      ],
      [
       20.15509,
       50.073776
      ],
      [
       20.154824,
       50.073775
      ],
      [
       20.154245,
       50.073847
      ]
     ]
    ],
    "type": "Polygon"
   },
   "id": 226,
   "properties": {
    "ADRES": "",
    "ATRYBUTY_O": "Nr stanowiska: 758",
    "BUDOWNICZY": "",
    "CHARAKTER": "",
    "DATA_WPISU": null,
    "DATA_WZNIE": "",
    "DZIELNICA": "",
    "FID": 226,
    "FUNKCJA_OB": "",
    "FUNKCJA_PI": "",
    "GDB_AREA": 40093.52,
    "GDB_PRM": 824.61,
    "GDB_PRMEX": 824.61,
    "GPT_DATE": null,
    "GPT_USER": "",
    "ID": 31250,
    "IDENT_OBIE": "67849749",
    "ID_ISDP": 0,
    "ID_SPRAWY": 80572899,
    "ID_WARSTWY": "F19_STAN_ARCH",
    "ISDP_FID": "GDB$G_EOZ_ARCHEOLOGIA_EOZ_A.4d9eef0c-e31a-557a-e055-000000000001",
    "ISTNIEJE": "",
    "KARTA_MAPY": "",
    "LOKALIZACJ": "",
    "MATERIAL": "",
    "NAZWA": "",
    "NUMER": "",
    "NUMER_EWID": "",
    "NUMER_REJ_": "",
    "OBREB": "",
    "REJESTR_TA": "EW_ARCHEOLOGIA",
    "RODZAJE_ZA": "",
    "RODZAJ_OBI": "",
    "RODZAJ_WLA": "",
    "STAN_ZACHO": "",
    "STATUS": "",
    "STYL_OBIEK": "",
    "SYMBOL_EWI": "",
    "SYMBOL_REJ": "",
    "Shape__Area": 97230.9814453125,
    "Shape__Length": 1283.4853110884253,
    "UWAGI": "",
    "WIEK_CZ_PO": "",
    "WIEK_POWST": "",
    "WYDRUK_LIN": "",
    "ZAJETA_NA_": 1,
    "ZALACZNIKI": "http://172.16.11.22:8085/SOWA2-services/doc/print/65355499/0758.pdf",
    "ZDJECIE_1": "",
    "ZDJECIE_2": "",
    "ZDJECIE_3": "",
    "ZDJECIE_4": "",
    "ZDJECIE_5": "",
    "ZDJECIE_6": "",
    "ZDJECIE_7": "",
    "ZDJECIE_8": "",
    "ZWERYFIKOW": "",
    "ZWIAZANA_Z": 0
   },
   "type": "Feature"
  },
  {
   "geometry": {
    "coordinates": [
     [
      [
       20.033201,
       50.09657
      ],
      [
       20.034613,
       50.095369
      ],
      [
       20.035265,
       50.094842
      ],
      [
       20.035117,
       50.094666
      ],
      [
       20.03482,
       50.094584
      ],
      [
       20.034389,
       50.094543
      ],
      [
       20.033792,
       50.094542
      ],
      [
       20.033484,
       50.094604
      ],
      [
       20.03329,
       50.094846
      ],
      [
       20.03335,
       50.095293
      ],
      [
       20.03339,
       50.095863
      ],
      [
       20.033375,
       50.09617
      ],
      [
       20.033201,
       50.09657
      ]
     ]
    ],
    "type": "Polygon"
   },
   "id": 227,
   "properties": {
    "ADRES": "",
    "ATRYBUTY_O": "Nr stanowiska: 705",
    "BUDOWNICZY": "",
    "CHARAKTER": "",
    "DATA_WPISU": null,
    "DATA_WZNIE": "",
    "DZIELNICA": "",
    "FID": 227,
    "FUNKCJA_OB": "",
    "FUNKCJA_PI": "",
    "GDB_AREA": 15960.42,
    "GDB_PRM": 608.88,
    "GDB_PRMEX": 608.88,
    "GPT_DATE": null,
    "GPT_USER": "",
    "ID": 31252,
    "IDENT_OBIE": "67849849",
    "ID_ISDP": 0,
    "ID_SPRAWY": 80573099,
    "ID_WARSTWY": "F19_STAN_ARCH",
    "ISDP_FID": "GDB$G_EOZ_ARCHEOLOGIA_EOZ_A.4d9eef0c-e31b-557a-e055-000000000001",
    "ISTNIEJE": "",
    "KARTA_MAPY": "",
    "LOKALIZACJ": "",
    "MATERIAL": "",
    "NAZWA": "",
    "NUMER": "",
    "NUMER_EWID": "",
    "NUMER_REJ_": "",
    "OBREB": "",
    "REJESTR_TA": "EW_ARCHEOLOGIA",
    "RODZAJE_ZA": "",
    "RODZAJ_OBI": "",
    "RODZAJ_WLA": "",
    "STAN_ZACHO": "",
    "STATUS": "",
    "STYL_OBIEK": "",
    "SYMBOL_EWI": "",
    "SYMBOL_REJ": "",
    "Shape__Area": 38737.8603515625,
    "Shape__Length": 948.9622332417939,
    "UWAGI": "",
    "WIEK_CZ_PO": "",
    "WIEK_POWST": "",
    "WYDRUK_LIN": "",
    "ZAJETA_NA_": 1,
    "ZALACZNIKI": "http://172.16.11.22:8085/SOWA2-services/doc/print/65354749/0705.pdf",
    "ZDJECIE_1": "",
    "ZDJECIE_2": "",
    "ZDJECIE_3": "",
    "ZDJECIE_4": "",
    "ZDJECIE_5": "",
    "ZDJECIE_6": "",
    "ZDJECIE_7": "",
    "ZDJECIE_8": "",
    "ZWERYFIKOW": "",
    "ZWIAZANA_Z": 0
   },
   "type": "Feature"
  },
  {
   "geometry": {
    "coordinates": [
     [
      [
       20.038754,
       50.107839
      ],
      [
       20.039001,
       50.107779
      ],
      [
       20.039318,
       50.10779
      ],
      [
       20.039809,
       50.107691
      ],
      [
       20.040264,
       50.107577
      ],
      [
       20.040885,
       50.107452
      ],
      [
       20.041219,
       50.107103
      ],
      [
       20.041203,
       50.106842
      ],
      [
       20.040931,
       50.106587
      ],
      [
       20.040557,
       50.106345
      ],
      [
       20.039639,
       50.106075
      ],
      [
       20.039003,
       50.105923
      ],
      [
       20.03832,
       50.105869
      ],
      [
       20.037589,
       50.10579
      ],
      [
       20.036873,
       50.105842
      ],
      [
       20.036389,
       50.106002
      ],
      [
       20.03619,
       50.106248
      ],
      [
       20.03606,
       50.106589
      ],
      [
       20.036217,
       50.107
      ],
      [
       20.036739,
       50.107455
      ],
      [
       20.037424,
       50.107625
      ],
      [
       20.038754,
       50.107839
      ]
     ]
    ],
    "type": "Polygon"
   },
   "id": 228,
   "properties": {
    "ADRES": "",
    "ATRYBUTY_O": "Nr stanowiska: 707",
    "BUDOWNICZY": "",
    "CHARAKTER": "",
    "DATA_WPISU": null,
    "DATA_WZNIE": "",
    "DZIELNICA": "",
    "FID": 228,
    "FUNKCJA_OB": "",
    "FUNKCJA_PI": "",
    "GDB_AREA": 62153.43,
    "GDB_PRM": 950.88,
    "GDB_PRMEX": 950.88,
    "GPT_DATE": null,
    "GPT_USER": "",
    "ID": 31253,
    "IDENT_OBIE": "67849899",
    "ID_ISDP": 0,
    "ID_SPRAWY": 80573199,
    "ID_WARSTWY": "F19_STAN_ARCH",
    "ISDP_FID": "GDB$G_EOZ_ARCHEOLOGIA_EOZ_A.4d9eef0c-e31c-557a-e055-000000000001",
    "ISTNIEJE": "",
    "KARTA_MAPY": "",
    "LOKALIZACJ": "",
    "MATERIAL": "",
    "NAZWA": "",
    "NUMER": "",
    "NUMER_EWID": "",
    "NUMER_REJ_": "",
    "OBREB": "",
    "REJESTR_TA": "EW_ARCHEOLOGIA",
    "RODZAJE_ZA": "",
    "RODZAJ_OBI": "",
    "RODZAJ_WLA": "",
    "STAN_ZACHO": "",
    "STATUS": "",
    "STYL_OBIEK": "",
    "SYMBOL_EWI": "",
    "SYMBOL_REJ": "",
    "Shape__Area": 150927.12890625,
    "Shape__Length": 1481.026055371325,
    "UWAGI": "",
    "WIEK_CZ_PO": "",
    "WIEK_POWST": "",
    "WYDRUK_LIN": "",
    "ZAJETA_NA_": 1,
    "ZALACZNIKI": "http://172.16.11.22:8085/SOWA2-services/doc/print/65354849/0707.pdf",
    "ZDJECIE_1": "",
    "ZDJECIE_2": "",
    "ZDJECIE_3": "",
    "ZDJECIE_4": "",
    "ZDJECIE_5": "",
    "ZDJECIE_6": "",
    "ZDJECIE_7": "",
    "ZDJECIE_8": "",
    "ZWERYFIKOW": "",
    "ZWIAZANA_Z": 0
   },
   "type": "Feature"
  },
  {
   "geometry": {
    "coordinates": [
     [
      [
       19.837305,
       50.075165
      ],
      [
       19.837527,
       50.075261
      ],
      [
       19.837766,
       50.075222
      ],
      [
       19.837858,
       50.075066
      ],
      [
       19.837762,
       50.074945
      ],
      [
       19.837626,
       50.074899
      ],
      [
       19.837407,
       50.074905
      ],
      [
       19.837279,
       50.075022
      ],
      [
       19.837305,
       50.075165
      ]
     ]
    ],
    "type": "Polygon"
   },
   "id": 229,
   "properties": {
    "ADRES": "",
    "ATRYBUTY_O": "Nr stanowiska: 247",
    "BUDOWNICZY": "",
    "CHARAKTER": "",
    "DATA_WPISU": null,
    "DATA_WZNIE": "",
    "DZIELNICA": "",
    "FID": 229,
    "FUNKCJA_OB": "",
    "FUNKCJA_PI": "",
    "GDB_AREA": 1250.65,
    "GDB_PRM": 129.16,
    "GDB_PRMEX": 129.16,
    "GPT_DATE": null,
    "GPT_USER": "",
    "ID": 31254,
    "IDENT_OBIE": "67849949",
    "ID_ISDP": 0,
    "ID_SPRAWY": 80574199,
    "ID_WARSTWY": "F19_STAN_ARCH",
    "ISDP_FID": "GDB$G_EOZ_ARCHEOLOGIA_EOZ_A.4d9eef0c-e31d-557a-e055-000000000001",
    "ISTNIEJE": "",
    "KARTA_MAPY": "",
    "LOKALIZACJ": "",
    "MATERIAL": "",
    "NAZWA": "",
    "NUMER": "",
    "NUMER_EWID": "",
    "NUMER_REJ_": "",
    "OBREB": "",
    "REJESTR_TA": "EW_ARCHEOLOGIA",
    "RODZAJE_ZA": "",
    "RODZAJ_OBI": "",
    "RODZAJ_WLA": "",
    "STAN_ZACHO": "",
    "STATUS": "",
    "STYL_OBIEK": "",
    "SYMBOL_EWI": "",
    "SYMBOL_REJ": "",
    "Shape__Area": 3032.787109375,
    "Shape__Length": 201.13658648417243,
    "UWAGI": "",
    "WIEK_CZ_PO": "",
    "WIEK_POWST": "",
    "WYDRUK_LIN": "",
    "ZAJETA_NA_": 1,
    "ZALACZNIKI": "http://172.16.11.22:8085/SOWA2-services/doc/print/65348149/0247.pdf",
    "ZDJECIE_1": "",
    "ZDJECIE_2": "",
    "ZDJECIE_3": "",
    "ZDJECIE_4": "",
    "ZDJECIE_5": "",
    "ZDJECIE_6": "",
    "ZDJECIE_7": "",
    "ZDJECIE_8": "",
    "ZWERYFIKOW": "",
    "ZWIAZANA_Z": 0
   },
   "type": "Feature"
  },
  {
   "geometry": {
    "coordinates": [
     [
      [
       19.829672,
       50.083737
      ],
      [
       19.830193,
       50.084086
      ],
      [
       19.83045,
       50.084124
      ],
      [
       19.830784,
       50.084052
      ],
      [
       19.830783,
       50.083862
      ],
      [
       19.830712,
       50.083695
      ],
      [
       19.830534,
       50.08352
      ],
      [
       19.830161,
       50.083342
      ],
      [
       19.829896,
       50.083325
      ],
      [
       19.829725,
       50.083406
      ],
      [
       19.82963,
       50.083516
      ],
      [
       19.829672,
       50.083737
      ]
     ]
    ],
    "type": "Polygon"
   },
   "id": 230,
   "properties": {
    "ADRES": "",
    "ATRYBUTY_O": "Nr stanowiska: 252",
    "BUDOWNICZY": "",
    "CHARAKTER": "",
    "DATA_WPISU": null,
    "DATA_WZNIE": "",
    "DZIELNICA": "",
    "FID": 230,
    "FUNKCJA_OB": "",
    "FUNKCJA_PI": "",
    "GDB_AREA": 5007.39,
    "GDB_PRM": 267.87,
    "GDB_PRMEX": 267.87,
    "GPT_DATE": null,
    "GPT_USER": "",
    "ID": 31255,
    "IDENT_OBIE": "67849999",
    "ID_ISDP": 0,
    "ID_SPRAWY": 80574449,
    "ID_WARSTWY": "F19_STAN_ARCH",
    "ISDP_FID": "GDB$G_EOZ_ARCHEOLOGIA_EOZ_A.4d9eef0c-e31e-557a-e055-000000000001",
    "ISTNIEJE": "",
    "KARTA_MAPY": "",
    "LOKALIZACJ": "",
    "MATERIAL": "",
    "NAZWA": "",
    "NUMER": "",
    "NUMER_EWID": "",
    "NUMER_REJ_": "",
    "OBREB": "",
    "REJESTR_TA": "EW_ARCHEOLOGIA",
    "RODZAJE_ZA": "",
    "RODZAJ_OBI": "",
    "RODZAJ_WLA": "",
    "STAN_ZACHO": "",
    "STATUS": "",
    "STYL_OBIEK": "",
    "SYMBOL_EWI": "",
    "SYMBOL_REJ": "",
    "Shape__Area": 12147.123046875,
    "Shape__Length": 417.23637193273294,
    "UWAGI": "",
    "WIEK_CZ_PO": "",
    "WIEK_POWST": "",
    "WYDRUK_LIN": "",
    "ZAJETA_NA_": 1,
    "ZALACZNIKI": "http://172.16.11.22:8085/SOWA2-services/doc/print/65348199/0252.pdf",
    "ZDJECIE_1": "",
    "ZDJECIE_2": "",
    "ZDJECIE_3": "",
    "ZDJECIE_4": "",
    "ZDJECIE_5": "",
    "ZDJECIE_6": "",
    "ZDJECIE_7": "",
    "ZDJECIE_8": "",
    "ZWERYFIKOW": "",
    "ZWIAZANA_Z": 0
   },
   "type": "Feature"
  },
  {
   "geometry": {
    "coordinates": [
     [
      [
       19.810378,
       50.065352
      ],
      [
       19.810965,
       50.0654
      ],
      [
       19.811445,
       50.065285
      ],
      [
       19.811667,
       50.065096
      ],
      [
       19.811631,
       50.064724
      ],
      [
       19.811073,
       50.064516
      ],
      [
       19.810474,
       50.064513
      ],
      [
       19.81005,
       50.064681
      ],
      [
       19.810021,
       50.065014
      ],
      [
       19.810224,
       50.065291
      ],
      [
       19.810378,
       50.065352
      ]
     ]
    ],
    "type": "Polygon"
   },
   "id": 231,
   "properties": {
    "ADRES": "",
    "ATRYBUTY_O": "Nr stanowiska: 286",
    "BUDOWNICZY": "",
    "CHARAKTER": "",
    "DATA_WPISU": null,
    "DATA_WZNIE": "",
    "DZIELNICA": "",
    "FID": 231,
    "FUNKCJA_OB": "",
    "FUNKCJA_PI": "",
    "GDB_AREA": 9471.41,
    "GDB_PRM": 355.68,
    "GDB_PRMEX": 355.68,
    "GPT_DATE": null,
    "GPT_USER": "",
    "ID": 31256,
    "IDENT_OBIE": "67850049",
    "ID_ISDP": 0,
    "ID_SPRAWY": 80575099,
    "ID_WARSTWY": "F19_STAN_ARCH",
    "ISDP_FID": "GDB$G_EOZ_ARCHEOLOGIA_EOZ_A.4d9eef0c-e31f-557a-e055-000000000001",
    "ISTNIEJE": "",
    "KARTA_MAPY": "",
    "LOKALIZACJ": "",
    "MATERIAL": "",
    "NAZWA": "",
    "NUMER": "",
    "NUMER_EWID": "",
    "NUMER_REJ_": "",
    "OBREB": "",
    "REJESTR_TA": "EW_ARCHEOLOGIA",
    "RODZAJE_ZA": "",
    "RODZAJ_OBI": "",
    "RODZAJ_WLA": "",
    "STAN_ZACHO": "",
    "STATUS": "",
    "STYL_OBIEK": "",
    "SYMBOL_EWI": "",
    "SYMBOL_REJ": "",
    "Shape__Area": 22958.0908203125,
    "Shape__Length": 553.6576000099552,
    "UWAGI": "",
    "WIEK_CZ_PO": "",
    "WIEK_POWST": "",
    "WYDRUK_LIN": "",
    "ZAJETA_NA_": 1,
    "ZALACZNIKI": "http://172.16.11.22:8085/SOWA2-services/doc/print/65348399/0286.pdf",
    "ZDJECIE_1": "",
    "ZDJECIE_2": "",
    "ZDJECIE_3": "",
    "ZDJECIE_4": "",
    "ZDJECIE_5": "",
    "ZDJECIE_6": "",
    "ZDJECIE_7": "",
    "ZDJECIE_8": "",
    "ZWERYFIKOW": "",
    "ZWIAZANA_Z": 0
   },
   "type": "Feature"
  },
  {
   "geometry": {
    "coordinates": [
     [
      [
       19.918362,
       49.988876
      ],
      [
       19.917597,
       49.98882
      ],
      [
       19.917256,
       49.988816
      ],
      [
       19.917094,
       49.988827
      ],
      [
       19.916961,
       49.988858
      ],
      [
       19.916889,
       49.988903
      ],
      [
       19.916854,
       49.988954
      ],
      [
       19.916848,
       49.989022
      ],
      [
       19.916909,
       49.989112
      ],
      [
       19.917149,
       49.989348
      ],
      [
       19.917794,
       49.989859
      ],
      [
       19.918104,
       49.989999
      ],
      [
       19.918335,
       49.99006
      ],
      [
       19.918615,
       49.990086
      ],
      [
       19.918855,
       49.990086
      ],
      [
       19.919231,
       49.990058
      ],
      [
       19.91944,
       49.989987
      ],
      [
       19.919544,
       49.989893
      ],
      [
       19.919598,
       49.989738
      ],
      [
       19.919572,
       49.989485
      ],
      [
       19.919419,
       49.989241
      ],
      [
       19.919186,
       49.989028
      ],
      [
       19.918815,
       49.988884
      ],
      [
       19.918542,
       49.988882
      ],
      [
       19.918362,
       49.988876
      ]
     ]
    ],
    "type": "Polygon"
   },
   "id": 232,
   "properties": {
    "ADRES": "",
    "ATRYBUTY_O": "Nr stanowiska: 586",
    "BUDOWNICZY": "",
    "CHARAKTER": "",
    "DATA_WPISU": null,
    "DATA_WZNIE": "",
    "DZIELNICA": "",
    "FID": 232,
    "FUNKCJA_OB": "",
    "FUNKCJA_PI": "",
    "GDB_AREA": 19948.06,
    "GDB_PRM": 545.2,
    "GDB_PRMEX": 545.2,
    "GPT_DATE": null,
    "GPT_USER": "",
    "ID": 31257,
    "IDENT_OBIE": "67850099",
    "ID_ISDP": 0,
    "ID_SPRAWY": 80575249,
    "ID_WARSTWY": "F19_STAN_ARCH",
    "ISDP_FID": "GDB$G_EOZ_ARCHEOLOGIA_EOZ_A.4d9eef0c-e320-557a-e055-000000000001",
    "ISTNIEJE": "",
    "KARTA_MAPY": "",
    "LOKALIZACJ": "",
    "MATERIAL": "",
    "NAZWA": "",
    "NUMER": "",
    "NUMER_EWID": "",
    "NUMER_REJ_": "",
    "OBREB": "",
    "REJESTR_TA": "EW_ARCHEOLOGIA",
    "RODZAJE_ZA": "",
    "RODZAJ_OBI": "",
    "RODZAJ_WLA": "",
    "STAN_ZACHO": "",
    "STATUS": "",
    "STYL_OBIEK": "",
    "SYMBOL_EWI": "",
    "SYMBOL_REJ": "",
    "Shape__Area": 48203.263671875,
    "Shape__Length": 847.2630655428659,
    "UWAGI": "",
    "WIEK_CZ_PO": "",
    "WIEK_POWST": "",
    "WYDRUK_LIN": "",
    "ZAJETA_NA_": 1,
    "ZALACZNIKI": "http://172.16.11.22:8085/SOWA2-services/doc/print/65354049/0586.pdf",
    "ZDJECIE_1": "",
    "ZDJECIE_2": "",
    "ZDJECIE_3": "",
    "ZDJECIE_4": "",
    "ZDJECIE_5": "",
    "ZDJECIE_6": "",
    "ZDJECIE_7": "",
    "ZDJECIE_8": "",
    "ZWERYFIKOW": "",
    "ZWIAZANA_Z": 0
   },
   "type": "Feature"
  },
  {
   "geometry": {
    "coordinates": [
     [
      [
       19.918127,
       49.991497
      ],
      [
       19.917944,
       49.991486
      ],
      [
       19.917845,
       49.9915
      ],
      [
       19.917774,
       49.99153
      ],
      [
       19.917735,
       49.991563
      ],
      [
       19.917718,
       49.991597
      ],
      [
       19.917734,
       49.991647
      ],
      [
       19.917775,
       49.991696
      ],
      [
       19.917837,
       49.991729
      ],
      [
       19.917914,
       49.991743
      ],
      [
       19.918003,
       49.991744
      ],
      [
       19.918159,
       49.991735
      ],
      [
       19.918294,
       49.991713
      ],
      [
       19.918411,
       49.991658
      ],
      [
       19.918461,
       49.99163
      ],
      [
       19.918473,
       49.991607
      ],
      [
       19.918473,
       49.991578
      ],
      [
       19.918412,
       49.991548
      ],
      [
       19.918269,
       49.99151
      ],
      [
       19.918127,
       49.991497
      ]
     ]
    ],
    "type": "Polygon"
   },
   "id": 233,
   "properties": {
    "ADRES": "",
    "ATRYBUTY_O": "Nr stanowiska: 590",
    "BUDOWNICZY": "",
    "CHARAKTER": "",
    "DATA_WPISU": null,
    "DATA_WZNIE": "",
    "DZIELNICA": "",
    "FID": 233,
    "FUNKCJA_OB": "",
    "FUNKCJA_PI": "",
    "GDB_AREA": 1194.34,
    "GDB_PRM": 134.12,
    "GDB_PRMEX": 134.12,
    "GPT_DATE": null,
    "GPT_USER": "",
    "ID": 31258,
    "IDENT_OBIE": "67850149",
    "ID_ISDP": 0,
    "ID_SPRAWY": 80575449,
    "ID_WARSTWY": "F19_STAN_ARCH",
    "ISDP_FID": "GDB$G_EOZ_ARCHEOLOGIA_EOZ_A.4d9eef0c-e321-557a-e055-000000000001",
    "ISTNIEJE": "",
    "KARTA_MAPY": "",
    "LOKALIZACJ": "",
    "MATERIAL": "",
    "NAZWA": "",
    "NUMER": "",
    "NUMER_EWID": "",
    "NUMER_REJ_": "",
    "OBREB": "",
    "REJESTR_TA": "EW_ARCHEOLOGIA",
    "RODZAJE_ZA": "",
    "RODZAJ_OBI": "",
    "RODZAJ_WLA": "",
    "STAN_ZACHO": "",
    "STATUS": "",
    "STYL_OBIEK": "",
    "SYMBOL_EWI": "",
    "SYMBOL_REJ": "",
    "Shape__Area": 2886.3125,
    "Shape__Length": 208.37183211059835,
    "UWAGI": "",
    "WIEK_CZ_PO": "",
    "WIEK_POWST": "",
    "WYDRUK_LIN": "",
    "ZAJETA_NA_": 1,
    "ZALACZNIKI": "http://172.16.11.22:8085/SOWA2-services/doc/print/65354099/0590.pdf",
    "ZDJECIE_1": "",
    "ZDJECIE_2": "",
    "ZDJECIE_3": "",
    "ZDJECIE_4": "",
    "ZDJECIE_5": "",
    "ZDJECIE_6": "",
    "ZDJECIE_7": "",
    "ZDJECIE_8": "",
    "ZWERYFIKOW": "",
    "ZWIAZANA_Z": 0
   },
   "type": "Feature"
  },
  {
   "geometry": {
    "coordinates": [
     [
      [
       19.910946,
       49.982693
      ],
      [
       19.911032,
       49.982555
      ],
      [
       19.911038,
       49.98246
      ],
      [
       19.91103,
       49.982366
      ],
      [
       19.910928,
       49.982227
      ],
      [
       19.910833,
       49.982184
      ],
      [
       19.910766,
       49.982189
      ],
      [
       19.910615,
       49.982266
      ],
      [
       19.910418,
       49.982456
      ],
      [
       19.910353,
       49.982584
      ],
      [
       19.910343,
       49.982704
      ],
      [
       19.910364,
       49.982788
      ],
      [
       19.910399,
       49.982841
      ],
      [
       19.91046,
       49.982872
      ],
      [
       19.910521,
       49.982888
      ],
      [
       19.910618,
       49.982889
      ],
      [
       19.910722,
       49.982872
      ],
      [
       19.91086,
       49.982785
      ],
      [
       19.910946,
       49.982693
      ]
     ]
    ],
    "type": "Polygon"
   },
   "id": 234,
   "properties": {
    "ADRES": "",
    "ATRYBUTY_O": "Nr stanowiska: 600",
    "BUDOWNICZY": "",
    "CHARAKTER": "",
    "DATA_WPISU": null,
    "DATA_WZNIE": "",
    "DZIELNICA": "",
    "FID": 234,
    "FUNKCJA_OB": "",
    "FUNKCJA_PI": "",
    "GDB_AREA": 2800.34,
    "GDB_PRM": 202.01,
    "GDB_PRMEX": 202.01,
    "GPT_DATE": null,
    "GPT_USER": "",
    "ID": 31260,
    "IDENT_OBIE": "67850249",
    "ID_ISDP": 0,
    "ID_SPRAWY": 80575899,
    "ID_WARSTWY": "F19_STAN_ARCH",
    "ISDP_FID": "GDB$G_EOZ_ARCHEOLOGIA_EOZ_A.4d9eef0c-e322-557a-e055-000000000001",
    "ISTNIEJE": "",
    "KARTA_MAPY": "",
    "LOKALIZACJ": "",
    "MATERIAL": "",
    "NAZWA": "",
    "NUMER": "",
    "NUMER_EWID": "",
    "NUMER_REJ_": "",
    "OBREB": "",
    "REJESTR_TA": "EW_ARCHEOLOGIA",
    "RODZAJE_ZA": "",
    "RODZAJ_OBI": "",
    "RODZAJ_WLA": "",
    "STAN_ZACHO": "",
    "STATUS": "",
    "STYL_OBIEK": "",
    "SYMBOL_EWI": "",
    "SYMBOL_REJ": "",
    "Shape__Area": 6764.9111328125,
    "Shape__Length": 314.12483685035767,
    "UWAGI": "",
    "WIEK_CZ_PO": "",
    "WIEK_POWST": "",
    "WYDRUK_LIN": "",
    "ZAJETA_NA_": 1,
    "ZALACZNIKI": "http://172.16.11.22:8085/SOWA2-services/doc/print/65354199/0600.pdf",
    "ZDJECIE_1": "",
    "ZDJECIE_2": "",
    "ZDJECIE_3": "",
    "ZDJECIE_4": "",
    "ZDJECIE_5": "",
    "ZDJECIE_6": "",
    "ZDJECIE_7": "",
    "ZDJECIE_8": "",
    "ZWERYFIKOW": "",
    "ZWIAZANA_Z": 0
   },
   "type": "Feature"
  },
  {
   "geometry": {
    "coordinates": [
     [
      [
       19.917937,
       49.988093
      ],
      [
       19.917738,
       49.988103
      ],
      [
       19.917619,
       49.988133
      ],
      [
       19.91752,
       49.988175
      ],
      [
       19.91747,
       49.988216
      ],
      [
       19.917475,
       49.988274
      ],
      [
       19.917538,
       49.988333
      ],
      [
       19.917609,
       49.988364
      ],
      [
       19.917749,
       49.988377
      ],
      [
       19.91793,
       49.988375
      ],
      [
       19.918086,
       49.988368
      ],
      [
       19.918215,
       49.988338
      ],
      [
       19.918289,
       49.9883
      ],
      [
       19.918347,
       49.988252
      ],
      [
       19.91836,
       49.988208
      ],
      [
       19.918335,
       49.988163
      ],
      [
       19.918275,
       49.988127
      ],
      [
       19.918143,
       49.988102
      ],
      [
       19.918002,
       49.988094
      ],
      [
       19.917937,
       49.988093
      ]
     ]
    ],
    "type": "Polygon"
   },
   "id": 235,
   "properties": {
    "ADRES": "",
    "ATRYBUTY_O": "Nr stanowiska: 604",
    "BUDOWNICZY": "",
    "CHARAKTER": "",
    "DATA_WPISU": null,
    "DATA_WZNIE": "",
    "DZIELNICA": "",
    "FID": 235,
    "FUNKCJA_OB": "",
    "FUNKCJA_PI": "",
    "GDB_AREA": 1630.03,
    "GDB_PRM": 156.95,
    "GDB_PRMEX": 156.95,
    "GPT_DATE": null,
    "GPT_USER": "",
    "ID": 31262,
    "IDENT_OBIE": "67850349",
    "ID_ISDP": 0,
    "ID_SPRAWY": 80576099,
    "ID_WARSTWY": "F19_STAN_ARCH",
    "ISDP_FID": "GDB$G_EOZ_ARCHEOLOGIA_EOZ_A.4d9eef0c-e323-557a-e055-000000000001",
    "ISTNIEJE": "",
    "KARTA_MAPY": "",
    "LOKALIZACJ": "",
    "MATERIAL": "",
    "NAZWA": "",
    "NUMER": "",
    "NUMER_EWID": "",
    "NUMER_REJ_": "",
    "OBREB": "",
    "REJESTR_TA": "EW_ARCHEOLOGIA",
    "RODZAJE_ZA": "",
    "RODZAJ_OBI": "",
    "RODZAJ_WLA": "",
    "STAN_ZACHO": "",
    "STATUS": "",
    "STYL_OBIEK": "",
    "SYMBOL_EWI": "",
    "SYMBOL_REJ": "",
    "Shape__Area": 3938.6650390625,
    "Shape__Length": 243.8107696131437,
    "UWAGI": "",
    "WIEK_CZ_PO": "",
    "WIEK_POWST": "",
    "WYDRUK_LIN": "",
    "ZAJETA_NA_": 1,
    "ZALACZNIKI": "http://172.16.11.22:8085/SOWA2-services/doc/print/65354299/0604.pdf",
    "ZDJECIE_1": "",
    "ZDJECIE_2": "",
    "ZDJECIE_3": "",
    "ZDJECIE_4": "",
    "ZDJECIE_5": "",
    "ZDJECIE_6": "",
    "ZDJECIE_7": "",
    "ZDJECIE_8": "",
    "ZWERYFIKOW": "",
    "ZWIAZANA_Z": 0
   },
   "type": "Feature"
  },
  {
   "geometry": {
    "coordinates": [
     [
      [
       19.966196,
       50.109772
      ],
      [
       19.966855,
       50.10997
      ],
      [
       19.9673,
       50.109975
      ],
      [
       19.967571,
       50.109895
      ],
      [
       19.967632,
       50.109659
      ],
      [
       19.967348,
       50.109505
      ],
      [
       19.966904,
       50.109395
      ],
      [
       19.966452,
       50.109369
      ],
      [
       19.966076,
       50.109535
      ],
      [
       19.966077,
       50.109719
      ],
      [
       19.966196,
       50.109772
      ]
     ]
    ],
    "type": "Polygon"
   },
   "id": 236,
   "properties": {
    "ADRES": "",
    "ATRYBUTY_O": "Nr stanowiska: 22",
    "BUDOWNICZY": "",
    "CHARAKTER": "",
    "DATA_WPISU": null,
    "DATA_WZNIE": "",
    "DZIELNICA": "",
    "FID": 236,
    "FUNKCJA_OB": "",
    "FUNKCJA_PI": "",
    "GDB_AREA": 5488.34,
    "GDB_PRM": 288.41,
    "GDB_PRMEX": 288.41,
    "GPT_DATE": null,
    "GPT_USER": "",
    "ID": 31263,
    "IDENT_OBIE": "67850399",
    "ID_ISDP": 0,
    "ID_SPRAWY": 80578649,
    "ID_WARSTWY": "F19_STAN_ARCH",
    "ISDP_FID": "GDB$G_EOZ_ARCHEOLOGIA_EOZ_A.4d9eef0c-e324-557a-e055-000000000001",
    "ISTNIEJE": "",
    "KARTA_MAPY": "",
    "LOKALIZACJ": "",
    "MATERIAL": "",
    "NAZWA": "",
    "NUMER": "",
    "NUMER_EWID": "",
    "NUMER_REJ_": "",
    "OBREB": "",
    "REJESTR_TA": "EW_ARCHEOLOGIA",
    "RODZAJE_ZA": "",
    "RODZAJ_OBI": "",
    "RODZAJ_WLA": "",
    "STAN_ZACHO": "",
    "STATUS": "",
    "STYL_OBIEK": "",
    "SYMBOL_EWI": "",
    "SYMBOL_REJ": "",
    "Shape__Area": 13328.6875,
    "Shape__Length": 449.2136441989711,
    "UWAGI": "",
    "WIEK_CZ_PO": "",
    "WIEK_POWST": "",
    "WYDRUK_LIN": "",
    "ZAJETA_NA_": 1,
    "ZALACZNIKI": "http://172.16.11.22:8085/SOWA2-services/doc/print/65342999/0022.pdf",
    "ZDJECIE_1": "",
    "ZDJECIE_2": "",
    "ZDJECIE_3": "",
    "ZDJECIE_4": "",
    "ZDJECIE_5": "",
    "ZDJECIE_6": "",
    "ZDJECIE_7": "",
    "ZDJECIE_8": "",
    "ZWERYFIKOW": "",
    "ZWIAZANA_Z": 0
   },
   "type": "Feature"
  },
  {
   "geometry": {
    "coordinates": [
     [
      [
       19.878917,
       50.046772
      ],
      [
       19.87886,
       50.046975
      ],
      [
       19.878975,
       50.047082
      ],
      [
       19.879143,
       50.047174
      ],
      [
       19.879475,
       50.047194
      ],
      [
       19.879716,
       50.04712
      ],
      [
       19.879869,
       50.047015
      ],
      [
       19.879923,
       50.046844
      ],
      [
       19.879685,
       50.04665
      ],
      [
       19.879416,
       50.046585
      ],
      [
       19.879117,
       50.046641
      ],
      [
       19.878917,
       50.046772
      ]
     ]
    ],
    "type": "Polygon"
   },
   "id": 237,
   "properties": {
    "ADRES": "",
    "ATRYBUTY_O": "Nr stanowiska: 118",
    "BUDOWNICZY": "",
    "CHARAKTER": "",
    "DATA_WPISU": null,
    "DATA_WZNIE": "",
    "DZIELNICA": "",
    "FID": 237,
    "FUNKCJA_OB": "",
    "FUNKCJA_PI": "",
    "GDB_AREA": 3782.31,
    "GDB_PRM": 222.42,
    "GDB_PRMEX": 222.42,
    "GPT_DATE": null,
    "GPT_USER": "",
    "ID": 31264,
    "IDENT_OBIE": "67850449",
    "ID_ISDP": 0,
    "ID_SPRAWY": 80579199,
    "ID_WARSTWY": "F19_STAN_ARCH",
    "ISDP_FID": "GDB$G_EOZ_ARCHEOLOGIA_EOZ_A.4d9eef0c-e325-557a-e055-000000000001",
    "ISTNIEJE": "",
    "KARTA_MAPY": "",
    "LOKALIZACJ": "",
    "MATERIAL": "",
    "NAZWA": "",
    "NUMER": "",
    "NUMER_EWID": "",
    "NUMER_REJ_": "",
    "OBREB": "",
    "REJESTR_TA": "EW_ARCHEOLOGIA",
    "RODZAJE_ZA": "",
    "RODZAJ_OBI": "",
    "RODZAJ_WLA": "",
    "STAN_ZACHO": "",
    "STATUS": "",
    "STYL_OBIEK": "",
    "SYMBOL_EWI": "",
    "SYMBOL_REJ": "",
    "Shape__Area": 9161.3955078125,
    "Shape__Length": 346.10876963583814,
    "UWAGI": "",
    "WIEK_CZ_PO": "",
    "WIEK_POWST": "",
    "WYDRUK_LIN": "",
    "ZAJETA_NA_": 1,
    "ZALACZNIKI": "http://172.16.11.22:8085/SOWA2-services/doc/print/65346799/0118.pdf",
    "ZDJECIE_1": "",
    "ZDJECIE_2": "",
    "ZDJECIE_3": "",
    "ZDJECIE_4": "",
    "ZDJECIE_5": "",
    "ZDJECIE_6": "",
    "ZDJECIE_7": "",
    "ZDJECIE_8": "",
    "ZWERYFIKOW": "",
    "ZWIAZANA_Z": 0
   },
   "type": "Feature"
  }
 ],
 "meta": {
  "count": 237,
  "geometryType": "esriGeometryPolygon",
  "item": {
   "access": "public",
   "accessInformation": null,
   "itemId": "8506d274978b4cddbcf28dd5c22770e6",
   "itemPage": "https://www.arcgis.com/home/item.html?id=8506d274978b4cddbcf28dd5c22770e6",
   "licence": "UNVERIFIED",
   "licenseInfo": null,
   "modified": "2023-11-16T21:10:29.000Z",
   "owner": "wozniakm2",
   "title": "EOZ Zabytki _ Archeologia"
  },
  "layerId": 1,
  "layerName": "eoz_archeologia_polyg",
  "objectIdField": "FID",
  "query": "where=1%3D1&outFields=*&f=geojson&outSR=4326&geometryPrecision=6&orderByFields=FID+ASC&resultOffset=<paged>&resultRecordCount=1000",
  "retrievedAt": "2026-10-03T13:24:21Z",
  "service": "EOZ_Zabytki___Archeologia",
  "source": "Kraków municipal ArcGIS Online (Zintegrowana Platforma GIS - Gmina Miejska Kraków)",
  "url": "https://services-eu1.arcgis.com/svTzSt3AvH7sK6q9/ArcGIS/rest/services/EOZ_Zabytki___Archeologia/FeatureServer/1",
  "what": "municipal heritage register (EOZ), archaeology, polygons"
 },
 "type": "FeatureCollection"
}
