{
 "features": [
  {
   "geometry": {
    "coordinates": [
     19.984882,
     49.973481
    ],
    "type": "Point"
   },
   "id": 1,
   "properties": {
    "ADRES": "",
    "ATRYBUTY_O": "Nr stanowiska: 534",
    "BUDOWNICZY": "",
    "CHARAKTER": "",
    "DATA_WPISU": null,
    "DATA_WZNIE": "",
    "DZIELNICA": "",
    "FID": 1,
    "FUNKCJA_OB": "",
    "FUNKCJA_PI": "",
    "GDB_AREA": 0,
    "GDB_PRM": 0,
    "GDB_PRMEX": 0,
    "GPT_DATE": null,
    "GPT_USER": "",
    "ID": 31675,
    "IDENT_OBIE": "67871549",
    "ID_ISDP": 0,
    "ID_SPRAWY": 80584899,
    "ID_WARSTWY": "F19_STAN_PNT_OPIS",
    "ISDP_FID": "GDB$G_EOZ_ARCHEOLOGIA_EOZ_A.4d9eef0c-e357-557a-e055-000000000001",
    "ISTNIEJE": "",
    "KARTA_MAPY": "",
    "LOKALIZACJ": "",
    "MATERIAL": "",
    "NAZWA": "",
    "NUMER": "",
    "NUMER_EWID": "",
    "NUMER_REJ_": "",
    "OBREB": "",
    "REJESTR_TA": "EW_ARCHEOLOGIA",
    "RODZAJE_ZA": "",
    "RODZAJ_OBI": "",
    "RODZAJ_WLA": "",
    "STAN_ZACHO": "",
    "STATUS": "",
    "STYL_OBIEK": "",
    "SYMBOL_EWI": "",
    "SYMBOL_REJ": "",
    "UWAGI": "",
    "WIEK_CZ_PO": "",
    "WIEK_POWST": "",
    "WYDRUK_LIN": "",
    "ZAJETA_NA_": 1,
    "ZALACZNIKI": "http://172.16.11.22:8085/SOWA2-services/doc/print/65373349/0534.pdf",
    "ZDJECIE_1": "",
    "ZDJECIE_2": "",
    "ZDJECIE_3": "",
    "ZDJECIE_4": "",
    "ZDJECIE_5": "",
    "ZDJECIE_6": "",
    "ZDJECIE_7": "",
    "ZDJECIE_8": "",
    "ZWERYFIKOW": "",
    "ZWIAZANA_Z": 0
   },
   "type": "Feature"
  },
  {
   "geometry": {
    "coordinates": [
     19.987674,
     49.987347
    ],
    "type": "Point"
   },
   "id": 2,
   "properties": {
    "ADRES": "",
    "ATRYBUTY_O": "Nr stanowiska: 541",
    "BUDOWNICZY": "",
    "CHARAKTER": "",
    "DATA_WPISU": null,
    "DATA_WZNIE": "",
    "DZIELNICA": "",
    "FID": 2,
    "FUNKCJA_OB": "",
    "FUNKCJA_PI": "",
    "GDB_AREA": 0,
    "GDB_PRM": 0,
    "GDB_PRMEX": 0,
    "GPT_DATE": null,
    "GPT_USER": "",
    "ID": 31676,
    "IDENT_OBIE": "67871599",
    "ID_ISDP": 0,
    "ID_SPRAWY": 80585299,
    "ID_WARSTWY": "F19_STAN_PNT_OPIS",
    "ISDP_FID": "GDB$G_EOZ_ARCHEOLOGIA_EOZ_A.4d9eef0c-e358-557a-e055-000000000001",
    "ISTNIEJE": "",
    "KARTA_MAPY": "",
    "LOKALIZACJ": "",
    "MATERIAL": "",
    "NAZWA": "",
    "NUMER": "",
    "NUMER_EWID": "",
    "NUMER_REJ_": "",
    "OBREB": "",
    "REJESTR_TA": "EW_ARCHEOLOGIA",
    "RODZAJE_ZA": "",
    "RODZAJ_OBI": "",
    "RODZAJ_WLA": "",
    "STAN_ZACHO": "",
    "STATUS": "",
    "STYL_OBIEK": "",
    "SYMBOL_EWI": "",
    "SYMBOL_REJ": "",
    "UWAGI": "",
    "WIEK_CZ_PO": "",
    "WIEK_POWST": "",
    "WYDRUK_LIN": "",
    "ZAJETA_NA_": 1,
    "ZALACZNIKI": "http://172.16.11.22:8085/SOWA2-services/doc/print/65373399/0541.pdf",
    "ZDJECIE_1": "",
    "ZDJECIE_2": "",
    "ZDJECIE_3": "",
    "ZDJECIE_4": "",
    "ZDJECIE_5": "",
    "ZDJECIE_6": "",
    "ZDJECIE_7": "",
    "ZDJECIE_8": "",
    "ZWERYFIKOW": "",
    "ZWIAZANA_Z": 0
   },
   "type": "Feature"
  },
  {
   "geometry": {
    "coordinates": [
     19.984034,
     49.979847
    ],
    "type": "Point"
   },
   "id": 3,
   "properties": {
    "ADRES": "",
    "ATRYBUTY_O": "Nr stanowiska: 547",
    "BUDOWNICZY": "",
    "CHARAKTER": "",
    "DATA_WPISU": null,
    "DATA_WZNIE": "",
    "DZIELNICA": "",
    "FID": 3,
    "FUNKCJA_OB": "",
    "FUNKCJA_PI": "",
    "GDB_AREA": 0,
    "GDB_PRM": 0,
    "GDB_PRMEX": 0,
    "GPT_DATE": null,
    "GPT_USER": "",
    "ID": 31678,
    "IDENT_OBIE": "67871699",
    "ID_ISDP": 0,
    "ID_SPRAWY": 80585599,
    "ID_WARSTWY": "F19_STAN_PNT_OPIS",
    "ISDP_FID": "GDB$G_EOZ_ARCHEOLOGIA_EOZ_A.4d9eef0c-e359-557a-e055-000000000001",
    "ISTNIEJE": "",
    "KARTA_MAPY": "",
    "LOKALIZACJ": "",
    "MATERIAL": "",
    "NAZWA": "",
    "NUMER": "",
    "NUMER_EWID": "",
    "NUMER_REJ_": "",
    "OBREB": "",
    "REJESTR_TA": "EW_ARCHEOLOGIA",
    "RODZAJE_ZA": "",
    "RODZAJ_OBI": "",
    "RODZAJ_WLA": "",
    "STAN_ZACHO": "",
    "STATUS": "",
    "STYL_OBIEK": "",
    "SYMBOL_EWI": "",
    "SYMBOL_REJ": "",
    "UWAGI": "",
    "WIEK_CZ_PO": "",
    "WIEK_POWST": "",
    "WYDRUK_LIN": "",
    "ZAJETA_NA_": 1,
    "ZALACZNIKI": "http://172.16.11.22:8085/SOWA2-services/doc/print/65373499/0547.pdf",
    "ZDJECIE_1": "",
    "ZDJECIE_2": "",
    "ZDJECIE_3": "",
    "ZDJECIE_4": "",
    "ZDJECIE_5": "",
    "ZDJECIE_6": "",
    "ZDJECIE_7": "",
    "ZDJECIE_8": "",
    "ZWERYFIKOW": "",
    "ZWIAZANA_Z": 0
   },
   "type": "Feature"
  },
  {
   "geometry": {
    "coordinates": [
     19.984587,
     49.999152
    ],
    "type": "Point"
   },
   "id": 4,
   "properties": {
    "ADRES": "",
    "ATRYBUTY_O": "Nr stanowiska: 548",
    "BUDOWNICZY": "",
    "CHARAKTER": "",
    "DATA_WPISU": null,
    "DATA_WZNIE": "",
    "DZIELNICA": "",
    "FID": 4,
    "FUNKCJA_OB": "",
    "FUNKCJA_PI": "",
    "GDB_AREA": 0,
    "GDB_PRM": 0,
    "GDB_PRMEX": 0,
    "GPT_DATE": null,
    "GPT_USER": "",
    "ID": 31478,
    "IDENT_OBIE": "67861699",
    "ID_ISDP": 0,
    "ID_SPRAWY": 80563599,
    "ID_WARSTWY": "F19_STAN_PNT_OPIS",
    "ISDP_FID": "GDB$G_EOZ_ARCHEOLOGIA_EOZ_A.4d9eef0c-e35a-557a-e055-000000000001",
    "ISTNIEJE": "",
    "KARTA_MAPY": "",
    "LOKALIZACJ": "",
    "MATERIAL": "",
    "NAZWA": "",
    "NUMER": "",
    "NUMER_EWID": "",
    "NUMER_REJ_": "",
    "OBREB": "",
    "REJESTR_TA": "EW_ARCHEOLOGIA",
    "RODZAJE_ZA": "",
    "RODZAJ_OBI": "",
    "RODZAJ_WLA": "",
    "STAN_ZACHO": "",
    "STATUS": "",
    "STYL_OBIEK": "",
    "SYMBOL_EWI": "",
    "SYMBOL_REJ": "",
    "UWAGI": "",
    "WIEK_CZ_PO": "",
    "WIEK_POWST": "",
    "WYDRUK_LIN": "",
    "ZAJETA_NA_": 1,
    "ZALACZNIKI": "http://172.16.11.22:8085/SOWA2-services/doc/print/65373549/0548.pdf",
    "ZDJECIE_1": "",
    "ZDJECIE_2": "",
    "ZDJECIE_3": "",
    "ZDJECIE_4": "",
    "ZDJECIE_5": "",
    "ZDJECIE_6": "",
    "ZDJECIE_7": "",
    "ZDJECIE_8": "",
    "ZWERYFIKOW": "",
    "ZWIAZANA_Z": 0
   },
   "type": "Feature"
  },
  {
   "geometry": {
    "coordinates": [
     19.941276,
     49.977328
    ],
    "type": "Point"
   },
   "id": 5,
   "properties": {
    "ADRES": "",
    "ATRYBUTY_O": "Nr stanowiska: 552",
    "BUDOWNICZY": "",
    "CHARAKTER": "",
    "DATA_WPISU": null,
    "DATA_WZNIE": "",
    "DZIELNICA": "",
    "FID": 5,
    "FUNKCJA_OB": "",
    "FUNKCJA_PI": "",
    "GDB_AREA": 0,
    "GDB_PRM": 0,
    "GDB_PRMEX": 0,
    "GPT_DATE": null,
    "GPT_USER": "",
    "ID": 31775,
    "IDENT_OBIE": "67876549",
    "ID_ISDP": 0,
    "ID_SPRAWY": 80593649,
    "ID_WARSTWY": "F19_STAN_PNT_OPIS",
    "ISDP_FID": "GDB$G_EOZ_ARCHEOLOGIA_EOZ_A.4d9eef0c-e35b-557a-e055-000000000001",
    "ISTNIEJE": "",
    "KARTA_MAPY": "",
    "LOKALIZACJ": "",
    "MATERIAL": "",
    "NAZWA": "",
    "NUMER": "",
    "NUMER_EWID": "",
    "NUMER_REJ_": "",
    "OBREB": "",
    "REJESTR_TA": "EW_ARCHEOLOGIA",
    "RODZAJE_ZA": "",
    "RODZAJ_OBI": "",
    "RODZAJ_WLA": "",
    "STAN_ZACHO": "",
    "STATUS": "",
    "STYL_OBIEK": "",
    "SYMBOL_EWI": "",
    "SYMBOL_REJ": "",
    "UWAGI": "",
    "WIEK_CZ_PO": "",
    "WIEK_POWST": "",
    "WYDRUK_LIN": "",
    "ZAJETA_NA_": 1,
    "ZALACZNIKI": "http://172.16.11.22:8085/SOWA2-services/doc/print/65373599/0552.pdf",
    "ZDJECIE_1": "",
    "ZDJECIE_2": "",
    "ZDJECIE_3": "",
    "ZDJECIE_4": "",
    "ZDJECIE_5": "",
    "ZDJECIE_6": "",
    "ZDJECIE_7": "",
    "ZDJECIE_8": "",
    "ZWERYFIKOW": "",
    "ZWIAZANA_Z": 0
   },
   "type": "Feature"
  },
  {
   "geometry": {
    "coordinates": [
     19.867177,
     49.992872
    ],
    "type": "Point"
   },
   "id": 6,
   "properties": {
    "ADRES": "",
    "ATRYBUTY_O": "Nr stanowiska: 562",
    "BUDOWNICZY": "",
    "CHARAKTER": "",
    "DATA_WPISU": null,
    "DATA_WZNIE": "",
    "DZIELNICA": "",
    "FID": 6,
    "FUNKCJA_OB": "",
    "FUNKCJA_PI": "",
    "GDB_AREA": 0,
    "GDB_PRM": 0,
    "GDB_PRMEX": 0,
    "GPT_DATE": null,
    "GPT_USER": "",
    "ID": 31651,
    "IDENT_OBIE": "67870349",
    "ID_ISDP": 0,
    "ID_SPRAWY": 80582449,
    "ID_WARSTWY": "F19_STAN_PNT_OPIS",
    "ISDP_FID": "GDB$G_EOZ_ARCHEOLOGIA_EOZ_A.4d9eef0c-e35c-557a-e055-000000000001",
    "ISTNIEJE": "",
    "KARTA_MAPY": "",
    "LOKALIZACJ": "",
    "MATERIAL": "",
    "NAZWA": "",
    "NUMER": "",
    "NUMER_EWID": "",
    "NUMER_REJ_": "",
    "OBREB": "",
    "REJESTR_TA": "EW_ARCHEOLOGIA",
    "RODZAJE_ZA": "",
    "RODZAJ_OBI": "",
    "RODZAJ_WLA": "",
    "STAN_ZACHO": "",
    "STATUS": "",
    "STYL_OBIEK": "",
    "SYMBOL_EWI": "",
    "SYMBOL_REJ": "",
    "UWAGI": "",
    "WIEK_CZ_PO": "",
    "WIEK_POWST": "",
    "WYDRUK_LIN": "",
    "ZAJETA_NA_": 1,
    "ZALACZNIKI": "http://172.16.11.22:8085/SOWA2-services/doc/print/65373799/0562.pdf",
    "ZDJECIE_1": "",
    "ZDJECIE_2": "",
    "ZDJECIE_3": "",
    "ZDJECIE_4": "",
    "ZDJECIE_5": "",
    "ZDJECIE_6": "",
    "ZDJECIE_7": "",
    "ZDJECIE_8": "",
    "ZWERYFIKOW": "",
    "ZWIAZANA_Z": 0
   },
   "type": "Feature"
  },
  {
   "geometry": {
    "coordinates": [
     19.870477,
     49.990296
    ],
    "type": "Point"
   },
   "id": 7,
   "properties": {
    "ADRES": "",
    "ATRYBUTY_O": "Nr stanowiska: 566",
    "BUDOWNICZY": "",
    "CHARAKTER": "",
    "DATA_WPISU": null,
    "DATA_WZNIE": "",
    "DZIELNICA": "",
    "FID": 7,
    "FUNKCJA_OB": "",
    "FUNKCJA_PI": "",
    "GDB_AREA": 0,
    "GDB_PRM": 0,
    "GDB_PRMEX": 0,
    "GPT_DATE": null,
    "GPT_USER": "",
    "ID": 31654,
    "IDENT_OBIE": "67870499",
    "ID_ISDP": 0,
    "ID_SPRAWY": 80582649,
    "ID_WARSTWY": "F19_STAN_PNT_OPIS",
    "ISDP_FID": "GDB$G_EOZ_ARCHEOLOGIA_EOZ_A.4d9eef0c-e35d-557a-e055-000000000001",
    "ISTNIEJE": "",
    "KARTA_MAPY": "",
    "LOKALIZACJ": "",
    "MATERIAL": "",
    "NAZWA": "",
    "NUMER": "",
    "NUMER_EWID": "",
    "NUMER_REJ_": "",
    "OBREB": "",
    "REJESTR_TA": "EW_ARCHEOLOGIA",
    "RODZAJE_ZA": "",
    "RODZAJ_OBI": "",
    "RODZAJ_WLA": "",
    "STAN_ZACHO": "",
    "STATUS": "",
    "STYL_OBIEK": "",
    "SYMBOL_EWI": "",
    "SYMBOL_REJ": "",
    "UWAGI": "",
    "WIEK_CZ_PO": "",
    "WIEK_POWST": "",
    "WYDRUK_LIN": "",
    "ZAJETA_NA_": 1,
    "ZALACZNIKI": "http://172.16.11.22:8085/SOWA2-services/doc/print/65373949/0566.pdf",
    "ZDJECIE_1": "",
    "ZDJECIE_2": "",
    "ZDJECIE_3": "",
    "ZDJECIE_4": "",
    "ZDJECIE_5": "",
    "ZDJECIE_6": "",
    "ZDJECIE_7": "",
    "ZDJECIE_8": "",
    "ZWERYFIKOW": "",
    "ZWIAZANA_Z": 0
   },
   "type": "Feature"
  },
  {
   "geometry": {
    "coordinates": [
     19.879307,
     49.985346
    ],
    "type": "Point"
   },
   "id": 8,
   "properties": {
    "ADRES": "",
    "ATRYBUTY_O": "Nr stanowiska: 570",
    "BUDOWNICZY": "",
    "CHARAKTER": "",
    "DATA_WPISU": null,
    "DATA_WZNIE": "",
    "DZIELNICA": "",
    "FID": 8,
    "FUNKCJA_OB": "",
    "FUNKCJA_PI": "",
    "GDB_AREA": 0,
    "GDB_PRM": 0,
    "GDB_PRMEX": 0,
    "GPT_DATE": null,
    "GPT_USER": "",
    "ID": 31656,
    "IDENT_OBIE": "67870599",
    "ID_ISDP": 0,
    "ID_SPRAWY": 80582799,
    "ID_WARSTWY": "F19_STAN_PNT_OPIS",
    "ISDP_FID": "GDB$G_EOZ_ARCHEOLOGIA_EOZ_A.4d9eef0c-e35e-557a-e055-000000000001",
    "ISTNIEJE": "",
    "KARTA_MAPY": "",
    "LOKALIZACJ": "",
    "MATERIAL": "",
    "NAZWA": "",
    "NUMER": "",
    "NUMER_EWID": "",
    "NUMER_REJ_": "",
    "OBREB": "",
    "REJESTR_TA": "EW_ARCHEOLOGIA",
    "RODZAJE_ZA": "",
    "RODZAJ_OBI": "",
    "RODZAJ_WLA": "",
    "STAN_ZACHO": "",
    "STATUS": "",
    "STYL_OBIEK": "",
    "SYMBOL_EWI": "",
    "SYMBOL_REJ": "",
    "UWAGI": "",
    "WIEK_CZ_PO": "",
    "WIEK_POWST": "",
    "WYDRUK_LIN": "",
    "ZAJETA_NA_": 1,
    "ZALACZNIKI": "http://172.16.11.22:8085/SOWA2-services/doc/print/65374049/0570.pdf",
    "ZDJECIE_1": "",
    "ZDJECIE_2": "",
    "ZDJECIE_3": "",
    "ZDJECIE_4": "",
    "ZDJECIE_5": "",
    "ZDJECIE_6": "",
    "ZDJECIE_7": "",
    "ZDJECIE_8": "",
    "ZWERYFIKOW": "",
    "ZWIAZANA_Z": 0
   },
   "type": "Feature"
  },
  {
   "geometry": {
    "coordinates": [
     19.868757,
     49.985134
    ],
    "type": "Point"
   },
   "id": 9,
   "properties": {
    "ADRES": "",
    "ATRYBUTY_O": "Nr stanowiska: 574",
    "BUDOWNICZY": "",
    "CHARAKTER": "",
    "DATA_WPISU": null,
    "DATA_WZNIE": "",
    "DZIELNICA": "",
    "FID": 9,
    "FUNKCJA_OB": "",
    "FUNKCJA_PI": "",
    "GDB_AREA": 0,
    "GDB_PRM": 0,
    "GDB_PRMEX": 0,
    "GPT_DATE": null,
    "GPT_USER": "",
    "ID": 31659,
    "IDENT_OBIE": "67870749",
    "ID_ISDP": 0,
    "ID_SPRAWY": 80582999,
    "ID_WARSTWY": "F19_STAN_PNT_OPIS",
    "ISDP_FID": "GDB$G_EOZ_ARCHEOLOGIA_EOZ_A.4d9eef0c-e35f-557a-e055-000000000001",
    "ISTNIEJE": "",
    "KARTA_MAPY": "",
    "LOKALIZACJ": "",
    "MATERIAL": "",
    "NAZWA": "",
    "NUMER": "",
    "NUMER_EWID": "",
    "NUMER_REJ_": "",
    "OBREB": "",
    "REJESTR_TA": "EW_ARCHEOLOGIA",
    "RODZAJE_ZA": "",
    "RODZAJ_OBI": "",
    "RODZAJ_WLA": "",
    "STAN_ZACHO": "",
    "STATUS": "",
    "STYL_OBIEK": "",
    "SYMBOL_EWI": "",
    "SYMBOL_REJ": "",
    "UWAGI": "",
    "WIEK_CZ_PO": "",
    "WIEK_POWST": "",
    "WYDRUK_LIN": "",
    "ZAJETA_NA_": 1,
    "ZALACZNIKI": "http://172.16.11.22:8085/SOWA2-services/doc/print/65374199/0574.pdf",
    "ZDJECIE_1": "",
    "ZDJECIE_2": "",
    "ZDJECIE_3": "",
    "ZDJECIE_4": "",
    "ZDJECIE_5": "",
    "ZDJECIE_6": "",
    "ZDJECIE_7": "",
    "ZDJECIE_8": "",
    "ZWERYFIKOW": "",
    "ZWIAZANA_Z": 0
   },
   "type": "Feature"
  },
  {
   "geometry": {
    "coordinates": [
     19.872597,
     49.981911
    ],
    "type": "Point"
   },
   "id": 10,
   "properties": {
    "ADRES": "",
    "ATRYBUTY_O": "Nr stanowiska: 577",
    "BUDOWNICZY": "",
    "CHARAKTER": "",
    "DATA_WPISU": null,
    "DATA_WZNIE": "",
    "DZIELNICA": "",
    "FID": 10,
    "FUNKCJA_OB": "",
    "FUNKCJA_PI": "",
    "GDB_AREA": 0,
    "GDB_PRM": 0,
    "GDB_PRMEX": 0,
    "GPT_DATE": null,
    "GPT_USER": "",
    "ID": 31661,
    "IDENT_OBIE": "67870849",
    "ID_ISDP": 0,
    "ID_SPRAWY": 80583149,
    "ID_WARSTWY": "F19_STAN_PNT_OPIS",
    "ISDP_FID": "GDB$G_EOZ_ARCHEOLOGIA_EOZ_A.4d9eef0c-e360-557a-e055-000000000001",
    "ISTNIEJE": "",
    "KARTA_MAPY": "",
    "LOKALIZACJ": "",
    "MATERIAL": "",
    "NAZWA": "",
    "NUMER": "",
    "NUMER_EWID": "",
    "NUMER_REJ_": "",
    "OBREB": "",
    "REJESTR_TA": "EW_ARCHEOLOGIA",
    "RODZAJE_ZA": "",
    "RODZAJ_OBI": "",
    "RODZAJ_WLA": "",
    "STAN_ZACHO": "",
    "STATUS": "",
    "STYL_OBIEK": "",
    "SYMBOL_EWI": "",
    "SYMBOL_REJ": "",
    "UWAGI": "",
    "WIEK_CZ_PO": "",
    "WIEK_POWST": "",
    "WYDRUK_LIN": "",
    "ZAJETA_NA_": 1,
    "ZALACZNIKI": "http://172.16.11.22:8085/SOWA2-services/doc/print/65374299/0577.pdf",
    "ZDJECIE_1": "",
    "ZDJECIE_2": "",
    "ZDJECIE_3": "",
    "ZDJECIE_4": "",
    "ZDJECIE_5": "",
    "ZDJECIE_6": "",
    "ZDJECIE_7": "",
    "ZDJECIE_8": "",
    "ZWERYFIKOW": "",
    "ZWIAZANA_Z": 0
   },
   "type": "Feature"
  },
  {
   "geometry": {
    "coordinates": [
     19.873897,
     49.976792
    ],
    "type": "Point"
   },
   "id": 11,
   "properties": {
    "ADRES": "",
    "ATRYBUTY_O": "Nr stanowiska: 582",
    "BUDOWNICZY": "",
    "CHARAKTER": "",
    "DATA_WPISU": null,
    "DATA_WZNIE": "",
    "DZIELNICA": "",
    "FID": 11,
    "FUNKCJA_OB": "",
    "FUNKCJA_PI": "",
    "GDB_AREA": 0,
    "GDB_PRM": 0,
    "GDB_PRMEX": 0,
    "GPT_DATE": null,
    "GPT_USER": "",
    "ID": 31663,
    "IDENT_OBIE": "67870949",
    "ID_ISDP": 0,
    "ID_SPRAWY": 80583399,
    "ID_WARSTWY": "F19_STAN_PNT_OPIS",
    "ISDP_FID": "GDB$G_EOZ_ARCHEOLOGIA_EOZ_A.4d9eef0c-e361-557a-e055-000000000001",
    "ISTNIEJE": "",
    "KARTA_MAPY": "",
    "LOKALIZACJ": "",
    "MATERIAL": "",
    "NAZWA": "",
    "NUMER": "",
    "NUMER_EWID": "",
    "NUMER_REJ_": "",
    "OBREB": "",
    "REJESTR_TA": "EW_ARCHEOLOGIA",
    "RODZAJE_ZA": "",
    "RODZAJ_OBI": "",
    "RODZAJ_WLA": "",
    "STAN_ZACHO": "",
    "STATUS": "",
    "STYL_OBIEK": "",
    "SYMBOL_EWI": "",
    "SYMBOL_REJ": "",
    "UWAGI": "",
    "WIEK_CZ_PO": "",
    "WIEK_POWST": "",
    "WYDRUK_LIN": "",
    "ZAJETA_NA_": 1,
    "ZALACZNIKI": "http://172.16.11.22:8085/SOWA2-services/doc/print/65374399/0582.pdf",
    "ZDJECIE_1": "",
    "ZDJECIE_2": "",
    "ZDJECIE_3": "",
    "ZDJECIE_4": "",
    "ZDJECIE_5": "",
    "ZDJECIE_6": "",
    "ZDJECIE_7": "",
    "ZDJECIE_8": "",
    "ZWERYFIKOW": "",
    "ZWIAZANA_Z": 0
   },
   "type": "Feature"
  },
  {
   "geometry": {
    "coordinates": [
     20.168283,
     50.110357
    ],
    "type": "Point"
   },
   "id": 12,
   "properties": {
    "ADRES": "",
    "ATRYBUTY_O": "Nr stanowiska: 791",
    "BUDOWNICZY": "",
    "CHARAKTER": "",
    "DATA_WPISU": null,
    "DATA_WZNIE": "",
    "DZIELNICA": "",
    "FID": 12,
    "FUNKCJA_OB": "",
    "FUNKCJA_PI": "",
    "GDB_AREA": 0,
    "GDB_PRM": 0,
    "GDB_PRMEX": 0,
    "GPT_DATE": null,
    "GPT_USER": "",
    "ID": 31512,
    "IDENT_OBIE": "67863399",
    "ID_ISDP": 0,
    "ID_SPRAWY": 80567699,
    "ID_WARSTWY": "F19_STAN_PNT_OPIS",
    "ISDP_FID": "GDB$G_EOZ_ARCHEOLOGIA_EOZ_A.4d9eef0c-e362-557a-e055-000000000001",
    "ISTNIEJE": "",
    "KARTA_MAPY": "",
    "LOKALIZACJ": "",
    "MATERIAL": "",
    "NAZWA": "",
    "NUMER": "",
    "NUMER_EWID": "",
    "NUMER_REJ_": "",
    "OBREB": "",
    "REJESTR_TA": "EW_ARCHEOLOGIA",
    "RODZAJE_ZA": "",
    "RODZAJ_OBI": "",
    "RODZAJ_WLA": "",
    "STAN_ZACHO": "",
    "STATUS": "",
    "STYL_OBIEK": "",
    "SYMBOL_EWI": "",
    "SYMBOL_REJ": "",
    "UWAGI": "",
    "WIEK_CZ_PO": "",
    "WIEK_POWST": "",
    "WYDRUK_LIN": "",
    "ZAJETA_NA_": 1,
    "ZALACZNIKI": "http://172.16.11.22:8085/SOWA2-services/doc/print/65376199/0791.pdf",
    "ZDJECIE_1": "",
    "ZDJECIE_2": "",
    "ZDJECIE_3": "",
    "ZDJECIE_4": "",
    "ZDJECIE_5": "",
    "ZDJECIE_6": "",
    "ZDJECIE_7": "",
    "ZDJECIE_8": "",
    "ZWERYFIKOW": "",
    "ZWIAZANA_Z": 0
   },
   "type": "Feature"
  },
  {
   "geometry": {
    "coordinates": [
     20.172335,
     50.108389
    ],
    "type": "Point"
   },
   "id": 13,
   "properties": {
    "ADRES": "",
    "ATRYBUTY_O": "Nr stanowiska: 795",
    "BUDOWNICZY": "",
    "CHARAKTER": "",
    "DATA_WPISU": null,
    "DATA_WZNIE": "",
    "DZIELNICA": "",
    "FID": 13,
    "FUNKCJA_OB": "",
    "FUNKCJA_PI": "",
    "GDB_AREA": 0,
    "GDB_PRM": 0,
    "GDB_PRMEX": 0,
    "GPT_DATE": null,
    "GPT_USER": "",
    "ID": 31513,
    "IDENT_OBIE": "67863449",
    "ID_ISDP": 0,
    "ID_SPRAWY": 80567749,
    "ID_WARSTWY": "F19_STAN_PNT_OPIS",
    "ISDP_FID": "GDB$G_EOZ_ARCHEOLOGIA_EOZ_A.4d9eef0c-e363-557a-e055-000000000001",
    "ISTNIEJE": "",
    "KARTA_MAPY": "",
    "LOKALIZACJ": "",
    "MATERIAL": "",
    "NAZWA": "",
    "NUMER": "",
    "NUMER_EWID": "",
    "NUMER_REJ_": "",
    "OBREB": "",
    "REJESTR_TA": "EW_ARCHEOLOGIA",
    "RODZAJE_ZA": "",
    "RODZAJ_OBI": "",
    "RODZAJ_WLA": "",
    "STAN_ZACHO": "",
    "STATUS": "",
    "STYL_OBIEK": "",
    "SYMBOL_EWI": "",
    "SYMBOL_REJ": "",
    "UWAGI": "",
    "WIEK_CZ_PO": "",
    "WIEK_POWST": "",
    "WYDRUK_LIN": "",
    "ZAJETA_NA_": 1,
    "ZALACZNIKI": "http://172.16.11.22:8085/SOWA2-services/doc/print/65376349/0795.pdf",
    "ZDJECIE_1": "",
    "ZDJECIE_2": "",
    "ZDJECIE_3": "",
    "ZDJECIE_4": "",
    "ZDJECIE_5": "",
    "ZDJECIE_6": "",
    "ZDJECIE_7": "",
    "ZDJECIE_8": "",
    "ZWERYFIKOW": "",
    "ZWIAZANA_Z": 0
   },
   "type": "Feature"
  },
  {
   "geometry": {
    "coordinates": [
     20.174119,
     50.112077
    ],
    "type": "Point"
   },
   "id": 14,
   "properties": {
    "ADRES": "",
    "ATRYBUTY_O": "Nr stanowiska: 797",
    "BUDOWNICZY": "",
    "CHARAKTER": "",
    "DATA_WPISU": null,
    "DATA_WZNIE": "",
    "DZIELNICA": "",
    "FID": 14,
    "FUNKCJA_OB": "",
    "FUNKCJA_PI": "",
    "GDB_AREA": 0,
    "GDB_PRM": 0,
    "GDB_PRMEX": 0,
    "GPT_DATE": null,
    "GPT_USER": "",
    "ID": 31515,
    "IDENT_OBIE": "67863549",
    "ID_ISDP": 0,
    "ID_SPRAWY": 80567849,
    "ID_WARSTWY": "F19_STAN_PNT_OPIS",
    "ISDP_FID": "GDB$G_EOZ_ARCHEOLOGIA_EOZ_A.4d9eef0c-e364-557a-e055-000000000001",
    "ISTNIEJE": "",
    "KARTA_MAPY": "",
    "LOKALIZACJ": "",
    "MATERIAL": "",
    "NAZWA": "",
    "NUMER": "",
    "NUMER_EWID": "",
    "NUMER_REJ_": "",
    "OBREB": "",
    "REJESTR_TA": "EW_ARCHEOLOGIA",
    "RODZAJE_ZA": "",
    "RODZAJ_OBI": "",
    "RODZAJ_WLA": "",
    "STAN_ZACHO": "",
    "STATUS": "",
    "STYL_OBIEK": "",
    "SYMBOL_EWI": "",
    "SYMBOL_REJ": "",
    "UWAGI": "",
    "WIEK_CZ_PO": "",
    "WIEK_POWST": "",
    "WYDRUK_LIN": "",
    "ZAJETA_NA_": 1,
    "ZALACZNIKI": "http://172.16.11.22:8085/SOWA2-services/doc/print/65376449/0797.pdf",
    "ZDJECIE_1": "",
    "ZDJECIE_2": "",
    "ZDJECIE_3": "",
    "ZDJECIE_4": "",
    "ZDJECIE_5": "",
    "ZDJECIE_6": "",
    "ZDJECIE_7": "",
    "ZDJECIE_8": "",
    "ZWERYFIKOW": "",
    "ZWIAZANA_Z": 0
   },
   "type": "Feature"
  },
  {
   "geometry": {
    "coordinates": [
     19.930842,
     49.985298
    ],
    "type": "Point"
   },
   "id": 15,
   "properties": {
    "ADRES": "",
    "ATRYBUTY_O": "Nr stanowiska: 588",
    "BUDOWNICZY": "",
    "CHARAKTER": "",
    "DATA_WPISU": null,
    "DATA_WZNIE": "",
    "DZIELNICA": "",
    "FID": 15,
    "FUNKCJA_OB": "",
    "FUNKCJA_PI": "",
    "GDB_AREA": 0,
    "GDB_PRM": 0,
    "GDB_PRMEX": 0,
    "GPT_DATE": null,
    "GPT_USER": "",
    "ID": 31580,
    "IDENT_OBIE": "67866799",
    "ID_ISDP": 0,
    "ID_SPRAWY": 80575349,
    "ID_WARSTWY": "F19_STAN_PNT_OPIS",
    "ISDP_FID": "GDB$G_EOZ_ARCHEOLOGIA_EOZ_A.4d9eef0c-e365-557a-e055-000000000001",
    "ISTNIEJE": "",
    "KARTA_MAPY": "",
    "LOKALIZACJ": "",
    "MATERIAL": "",
    "NAZWA": "",
    "NUMER": "",
    "NUMER_EWID": "",
    "NUMER_REJ_": "",
    "OBREB": "",
    "REJESTR_TA": "EW_ARCHEOLOGIA",
    "RODZAJE_ZA": "",
    "RODZAJ_OBI": "",
    "RODZAJ_WLA": "",
    "STAN_ZACHO": "",
    "STATUS": "",
    "STYL_OBIEK": "",
    "SYMBOL_EWI": "",
    "SYMBOL_REJ": "",
    "UWAGI": "",
    "WIEK_CZ_PO": "",
    "WIEK_POWST": "",
    "WYDRUK_LIN": "",
    "ZAJETA_NA_": 1,
    "ZALACZNIKI": "http://172.16.11.22:8085/SOWA2-services/doc/print/65374499/0588.pdf",
    "ZDJECIE_1": "",
    "ZDJECIE_2": "",
    "ZDJECIE_3": "",
    "ZDJECIE_4": "",
    "ZDJECIE_5": "",
    "ZDJECIE_6": "",
    "ZDJECIE_7": "",
    "ZDJECIE_8": "",
    "ZWERYFIKOW": "",
    "ZWIAZANA_Z": 0
   },
   "type": "Feature"
  },
  {
   "geometry": {
    "coordinates": [
     19.918808,
     49.994662
    ],
    "type": "Point"
   },
   "id": 16,
   "properties": {
    "ADRES": "",
    "ATRYBUTY_O": "Nr stanowiska: 593",
    "BUDOWNICZY": "",
    "CHARAKTER": "",
    "DATA_WPISU": null,
    "DATA_WZNIE": "",
    "DZIELNICA": "",
    "FID": 16,
    "FUNKCJA_OB": "",
    "FUNKCJA_PI": "",
    "GDB_AREA": 0,
    "GDB_PRM": 0,
    "GDB_PRMEX": 0,
    "GPT_DATE": null,
    "GPT_USER": "",
    "ID": 31582,
    "IDENT_OBIE": "67866899",
    "ID_ISDP": 0,
    "ID_SPRAWY": 80575549,
    "ID_WARSTWY": "F19_STAN_PNT_OPIS",
    "ISDP_FID": "GDB$G_EOZ_ARCHEOLOGIA_EOZ_A.4d9eef0c-e366-557a-e055-000000000001",
    "ISTNIEJE": "",
    "KARTA_MAPY": "",
    "LOKALIZACJ": "",
    "MATERIAL": "",
    "NAZWA": "",
    "NUMER": "",
    "NUMER_EWID": "",
    "NUMER_REJ_": "",
    "OBREB": "",
    "REJESTR_TA": "EW_ARCHEOLOGIA",
    "RODZAJE_ZA": "",
    "RODZAJ_OBI": "",
    "RODZAJ_WLA": "",
    "STAN_ZACHO": "",
    "STATUS": "",
    "STYL_OBIEK": "",
    "SYMBOL_EWI": "",
    "SYMBOL_REJ": "",
    "UWAGI": "",
    "WIEK_CZ_PO": "",
    "WIEK_POWST": "",
    "WYDRUK_LIN": "",
    "ZAJETA_NA_": 1,
    "ZALACZNIKI": "http://172.16.11.22:8085/SOWA2-services/doc/print/65374599/0593.pdf",
    "ZDJECIE_1": "",
    "ZDJECIE_2": "",
    "ZDJECIE_3": "",
    "ZDJECIE_4": "",
    "ZDJECIE_5": "",
    "ZDJECIE_6": "",
    "ZDJECIE_7": "",
    "ZDJECIE_8": "",
    "ZWERYFIKOW": "",
    "ZWIAZANA_Z": 0
   },
   "type": "Feature"
  },
  {
   "geometry": {
    "coordinates": [
     19.908675,
     49.995649
    ],
    "type": "Point"
   },
   "id": 17,
   "properties": {
    "ADRES": "",
    "ATRYBUTY_O": "Nr stanowiska: 596",
    "BUDOWNICZY": "",
    "CHARAKTER": "",
    "DATA_WPISU": null,
    "DATA_WZNIE": "",
    "DZIELNICA": "",
    "FID": 17,
    "FUNKCJA_OB": "",
    "FUNKCJA_PI": "",
    "GDB_AREA": 0,
    "GDB_PRM": 0,
    "GDB_PRMEX": 0,
    "GPT_DATE": null,
    "GPT_USER": "",
    "ID": 31585,
    "IDENT_OBIE": "67867049",
    "ID_ISDP": 0,
    "ID_SPRAWY": 80575699,
    "ID_WARSTWY": "F19_STAN_PNT_OPIS",
    "ISDP_FID": "GDB$G_EOZ_ARCHEOLOGIA_EOZ_A.4d9eef0c-e367-557a-e055-000000000001",
    "ISTNIEJE": "",
    "KARTA_MAPY": "",
    "LOKALIZACJ": "",
    "MATERIAL": "",
    "NAZWA": "",
    "NUMER": "",
    "NUMER_EWID": "",
    "NUMER_REJ_": "",
    "OBREB": "",
    "REJESTR_TA": "EW_ARCHEOLOGIA",
    "RODZAJE_ZA": "",
    "RODZAJ_OBI": "",
    "RODZAJ_WLA": "",
    "STAN_ZACHO": "",
    "STATUS": "",
    "STYL_OBIEK": "",
    "SYMBOL_EWI": "",
    "SYMBOL_REJ": "",
    "UWAGI": "",
    "WIEK_CZ_PO": "",
    "WIEK_POWST": "",
    "WYDRUK_LIN": "",
    "ZAJETA_NA_": 1,
    "ZALACZNIKI": "http://172.16.11.22:8085/SOWA2-services/doc/print/65374749/0596.pdf",
    "ZDJECIE_1": "",
    "ZDJECIE_2": "",
    "ZDJECIE_3": "",
    "ZDJECIE_4": "",
    "ZDJECIE_5": "",
    "ZDJECIE_6": "",
    "ZDJECIE_7": "",
    "ZDJECIE_8": "",
    "ZWERYFIKOW": "",
    "ZWIAZANA_Z": 0
   },
   "type": "Feature"
  },
  {
   "geometry": {
    "coordinates": [
     19.905812,
     49.991882
    ],
    "type": "Point"
   },
   "id": 18,
   "properties": {
    "ADRES": "",
    "ATRYBUTY_O": "Nr stanowiska: 598",
    "BUDOWNICZY": "",
    "CHARAKTER": "",
    "DATA_WPISU": null,
    "DATA_WZNIE": "",
    "DZIELNICA": "",
    "FID": 18,
    "FUNKCJA_OB": "",
    "FUNKCJA_PI": "",
    "GDB_AREA": 0,
    "GDB_PRM": 0,
    "GDB_PRMEX": 0,
    "GPT_DATE": null,
    "GPT_USER": "",
    "ID": 31587,
    "IDENT_OBIE": "67867149",
    "ID_ISDP": 0,
    "ID_SPRAWY": 80575799,
    "ID_WARSTWY": "F19_STAN_PNT_OPIS",
    "ISDP_FID": "GDB$G_EOZ_ARCHEOLOGIA_EOZ_A.4d9eef0c-e368-557a-e055-000000000001",
    "ISTNIEJE": "",
    "KARTA_MAPY": "",
    "LOKALIZACJ": "",
    "MATERIAL": "",
    "NAZWA": "",
    "NUMER": "",
    "NUMER_EWID": "",
    "NUMER_REJ_": "",
    "OBREB": "",
    "REJESTR_TA": "EW_ARCHEOLOGIA",
    "RODZAJE_ZA": "",
    "RODZAJ_OBI": "",
    "RODZAJ_WLA": "",
    "STAN_ZACHO": "",
    "STATUS": "",
    "STYL_OBIEK": "",
    "SYMBOL_EWI": "",
    "SYMBOL_REJ": "",
    "UWAGI": "",
    "WIEK_CZ_PO": "",
    "WIEK_POWST": "",
    "WYDRUK_LIN": "",
    "ZAJETA_NA_": 1,
    "ZALACZNIKI": "http://172.16.11.22:8085/SOWA2-services/doc/print/65374849/0598.pdf",
    "ZDJECIE_1": "",
    "ZDJECIE_2": "",
    "ZDJECIE_3": "",
    "ZDJECIE_4": "",
    "ZDJECIE_5": "",
    "ZDJECIE_6": "",
    "ZDJECIE_7": "",
    "ZDJECIE_8": "",
    "ZWERYFIKOW": "",
    "ZWIAZANA_Z": 0
   },
   "type": "Feature"
  },
  {
   "geometry": {
    "coordinates": [
     19.918281,
     49.98473
    ],
    "type": "Point"
   },
   "id": 19,
   "properties": {
    "ADRES": "",
    "ATRYBUTY_O": "Nr stanowiska: 603",
    "BUDOWNICZY": "",
    "CHARAKTER": "",
    "DATA_WPISU": null,
    "DATA_WZNIE": "",
    "DZIELNICA": "",
    "FID": 19,
    "FUNKCJA_OB": "",
    "FUNKCJA_PI": "",
    "GDB_AREA": 0,
    "GDB_PRM": 0,
    "GDB_PRMEX": 0,
    "GPT_DATE": null,
    "GPT_USER": "",
    "ID": 31589,
    "IDENT_OBIE": "67867249",
    "ID_ISDP": 0,
    "ID_SPRAWY": 80576049,
    "ID_WARSTWY": "F19_STAN_PNT_OPIS",
    "ISDP_FID": "GDB$G_EOZ_ARCHEOLOGIA_EOZ_A.4d9eef0c-e369-557a-e055-000000000001",
    "ISTNIEJE": "",
    "KARTA_MAPY": "",
    "LOKALIZACJ": "",
    "MATERIAL": "",
    "NAZWA": "",
    "NUMER": "",
    "NUMER_EWID": "",
    "NUMER_REJ_": "",
    "OBREB": "",
    "REJESTR_TA": "EW_ARCHEOLOGIA",
    "RODZAJE_ZA": "",
    "RODZAJ_OBI": "",
    "RODZAJ_WLA": "",
    "STAN_ZACHO": "",
    "STATUS": "",
    "STYL_OBIEK": "",
    "SYMBOL_EWI": "",
    "SYMBOL_REJ": "",
    "UWAGI": "",
    "WIEK_CZ_PO": "",
    "WIEK_POWST": "",
    "WYDRUK_LIN": "",
    "ZAJETA_NA_": 1,
    "ZALACZNIKI": "http://172.16.11.22:8085/SOWA2-services/doc/print/65374949/0603.pdf",
    "ZDJECIE_1": "",
    "ZDJECIE_2": "",
    "ZDJECIE_3": "",
    "ZDJECIE_4": "",
    "ZDJECIE_5": "",
    "ZDJECIE_6": "",
    "ZDJECIE_7": "",
    "ZDJECIE_8": "",
    "ZWERYFIKOW": "",
    "ZWIAZANA_Z": 0
   },
   "type": "Feature"
  },
  {
   "geometry": {
    "coordinates": [
     19.92766,
     49.990913
    ],
    "type": "Point"
   },
   "id": 20,
   "properties": {
    "ADRES": "",
    "ATRYBUTY_O": "Nr stanowiska: 607",
    "BUDOWNICZY": "",
    "CHARAKTER": "",
    "DATA_WPISU": null,
    "DATA_WZNIE": "",
    "DZIELNICA": "",
    "FID": 20,
    "FUNKCJA_OB": "",
    "FUNKCJA_PI": "",
    "GDB_AREA": 0,
    "GDB_PRM": 0,
    "GDB_PRMEX": 0,
    "GPT_DATE": null,
    "GPT_USER": "",
    "ID": 31689,
    "IDENT_OBIE": "67872249",
    "ID_ISDP": 0,
    "ID_SPRAWY": 80586499,
    "ID_WARSTWY": "F19_STAN_PNT_OPIS",
    "ISDP_FID": "GDB$G_EOZ_ARCHEOLOGIA_EOZ_A.4d9eef0c-e36a-557a-e055-000000000001",
    "ISTNIEJE": "",
    "KARTA_MAPY": "",
    "LOKALIZACJ": "",
    "MATERIAL": "",
    "NAZWA": "",
    "NUMER": "",
    "NUMER_EWID": "",
    "NUMER_REJ_": "",
    "OBREB": "",
    "REJESTR_TA": "EW_ARCHEOLOGIA",
    "RODZAJE_ZA": "",
    "RODZAJ_OBI": "",
    "RODZAJ_WLA": "",
    "STAN_ZACHO": "",
    "STATUS": "",
    "STYL_OBIEK": "",
    "SYMBOL_EWI": "",
    "SYMBOL_REJ": "",
    "UWAGI": "",
    "WIEK_CZ_PO": "",
    "WIEK_POWST": "",
    "WYDRUK_LIN": "",
    "ZAJETA_NA_": 1,
    "ZALACZNIKI": "http://172.16.11.22:8085/SOWA2-services/doc/print/65375049/0607.pdf",
    "ZDJECIE_1": "",
    "ZDJECIE_2": "",
    "ZDJECIE_3": "",
    "ZDJECIE_4": "",
    "ZDJECIE_5": "",
    "ZDJECIE_6": "",
    "ZDJECIE_7": "",
    "ZDJECIE_8": "",
    "ZWERYFIKOW": "",
    "ZWIAZANA_Z": 0
   },
   "type": "Feature"
  },
  {
   "geometry": {
    "coordinates": [
     19.938169,
     49.998555
    ],
    "type": "Point"
   },
   "id": 21,
   "properties": {
    "ADRES": "",
    "ATRYBUTY_O": "Nr stanowiska: 612",
    "BUDOWNICZY": "",
    "CHARAKTER": "",
    "DATA_WPISU": null,
    "DATA_WZNIE": "",
    "DZIELNICA": "",
    "FID": 21,
    "FUNKCJA_OB": "",
    "FUNKCJA_PI": "",
    "GDB_AREA": 0,
    "GDB_PRM": 0,
    "GDB_PRMEX": 0,
    "GPT_DATE": null,
    "GPT_USER": "",
    "ID": 31692,
    "IDENT_OBIE": "67872399",
    "ID_ISDP": 0,
    "ID_SPRAWY": 80586799,
    "ID_WARSTWY": "F19_STAN_PNT_OPIS",
    "ISDP_FID": "GDB$G_EOZ_ARCHEOLOGIA_EOZ_A.4d9eef0c-e36b-557a-e055-000000000001",
    "ISTNIEJE": "",
    "KARTA_MAPY": "",
    "LOKALIZACJ": "",
    "MATERIAL": "",
    "NAZWA": "",
    "NUMER": "",
    "NUMER_EWID": "",
    "NUMER_REJ_": "",
    "OBREB": "",
    "REJESTR_TA": "EW_ARCHEOLOGIA",
    "RODZAJE_ZA": "",
    "RODZAJ_OBI": "",
    "RODZAJ_WLA": "",
    "STAN_ZACHO": "",
    "STATUS": "",
    "STYL_OBIEK": "",
    "SYMBOL_EWI": "",
    "SYMBOL_REJ": "",
    "UWAGI": "",
    "WIEK_CZ_PO": "",
    "WIEK_POWST": "",
    "WYDRUK_LIN": "",
    "ZAJETA_NA_": 1,
    "ZALACZNIKI": "http://172.16.11.22:8085/SOWA2-services/doc/print/65375199/0612.pdf",
    "ZDJECIE_1": "",
    "ZDJECIE_2": "",
    "ZDJECIE_3": "",
    "ZDJECIE_4": "",
    "ZDJECIE_5": "",
    "ZDJECIE_6": "",
    "ZDJECIE_7": "",
    "ZDJECIE_8": "",
    "ZWERYFIKOW": "",
    "ZWIAZANA_Z": 0
   },
   "type": "Feature"
  },
  {
   "geometry": {
    "coordinates": [
     19.937066,
     49.99016
    ],
    "type": "Point"
   },
   "id": 22,
   "properties": {
    "ADRES": "",
    "ATRYBUTY_O": "Nr stanowiska: 616",
    "BUDOWNICZY": "",
    "CHARAKTER": "",
    "DATA_WPISU": null,
    "DATA_WZNIE": "",
    "DZIELNICA": "",
    "FID": 22,
    "FUNKCJA_OB": "",
    "FUNKCJA_PI": "",
    "GDB_AREA": 0,
    "GDB_PRM": 0,
    "GDB_PRMEX": 0,
    "GPT_DATE": null,
    "GPT_USER": "",
    "ID": 31694,
    "IDENT_OBIE": "67872499",
    "ID_ISDP": 0,
    "ID_SPRAWY": 80586949,
    "ID_WARSTWY": "F19_STAN_PNT_OPIS",
    "ISDP_FID": "GDB$G_EOZ_ARCHEOLOGIA_EOZ_A.4d9eef0c-e36c-557a-e055-000000000001",
    "ISTNIEJE": "",
    "KARTA_MAPY": "",
    "LOKALIZACJ": "",
    "MATERIAL": "",
    "NAZWA": "",
    "NUMER": "",
    "NUMER_EWID": "",
    "NUMER_REJ_": "",
    "OBREB": "",
    "REJESTR_TA": "EW_ARCHEOLOGIA",
    "RODZAJE_ZA": "",
    "RODZAJ_OBI": "",
    "RODZAJ_WLA": "",
    "STAN_ZACHO": "",
    "STATUS": "",
    "STYL_OBIEK": "",
    "SYMBOL_EWI": "",
    "SYMBOL_REJ": "",
    "UWAGI": "",
    "WIEK_CZ_PO": "",
    "WIEK_POWST": "",
    "WYDRUK_LIN": "",
    "ZAJETA_NA_": 1,
    "ZALACZNIKI": "http://172.16.11.22:8085/SOWA2-services/doc/print/65375299/0616.pdf",
    "ZDJECIE_1": "",
    "ZDJECIE_2": "",
    "ZDJECIE_3": "",
    "ZDJECIE_4": "",
    "ZDJECIE_5": "",
    "ZDJECIE_6": "",
    "ZDJECIE_7": "",
    "ZDJECIE_8": "",
    "ZWERYFIKOW": "",
    "ZWIAZANA_Z": 0
   },
   "type": "Feature"
  },
  {
   "geometry": {
    "coordinates": [
     20.039158,
     50.085354
    ],
    "type": "Point"
   },
   "id": 23,
   "properties": {
    "ADRES": "",
    "ATRYBUTY_O": "Nr stanowiska: 684",
    "BUDOWNICZY": "",
    "CHARAKTER": "",
    "DATA_WPISU": null,
    "DATA_WZNIE": "",
    "DZIELNICA": "",
    "FID": 23,
    "FUNKCJA_OB": "",
    "FUNKCJA_PI": "",
    "GDB_AREA": 0,
    "GDB_PRM": 0,
    "GDB_PRMEX": 0,
    "GPT_DATE": null,
    "GPT_USER": "",
    "ID": 31509,
    "IDENT_OBIE": "67863249",
    "ID_ISDP": 0,
    "ID_SPRAWY": 80567049,
    "ID_WARSTWY": "F19_STAN_PNT_OPIS",
    "ISDP_FID": "GDB$G_EOZ_ARCHEOLOGIA_EOZ_A.4d9eef0c-e36d-557a-e055-000000000001",
    "ISTNIEJE": "",
    "KARTA_MAPY": "",
    "LOKALIZACJ": "",
    "MATERIAL": "",
    "NAZWA": "",
    "NUMER": "",
    "NUMER_EWID": "",
    "NUMER_REJ_": "",
    "OBREB": "",
    "REJESTR_TA": "EW_ARCHEOLOGIA",
    "RODZAJE_ZA": "",
    "RODZAJ_OBI": "",
    "RODZAJ_WLA": "",
    "STAN_ZACHO": "",
    "STATUS": "",
    "STYL_OBIEK": "",
    "SYMBOL_EWI": "",
    "SYMBOL_REJ": "",
    "UWAGI": "",
    "WIEK_CZ_PO": "",
    "WIEK_POWST": "",
    "WYDRUK_LIN": "",
    "ZAJETA_NA_": 1,
    "ZALACZNIKI": "http://172.16.11.22:8085/SOWA2-services/doc/print/65375399/0684.pdf",
    "ZDJECIE_1": "",
    "ZDJECIE_2": "",
    "ZDJECIE_3": "",
    "ZDJECIE_4": "",
    "ZDJECIE_5": "",
    "ZDJECIE_6": "",
    "ZDJECIE_7": "",
    "ZDJECIE_8": "",
    "ZWERYFIKOW": "",
    "ZWIAZANA_Z": 0
   },
   "type": "Feature"
  },
  {
   "geometry": {
    "coordinates": [
     20.043333,
     50.077481
    ],
    "type": "Point"
   },
   "id": 24,
   "properties": {
    "ADRES": "",
    "ATRYBUTY_O": "Nr stanowiska: 689",
    "BUDOWNICZY": "",
    "CHARAKTER": "",
    "DATA_WPISU": null,
    "DATA_WZNIE": "",
    "DZIELNICA": "",
    "FID": 24,
    "FUNKCJA_OB": "",
    "FUNKCJA_PI": "",
    "GDB_AREA": 0,
    "GDB_PRM": 0,
    "GDB_PRMEX": 0,
    "GPT_DATE": null,
    "GPT_USER": "",
    "ID": 31545,
    "IDENT_OBIE": "67865049",
    "ID_ISDP": 0,
    "ID_SPRAWY": 80571249,
    "ID_WARSTWY": "F19_STAN_PNT_OPIS",
    "ISDP_FID": "GDB$G_EOZ_ARCHEOLOGIA_EOZ_A.4d9eef0c-e36e-557a-e055-000000000001",
    "ISTNIEJE": "",
    "KARTA_MAPY": "",
    "LOKALIZACJ": "",
    "MATERIAL": "",
    "NAZWA": "",
    "NUMER": "",
    "NUMER_EWID": "",
    "NUMER_REJ_": "",
    "OBREB": "",
    "REJESTR_TA": "EW_ARCHEOLOGIA",
    "RODZAJE_ZA": "",
    "RODZAJ_OBI": "",
    "RODZAJ_WLA": "",
    "STAN_ZACHO": "",
    "STATUS": "",
    "STYL_OBIEK": "",
    "SYMBOL_EWI": "",
    "SYMBOL_REJ": "",
    "UWAGI": "",
    "WIEK_CZ_PO": "",
    "WIEK_POWST": "",
    "WYDRUK_LIN": "",
    "ZAJETA_NA_": 1,
    "ZALACZNIKI": "http://172.16.11.22:8085/SOWA2-services/doc/print/65375549/0689.pdf",
    "ZDJECIE_1": "",
    "ZDJECIE_2": "",
    "ZDJECIE_3": "",
    "ZDJECIE_4": "",
    "ZDJECIE_5": "",
    "ZDJECIE_6": "",
    "ZDJECIE_7": "",
    "ZDJECIE_8": "",
    "ZWERYFIKOW": "",
    "ZWIAZANA_Z": 0
   },
   "type": "Feature"
  },
  {
   "geometry": {
    "coordinates": [
     20.052789,
     50.068451
    ],
    "type": "Point"
   },
   "id": 25,
   "properties": {
    "ADRES": "",
    "ATRYBUTY_O": "Nr stanowiska: 696",
    "BUDOWNICZY": "",
    "CHARAKTER": "",
    "DATA_WPISU": null,
    "DATA_WZNIE": "",
    "DZIELNICA": "",
    "FID": 25,
    "FUNKCJA_OB": "",
    "FUNKCJA_PI": "",
    "GDB_AREA": 0,
    "GDB_PRM": 0,
    "GDB_PRMEX": 0,
    "GPT_DATE": null,
    "GPT_USER": "",
    "ID": 31543,
    "IDENT_OBIE": "67864949",
    "ID_ISDP": 0,
    "ID_SPRAWY": 80570599,
    "ID_WARSTWY": "F19_STAN_PNT_OPIS",
    "ISDP_FID": "GDB$G_EOZ_ARCHEOLOGIA_EOZ_A.4d9eef0c-e36f-557a-e055-000000000001",
    "ISTNIEJE": "",
    "KARTA_MAPY": "",
    "LOKALIZACJ": "",
    "MATERIAL": "",
    "NAZWA": "",
    "NUMER": "",
    "NUMER_EWID": "",
    "NUMER_REJ_": "",
    "OBREB": "",
    "REJESTR_TA": "EW_ARCHEOLOGIA",
    "RODZAJE_ZA": "",
    "RODZAJ_OBI": "",
    "RODZAJ_WLA": "",
    "STAN_ZACHO": "",
    "STATUS": "",
    "STYL_OBIEK": "",
    "SYMBOL_EWI": "",
    "SYMBOL_REJ": "",
    "UWAGI": "",
    "WIEK_CZ_PO": "",
    "WIEK_POWST": "",
    "WYDRUK_LIN": "",
    "ZAJETA_NA_": 1,
    "ZALACZNIKI": "http://172.16.11.22:8085/SOWA2-services/doc/print/65375649/0696.pdf",
    "ZDJECIE_1": "",
    "ZDJECIE_2": "",
    "ZDJECIE_3": "",
    "ZDJECIE_4": "",
    "ZDJECIE_5": "",
    "ZDJECIE_6": "",
    "ZDJECIE_7": "",
    "ZDJECIE_8": "",
    "ZWERYFIKOW": "",
    "ZWIAZANA_Z": 0
   },
   "type": "Feature"
  },
  {
   "geometry": {
    "coordinates": [
     20.169673,
     50.064165
    ],
    "type": "Point"
   },
   "id": 26,
   "properties": {
    "ADRES": "",
    "ATRYBUTY_O": "Nr stanowiska: 754",
    "BUDOWNICZY": "",
    "CHARAKTER": "",
    "DATA_WPISU": null,
    "DATA_WZNIE": "",
    "DZIELNICA": "",
    "FID": 26,
    "FUNKCJA_OB": "",
    "FUNKCJA_PI": "",
    "GDB_AREA": 0,
    "GDB_PRM": 0,
    "GDB_PRMEX": 0,
    "GPT_DATE": null,
    "GPT_USER": "",
    "ID": 31552,
    "IDENT_OBIE": "67865399",
    "ID_ISDP": 0,
    "ID_SPRAWY": 80572549,
    "ID_WARSTWY": "F19_STAN_PNT_OPIS",
    "ISDP_FID": "GDB$G_EOZ_ARCHEOLOGIA_EOZ_A.4d9eef0c-e370-557a-e055-000000000001",
    "ISTNIEJE": "",
    "KARTA_MAPY": "",
    "LOKALIZACJ": "",
    "MATERIAL": "",
    "NAZWA": "",
    "NUMER": "",
    "NUMER_EWID": "",
    "NUMER_REJ_": "",
    "OBREB": "",
    "REJESTR_TA": "EW_ARCHEOLOGIA",
    "RODZAJE_ZA": "",
    "RODZAJ_OBI": "",
    "RODZAJ_WLA": "",
    "STAN_ZACHO": "",
    "STATUS": "",
    "STYL_OBIEK": "",
    "SYMBOL_EWI": "",
    "SYMBOL_REJ": "",
    "UWAGI": "",
    "WIEK_CZ_PO": "",
    "WIEK_POWST": "",
    "WYDRUK_LIN": "",
    "ZAJETA_NA_": 1,
    "ZALACZNIKI": "http://172.16.11.22:8085/SOWA2-services/doc/print/65375899/0754.pdf",
    "ZDJECIE_1": "",
    "ZDJECIE_2": "",
    "ZDJECIE_3": "",
    "ZDJECIE_4": "",
    "ZDJECIE_5": "",
    "ZDJECIE_6": "",
    "ZDJECIE_7": "",
    "ZDJECIE_8": "",
    "ZWERYFIKOW": "",
    "ZWIAZANA_Z": 0
   },
   "type": "Feature"
  },
  {
   "geometry": {
    "coordinates": [
     20.173599,
     50.103482
    ],
    "type": "Point"
   },
   "id": 27,
   "properties": {
    "ADRES": "",
    "ATRYBUTY_O": "Nr stanowiska: 775",
    "BUDOWNICZY": "",
    "CHARAKTER": "",
    "DATA_WPISU": null,
    "DATA_WZNIE": "",
    "DZIELNICA": "",
    "FID": 27,
    "FUNKCJA_OB": "",
    "FUNKCJA_PI": "",
    "GDB_AREA": 0,
    "GDB_PRM": 0,
    "GDB_PRMEX": 0,
    "GPT_DATE": null,
    "GPT_USER": "",
    "ID": 31517,
    "IDENT_OBIE": "67863649",
    "ID_ISDP": 0,
    "ID_SPRAWY": 80567949,
    "ID_WARSTWY": "F19_STAN_PNT_OPIS",
    "ISDP_FID": "GDB$G_EOZ_ARCHEOLOGIA_EOZ_A.4d9eef0c-e371-557a-e055-000000000001",
    "ISTNIEJE": "",
    "KARTA_MAPY": "",
    "LOKALIZACJ": "",
    "MATERIAL": "",
    "NAZWA": "",
    "NUMER": "",
    "NUMER_EWID": "",
    "NUMER_REJ_": "",
    "OBREB": "",
    "REJESTR_TA": "EW_ARCHEOLOGIA",
    "RODZAJE_ZA": "",
    "RODZAJ_OBI": "",
    "RODZAJ_WLA": "",
    "STAN_ZACHO": "",
    "STATUS": "",
    "STYL_OBIEK": "",
    "SYMBOL_EWI": "",
    "SYMBOL_REJ": "",
    "UWAGI": "",
    "WIEK_CZ_PO": "",
    "WIEK_POWST": "",
    "WYDRUK_LIN": "",
    "ZAJETA_NA_": 1,
    "ZALACZNIKI": "http://172.16.11.22:8085/SOWA2-services/doc/print/65375949/0775.pdf",
    "ZDJECIE_1": "",
    "ZDJECIE_2": "",
    "ZDJECIE_3": "",
    "ZDJECIE_4": "",
    "ZDJECIE_5": "",
    "ZDJECIE_6": "",
    "ZDJECIE_7": "",
    "ZDJECIE_8": "",
    "ZWERYFIKOW": "",
    "ZWIAZANA_Z": 0
   },
   "type": "Feature"
  },
  {
   "geometry": {
    "coordinates": [
     20.167244,
     50.102566
    ],
    "type": "Point"
   },
   "id": 28,
   "properties": {
    "ADRES": "",
    "ATRYBUTY_O": "Nr stanowiska: 779",
    "BUDOWNICZY": "",
    "CHARAKTER": "",
    "DATA_WPISU": null,
    "DATA_WZNIE": "",
    "DZIELNICA": "",
    "FID": 28,
    "FUNKCJA_OB": "",
    "FUNKCJA_PI": "",
    "GDB_AREA": 0,
    "GDB_PRM": 0,
    "GDB_PRMEX": 0,
    "GPT_DATE": null,
    "GPT_USER": "",
    "ID": 31520,
    "IDENT_OBIE": "67863799",
    "ID_ISDP": 0,
    "ID_SPRAWY": 80568249,
    "ID_WARSTWY": "F19_STAN_PNT_OPIS",
    "ISDP_FID": "GDB$G_EOZ_ARCHEOLOGIA_EOZ_A.4d9eef0c-e372-557a-e055-000000000001",
    "ISTNIEJE": "",
    "KARTA_MAPY": "",
    "LOKALIZACJ": "",
    "MATERIAL": "",
    "NAZWA": "",
    "NUMER": "",
    "NUMER_EWID": "",
    "NUMER_REJ_": "",
    "OBREB": "",
    "REJESTR_TA": "EW_ARCHEOLOGIA",
    "RODZAJE_ZA": "",
    "RODZAJ_OBI": "",
    "RODZAJ_WLA": "",
    "STAN_ZACHO": "",
    "STATUS": "",
    "STYL_OBIEK": "",
    "SYMBOL_EWI": "",
    "SYMBOL_REJ": "",
    "UWAGI": "",
    "WIEK_CZ_PO": "",
    "WIEK_POWST": "",
    "WYDRUK_LIN": "",
    "ZAJETA_NA_": 1,
    "ZALACZNIKI": "http://172.16.11.22:8085/SOWA2-services/doc/print/65376049/0779.pdf",
    "ZDJECIE_1": "",
    "ZDJECIE_2": "",
    "ZDJECIE_3": "",
    "ZDJECIE_4": "",
    "ZDJECIE_5": "",
    "ZDJECIE_6": "",
    "ZDJECIE_7": "",
    "ZDJECIE_8": "",
    "ZWERYFIKOW": "",
    "ZWIAZANA_Z": 0
   },
   "type": "Feature"
  },
  {
   "geometry": {
    "coordinates": [
     20.179545,
     50.108515
    ],
    "type": "Point"
   },
   "id": 29,
   "properties": {
    "ADRES": "",
    "ATRYBUTY_O": "Nr stanowiska: 799",
    "BUDOWNICZY": "",
    "CHARAKTER": "",
    "DATA_WPISU": null,
    "DATA_WZNIE": "",
    "DZIELNICA": "",
    "FID": 29,
    "FUNKCJA_OB": "",
    "FUNKCJA_PI": "",
    "GDB_AREA": 0,
    "GDB_PRM": 0,
    "GDB_PRMEX": 0,
    "GPT_DATE": null,
    "GPT_USER": "",
    "ID": 31522,
    "IDENT_OBIE": "67863899",
    "ID_ISDP": 0,
    "ID_SPRAWY": 80568349,
    "ID_WARSTWY": "F19_STAN_PNT_OPIS",
    "ISDP_FID": "GDB$G_EOZ_ARCHEOLOGIA_EOZ_A.4d9eef0c-e373-557a-e055-000000000001",
    "ISTNIEJE": "",
    "KARTA_MAPY": "",
    "LOKALIZACJ": "",
    "MATERIAL": "",
    "NAZWA": "",
    "NUMER": "",
    "NUMER_EWID": "",
    "NUMER_REJ_": "",
    "OBREB": "",
    "REJESTR_TA": "EW_ARCHEOLOGIA",
    "RODZAJE_ZA": "",
    "RODZAJ_OBI": "",
    "RODZAJ_WLA": "",
    "STAN_ZACHO": "",
    "STATUS": "",
    "STYL_OBIEK": "",
    "SYMBOL_EWI": "",
    "SYMBOL_REJ": "",
    "UWAGI": "",
    "WIEK_CZ_PO": "",
    "WIEK_POWST": "",
    "WYDRUK_LIN": "",
    "ZAJETA_NA_": 1,
    "ZALACZNIKI": "http://172.16.11.22:8085/SOWA2-services/doc/print/65376549/0799.pdf",
    "ZDJECIE_1": "",
    "ZDJECIE_2": "",
    "ZDJECIE_3": "",
    "ZDJECIE_4": "",
    "ZDJECIE_5": "",
    "ZDJECIE_6": "",
    "ZDJECIE_7": "",
    "ZDJECIE_8": "",
    "ZWERYFIKOW": "",
    "ZWIAZANA_Z": 0
   },
   "type": "Feature"
  },
  {
   "geometry": {
    "coordinates": [
     20.142687,
     50.101946
    ],
    "type": "Point"
   },
   "id": 30,
   "properties": {
    "ADRES": "",
    "ATRYBUTY_O": "Nr stanowiska: 802",
    "BUDOWNICZY": "",
    "CHARAKTER": "",
    "DATA_WPISU": null,
    "DATA_WZNIE": "",
    "DZIELNICA": "",
    "FID": 30,
    "FUNKCJA_OB": "",
    "FUNKCJA_PI": "",
    "GDB_AREA": 0,
    "GDB_PRM": 0,
    "GDB_PRMEX": 0,
    "GPT_DATE": null,
    "GPT_USER": "",
    "ID": 31551,
    "IDENT_OBIE": "67865349",
    "ID_ISDP": 0,
    "ID_SPRAWY": 80572399,
    "ID_WARSTWY": "F19_STAN_PNT_OPIS",
    "ISDP_FID": "GDB$G_EOZ_ARCHEOLOGIA_EOZ_A.4d9eef0c-e374-557a-e055-000000000001",
    "ISTNIEJE": "",
    "KARTA_MAPY": "",
    "LOKALIZACJ": "",
    "MATERIAL": "",
    "NAZWA": "",
    "NUMER": "",
    "NUMER_EWID": "",
    "NUMER_REJ_": "",
    "OBREB": "",
    "REJESTR_TA": "EW_ARCHEOLOGIA",
    "RODZAJE_ZA": "",
    "RODZAJ_OBI": "",
    "RODZAJ_WLA": "",
    "STAN_ZACHO": "",
    "STATUS": "",
    "STYL_OBIEK": "",
    "SYMBOL_EWI": "",
    "SYMBOL_REJ": "",
    "UWAGI": "",
    "WIEK_CZ_PO": "",
    "WIEK_POWST": "",
    "WYDRUK_LIN": "",
    "ZAJETA_NA_": 1,
    "ZALACZNIKI": "http://172.16.11.22:8085/SOWA2-services/doc/print/65376649/0802.pdf",
    "ZDJECIE_1": "",
    "ZDJECIE_2": "",
    "ZDJECIE_3": "",
    "ZDJECIE_4": "",
    "ZDJECIE_5": "",
    "ZDJECIE_6": "",
    "ZDJECIE_7": "",
    "ZDJECIE_8": "",
    "ZWERYFIKOW": "",
    "ZWIAZANA_Z": 0
   },
   "type": "Feature"
  },
  {
   "geometry": {
    "coordinates": [
     20.119966,
     50.099837
    ],
    "type": "Point"
   },
   "id": 31,
   "properties": {
    "ADRES": "",
    "ATRYBUTY_O": "Nr stanowiska: 806",
    "BUDOWNICZY": "",
    "CHARAKTER": "",
    "DATA_WPISU": null,
    "DATA_WZNIE": "",
    "DZIELNICA": "",
    "FID": 31,
    "FUNKCJA_OB": "",
    "FUNKCJA_PI": "",
    "GDB_AREA": 0,
    "GDB_PRM": 0,
    "GDB_PRMEX": 0,
    "GPT_DATE": null,
    "GPT_USER": "",
    "ID": 31550,
    "IDENT_OBIE": "67865299",
    "ID_ISDP": 0,
    "ID_SPRAWY": 80572349,
    "ID_WARSTWY": "F19_STAN_PNT_OPIS",
    "ISDP_FID": "GDB$G_EOZ_ARCHEOLOGIA_EOZ_A.4d9eef0c-e375-557a-e055-000000000001",
    "ISTNIEJE": "",
    "KARTA_MAPY": "",
    "LOKALIZACJ": "",
    "MATERIAL": "",
    "NAZWA": "",
    "NUMER": "",
    "NUMER_EWID": "",
    "NUMER_REJ_": "",
    "OBREB": "",
    "REJESTR_TA": "EW_ARCHEOLOGIA",
    "RODZAJE_ZA": "",
    "RODZAJ_OBI": "",
    "RODZAJ_WLA": "",
    "STAN_ZACHO": "",
    "STATUS": "",
    "STYL_OBIEK": "",
    "SYMBOL_EWI": "",
    "SYMBOL_REJ": "",
    "UWAGI": "",
    "WIEK_CZ_PO": "",
    "WIEK_POWST": "",
    "WYDRUK_LIN": "",
    "ZAJETA_NA_": 1,
    "ZALACZNIKI": "http://172.16.11.22:8085/SOWA2-services/doc/print/65376749/0806.pdf",
    "ZDJECIE_1": "",
    "ZDJECIE_2": "",
    "ZDJECIE_3": "",
    "ZDJECIE_4": "",
    "ZDJECIE_5": "",
    "ZDJECIE_6": "",
    "ZDJECIE_7": "",
    "ZDJECIE_8": "",
    "ZWERYFIKOW": "",
    "ZWIAZANA_Z": 0
   },
   "type": "Feature"
  },
  {
   "geometry": {
    "coordinates": [
     20.126661,
     50.104417
    ],
    "type": "Point"
   },
   "id": 32,
   "properties": {
    "ADRES": "",
    "ATRYBUTY_O": "Nr stanowiska: 815",
    "BUDOWNICZY": "",
    "CHARAKTER": "",
    "DATA_WPISU": null,
    "DATA_WZNIE": "",
    "DZIELNICA": "",
    "FID": 32,
    "FUNKCJA_OB": "",
    "FUNKCJA_PI": "",
    "GDB_AREA": 0,
    "GDB_PRM": 0,
    "GDB_PRMEX": 0,
    "GPT_DATE": null,
    "GPT_USER": "",
    "ID": 31548,
    "IDENT_OBIE": "67865199",
    "ID_ISDP": 0,
    "ID_SPRAWY": 80572199,
    "ID_WARSTWY": "F19_STAN_PNT_OPIS",
    "ISDP_FID": "GDB$G_EOZ_ARCHEOLOGIA_EOZ_A.4d9eef0c-e376-557a-e055-000000000001",
    "ISTNIEJE": "",
    "KARTA_MAPY": "",
    "LOKALIZACJ": "",
    "MATERIAL": "",
    "NAZWA": "",
    "NUMER": "",
    "NUMER_EWID": "",
    "NUMER_REJ_": "",
    "OBREB": "",
    "REJESTR_TA": "EW_ARCHEOLOGIA",
    "RODZAJE_ZA": "",
    "RODZAJ_OBI": "",
    "RODZAJ_WLA": "",
    "STAN_ZACHO": "",
    "STATUS": "",
    "STYL_OBIEK": "",
    "SYMBOL_EWI": "",
    "SYMBOL_REJ": "",
    "UWAGI": "",
    "WIEK_CZ_PO": "",
    "WIEK_POWST": "",
    "WYDRUK_LIN": "",
    "ZAJETA_NA_": 1,
    "ZALACZNIKI": "http://172.16.11.22:8085/SOWA2-services/doc/print/65376949/0815.pdf",
    "ZDJECIE_1": "",
    "ZDJECIE_2": "",
    "ZDJECIE_3": "",
    "ZDJECIE_4": "",
    "ZDJECIE_5": "",
    "ZDJECIE_6": "",
    "ZDJECIE_7": "",
    "ZDJECIE_8": "",
    "ZWERYFIKOW": "",
    "ZWIAZANA_Z": 0
   },
   "type": "Feature"
  },
  {
   "geometry": {
    "coordinates": [
     20.074234,
     50.110797
    ],
    "type": "Point"
   },
   "id": 33,
   "properties": {
    "ADRES": "",
    "ATRYBUTY_O": "Nr stanowiska: 820",
    "BUDOWNICZY": "",
    "CHARAKTER": "",
    "DATA_WPISU": null,
    "DATA_WZNIE": "",
    "DZIELNICA": "",
    "FID": 33,
    "FUNKCJA_OB": "",
    "FUNKCJA_PI": "",
    "GDB_AREA": 0,
    "GDB_PRM": 0,
    "GDB_PRMEX": 0,
    "GPT_DATE": null,
    "GPT_USER": "",
    "ID": 31524,
    "IDENT_OBIE": "67863999",
    "ID_ISDP": 0,
    "ID_SPRAWY": 80568499,
    "ID_WARSTWY": "F19_STAN_PNT_OPIS",
    "ISDP_FID": "GDB$G_EOZ_ARCHEOLOGIA_EOZ_A.4d9eef0c-e377-557a-e055-000000000001",
    "ISTNIEJE": "",
    "KARTA_MAPY": "",
    "LOKALIZACJ": "",
    "MATERIAL": "",
    "NAZWA": "",
    "NUMER": "",
    "NUMER_EWID": "",
    "NUMER_REJ_": "",
    "OBREB": "",
    "REJESTR_TA": "EW_ARCHEOLOGIA",
    "RODZAJE_ZA": "",
    "RODZAJ_OBI": "",
    "RODZAJ_WLA": "",
    "STAN_ZACHO": "",
    "STATUS": "",
    "STYL_OBIEK": "",
    "SYMBOL_EWI": "",
    "SYMBOL_REJ": "",
    "UWAGI": "",
    "WIEK_CZ_PO": "",
    "WIEK_POWST": "",
    "WYDRUK_LIN": "",
    "ZAJETA_NA_": 1,
    "ZALACZNIKI": "http://172.16.11.22:8085/SOWA2-services/doc/print/65377049/0820.pdf",
    "ZDJECIE_1": "",
    "ZDJECIE_2": "",
    "ZDJECIE_3": "",
    "ZDJECIE_4": "",
    "ZDJECIE_5": "",
    "ZDJECIE_6": "",
    "ZDJECIE_7": "",
    "ZDJECIE_8": "",
    "ZWERYFIKOW": "",
    "ZWIAZANA_Z": 0
   },
   "type": "Feature"
  },
  {
   "geometry": {
    "coordinates": [
     20.088453,
     50.110792
    ],
    "type": "Point"
   },
   "id": 34,
   "properties": {
    "ADRES": "",
    "ATRYBUTY_O": "Nr stanowiska: 821",
    "BUDOWNICZY": "",
    "CHARAKTER": "",
    "DATA_WPISU": null,
    "DATA_WZNIE": "",
    "DZIELNICA": "",
    "FID": 34,
    "FUNKCJA_OB": "",
    "FUNKCJA_PI": "",
    "GDB_AREA": 0,
    "GDB_PRM": 0,
    "GDB_PRMEX": 0,
    "GPT_DATE": null,
    "GPT_USER": "",
    "ID": 31532,
    "IDENT_OBIE": "67864399",
    "ID_ISDP": 0,
    "ID_SPRAWY": 80569449,
    "ID_WARSTWY": "F19_STAN_PNT_OPIS",
    "ISDP_FID": "GDB$G_EOZ_ARCHEOLOGIA_EOZ_A.4d9eef0c-e378-557a-e055-000000000001",
    "ISTNIEJE": "",
    "KARTA_MAPY": "",
    "LOKALIZACJ": "",
    "MATERIAL": "",
    "NAZWA": "",
    "NUMER": "",
    "NUMER_EWID": "",
    "NUMER_REJ_": "",
    "OBREB": "",
    "REJESTR_TA": "EW_ARCHEOLOGIA",
    "RODZAJE_ZA": "",
    "RODZAJ_OBI": "",
    "RODZAJ_WLA": "",
    "STAN_ZACHO": "",
    "STATUS": "",
    "STYL_OBIEK": "",
    "SYMBOL_EWI": "",
    "SYMBOL_REJ": "",
    "UWAGI": "",
    "WIEK_CZ_PO": "",
    "WIEK_POWST": "",
    "WYDRUK_LIN": "",
    "ZAJETA_NA_": 1,
    "ZALACZNIKI": "http://172.16.11.22:8085/SOWA2-services/doc/print/65377099/0821.pdf",
    "ZDJECIE_1": "",
    "ZDJECIE_2": "",
    "ZDJECIE_3": "",
    "ZDJECIE_4": "",
    "ZDJECIE_5": "",
    "ZDJECIE_6": "",
    "ZDJECIE_7": "",
    "ZDJECIE_8": "",
    "ZWERYFIKOW": "",
    "ZWIAZANA_Z": 0
   },
   "type": "Feature"
  },
  {
   "geometry": {
    "coordinates": [
     20.115036,
     50.11425
    ],
    "type": "Point"
   },
   "id": 35,
   "properties": {
    "ADRES": "",
    "ATRYBUTY_O": "Nr stanowiska: 823",
    "BUDOWNICZY": "",
    "CHARAKTER": "",
    "DATA_WPISU": null,
    "DATA_WZNIE": "",
    "DZIELNICA": "",
    "FID": 35,
    "FUNKCJA_OB": "",
    "FUNKCJA_PI": "",
    "GDB_AREA": 0,
    "GDB_PRM": 0,
    "GDB_PRMEX": 0,
    "GPT_DATE": null,
    "GPT_USER": "",
    "ID": 31537,
    "IDENT_OBIE": "67864649",
    "ID_ISDP": 0,
    "ID_SPRAWY": 80569849,
    "ID_WARSTWY": "F19_STAN_PNT_OPIS",
    "ISDP_FID": "GDB$G_EOZ_ARCHEOLOGIA_EOZ_A.4d9eef0c-e379-557a-e055-000000000001",
    "ISTNIEJE": "",
    "KARTA_MAPY": "",
    "LOKALIZACJ": "",
    "MATERIAL": "",
    "NAZWA": "",
    "NUMER": "",
    "NUMER_EWID": "",
    "NUMER_REJ_": "",
    "OBREB": "",
    "REJESTR_TA": "EW_ARCHEOLOGIA",
    "RODZAJE_ZA": "",
    "RODZAJ_OBI": "",
    "RODZAJ_WLA": "",
    "STAN_ZACHO": "",
    "STATUS": "",
    "STYL_OBIEK": "",
    "SYMBOL_EWI": "",
    "SYMBOL_REJ": "",
    "UWAGI": "",
    "WIEK_CZ_PO": "",
    "WIEK_POWST": "",
    "WYDRUK_LIN": "",
    "ZAJETA_NA_": 1,
    "ZALACZNIKI": "http://172.16.11.22:8085/SOWA2-services/doc/print/65377199/0823.pdf",
    "ZDJECIE_1": "",
    "ZDJECIE_2": "",
    "ZDJECIE_3": "",
    "ZDJECIE_4": "",
    "ZDJECIE_5": "",
    "ZDJECIE_6": "",
    "ZDJECIE_7": "",
    "ZDJECIE_8": "",
    "ZWERYFIKOW": "",
    "ZWIAZANA_Z": 0
   },
   "type": "Feature"
  },
  {
   "geometry": {
    "coordinates": [
     20.110112,
     50.115937
    ],
    "type": "Point"
   },
   "id": 36,
   "properties": {
    "ADRES": "",
    "ATRYBUTY_O": "Nr stanowiska: 826",
    "BUDOWNICZY": "",
    "CHARAKTER": "",
    "DATA_WPISU": null,
    "DATA_WZNIE": "",
    "DZIELNICA": "",
    "FID": 36,
    "FUNKCJA_OB": "",
    "FUNKCJA_PI": "",
    "GDB_AREA": 0,
    "GDB_PRM": 0,
    "GDB_PRMEX": 0,
    "GPT_DATE": null,
    "GPT_USER": "",
    "ID": 31536,
    "IDENT_OBIE": "67864599",
    "ID_ISDP": 0,
    "ID_SPRAWY": 80569799,
    "ID_WARSTWY": "F19_STAN_PNT_OPIS",
    "ISDP_FID": "GDB$G_EOZ_ARCHEOLOGIA_EOZ_A.4d9eef0c-e37a-557a-e055-000000000001",
    "ISTNIEJE": "",
    "KARTA_MAPY": "",
    "LOKALIZACJ": "",
    "MATERIAL": "",
    "NAZWA": "",
    "NUMER": "",
    "NUMER_EWID": "",
    "NUMER_REJ_": "",
    "OBREB": "",
    "REJESTR_TA": "EW_ARCHEOLOGIA",
    "RODZAJE_ZA": "",
    "RODZAJ_OBI": "",
    "RODZAJ_WLA": "",
    "STAN_ZACHO": "",
    "STATUS": "",
    "STYL_OBIEK": "",
    "SYMBOL_EWI": "",
    "SYMBOL_REJ": "",
    "UWAGI": "",
    "WIEK_CZ_PO": "",
    "WIEK_POWST": "",
    "WYDRUK_LIN": "",
    "ZAJETA_NA_": 1,
    "ZALACZNIKI": "http://172.16.11.22:8085/SOWA2-services/doc/print/65377349/0826.pdf",
    "ZDJECIE_1": "",
    "ZDJECIE_2": "",
    "ZDJECIE_3": "",
    "ZDJECIE_4": "",
    "ZDJECIE_5": "",
    "ZDJECIE_6": "",
    "ZDJECIE_7": "",
    "ZDJECIE_8": "",
    "ZWERYFIKOW": "",
    "ZWIAZANA_Z": 0
   },
   "type": "Feature"
  },
  {
   "geometry": {
    "coordinates": [
     19.941393,
     49.992451
    ],
    "type": "Point"
   },
   "id": 37,
   "properties": {
    "ADRES": "",
    "ATRYBUTY_O": "Nr stanowiska: 609",
    "BUDOWNICZY": "",
    "CHARAKTER": "",
    "DATA_WPISU": null,
    "DATA_WZNIE": "",
    "DZIELNICA": "",
    "FID": 37,
    "FUNKCJA_OB": "",
    "FUNKCJA_PI": "",
    "GDB_AREA": 0,
    "GDB_PRM": 0,
    "GDB_PRMEX": 0,
    "GPT_DATE": null,
    "GPT_USER": "",
    "ID": 31690,
    "IDENT_OBIE": "67872299",
    "ID_ISDP": 0,
    "ID_SPRAWY": 80586599,
    "ID_WARSTWY": "F19_STAN_PNT_OPIS",
    "ISDP_FID": "GDB$G_EOZ_ARCHEOLOGIA_EOZ_A.4d9eef0c-e0f9-557a-e055-000000000001",
    "ISTNIEJE": "",
    "KARTA_MAPY": "",
    "LOKALIZACJ": "",
    "MATERIAL": "",
    "NAZWA": "",
    "NUMER": "",
    "NUMER_EWID": "",
    "NUMER_REJ_": "",
    "OBREB": "",
    "REJESTR_TA": "EW_ARCHEOLOGIA",
    "RODZAJE_ZA": "",
    "RODZAJ_OBI": "",
    "RODZAJ_WLA": "",
    "STAN_ZACHO": "",
    "STATUS": "",
    "STYL_OBIEK": "",
    "SYMBOL_EWI": "",
    "SYMBOL_REJ": "",
    "UWAGI": "",
    "WIEK_CZ_PO": "",
    "WIEK_POWST": "",
    "WYDRUK_LIN": "",
    "ZAJETA_NA_": 1,
    "ZALACZNIKI": "http://172.16.11.22:8085/SOWA2-services/doc/print/65375099/0609.pdf",
    "ZDJECIE_1": "",
    "ZDJECIE_2": "",
    "ZDJECIE_3": "",
    "ZDJECIE_4": "",
    "ZDJECIE_5": "",
    "ZDJECIE_6": "",
    "ZDJECIE_7": "",
    "ZDJECIE_8": "",
    "ZWERYFIKOW": "",
    "ZWIAZANA_Z": 0
   },
   "type": "Feature"
  },
  {
   "geometry": {
    "coordinates": [
     19.934747,
     49.996767
    ],
    "type": "Point"
   },
   "id": 38,
   "properties": {
    "ADRES": "",
    "ATRYBUTY_O": "Nr stanowiska: 611",
    "BUDOWNICZY": "",
    "CHARAKTER": "",
    "DATA_WPISU": null,
    "DATA_WZNIE": "",
    "DZIELNICA": "",
    "FID": 38,
    "FUNKCJA_OB": "",
    "FUNKCJA_PI": "",
    "GDB_AREA": 0,
    "GDB_PRM": 0,
    "GDB_PRMEX": 0,
    "GPT_DATE": null,
    "GPT_USER": "",
    "ID": 31691,
    "IDENT_OBIE": "67872349",
    "ID_ISDP": 0,
    "ID_SPRAWY": 80586749,
    "ID_WARSTWY": "F19_STAN_PNT_OPIS",
    "ISDP_FID": "GDB$G_EOZ_ARCHEOLOGIA_EOZ_A.4d9eef0c-e0fa-557a-e055-000000000001",
    "ISTNIEJE": "",
    "KARTA_MAPY": "",
    "LOKALIZACJ": "",
    "MATERIAL": "",
    "NAZWA": "",
    "NUMER": "",
    "NUMER_EWID": "",
    "NUMER_REJ_": "",
    "OBREB": "",
    "REJESTR_TA": "EW_ARCHEOLOGIA",
    "RODZAJE_ZA": "",
    "RODZAJ_OBI": "",
    "RODZAJ_WLA": "",
    "STAN_ZACHO": "",
    "STATUS": "",
    "STYL_OBIEK": "",
    "SYMBOL_EWI": "",
    "SYMBOL_REJ": "",
    "UWAGI": "",
    "WIEK_CZ_PO": "",
    "WIEK_POWST": "",
    "WYDRUK_LIN": "",
    "ZAJETA_NA_": 1,
    "ZALACZNIKI": "http://172.16.11.22:8085/SOWA2-services/doc/print/65375149/0611.pdf",
    "ZDJECIE_1": "",
    "ZDJECIE_2": "",
    "ZDJECIE_3": "",
    "ZDJECIE_4": "",
    "ZDJECIE_5": "",
    "ZDJECIE_6": "",
    "ZDJECIE_7": "",
    "ZDJECIE_8": "",
    "ZWERYFIKOW": "",
    "ZWIAZANA_Z": 0
   },
   "type": "Feature"
  },
  {
   "geometry": {
    "coordinates": [
     19.945321,
     49.999047
    ],
    "type": "Point"
   },
   "id": 39,
   "properties": {
    "ADRES": "",
    "ATRYBUTY_O": "Nr stanowiska: 615",
    "BUDOWNICZY": "",
    "CHARAKTER": "",
    "DATA_WPISU": null,
    "DATA_WZNIE": "",
    "DZIELNICA": "",
    "FID": 39,
    "FUNKCJA_OB": "",
    "FUNKCJA_PI": "",
    "GDB_AREA": 0,
    "GDB_PRM": 0,
    "GDB_PRMEX": 0,
    "GPT_DATE": null,
    "GPT_USER": "",
    "ID": 31693,
    "IDENT_OBIE": "67872449",
    "ID_ISDP": 0,
    "ID_SPRAWY": 80586899,
    "ID_WARSTWY": "F19_STAN_PNT_OPIS",
    "ISDP_FID": "GDB$G_EOZ_ARCHEOLOGIA_EOZ_A.4d9eef0c-e0fb-557a-e055-000000000001",
    "ISTNIEJE": "",
    "KARTA_MAPY": "",
    "LOKALIZACJ": "",
    "MATERIAL": "",
    "NAZWA": "",
    "NUMER": "",
    "NUMER_EWID": "",
    "NUMER_REJ_": "",
    "OBREB": "",
    "REJESTR_TA": "EW_ARCHEOLOGIA",
    "RODZAJE_ZA": "",
    "RODZAJ_OBI": "",
    "RODZAJ_WLA": "",
    "STAN_ZACHO": "",
    "STATUS": "",
    "STYL_OBIEK": "",
    "SYMBOL_EWI": "",
    "SYMBOL_REJ": "",
    "UWAGI": "",
    "WIEK_CZ_PO": "",
    "WIEK_POWST": "",
    "WYDRUK_LIN": "",
    "ZAJETA_NA_": 1,
    "ZALACZNIKI": "http://172.16.11.22:8085/SOWA2-services/doc/print/65375249/0615.pdf",
    "ZDJECIE_1": "",
    "ZDJECIE_2": "",
    "ZDJECIE_3": "",
    "ZDJECIE_4": "",
    "ZDJECIE_5": "",
    "ZDJECIE_6": "",
    "ZDJECIE_7": "",
    "ZDJECIE_8": "",
    "ZWERYFIKOW": "",
    "ZWIAZANA_Z": 0
   },
   "type": "Feature"
  },
  {
   "geometry": {
    "coordinates": [
     19.933338,
     49.989639
    ],
    "type": "Point"
   },
   "id": 40,
   "properties": {
    "ADRES": "",
    "ATRYBUTY_O": "Nr stanowiska: 617",
    "BUDOWNICZY": "",
    "CHARAKTER": "",
    "DATA_WPISU": null,
    "DATA_WZNIE": "",
    "DZIELNICA": "",
    "FID": 40,
    "FUNKCJA_OB": "",
    "FUNKCJA_PI": "",
    "GDB_AREA": 0,
    "GDB_PRM": 0,
    "GDB_PRMEX": 0,
    "GPT_DATE": null,
    "GPT_USER": "",
    "ID": 31695,
    "IDENT_OBIE": "67872549",
    "ID_ISDP": 0,
    "ID_SPRAWY": 80586999,
    "ID_WARSTWY": "F19_STAN_PNT_OPIS",
    "ISDP_FID": "GDB$G_EOZ_ARCHEOLOGIA_EOZ_A.4d9eef0c-e0fc-557a-e055-000000000001",
    "ISTNIEJE": "",
    "KARTA_MAPY": "",
    "LOKALIZACJ": "",
    "MATERIAL": "",
    "NAZWA": "",
    "NUMER": "",
    "NUMER_EWID": "",
    "NUMER_REJ_": "",
    "OBREB": "",
    "REJESTR_TA": "EW_ARCHEOLOGIA",
    "RODZAJE_ZA": "",
    "RODZAJ_OBI": "",
    "RODZAJ_WLA": "",
    "STAN_ZACHO": "",
    "STATUS": "",
    "STYL_OBIEK": "",
    "SYMBOL_EWI": "",
    "SYMBOL_REJ": "",
    "UWAGI": "",
    "WIEK_CZ_PO": "",
    "WIEK_POWST": "",
    "WYDRUK_LIN": "",
    "ZAJETA_NA_": 1,
    "ZALACZNIKI": "http://172.16.11.22:8085/SOWA2-services/doc/print/65375349/0617.pdf",
    "ZDJECIE_1": "",
    "ZDJECIE_2": "",
    "ZDJECIE_3": "",
    "ZDJECIE_4": "",
    "ZDJECIE_5": "",
    "ZDJECIE_6": "",
    "ZDJECIE_7": "",
    "ZDJECIE_8": "",
    "ZWERYFIKOW": "",
    "ZWIAZANA_Z": 0
   },
   "type": "Feature"
  },
  {
   "geometry": {
    "coordinates": [
     19.963039,
     50.0102
    ],
    "type": "Point"
   },
   "id": 41,
   "properties": {
    "ADRES": "",
    "ATRYBUTY_O": "Nr stanowiska: 432",
    "BUDOWNICZY": "",
    "CHARAKTER": "",
    "DATA_WPISU": null,
    "DATA_WZNIE": "",
    "DZIELNICA": "",
    "FID": 41,
    "FUNKCJA_OB": "",
    "FUNKCJA_PI": "",
    "GDB_AREA": 0,
    "GDB_PRM": 0,
    "GDB_PRMEX": 0,
    "GPT_DATE": null,
    "GPT_USER": "",
    "ID": 31697,
    "IDENT_OBIE": "67872649",
    "ID_ISDP": 0,
    "ID_SPRAWY": 80587249,
    "ID_WARSTWY": "F19_STAN_PNT_OPIS",
    "ISDP_FID": "GDB$G_EOZ_ARCHEOLOGIA_EOZ_A.4d9eef0c-e0fd-557a-e055-000000000001",
    "ISTNIEJE": "",
    "KARTA_MAPY": "",
    "LOKALIZACJ": "",
    "MATERIAL": "",
    "NAZWA": "",
    "NUMER": "",
    "NUMER_EWID": "",
    "NUMER_REJ_": "",
    "OBREB": "",
    "REJESTR_TA": "EW_ARCHEOLOGIA",
    "RODZAJE_ZA": "",
    "RODZAJ_OBI": "",
    "RODZAJ_WLA": "",
    "STAN_ZACHO": "",
    "STATUS": "",
    "STYL_OBIEK": "",
    "SYMBOL_EWI": "",
    "SYMBOL_REJ": "",
    "UWAGI": "",
    "WIEK_CZ_PO": "",
    "WIEK_POWST": "",
    "WYDRUK_LIN": "",
    "ZAJETA_NA_": 1,
    "ZALACZNIKI": "http://172.16.11.22:8085/SOWA2-services/doc/print/65370449/0432.pdf",
    "ZDJECIE_1": "",
    "ZDJECIE_2": "",
    "ZDJECIE_3": "",
    "ZDJECIE_4": "",
    "ZDJECIE_5": "",
    "ZDJECIE_6": "",
    "ZDJECIE_7": "",
    "ZDJECIE_8": "",
    "ZWERYFIKOW": "",
    "ZWIAZANA_Z": 0
   },
   "type": "Feature"
  },
  {
   "geometry": {
    "coordinates": [
     19.896256,
     50.113628
    ],
    "type": "Point"
   },
   "id": 42,
   "properties": {
    "ADRES": "",
    "ATRYBUTY_O": "Nr stanowiska: 6",
    "BUDOWNICZY": "",
    "CHARAKTER": "",
    "DATA_WPISU": null,
    "DATA_WZNIE": "",
    "DZIELNICA": "",
    "FID": 42,
    "FUNKCJA_OB": "",
    "FUNKCJA_PI": "",
    "GDB_AREA": 0,
    "GDB_PRM": 0,
    "GDB_PRMEX": 0,
    "GPT_DATE": null,
    "GPT_USER": "",
    "ID": 31699,
    "IDENT_OBIE": "67872749",
    "ID_ISDP": 0,
    "ID_SPRAWY": 80587399,
    "ID_WARSTWY": "F19_STAN_PNT_OPIS",
    "ISDP_FID": "GDB$G_EOZ_ARCHEOLOGIA_EOZ_A.4d9eef0c-e0fe-557a-e055-000000000001",
    "ISTNIEJE": "",
    "KARTA_MAPY": "",
    "LOKALIZACJ": "",
    "MATERIAL": "",
    "NAZWA": "",
    "NUMER": "",
    "NUMER_EWID": "",
    "NUMER_REJ_": "",
    "OBREB": "",
    "REJESTR_TA": "EW_ARCHEOLOGIA",
    "RODZAJE_ZA": "",
    "RODZAJ_OBI": "",
    "RODZAJ_WLA": "",
    "STAN_ZACHO": "",
    "STATUS": "",
    "STYL_OBIEK": "",
    "SYMBOL_EWI": "",
    "SYMBOL_REJ": "",
    "UWAGI": "",
    "WIEK_CZ_PO": "",
    "WIEK_POWST": "",
    "WYDRUK_LIN": "",
    "ZAJETA_NA_": 1,
    "ZALACZNIKI": "http://172.16.11.22:8085/SOWA2-services/doc/print/65357299/0006.pdf",
    "ZDJECIE_1": "",
    "ZDJECIE_2": "",
    "ZDJECIE_3": "",
    "ZDJECIE_4": "",
    "ZDJECIE_5": "",
    "ZDJECIE_6": "",
    "ZDJECIE_7": "",
    "ZDJECIE_8": "",
    "ZWERYFIKOW": "",
    "ZWIAZANA_Z": 0
   },
   "type": "Feature"
  },
  {
   "geometry": {
    "coordinates": [
     19.901182,
     50.116495
    ],
    "type": "Point"
   },
   "id": 43,
   "properties": {
    "ADRES": "",
    "ATRYBUTY_O": "Nr stanowiska: 8",
    "BUDOWNICZY": "",
    "CHARAKTER": "",
    "DATA_WPISU": null,
    "DATA_WZNIE": "",
    "DZIELNICA": "",
    "FID": 43,
    "FUNKCJA_OB": "",
    "FUNKCJA_PI": "",
    "GDB_AREA": 0,
    "GDB_PRM": 0,
    "GDB_PRMEX": 0,
    "GPT_DATE": null,
    "GPT_USER": "",
    "ID": 31701,
    "IDENT_OBIE": "67872849",
    "ID_ISDP": 0,
    "ID_SPRAWY": 80587549,
    "ID_WARSTWY": "F19_STAN_PNT_OPIS",
    "ISDP_FID": "GDB$G_EOZ_ARCHEOLOGIA_EOZ_A.4d9eef0c-e0ff-557a-e055-000000000001",
    "ISTNIEJE": "",
    "KARTA_MAPY": "",
    "LOKALIZACJ": "",
    "MATERIAL": "",
    "NAZWA": "",
    "NUMER": "",
    "NUMER_EWID": "",
    "NUMER_REJ_": "",
    "OBREB": "",
    "REJESTR_TA": "EW_ARCHEOLOGIA",
    "RODZAJE_ZA": "",
    "RODZAJ_OBI": "",
    "RODZAJ_WLA": "",
    "STAN_ZACHO": "",
    "STATUS": "",
    "STYL_OBIEK": "",
    "SYMBOL_EWI": "",
    "SYMBOL_REJ": "",
    "UWAGI": "",
    "WIEK_CZ_PO": "",
    "WIEK_POWST": "",
    "WYDRUK_LIN": "",
    "ZAJETA_NA_": 1,
    "ZALACZNIKI": "http://172.16.11.22:8085/SOWA2-services/doc/print/65357399/0008.pdf",
    "ZDJECIE_1": "",
    "ZDJECIE_2": "",
    "ZDJECIE_3": "",
    "ZDJECIE_4": "",
    "ZDJECIE_5": "",
    "ZDJECIE_6": "",
    "ZDJECIE_7": "",
    "ZDJECIE_8": "",
    "ZWERYFIKOW": "",
    "ZWIAZANA_Z": 0
   },
   "type": "Feature"
  },
  {
   "geometry": {
    "coordinates": [
     19.897073,
     50.115297
    ],
    "type": "Point"
   },
   "id": 44,
   "properties": {
    "ADRES": "",
    "ATRYBUTY_O": "Nr stanowiska: 15",
    "BUDOWNICZY": "",
    "CHARAKTER": "",
    "DATA_WPISU": null,
    "DATA_WZNIE": "",
    "DZIELNICA": "",
    "FID": 44,
    "FUNKCJA_OB": "",
    "FUNKCJA_PI": "",
    "GDB_AREA": 0,
    "GDB_PRM": 0,
    "GDB_PRMEX": 0,
    "GPT_DATE": null,
    "GPT_USER": "",
    "ID": 31702,
    "IDENT_OBIE": "67872899",
    "ID_ISDP": 0,
    "ID_SPRAWY": 80587599,
    "ID_WARSTWY": "F19_STAN_PNT_OPIS",
    "ISDP_FID": "GDB$G_EOZ_ARCHEOLOGIA_EOZ_A.4d9eef0c-e100-557a-e055-000000000001",
    "ISTNIEJE": "",
    "KARTA_MAPY": "",
    "LOKALIZACJ": "",
    "MATERIAL": "",
    "NAZWA": "",
    "NUMER": "",
    "NUMER_EWID": "",
    "NUMER_REJ_": "",
    "OBREB": "",
    "REJESTR_TA": "EW_ARCHEOLOGIA",
    "RODZAJE_ZA": "",
    "RODZAJ_OBI": "",
    "RODZAJ_WLA": "",
    "STAN_ZACHO": "",
    "STATUS": "",
    "STYL_OBIEK": "",
    "SYMBOL_EWI": "",
    "SYMBOL_REJ": "",
    "UWAGI": "",
    "WIEK_CZ_PO": "",
    "WIEK_POWST": "",
    "WYDRUK_LIN": "",
    "ZAJETA_NA_": 1,
    "ZALACZNIKI": "http://172.16.11.22:8085/SOWA2-services/doc/print/65357549/0015.pdf",
    "ZDJECIE_1": "",
    "ZDJECIE_2": "",
    "ZDJECIE_3": "",
    "ZDJECIE_4": "",
    "ZDJECIE_5": "",
    "ZDJECIE_6": "",
    "ZDJECIE_7": "",
    "ZDJECIE_8": "",
    "ZWERYFIKOW": "",
    "ZWIAZANA_Z": 0
   },
   "type": "Feature"
  },
  {
   "geometry": {
    "coordinates": [
     19.916138,
     50.095297
    ],
    "type": "Point"
   },
   "id": 45,
   "properties": {
    "ADRES": "",
    "ATRYBUTY_O": "Nr stanowiska: 113",
    "BUDOWNICZY": "",
    "CHARAKTER": "",
    "DATA_WPISU": null,
    "DATA_WZNIE": "",
    "DZIELNICA": "",
    "FID": 45,
    "FUNKCJA_OB": "",
    "FUNKCJA_PI": "",
    "GDB_AREA": 0,
    "GDB_PRM": 0,
    "GDB_PRMEX": 0,
    "GPT_DATE": null,
    "GPT_USER": "",
    "ID": 31703,
    "IDENT_OBIE": "67872949",
    "ID_ISDP": 0,
    "ID_SPRAWY": 80587999,
    "ID_WARSTWY": "F19_STAN_PNT_OPIS",
    "ISDP_FID": "GDB$G_EOZ_ARCHEOLOGIA_EOZ_A.4d9eef0c-e101-557a-e055-000000000001",
    "ISTNIEJE": "",
    "KARTA_MAPY": "",
    "LOKALIZACJ": "",
    "MATERIAL": "",
    "NAZWA": "",
    "NUMER": "",
    "NUMER_EWID": "",
    "NUMER_REJ_": "",
    "OBREB": "",
    "REJESTR_TA": "EW_ARCHEOLOGIA",
    "RODZAJE_ZA": "",
    "RODZAJ_OBI": "",
    "RODZAJ_WLA": "",
    "STAN_ZACHO": "",
    "STATUS": "",
    "STYL_OBIEK": "",
    "SYMBOL_EWI": "",
    "SYMBOL_REJ": "",
    "UWAGI": "",
    "WIEK_CZ_PO": "",
    "WIEK_POWST": "",
    "WYDRUK_LIN": "",
    "ZAJETA_NA_": 1,
    "ZALACZNIKI": "http://172.16.11.22:8085/SOWA2-services/doc/print/65361399/0113.pdf",
    "ZDJECIE_1": "",
    "ZDJECIE_2": "",
    "ZDJECIE_3": "",
    "ZDJECIE_4": "",
    "ZDJECIE_5": "",
    "ZDJECIE_6": "",
    "ZDJECIE_7": "",
    "ZDJECIE_8": "",
    "ZWERYFIKOW": "",
    "ZWIAZANA_Z": 0
   },
   "type": "Feature"
  },
  {
   "geometry": {
    "coordinates": [
     19.827302,
     50.00155
    ],
    "type": "Point"
   },
   "id": 46,
   "properties": {
    "ADRES": "",
    "ATRYBUTY_O": "Nr stanowiska: 378",
    "BUDOWNICZY": "",
    "CHARAKTER": "",
    "DATA_WPISU": null,
    "DATA_WZNIE": "",
    "DZIELNICA": "",
    "FID": 46,
    "FUNKCJA_OB": "",
    "FUNKCJA_PI": "",
    "GDB_AREA": 0,
    "GDB_PRM": 0,
    "GDB_PRMEX": 0,
    "GPT_DATE": null,
    "GPT_USER": "",
    "ID": 31705,
    "IDENT_OBIE": "67873049",
    "ID_ISDP": 0,
    "ID_SPRAWY": 80588349,
    "ID_WARSTWY": "F19_STAN_PNT_OPIS",
    "ISDP_FID": "GDB$G_EOZ_ARCHEOLOGIA_EOZ_A.4d9eef0c-e102-557a-e055-000000000001",
    "ISTNIEJE": "",
    "KARTA_MAPY": "",
    "LOKALIZACJ": "",
    "MATERIAL": "",
    "NAZWA": "",
    "NUMER": "",
    "NUMER_EWID": "",
    "NUMER_REJ_": "",
    "OBREB": "",
    "REJESTR_TA": "EW_ARCHEOLOGIA",
    "RODZAJE_ZA": "",
    "RODZAJ_OBI": "",
    "RODZAJ_WLA": "",
    "STAN_ZACHO": "",
    "STATUS": "",
    "STYL_OBIEK": "",
    "SYMBOL_EWI": "",
    "SYMBOL_REJ": "",
    "UWAGI": "",
    "WIEK_CZ_PO": "",
    "WIEK_POWST": "",
    "WYDRUK_LIN": "",
    "ZAJETA_NA_": 1,
    "ZALACZNIKI": "http://172.16.11.22:8085/SOWA2-services/doc/print/65369049/0378.pdf",
    "ZDJECIE_1": "",
    "ZDJECIE_2": "",
    "ZDJECIE_3": "",
    "ZDJECIE_4": "",
    "ZDJECIE_5": "",
    "ZDJECIE_6": "",
    "ZDJECIE_7": "",
    "ZDJECIE_8": "",
    "ZWERYFIKOW": "",
    "ZWIAZANA_Z": 0
   },
   "type": "Feature"
  },
  {
   "geometry": {
    "coordinates": [
     19.847785,
     50.006114
    ],
    "type": "Point"
   },
   "id": 47,
   "properties": {
    "ADRES": "",
    "ATRYBUTY_O": "Nr stanowiska: 381",
    "BUDOWNICZY": "",
    "CHARAKTER": "",
    "DATA_WPISU": null,
    "DATA_WZNIE": "",
    "DZIELNICA": "",
    "FID": 47,
    "FUNKCJA_OB": "",
    "FUNKCJA_PI": "",
    "GDB_AREA": 0,
    "GDB_PRM": 0,
    "GDB_PRMEX": 0,
    "GPT_DATE": null,
    "GPT_USER": "",
    "ID": 31707,
    "IDENT_OBIE": "67873149",
    "ID_ISDP": 0,
    "ID_SPRAWY": 80588499,
    "ID_WARSTWY": "F19_STAN_PNT_OPIS",
    "ISDP_FID": "GDB$G_EOZ_ARCHEOLOGIA_EOZ_A.4d9eef0c-e103-557a-e055-000000000001",
    "ISTNIEJE": "",
    "KARTA_MAPY": "",
    "LOKALIZACJ": "",
    "MATERIAL": "",
    "NAZWA": "",
    "NUMER": "",
    "NUMER_EWID": "",
    "NUMER_REJ_": "",
    "OBREB": "",
    "REJESTR_TA": "EW_ARCHEOLOGIA",
    "RODZAJE_ZA": "",
    "RODZAJ_OBI": "",
    "RODZAJ_WLA": "",
    "STAN_ZACHO": "",
    "STATUS": "",
    "STYL_OBIEK": "",
    "SYMBOL_EWI": "",
    "SYMBOL_REJ": "",
    "UWAGI": "",
    "WIEK_CZ_PO": "",
    "WIEK_POWST": "",
    "WYDRUK_LIN": "",
    "ZAJETA_NA_": 1,
    "ZALACZNIKI": "http://172.16.11.22:8085/SOWA2-services/doc/print/65369199/0381.pdf",
    "ZDJECIE_1": "",
    "ZDJECIE_2": "",
    "ZDJECIE_3": "",
    "ZDJECIE_4": "",
    "ZDJECIE_5": "",
    "ZDJECIE_6": "",
    "ZDJECIE_7": "",
    "ZDJECIE_8": "",
    "ZWERYFIKOW": "",
    "ZWIAZANA_Z": 0
   },
   "type": "Feature"
  },
  {
   "geometry": {
    "coordinates": [
     19.829723,
     50.018046
    ],
    "type": "Point"
   },
   "id": 48,
   "properties": {
    "ADRES": "",
    "ATRYBUTY_O": "Nr stanowiska: 380",
    "BUDOWNICZY": "",
    "CHARAKTER": "",
    "DATA_WPISU": null,
    "DATA_WZNIE": "",
    "DZIELNICA": "",
    "FID": 48,
    "FUNKCJA_OB": "",
    "FUNKCJA_PI": "",
    "GDB_AREA": 0,
    "GDB_PRM": 0,
    "GDB_PRMEX": 0,
    "GPT_DATE": null,
    "GPT_USER": "",
    "ID": 31708,
    "IDENT_OBIE": "67873199",
    "ID_ISDP": 0,
    "ID_SPRAWY": 80588599,
    "ID_WARSTWY": "F19_STAN_PNT_OPIS",
    "ISDP_FID": "GDB$G_EOZ_ARCHEOLOGIA_EOZ_A.4d9eef0c-e104-557a-e055-000000000001",
    "ISTNIEJE": "",
    "KARTA_MAPY": "",
    "LOKALIZACJ": "",
    "MATERIAL": "",
    "NAZWA": "",
    "NUMER": "",
    "NUMER_EWID": "",
    "NUMER_REJ_": "",
    "OBREB": "",
    "REJESTR_TA": "EW_ARCHEOLOGIA",
    "RODZAJE_ZA": "",
    "RODZAJ_OBI": "",
    "RODZAJ_WLA": "",
    "STAN_ZACHO": "",
    "STATUS": "",
    "STYL_OBIEK": "",
    "SYMBOL_EWI": "",
    "SYMBOL_REJ": "",
    "UWAGI": "",
    "WIEK_CZ_PO": "",
    "WIEK_POWST": "",
    "WYDRUK_LIN": "",
    "ZAJETA_NA_": 1,
    "ZALACZNIKI": "http://172.16.11.22:8085/SOWA2-services/doc/print/65369149/0380.pdf",
    "ZDJECIE_1": "",
    "ZDJECIE_2": "",
    "ZDJECIE_3": "",
    "ZDJECIE_4": "",
    "ZDJECIE_5": "",
    "ZDJECIE_6": "",
    "ZDJECIE_7": "",
    "ZDJECIE_8": "",
    "ZWERYFIKOW": "",
    "ZWIAZANA_Z": 0
   },
   "type": "Feature"
  },
  {
   "geometry": {
    "coordinates": [
     19.800458,
     49.99613
    ],
    "type": "Point"
   },
   "id": 49,
   "properties": {
    "ADRES": "",
    "ATRYBUTY_O": "Nr stanowiska: 480",
    "BUDOWNICZY": "",
    "CHARAKTER": "",
    "DATA_WPISU": null,
    "DATA_WZNIE": "",
    "DZIELNICA": "",
    "FID": 49,
    "FUNKCJA_OB": "",
    "FUNKCJA_PI": "",
    "GDB_AREA": 0,
    "GDB_PRM": 0,
    "GDB_PRMEX": 0,
    "GPT_DATE": null,
    "GPT_USER": "",
    "ID": 31709,
    "IDENT_OBIE": "67873249",
    "ID_ISDP": 0,
    "ID_SPRAWY": 80588699,
    "ID_WARSTWY": "F19_STAN_PNT_OPIS",
    "ISDP_FID": "GDB$G_EOZ_ARCHEOLOGIA_EOZ_A.4d9eef0c-e105-557a-e055-000000000001",
    "ISTNIEJE": "",
    "KARTA_MAPY": "",
    "LOKALIZACJ": "",
    "MATERIAL": "",
    "NAZWA": "",
    "NUMER": "",
    "NUMER_EWID": "",
    "NUMER_REJ_": "",
    "OBREB": "",
    "REJESTR_TA": "EW_ARCHEOLOGIA",
    "RODZAJE_ZA": "",
    "RODZAJ_OBI": "",
    "RODZAJ_WLA": "",
    "STAN_ZACHO": "",
    "STATUS": "",
    "STYL_OBIEK": "",
    "SYMBOL_EWI": "",
    "SYMBOL_REJ": "",
    "UWAGI": "",
    "WIEK_CZ_PO": "",
    "WIEK_POWST": "",
    "WYDRUK_LIN": "",
    "ZAJETA_NA_": 1,
    "ZALACZNIKI": "http://172.16.11.22:8085/SOWA2-services/doc/print/65371999/0480.pdf",
    "ZDJECIE_1": "",
    "ZDJECIE_2": "",
    "ZDJECIE_3": "",
    "ZDJECIE_4": "",
    "ZDJECIE_5": "",
    "ZDJECIE_6": "",
    "ZDJECIE_7": "",
    "ZDJECIE_8": "",
    "ZWERYFIKOW": "",
    "ZWIAZANA_Z": 0
   },
   "type": "Feature"
  },
  {
   "geometry": {
    "coordinates": [
     19.818956,
     49.998783
    ],
    "type": "Point"
   },
   "id": 50,
   "properties": {
    "ADRES": "",
    "ATRYBUTY_O": "Nr stanowiska: 479",
    "BUDOWNICZY": "",
    "CHARAKTER": "",
    "DATA_WPISU": null,
    "DATA_WZNIE": "",
    "DZIELNICA": "",
    "FID": 50,
    "FUNKCJA_OB": "",
    "FUNKCJA_PI": "",
    "GDB_AREA": 0,
    "GDB_PRM": 0,
    "GDB_PRMEX": 0,
    "GPT_DATE": null,
    "GPT_USER": "",
    "ID": 31710,
    "IDENT_OBIE": "67873299",
    "ID_ISDP": 0,
    "ID_SPRAWY": 80588749,
    "ID_WARSTWY": "F19_STAN_PNT_OPIS",
    "ISDP_FID": "GDB$G_EOZ_ARCHEOLOGIA_EOZ_A.4d9eef0c-e106-557a-e055-000000000001",
    "ISTNIEJE": "",
    "KARTA_MAPY": "",
    "LOKALIZACJ": "",
    "MATERIAL": "",
    "NAZWA": "",
    "NUMER": "",
    "NUMER_EWID": "",
    "NUMER_REJ_": "",
    "OBREB": "",
    "REJESTR_TA": "EW_ARCHEOLOGIA",
    "RODZAJE_ZA": "",
    "RODZAJ_OBI": "",
    "RODZAJ_WLA": "",
    "STAN_ZACHO": "",
    "STATUS": "",
    "STYL_OBIEK": "",
    "SYMBOL_EWI": "",
    "SYMBOL_REJ": "",
    "UWAGI": "",
    "WIEK_CZ_PO": "",
    "WIEK_POWST": "",
    "WYDRUK_LIN": "",
    "ZAJETA_NA_": 1,
    "ZALACZNIKI": "http://172.16.11.22:8085/SOWA2-services/doc/print/65371949/0479.pdf",
    "ZDJECIE_1": "",
    "ZDJECIE_2": "",
    "ZDJECIE_3": "",
    "ZDJECIE_4": "",
    "ZDJECIE_5": "",
    "ZDJECIE_6": "",
    "ZDJECIE_7": "",
    "ZDJECIE_8": "",
    "ZWERYFIKOW": "",
    "ZWIAZANA_Z": 0
   },
   "type": "Feature"
  },
  {
   "geometry": {
    "coordinates": [
     19.825881,
     49.997584
    ],
    "type": "Point"
   },
   "id": 51,
   "properties": {
    "ADRES": "",
    "ATRYBUTY_O": "Nr stanowiska: 477",
    "BUDOWNICZY": "",
    "CHARAKTER": "",
    "DATA_WPISU": null,
    "DATA_WZNIE": "",
    "DZIELNICA": "",
    "FID": 51,
    "FUNKCJA_OB": "",
    "FUNKCJA_PI": "",
    "GDB_AREA": 0,
    "GDB_PRM": 0,
    "GDB_PRMEX": 0,
    "GPT_DATE": null,
    "GPT_USER": "",
    "ID": 31712,
    "IDENT_OBIE": "67873399",
    "ID_ISDP": 0,
    "ID_SPRAWY": 80588849,
    "ID_WARSTWY": "F19_STAN_PNT_OPIS",
    "ISDP_FID": "GDB$G_EOZ_ARCHEOLOGIA_EOZ_A.4d9eef0c-e107-557a-e055-000000000001",
    "ISTNIEJE": "",
    "KARTA_MAPY": "",
    "LOKALIZACJ": "",
    "MATERIAL": "",
    "NAZWA": "",
    "NUMER": "",
    "NUMER_EWID": "",
    "NUMER_REJ_": "",
    "OBREB": "",
    "REJESTR_TA": "EW_ARCHEOLOGIA",
    "RODZAJE_ZA": "",
    "RODZAJ_OBI": "",
    "RODZAJ_WLA": "",
    "STAN_ZACHO": "",
    "STATUS": "",
    "STYL_OBIEK": "",
    "SYMBOL_EWI": "",
    "SYMBOL_REJ": "",
    "UWAGI": "",
    "WIEK_CZ_PO": "",
    "WIEK_POWST": "",
    "WYDRUK_LIN": "",
    "ZAJETA_NA_": 1,
    "ZALACZNIKI": "http://172.16.11.22:8085/SOWA2-services/doc/print/65371849/0477.pdf",
    "ZDJECIE_1": "",
    "ZDJECIE_2": "",
    "ZDJECIE_3": "",
    "ZDJECIE_4": "",
    "ZDJECIE_5": "",
    "ZDJECIE_6": "",
    "ZDJECIE_7": "",
    "ZDJECIE_8": "",
    "ZWERYFIKOW": "",
    "ZWIAZANA_Z": 0
   },
   "type": "Feature"
  },
  {
   "geometry": {
    "coordinates": [
     19.806718,
     50.020857
    ],
    "type": "Point"
   },
   "id": 52,
   "properties": {
    "ADRES": "",
    "ATRYBUTY_O": "Nr stanowiska: 318",
    "BUDOWNICZY": "",
    "CHARAKTER": "",
    "DATA_WPISU": null,
    "DATA_WZNIE": "",
    "DZIELNICA": "",
    "FID": 52,
    "FUNKCJA_OB": "",
    "FUNKCJA_PI": "",
    "GDB_AREA": 0,
    "GDB_PRM": 0,
    "GDB_PRMEX": 0,
    "GPT_DATE": null,
    "GPT_USER": "",
    "ID": 31713,
    "IDENT_OBIE": "67873449",
    "ID_ISDP": 0,
    "ID_SPRAWY": 80589049,
    "ID_WARSTWY": "F19_STAN_PNT_OPIS",
    "ISDP_FID": "GDB$G_EOZ_ARCHEOLOGIA_EOZ_A.4d9eef0c-e108-557a-e055-000000000001",
    "ISTNIEJE": "",
    "KARTA_MAPY": "",
    "LOKALIZACJ": "",
    "MATERIAL": "",
    "NAZWA": "",
    "NUMER": "",
    "NUMER_EWID": "",
    "NUMER_REJ_": "",
    "OBREB": "",
    "REJESTR_TA": "EW_ARCHEOLOGIA",
    "RODZAJE_ZA": "",
    "RODZAJ_OBI": "",
    "RODZAJ_WLA": "",
    "STAN_ZACHO": "",
    "STATUS": "",
    "STYL_OBIEK": "",
    "SYMBOL_EWI": "",
    "SYMBOL_REJ": "",
    "UWAGI": "",
    "WIEK_CZ_PO": "",
    "WIEK_POWST": "",
    "WYDRUK_LIN": "",
    "ZAJETA_NA_": 1,
    "ZALACZNIKI": "http://172.16.11.22:8085/SOWA2-services/doc/print/65367649/0318.pdf",
    "ZDJECIE_1": "",
    "ZDJECIE_2": "",
    "ZDJECIE_3": "",
    "ZDJECIE_4": "",
    "ZDJECIE_5": "",
    "ZDJECIE_6": "",
    "ZDJECIE_7": "",
    "ZDJECIE_8": "",
    "ZWERYFIKOW": "",
    "ZWIAZANA_Z": 0
   },
   "type": "Feature"
  },
  {
   "geometry": {
    "coordinates": [
     19.820616,
     50.009223
    ],
    "type": "Point"
   },
   "id": 53,
   "properties": {
    "ADRES": "",
    "ATRYBUTY_O": "Nr stanowiska: 325",
    "BUDOWNICZY": "",
    "CHARAKTER": "",
    "DATA_WPISU": null,
    "DATA_WZNIE": "",
    "DZIELNICA": "",
    "FID": 53,
    "FUNKCJA_OB": "",
    "FUNKCJA_PI": "",
    "GDB_AREA": 0,
    "GDB_PRM": 0,
    "GDB_PRMEX": 0,
    "GPT_DATE": null,
    "GPT_USER": "",
    "ID": 31715,
    "IDENT_OBIE": "67873549",
    "ID_ISDP": 0,
    "ID_SPRAWY": 80589399,
    "ID_WARSTWY": "F19_STAN_PNT_OPIS",
    "ISDP_FID": "GDB$G_EOZ_ARCHEOLOGIA_EOZ_A.4d9eef0c-e109-557a-e055-000000000001",
    "ISTNIEJE": "",
    "KARTA_MAPY": "",
    "LOKALIZACJ": "",
    "MATERIAL": "",
    "NAZWA": "",
    "NUMER": "",
    "NUMER_EWID": "",
    "NUMER_REJ_": "",
    "OBREB": "",
    "REJESTR_TA": "EW_ARCHEOLOGIA",
    "RODZAJE_ZA": "",
    "RODZAJ_OBI": "",
    "RODZAJ_WLA": "",
    "STAN_ZACHO": "",
    "STATUS": "",
    "STYL_OBIEK": "",
    "SYMBOL_EWI": "",
    "SYMBOL_REJ": "",
    "UWAGI": "",
    "WIEK_CZ_PO": "",
    "WIEK_POWST": "",
    "WYDRUK_LIN": "",
    "ZAJETA_NA_": 1,
    "ZALACZNIKI": "http://172.16.11.22:8085/SOWA2-services/doc/print/65367749/0325.pdf",
    "ZDJECIE_1": "",
    "ZDJECIE_2": "",
    "ZDJECIE_3": "",
    "ZDJECIE_4": "",
    "ZDJECIE_5": "",
    "ZDJECIE_6": "",
    "ZDJECIE_7": "",
    "ZDJECIE_8": "",
    "ZWERYFIKOW": "",
    "ZWIAZANA_Z": 0
   },
   "type": "Feature"
  },
  {
   "geometry": {
    "coordinates": [
     19.814051,
     50.006976
    ],
    "type": "Point"
   },
   "id": 54,
   "properties": {
    "ADRES": "",
    "ATRYBUTY_O": "Nr stanowiska: 326",
    "BUDOWNICZY": "",
    "CHARAKTER": "",
    "DATA_WPISU": null,
    "DATA_WZNIE": "",
    "DZIELNICA": "",
    "FID": 54,
    "FUNKCJA_OB": "",
    "FUNKCJA_PI": "",
    "GDB_AREA": 0,
    "GDB_PRM": 0,
    "GDB_PRMEX": 0,
    "GPT_DATE": null,
    "GPT_USER": "",
    "ID": 31716,
    "IDENT_OBIE": "67873599",
    "ID_ISDP": 0,
    "ID_SPRAWY": 80589449,
    "ID_WARSTWY": "F19_STAN_PNT_OPIS",
    "ISDP_FID": "GDB$G_EOZ_ARCHEOLOGIA_EOZ_A.4d9eef0c-e10a-557a-e055-000000000001",
    "ISTNIEJE": "",
    "KARTA_MAPY": "",
    "LOKALIZACJ": "",
    "MATERIAL": "",
    "NAZWA": "",
    "NUMER": "",
    "NUMER_EWID": "",
    "NUMER_REJ_": "",
    "OBREB": "",
    "REJESTR_TA": "EW_ARCHEOLOGIA",
    "RODZAJE_ZA": "",
    "RODZAJ_OBI": "",
    "RODZAJ_WLA": "",
    "STAN_ZACHO": "",
    "STATUS": "",
    "STYL_OBIEK": "",
    "SYMBOL_EWI": "",
    "SYMBOL_REJ": "",
    "UWAGI": "",
    "WIEK_CZ_PO": "",
    "WIEK_POWST": "",
    "WYDRUK_LIN": "",
    "ZAJETA_NA_": 1,
    "ZALACZNIKI": "http://172.16.11.22:8085/SOWA2-services/doc/print/65367799/0326.pdf",
    "ZDJECIE_1": "",
    "ZDJECIE_2": "",
    "ZDJECIE_3": "",
    "ZDJECIE_4": "",
    "ZDJECIE_5": "",
    "ZDJECIE_6": "",
    "ZDJECIE_7": "",
    "ZDJECIE_8": "",
    "ZWERYFIKOW": "",
    "ZWIAZANA_Z": 0
   },
   "type": "Feature"
  },
  {
   "geometry": {
    "coordinates": [
     19.947027,
     49.977207
    ],
    "type": "Point"
   },
   "id": 55,
   "properties": {
    "ADRES": "",
    "ATRYBUTY_O": "Nr stanowiska: 555",
    "BUDOWNICZY": "",
    "CHARAKTER": "",
    "DATA_WPISU": null,
    "DATA_WZNIE": "",
    "DZIELNICA": "",
    "FID": 55,
    "FUNKCJA_OB": "",
    "FUNKCJA_PI": "",
    "GDB_AREA": 0,
    "GDB_PRM": 0,
    "GDB_PRMEX": 0,
    "GPT_DATE": null,
    "GPT_USER": "",
    "ID": 31776,
    "IDENT_OBIE": "67876599",
    "ID_ISDP": 0,
    "ID_SPRAWY": 80593799,
    "ID_WARSTWY": "F19_STAN_PNT_OPIS",
    "ISDP_FID": "GDB$G_EOZ_ARCHEOLOGIA_EOZ_A.4d9eef0c-e12f-557a-e055-000000000001",
    "ISTNIEJE": "",
    "KARTA_MAPY": "",
    "LOKALIZACJ": "",
    "MATERIAL": "",
    "NAZWA": "",
    "NUMER": "",
    "NUMER_EWID": "",
    "NUMER_REJ_": "",
    "OBREB": "",
    "REJESTR_TA": "EW_ARCHEOLOGIA",
    "RODZAJE_ZA": "",
    "RODZAJ_OBI": "",
    "RODZAJ_WLA": "",
    "STAN_ZACHO": "",
    "STATUS": "",
    "STYL_OBIEK": "",
    "SYMBOL_EWI": "",
    "SYMBOL_REJ": "",
    "UWAGI": "",
    "WIEK_CZ_PO": "",
    "WIEK_POWST": "",
    "WYDRUK_LIN": "",
    "ZAJETA_NA_": 1,
    "ZALACZNIKI": "http://172.16.11.22:8085/SOWA2-services/doc/print/65373649/0555.pdf",
    "ZDJECIE_1": "",
    "ZDJECIE_2": "",
    "ZDJECIE_3": "",
    "ZDJECIE_4": "",
    "ZDJECIE_5": "",
    "ZDJECIE_6": "",
    "ZDJECIE_7": "",
    "ZDJECIE_8": "",
    "ZWERYFIKOW": "",
    "ZWIAZANA_Z": 0
   },
   "type": "Feature"
  },
  {
   "geometry": {
    "coordinates": [
     19.934231,
     49.979255
    ],
    "type": "Point"
   },
   "id": 56,
   "properties": {
    "ADRES": "",
    "ATRYBUTY_O": "Nr stanowiska: 493",
    "BUDOWNICZY": "",
    "CHARAKTER": "",
    "DATA_WPISU": null,
    "DATA_WZNIE": "",
    "DZIELNICA": "",
    "FID": 56,
    "FUNKCJA_OB": "",
    "FUNKCJA_PI": "",
    "GDB_AREA": 0,
    "GDB_PRM": 0,
    "GDB_PRMEX": 0,
    "GPT_DATE": null,
    "GPT_USER": "",
    "ID": 31777,
    "IDENT_OBIE": "67876649",
    "ID_ISDP": 0,
    "ID_SPRAWY": 80594599,
    "ID_WARSTWY": "F19_STAN_PNT_OPIS",
    "ISDP_FID": "GDB$G_EOZ_ARCHEOLOGIA_EOZ_A.4d9eef0c-e130-557a-e055-000000000001",
    "ISTNIEJE": "",
    "KARTA_MAPY": "",
    "LOKALIZACJ": "",
    "MATERIAL": "",
    "NAZWA": "",
    "NUMER": "",
    "NUMER_EWID": "",
    "NUMER_REJ_": "",
    "OBREB": "",
    "REJESTR_TA": "EW_ARCHEOLOGIA",
    "RODZAJE_ZA": "",
    "RODZAJ_OBI": "",
    "RODZAJ_WLA": "",
    "STAN_ZACHO": "",
    "STATUS": "",
    "STYL_OBIEK": "",
    "SYMBOL_EWI": "",
    "SYMBOL_REJ": "",
    "UWAGI": "",
    "WIEK_CZ_PO": "",
    "WIEK_POWST": "",
    "WYDRUK_LIN": "",
    "ZAJETA_NA_": 1,
    "ZALACZNIKI": "http://172.16.11.22:8085/SOWA2-services/doc/print/65372299/0493.pdf",
    "ZDJECIE_1": "",
    "ZDJECIE_2": "",
    "ZDJECIE_3": "",
    "ZDJECIE_4": "",
    "ZDJECIE_5": "",
    "ZDJECIE_6": "",
    "ZDJECIE_7": "",
    "ZDJECIE_8": "",
    "ZWERYFIKOW": "",
    "ZWIAZANA_Z": 0
   },
   "type": "Feature"
  },
  {
   "geometry": {
    "coordinates": [
     20.19414,
     50.113017
    ],
    "type": "Point"
   },
   "id": 57,
   "properties": {
    "ADRES": "",
    "ATRYBUTY_O": "Nr stanowiska: 836",
    "BUDOWNICZY": "",
    "CHARAKTER": "",
    "DATA_WPISU": null,
    "DATA_WZNIE": "",
    "DZIELNICA": "",
    "FID": 57,
    "FUNKCJA_OB": "",
    "FUNKCJA_PI": "",
    "GDB_AREA": 0,
    "GDB_PRM": 0,
    "GDB_PRMEX": 0,
    "GPT_DATE": null,
    "GPT_USER": "",
    "ID": 31778,
    "IDENT_OBIE": "67876699",
    "ID_ISDP": 0,
    "ID_SPRAWY": 80594699,
    "ID_WARSTWY": "F19_STAN_PNT_OPIS",
    "ISDP_FID": "GDB$G_EOZ_ARCHEOLOGIA_EOZ_A.4d9eef0c-e131-557a-e055-000000000001",
    "ISTNIEJE": "",
    "KARTA_MAPY": "",
    "LOKALIZACJ": "",
    "MATERIAL": "",
    "NAZWA": "",
    "NUMER": "",
    "NUMER_EWID": "",
    "NUMER_REJ_": "",
    "OBREB": "",
    "REJESTR_TA": "EW_ARCHEOLOGIA",
    "RODZAJE_ZA": "",
    "RODZAJ_OBI": "",
    "RODZAJ_WLA": "",
    "STAN_ZACHO": "",
    "STATUS": "",
    "STYL_OBIEK": "",
    "SYMBOL_EWI": "",
    "SYMBOL_REJ": "",
    "UWAGI": "",
    "WIEK_CZ_PO": "",
    "WIEK_POWST": "",
    "WYDRUK_LIN": "",
    "ZAJETA_NA_": 1,
    "ZALACZNIKI": "http://172.16.11.22:8085/SOWA2-services/doc/print/65377649/0836.pdf",
    "ZDJECIE_1": "",
    "ZDJECIE_2": "",
    "ZDJECIE_3": "",
    "ZDJECIE_4": "",
    "ZDJECIE_5": "",
    "ZDJECIE_6": "",
    "ZDJECIE_7": "",
    "ZDJECIE_8": "",
    "ZWERYFIKOW": "",
    "ZWIAZANA_Z": 0
   },
   "type": "Feature"
  },
  {
   "geometry": {
    "coordinates": [
     20.192568,
     50.108876
    ],
    "type": "Point"
   },
   "id": 58,
   "properties": {
    "ADRES": "",
    "ATRYBUTY_O": "Nr stanowiska: 837",
    "BUDOWNICZY": "",
    "CHARAKTER": "",
    "DATA_WPISU": null,
    "DATA_WZNIE": "",
    "DZIELNICA": "",
    "FID": 58,
    "FUNKCJA_OB": "",
    "FUNKCJA_PI": "",
    "GDB_AREA": 0,
    "GDB_PRM": 0,
    "GDB_PRMEX": 0,
    "GPT_DATE": null,
    "GPT_USER": "",
    "ID": 31780,
    "IDENT_OBIE": "67876799",
    "ID_ISDP": 0,
    "ID_SPRAWY": 80594849,
    "ID_WARSTWY": "F19_STAN_PNT_OPIS",
    "ISDP_FID": "GDB$G_EOZ_ARCHEOLOGIA_EOZ_A.4d9eef0c-e132-557a-e055-000000000001",
    "ISTNIEJE": "",
    "KARTA_MAPY": "",
    "LOKALIZACJ": "",
    "MATERIAL": "",
    "NAZWA": "",
    "NUMER": "",
    "NUMER_EWID": "",
    "NUMER_REJ_": "",
    "OBREB": "",
    "REJESTR_TA": "EW_ARCHEOLOGIA",
    "RODZAJE_ZA": "",
    "RODZAJ_OBI": "",
    "RODZAJ_WLA": "",
    "STAN_ZACHO": "",
    "STATUS": "",
    "STYL_OBIEK": "",
    "SYMBOL_EWI": "",
    "SYMBOL_REJ": "",
    "UWAGI": "",
    "WIEK_CZ_PO": "",
    "WIEK_POWST": "",
    "WYDRUK_LIN": "",
    "ZAJETA_NA_": 1,
    "ZALACZNIKI": "http://172.16.11.22:8085/SOWA2-services/doc/print/65377699/0837.pdf",
    "ZDJECIE_1": "",
    "ZDJECIE_2": "",
    "ZDJECIE_3": "",
    "ZDJECIE_4": "",
    "ZDJECIE_5": "",
    "ZDJECIE_6": "",
    "ZDJECIE_7": "",
    "ZDJECIE_8": "",
    "ZWERYFIKOW": "",
    "ZWIAZANA_Z": 0
   },
   "type": "Feature"
  },
  {
   "geometry": {
    "coordinates": [
     20.178176,
     50.114682
    ],
    "type": "Point"
   },
   "id": 59,
   "properties": {
    "ADRES": "",
    "ATRYBUTY_O": "Nr stanowiska: 842",
    "BUDOWNICZY": "",
    "CHARAKTER": "",
    "DATA_WPISU": null,
    "DATA_WZNIE": "",
    "DZIELNICA": "",
    "FID": 59,
    "FUNKCJA_OB": "",
    "FUNKCJA_PI": "",
    "GDB_AREA": 0,
    "GDB_PRM": 0,
    "GDB_PRMEX": 0,
    "GPT_DATE": null,
    "GPT_USER": "",
    "ID": 31782,
    "IDENT_OBIE": "67876899",
    "ID_ISDP": 0,
    "ID_SPRAWY": 80595049,
    "ID_WARSTWY": "F19_STAN_PNT_OPIS",
    "ISDP_FID": "GDB$G_EOZ_ARCHEOLOGIA_EOZ_A.4d9eef0c-e133-557a-e055-000000000001",
    "ISTNIEJE": "",
    "KARTA_MAPY": "",
    "LOKALIZACJ": "",
    "MATERIAL": "",
    "NAZWA": "",
    "NUMER": "",
    "NUMER_EWID": "",
    "NUMER_REJ_": "",
    "OBREB": "",
    "REJESTR_TA": "EW_ARCHEOLOGIA",
    "RODZAJE_ZA": "",
    "RODZAJ_OBI": "",
    "RODZAJ_WLA": "",
    "STAN_ZACHO": "",
    "STATUS": "",
    "STYL_OBIEK": "",
    "SYMBOL_EWI": "",
    "SYMBOL_REJ": "",
    "UWAGI": "",
    "WIEK_CZ_PO": "",
    "WIEK_POWST": "",
    "WYDRUK_LIN": "",
    "ZAJETA_NA_": 1,
    "ZALACZNIKI": "http://172.16.11.22:8085/SOWA2-services/doc/print/65377799/0842.pdf",
    "ZDJECIE_1": "",
    "ZDJECIE_2": "",
    "ZDJECIE_3": "",
    "ZDJECIE_4": "",
    "ZDJECIE_5": "",
    "ZDJECIE_6": "",
    "ZDJECIE_7": "",
    "ZDJECIE_8": "",
    "ZWERYFIKOW": "",
    "ZWIAZANA_Z": 0
   },
   "type": "Feature"
  },
  {
   "geometry": {
    "coordinates": [
     19.918052,
     50.039255
    ],
    "type": "Point"
   },
   "id": 60,
   "properties": {
    "ADRES": "",
    "ATRYBUTY_O": "Nr stanowiska: 414",
    "BUDOWNICZY": "",
    "CHARAKTER": "",
    "DATA_WPISU": null,
    "DATA_WZNIE": "",
    "DZIELNICA": "",
    "FID": 60,
    "FUNKCJA_OB": "",
    "FUNKCJA_PI": "",
    "GDB_AREA": 0,
    "GDB_PRM": 0,
    "GDB_PRMEX": 0,
    "GPT_DATE": null,
    "GPT_USER": "",
    "ID": 31784,
    "IDENT_OBIE": "67876999",
    "ID_ISDP": 0,
    "ID_SPRAWY": 80595199,
    "ID_WARSTWY": "F19_STAN_PNT_OPIS",
    "ISDP_FID": "GDB$G_EOZ_ARCHEOLOGIA_EOZ_A.4d9eef0c-e134-557a-e055-000000000001",
    "ISTNIEJE": "",
    "KARTA_MAPY": "",
    "LOKALIZACJ": "",
    "MATERIAL": "",
    "NAZWA": "",
    "NUMER": "",
    "NUMER_EWID": "",
    "NUMER_REJ_": "",
    "OBREB": "",
    "REJESTR_TA": "EW_ARCHEOLOGIA",
    "RODZAJE_ZA": "",
    "RODZAJ_OBI": "",
    "RODZAJ_WLA": "",
    "STAN_ZACHO": "",
    "STATUS": "",
    "STYL_OBIEK": "",
    "SYMBOL_EWI": "",
    "SYMBOL_REJ": "",
    "UWAGI": "",
    "WIEK_CZ_PO": "",
    "WIEK_POWST": "",
    "WYDRUK_LIN": "",
    "ZAJETA_NA_": 1,
    "ZALACZNIKI": "http://172.16.11.22:8085/SOWA2-services/doc/print/65369849/0414.pdf",
    "ZDJECIE_1": "",
    "ZDJECIE_2": "",
    "ZDJECIE_3": "",
    "ZDJECIE_4": "",
    "ZDJECIE_5": "",
    "ZDJECIE_6": "",
    "ZDJECIE_7": "",
    "ZDJECIE_8": "",
    "ZWERYFIKOW": "",
    "ZWIAZANA_Z": 0
   },
   "type": "Feature"
  },
  {
   "geometry": {
    "coordinates": [
     19.920064,
     50.03831
    ],
    "type": "Point"
   },
   "id": 61,
   "properties": {
    "ADRES": "",
    "ATRYBUTY_O": "Nr stanowiska: 415",
    "BUDOWNICZY": "",
    "CHARAKTER": "",
    "DATA_WPISU": null,
    "DATA_WZNIE": "",
    "DZIELNICA": "",
    "FID": 61,
    "FUNKCJA_OB": "",
    "FUNKCJA_PI": "",
    "GDB_AREA": 0,
    "GDB_PRM": 0,
    "GDB_PRMEX": 0,
    "GPT_DATE": null,
    "GPT_USER": "",
    "ID": 31785,
    "IDENT_OBIE": "67877049",
    "ID_ISDP": 0,
    "ID_SPRAWY": 80595249,
    "ID_WARSTWY": "F19_STAN_PNT_OPIS",
    "ISDP_FID": "GDB$G_EOZ_ARCHEOLOGIA_EOZ_A.4d9eef0c-e135-557a-e055-000000000001",
    "ISTNIEJE": "",
    "KARTA_MAPY": "",
    "LOKALIZACJ": "",
    "MATERIAL": "",
    "NAZWA": "",
    "NUMER": "",
    "NUMER_EWID": "",
    "NUMER_REJ_": "",
    "OBREB": "",
    "REJESTR_TA": "EW_ARCHEOLOGIA",
    "RODZAJE_ZA": "",
    "RODZAJ_OBI": "",
    "RODZAJ_WLA": "",
    "STAN_ZACHO": "",
    "STATUS": "",
    "STYL_OBIEK": "",
    "SYMBOL_EWI": "",
    "SYMBOL_REJ": "",
    "UWAGI": "",
    "WIEK_CZ_PO": "",
    "WIEK_POWST": "",
    "WYDRUK_LIN": "",
    "ZAJETA_NA_": 1,
    "ZALACZNIKI": "http://172.16.11.22:8085/SOWA2-services/doc/print/65369899/0415.pdf",
    "ZDJECIE_1": "",
    "ZDJECIE_2": "",
    "ZDJECIE_3": "",
    "ZDJECIE_4": "",
    "ZDJECIE_5": "",
    "ZDJECIE_6": "",
    "ZDJECIE_7": "",
    "ZDJECIE_8": "",
    "ZWERYFIKOW": "",
    "ZWIAZANA_Z": 0
   },
   "type": "Feature"
  },
  {
   "geometry": {
    "coordinates": [
     19.91378,
     50.042663
    ],
    "type": "Point"
   },
   "id": 62,
   "properties": {
    "ADRES": "",
    "ATRYBUTY_O": "Nr stanowiska: 417",
    "BUDOWNICZY": "",
    "CHARAKTER": "",
    "DATA_WPISU": null,
    "DATA_WZNIE": "",
    "DZIELNICA": "",
    "FID": 62,
    "FUNKCJA_OB": "",
    "FUNKCJA_PI": "",
    "GDB_AREA": 0,
    "GDB_PRM": 0,
    "GDB_PRMEX": 0,
    "GPT_DATE": null,
    "GPT_USER": "",
    "ID": 31787,
    "IDENT_OBIE": "67877149",
    "ID_ISDP": 0,
    "ID_SPRAWY": 80595349,
    "ID_WARSTWY": "F19_STAN_PNT_OPIS",
    "ISDP_FID": "GDB$G_EOZ_ARCHEOLOGIA_EOZ_A.4d9eef0c-e136-557a-e055-000000000001",
    "ISTNIEJE": "",
    "KARTA_MAPY": "",
    "LOKALIZACJ": "",
    "MATERIAL": "",
    "NAZWA": "",
    "NUMER": "",
    "NUMER_EWID": "",
    "NUMER_REJ_": "",
    "OBREB": "",
    "REJESTR_TA": "EW_ARCHEOLOGIA",
    "RODZAJE_ZA": "",
    "RODZAJ_OBI": "",
    "RODZAJ_WLA": "",
    "STAN_ZACHO": "",
    "STATUS": "",
    "STYL_OBIEK": "",
    "SYMBOL_EWI": "",
    "SYMBOL_REJ": "",
    "UWAGI": "",
    "WIEK_CZ_PO": "",
    "WIEK_POWST": "",
    "WYDRUK_LIN": "",
    "ZAJETA_NA_": 1,
    "ZALACZNIKI": "http://172.16.11.22:8085/SOWA2-services/doc/print/65369999/0417.pdf",
    "ZDJECIE_1": "",
    "ZDJECIE_2": "",
    "ZDJECIE_3": "",
    "ZDJECIE_4": "",
    "ZDJECIE_5": "",
    "ZDJECIE_6": "",
    "ZDJECIE_7": "",
    "ZDJECIE_8": "",
    "ZWERYFIKOW": "",
    "ZWIAZANA_Z": 0
   },
   "type": "Feature"
  },
  {
   "geometry": {
    "coordinates": [
     19.965,
     49.975928
    ],
    "type": "Point"
   },
   "id": 63,
   "properties": {
    "ADRES": "",
    "ATRYBUTY_O": "Nr stanowiska: 497",
    "BUDOWNICZY": "",
    "CHARAKTER": "",
    "DATA_WPISU": null,
    "DATA_WZNIE": "",
    "DZIELNICA": "",
    "FID": 63,
    "FUNKCJA_OB": "",
    "FUNKCJA_PI": "",
    "GDB_AREA": 0,
    "GDB_PRM": 0,
    "GDB_PRMEX": 0,
    "GPT_DATE": null,
    "GPT_USER": "",
    "ID": 31790,
    "IDENT_OBIE": "67877299",
    "ID_ISDP": 0,
    "ID_SPRAWY": 80595849,
    "ID_WARSTWY": "F19_STAN_PNT_OPIS",
    "ISDP_FID": "GDB$G_EOZ_ARCHEOLOGIA_EOZ_A.4d9eef0c-e137-557a-e055-000000000001",
    "ISTNIEJE": "",
    "KARTA_MAPY": "",
    "LOKALIZACJ": "",
    "MATERIAL": "",
    "NAZWA": "",
    "NUMER": "",
    "NUMER_EWID": "",
    "NUMER_REJ_": "",
    "OBREB": "",
    "REJESTR_TA": "EW_ARCHEOLOGIA",
    "RODZAJE_ZA": "",
    "RODZAJ_OBI": "",
    "RODZAJ_WLA": "",
    "STAN_ZACHO": "",
    "STATUS": "",
    "STYL_OBIEK": "",
    "SYMBOL_EWI": "",
    "SYMBOL_REJ": "",
    "UWAGI": "",
    "WIEK_CZ_PO": "",
    "WIEK_POWST": "",
    "WYDRUK_LIN": "",
    "ZAJETA_NA_": 1,
    "ZALACZNIKI": "http://172.16.11.22:8085/SOWA2-services/doc/print/65372399/0497.pdf",
    "ZDJECIE_1": "",
    "ZDJECIE_2": "",
    "ZDJECIE_3": "",
    "ZDJECIE_4": "",
    "ZDJECIE_5": "",
    "ZDJECIE_6": "",
    "ZDJECIE_7": "",
    "ZDJECIE_8": "",
    "ZWERYFIKOW": "",
    "ZWIAZANA_Z": 0
   },
   "type": "Feature"
  },
  {
   "geometry": {
    "coordinates": [
     19.968191,
     49.975848
    ],
    "type": "Point"
   },
   "id": 64,
   "properties": {
    "ADRES": "",
    "ATRYBUTY_O": "Nr stanowiska: 498",
    "BUDOWNICZY": "",
    "CHARAKTER": "",
    "DATA_WPISU": null,
    "DATA_WZNIE": "",
    "DZIELNICA": "",
    "FID": 64,
    "FUNKCJA_OB": "",
    "FUNKCJA_PI": "",
    "GDB_AREA": 0,
    "GDB_PRM": 0,
    "GDB_PRMEX": 0,
    "GPT_DATE": null,
    "GPT_USER": "",
    "ID": 31791,
    "IDENT_OBIE": "67877349",
    "ID_ISDP": 0,
    "ID_SPRAWY": 80595899,
    "ID_WARSTWY": "F19_STAN_PNT_OPIS",
    "ISDP_FID": "GDB$G_EOZ_ARCHEOLOGIA_EOZ_A.4d9eef0c-e138-557a-e055-000000000001",
    "ISTNIEJE": "",
    "KARTA_MAPY": "",
    "LOKALIZACJ": "",
    "MATERIAL": "",
    "NAZWA": "",
    "NUMER": "",
    "NUMER_EWID": "",
    "NUMER_REJ_": "",
    "OBREB": "",
    "REJESTR_TA": "EW_ARCHEOLOGIA",
    "RODZAJE_ZA": "",
    "RODZAJ_OBI": "",
    "RODZAJ_WLA": "",
    "STAN_ZACHO": "",
    "STATUS": "",
    "STYL_OBIEK": "",
    "SYMBOL_EWI": "",
    "SYMBOL_REJ": "",
    "UWAGI": "",
    "WIEK_CZ_PO": "",
    "WIEK_POWST": "",
    "WYDRUK_LIN": "",
    "ZAJETA_NA_": 1,
    "ZALACZNIKI": "http://172.16.11.22:8085/SOWA2-services/doc/print/65372449/0498.pdf",
    "ZDJECIE_1": "",
    "ZDJECIE_2": "",
    "ZDJECIE_3": "",
    "ZDJECIE_4": "",
    "ZDJECIE_5": "",
    "ZDJECIE_6": "",
    "ZDJECIE_7": "",
    "ZDJECIE_8": "",
    "ZWERYFIKOW": "",
    "ZWIAZANA_Z": 0
   },
   "type": "Feature"
  },
  {
   "geometry": {
    "coordinates": [
     19.907237,
     50.054605
    ],
    "type": "Point"
   },
   "id": 65,
   "properties": {
    "ADRES": "",
    "ATRYBUTY_O": "Nr stanowiska: 79",
    "BUDOWNICZY": "",
    "CHARAKTER": "",
    "DATA_WPISU": null,
    "DATA_WZNIE": "",
    "DZIELNICA": "",
    "FID": 65,
    "FUNKCJA_OB": "",
    "FUNKCJA_PI": "",
    "GDB_AREA": 0,
    "GDB_PRM": 0,
    "GDB_PRMEX": 0,
    "GPT_DATE": null,
    "GPT_USER": "",
    "ID": 31793,
    "IDENT_OBIE": "67877449",
    "ID_ISDP": 0,
    "ID_SPRAWY": 80596199,
    "ID_WARSTWY": "F19_STAN_PNT_OPIS",
    "ISDP_FID": "GDB$G_EOZ_ARCHEOLOGIA_EOZ_A.4d9eef0c-e139-557a-e055-000000000001",
    "ISTNIEJE": "",
    "KARTA_MAPY": "",
    "LOKALIZACJ": "",
    "MATERIAL": "",
    "NAZWA": "",
    "NUMER": "",
    "NUMER_EWID": "",
    "NUMER_REJ_": "",
    "OBREB": "",
    "REJESTR_TA": "EW_ARCHEOLOGIA",
    "RODZAJE_ZA": "",
    "RODZAJ_OBI": "",
    "RODZAJ_WLA": "",
    "STAN_ZACHO": "",
    "STATUS": "",
    "STYL_OBIEK": "",
    "SYMBOL_EWI": "",
    "SYMBOL_REJ": "",
    "UWAGI": "",
    "WIEK_CZ_PO": "",
    "WIEK_POWST": "",
    "WYDRUK_LIN": "",
    "ZAJETA_NA_": 1,
    "ZALACZNIKI": "http://172.16.11.22:8085/SOWA2-services/doc/print/65359899/0079.pdf",
    "ZDJECIE_1": "",
    "ZDJECIE_2": "",
    "ZDJECIE_3": "",
    "ZDJECIE_4": "",
    "ZDJECIE_5": "",
    "ZDJECIE_6": "",
    "ZDJECIE_7": "",
    "ZDJECIE_8": "",
    "ZWERYFIKOW": "",
    "ZWIAZANA_Z": 0
   },
   "type": "Feature"
  },
  {
   "geometry": {
    "coordinates": [
     19.902924,
     50.054487
    ],
    "type": "Point"
   },
   "id": 66,
   "properties": {
    "ADRES": "",
    "ATRYBUTY_O": "Nr stanowiska: 80",
    "BUDOWNICZY": "",
    "CHARAKTER": "",
    "DATA_WPISU": null,
    "DATA_WZNIE": "",
    "DZIELNICA": "",
    "FID": 66,
    "FUNKCJA_OB": "",
    "FUNKCJA_PI": "",
    "GDB_AREA": 0,
    "GDB_PRM": 0,
    "GDB_PRMEX": 0,
    "GPT_DATE": null,
    "GPT_USER": "",
    "ID": 31794,
    "IDENT_OBIE": "67877499",
    "ID_ISDP": 0,
    "ID_SPRAWY": 80596249,
    "ID_WARSTWY": "F19_STAN_PNT_OPIS",
    "ISDP_FID": "GDB$G_EOZ_ARCHEOLOGIA_EOZ_A.4d9eef0c-e13a-557a-e055-000000000001",
    "ISTNIEJE": "",
    "KARTA_MAPY": "",
    "LOKALIZACJ": "",
    "MATERIAL": "",
    "NAZWA": "",
    "NUMER": "",
    "NUMER_EWID": "",
    "NUMER_REJ_": "",
    "OBREB": "",
    "REJESTR_TA": "EW_ARCHEOLOGIA",
    "RODZAJE_ZA": "",
    "RODZAJ_OBI": "",
    "RODZAJ_WLA": "",
    "STAN_ZACHO": "",
    "STATUS": "",
    "STYL_OBIEK": "",
    "SYMBOL_EWI": "",
    "SYMBOL_REJ": "",
    "UWAGI": "",
    "WIEK_CZ_PO": "",
    "WIEK_POWST": "",
    "WYDRUK_LIN": "",
    "ZAJETA_NA_": 1,
    "ZALACZNIKI": "http://172.16.11.22:8085/SOWA2-services/doc/print/65359949/0080.pdf",
    "ZDJECIE_1": "",
    "ZDJECIE_2": "",
    "ZDJECIE_3": "",
    "ZDJECIE_4": "",
    "ZDJECIE_5": "",
    "ZDJECIE_6": "",
    "ZDJECIE_7": "",
    "ZDJECIE_8": "",
    "ZWERYFIKOW": "",
    "ZWIAZANA_Z": 0
   },
   "type": "Feature"
  },
  {
   "geometry": {
    "coordinates": [
     19.896742,
     50.053646
    ],
    "type": "Point"
   },
   "id": 67,
   "properties": {
    "ADRES": "",
    "ATRYBUTY_O": "Nr stanowiska: 81",
    "BUDOWNICZY": "",
    "CHARAKTER": "",
    "DATA_WPISU": null,
    "DATA_WZNIE": "",
    "DZIELNICA": "",
    "FID": 67,
    "FUNKCJA_OB": "",
    "FUNKCJA_PI": "",
    "GDB_AREA": 0,
    "GDB_PRM": 0,
    "GDB_PRMEX": 0,
    "GPT_DATE": null,
    "GPT_USER": "",
    "ID": 31795,
    "IDENT_OBIE": "67877549",
    "ID_ISDP": 0,
    "ID_SPRAWY": 80596299,
    "ID_WARSTWY": "F19_STAN_PNT_OPIS",
    "ISDP_FID": "GDB$G_EOZ_ARCHEOLOGIA_EOZ_A.4d9eef0c-e13b-557a-e055-000000000001",
    "ISTNIEJE": "",
    "KARTA_MAPY": "",
    "LOKALIZACJ": "",
    "MATERIAL": "",
    "NAZWA": "",
    "NUMER": "",
    "NUMER_EWID": "",
    "NUMER_REJ_": "",
    "OBREB": "",
    "REJESTR_TA": "EW_ARCHEOLOGIA",
    "RODZAJE_ZA": "",
    "RODZAJ_OBI": "",
    "RODZAJ_WLA": "",
    "STAN_ZACHO": "",
    "STATUS": "",
    "STYL_OBIEK": "",
    "SYMBOL_EWI": "",
    "SYMBOL_REJ": "",
    "UWAGI": "",
    "WIEK_CZ_PO": "",
    "WIEK_POWST": "",
    "WYDRUK_LIN": "",
    "ZAJETA_NA_": 1,
    "ZALACZNIKI": "http://172.16.11.22:8085/SOWA2-services/doc/print/65359999/0081.pdf",
    "ZDJECIE_1": "",
    "ZDJECIE_2": "",
    "ZDJECIE_3": "",
    "ZDJECIE_4": "",
    "ZDJECIE_5": "",
    "ZDJECIE_6": "",
    "ZDJECIE_7": "",
    "ZDJECIE_8": "",
    "ZWERYFIKOW": "",
    "ZWIAZANA_Z": 0
   },
   "type": "Feature"
  },
  {
   "geometry": {
    "coordinates": [
     19.897739,
     50.056469
    ],
    "type": "Point"
   },
   "id": 68,
   "properties": {
    "ADRES": "",
    "ATRYBUTY_O": "Nr stanowiska: 82",
    "BUDOWNICZY": "",
    "CHARAKTER": "",
    "DATA_WPISU": null,
    "DATA_WZNIE": "",
    "DZIELNICA": "",
    "FID": 68,
    "FUNKCJA_OB": "",
    "FUNKCJA_PI": "",
    "GDB_AREA": 0,
    "GDB_PRM": 0,
    "GDB_PRMEX": 0,
    "GPT_DATE": null,
    "GPT_USER": "",
    "ID": 31796,
    "IDENT_OBIE": "67877599",
    "ID_ISDP": 0,
    "ID_SPRAWY": 80596349,
    "ID_WARSTWY": "F19_STAN_PNT_OPIS",
    "ISDP_FID": "GDB$G_EOZ_ARCHEOLOGIA_EOZ_A.4d9eef0c-e13c-557a-e055-000000000001",
    "ISTNIEJE": "",
    "KARTA_MAPY": "",
    "LOKALIZACJ": "",
    "MATERIAL": "",
    "NAZWA": "",
    "NUMER": "",
    "NUMER_EWID": "",
    "NUMER_REJ_": "",
    "OBREB": "",
    "REJESTR_TA": "EW_ARCHEOLOGIA",
    "RODZAJE_ZA": "",
    "RODZAJ_OBI": "",
    "RODZAJ_WLA": "",
    "STAN_ZACHO": "",
    "STATUS": "",
    "STYL_OBIEK": "",
    "SYMBOL_EWI": "",
    "SYMBOL_REJ": "",
    "UWAGI": "",
    "WIEK_CZ_PO": "",
    "WIEK_POWST": "",
    "WYDRUK_LIN": "",
    "ZAJETA_NA_": 1,
    "ZALACZNIKI": "http://172.16.11.22:8085/SOWA2-services/doc/print/65360049/0082.pdf",
    "ZDJECIE_1": "",
    "ZDJECIE_2": "",
    "ZDJECIE_3": "",
    "ZDJECIE_4": "",
    "ZDJECIE_5": "",
    "ZDJECIE_6": "",
    "ZDJECIE_7": "",
    "ZDJECIE_8": "",
    "ZWERYFIKOW": "",
    "ZWIAZANA_Z": 0
   },
   "type": "Feature"
  },
  {
   "geometry": {
    "coordinates": [
     19.893495,
     50.054884
    ],
    "type": "Point"
   },
   "id": 69,
   "properties": {
    "ADRES": "",
    "ATRYBUTY_O": "Nr stanowiska: 83",
    "BUDOWNICZY": "",
    "CHARAKTER": "",
    "DATA_WPISU": null,
    "DATA_WZNIE": "",
    "DZIELNICA": "",
    "FID": 69,
    "FUNKCJA_OB": "",
    "FUNKCJA_PI": "",
    "GDB_AREA": 0,
    "GDB_PRM": 0,
    "GDB_PRMEX": 0,
    "GPT_DATE": null,
    "GPT_USER": "",
    "ID": 31797,
    "IDENT_OBIE": "67877649",
    "ID_ISDP": 0,
    "ID_SPRAWY": 80596399,
    "ID_WARSTWY": "F19_STAN_PNT_OPIS",
    "ISDP_FID": "GDB$G_EOZ_ARCHEOLOGIA_EOZ_A.4d9eef0c-e13d-557a-e055-000000000001",
    "ISTNIEJE": "",
    "KARTA_MAPY": "",
    "LOKALIZACJ": "",
    "MATERIAL": "",
    "NAZWA": "",
    "NUMER": "",
    "NUMER_EWID": "",
    "NUMER_REJ_": "",
    "OBREB": "",
    "REJESTR_TA": "EW_ARCHEOLOGIA",
    "RODZAJE_ZA": "",
    "RODZAJ_OBI": "",
    "RODZAJ_WLA": "",
    "STAN_ZACHO": "",
    "STATUS": "",
    "STYL_OBIEK": "",
    "SYMBOL_EWI": "",
    "SYMBOL_REJ": "",
    "UWAGI": "",
    "WIEK_CZ_PO": "",
    "WIEK_POWST": "",
    "WYDRUK_LIN": "",
    "ZAJETA_NA_": 1,
    "ZALACZNIKI": "http://172.16.11.22:8085/SOWA2-services/doc/print/65360099/0083.pdf",
    "ZDJECIE_1": "",
    "ZDJECIE_2": "",
    "ZDJECIE_3": "",
    "ZDJECIE_4": "",
    "ZDJECIE_5": "",
    "ZDJECIE_6": "",
    "ZDJECIE_7": "",
    "ZDJECIE_8": "",
    "ZWERYFIKOW": "",
    "ZWIAZANA_Z": 0
   },
   "type": "Feature"
  },
  {
   "geometry": {
    "coordinates": [
     19.89115,
     50.053
    ],
    "type": "Point"
   },
   "id": 70,
   "properties": {
    "ADRES": "",
    "ATRYBUTY_O": "Nr stanowiska: 84",
    "BUDOWNICZY": "",
    "CHARAKTER": "",
    "DATA_WPISU": null,
    "DATA_WZNIE": "",
    "DZIELNICA": "",
    "FID": 70,
    "FUNKCJA_OB": "",
    "FUNKCJA_PI": "",
    "GDB_AREA": 0,
    "GDB_PRM": 0,
    "GDB_PRMEX": 0,
    "GPT_DATE": null,
    "GPT_USER": "",
    "ID": 31798,
    "IDENT_OBIE": "67877699",
    "ID_ISDP": 0,
    "ID_SPRAWY": 80596449,
    "ID_WARSTWY": "F19_STAN_PNT_OPIS",
    "ISDP_FID": "GDB$G_EOZ_ARCHEOLOGIA_EOZ_A.4d9eef0c-e13e-557a-e055-000000000001",
    "ISTNIEJE": "",
    "KARTA_MAPY": "",
    "LOKALIZACJ": "",
    "MATERIAL": "",
    "NAZWA": "",
    "NUMER": "",
    "NUMER_EWID": "",
    "NUMER_REJ_": "",
    "OBREB": "",
    "REJESTR_TA": "EW_ARCHEOLOGIA",
    "RODZAJE_ZA": "",
    "RODZAJ_OBI": "",
    "RODZAJ_WLA": "",
    "STAN_ZACHO": "",
    "STATUS": "",
    "STYL_OBIEK": "",
    "SYMBOL_EWI": "",
    "SYMBOL_REJ": "",
    "UWAGI": "",
    "WIEK_CZ_PO": "",
    "WIEK_POWST": "",
    "WYDRUK_LIN": "",
    "ZAJETA_NA_": 1,
    "ZALACZNIKI": "http://172.16.11.22:8085/SOWA2-services/doc/print/65360149/0084.pdf",
    "ZDJECIE_1": "",
    "ZDJECIE_2": "",
    "ZDJECIE_3": "",
    "ZDJECIE_4": "",
    "ZDJECIE_5": "",
    "ZDJECIE_6": "",
    "ZDJECIE_7": "",
    "ZDJECIE_8": "",
    "ZWERYFIKOW": "",
    "ZWIAZANA_Z": 0
   },
   "type": "Feature"
  },
  {
   "geometry": {
    "coordinates": [
     19.894367,
     50.051188
    ],
    "type": "Point"
   },
   "id": 71,
   "properties": {
    "ADRES": "",
    "ATRYBUTY_O": "Nr stanowiska: 85",
    "BUDOWNICZY": "",
    "CHARAKTER": "",
    "DATA_WPISU": null,
    "DATA_WZNIE": "",
    "DZIELNICA": "",
    "FID": 71,
    "FUNKCJA_OB": "",
    "FUNKCJA_PI": "",
    "GDB_AREA": 0,
    "GDB_PRM": 0,
    "GDB_PRMEX": 0,
    "GPT_DATE": null,
    "GPT_USER": "",
    "ID": 31799,
    "IDENT_OBIE": "67877749",
    "ID_ISDP": 0,
    "ID_SPRAWY": 80596499,
    "ID_WARSTWY": "F19_STAN_PNT_OPIS",
    "ISDP_FID": "GDB$G_EOZ_ARCHEOLOGIA_EOZ_A.4d9eef0c-e13f-557a-e055-000000000001",
    "ISTNIEJE": "",
    "KARTA_MAPY": "",
    "LOKALIZACJ": "",
    "MATERIAL": "",
    "NAZWA": "",
    "NUMER": "",
    "NUMER_EWID": "",
    "NUMER_REJ_": "",
    "OBREB": "",
    "REJESTR_TA": "EW_ARCHEOLOGIA",
    "RODZAJE_ZA": "",
    "RODZAJ_OBI": "",
    "RODZAJ_WLA": "",
    "STAN_ZACHO": "",
    "STATUS": "",
    "STYL_OBIEK": "",
    "SYMBOL_EWI": "",
    "SYMBOL_REJ": "",
    "UWAGI": "",
    "WIEK_CZ_PO": "",
    "WIEK_POWST": "",
    "WYDRUK_LIN": "",
    "ZAJETA_NA_": 1,
    "ZALACZNIKI": "http://172.16.11.22:8085/SOWA2-services/doc/print/65360199/0085.pdf",
    "ZDJECIE_1": "",
    "ZDJECIE_2": "",
    "ZDJECIE_3": "",
    "ZDJECIE_4": "",
    "ZDJECIE_5": "",
    "ZDJECIE_6": "",
    "ZDJECIE_7": "",
    "ZDJECIE_8": "",
    "ZWERYFIKOW": "",
    "ZWIAZANA_Z": 0
   },
   "type": "Feature"
  },
  {
   "geometry": {
    "coordinates": [
     19.912278,
     50.05319
    ],
    "type": "Point"
   },
   "id": 72,
   "properties": {
    "ADRES": "",
    "ATRYBUTY_O": "Nr stanowiska: 87",
    "BUDOWNICZY": "",
    "CHARAKTER": "",
    "DATA_WPISU": null,
    "DATA_WZNIE": "",
    "DZIELNICA": "",
    "FID": 72,
    "FUNKCJA_OB": "",
    "FUNKCJA_PI": "",
    "GDB_AREA": 0,
    "GDB_PRM": 0,
    "GDB_PRMEX": 0,
    "GPT_DATE": null,
    "GPT_USER": "",
    "ID": 31801,
    "IDENT_OBIE": "67877849",
    "ID_ISDP": 0,
    "ID_SPRAWY": 80596599,
    "ID_WARSTWY": "F19_STAN_PNT_OPIS",
    "ISDP_FID": "GDB$G_EOZ_ARCHEOLOGIA_EOZ_A.4d9eef0c-e140-557a-e055-000000000001",
    "ISTNIEJE": "",
    "KARTA_MAPY": "",
    "LOKALIZACJ": "",
    "MATERIAL": "",
    "NAZWA": "",
    "NUMER": "",
    "NUMER_EWID": "",
    "NUMER_REJ_": "",
    "OBREB": "",
    "REJESTR_TA": "EW_ARCHEOLOGIA",
    "RODZAJE_ZA": "",
    "RODZAJ_OBI": "",
    "RODZAJ_WLA": "",
    "STAN_ZACHO": "",
    "STATUS": "",
    "STYL_OBIEK": "",
    "SYMBOL_EWI": "",
    "SYMBOL_REJ": "",
    "UWAGI": "",
    "WIEK_CZ_PO": "",
    "WIEK_POWST": "",
    "WYDRUK_LIN": "",
    "ZAJETA_NA_": 1,
    "ZALACZNIKI": "http://172.16.11.22:8085/SOWA2-services/doc/print/65360299/0087.pdf",
    "ZDJECIE_1": "",
    "ZDJECIE_2": "",
    "ZDJECIE_3": "",
    "ZDJECIE_4": "",
    "ZDJECIE_5": "",
    "ZDJECIE_6": "",
    "ZDJECIE_7": "",
    "ZDJECIE_8": "",
    "ZWERYFIKOW": "",
    "ZWIAZANA_Z": 0
   },
   "type": "Feature"
  },
  {
   "geometry": {
    "coordinates": [
     19.822039,
     50.005731
    ],
    "type": "Point"
   },
   "id": 73,
   "properties": {
    "ADRES": "",
    "ATRYBUTY_O": "Nr stanowiska: 329",
    "BUDOWNICZY": "",
    "CHARAKTER": "",
    "DATA_WPISU": null,
    "DATA_WZNIE": "",
    "DZIELNICA": "",
    "FID": 73,
    "FUNKCJA_OB": "",
    "FUNKCJA_PI": "",
    "GDB_AREA": 0,
    "GDB_PRM": 0,
    "GDB_PRMEX": 0,
    "GPT_DATE": null,
    "GPT_USER": "",
    "ID": 31718,
    "IDENT_OBIE": "67873699",
    "ID_ISDP": 0,
    "ID_SPRAWY": 80589599,
    "ID_WARSTWY": "F19_STAN_PNT_OPIS",
    "ISDP_FID": "GDB$G_EOZ_ARCHEOLOGIA_EOZ_A.4d9eef0c-e10b-557a-e055-000000000001",
    "ISTNIEJE": "",
    "KARTA_MAPY": "",
    "LOKALIZACJ": "",
    "MATERIAL": "",
    "NAZWA": "",
    "NUMER": "",
    "NUMER_EWID": "",
    "NUMER_REJ_": "",
    "OBREB": "",
    "REJESTR_TA": "EW_ARCHEOLOGIA",
    "RODZAJE_ZA": "",
    "RODZAJ_OBI": "",
    "RODZAJ_WLA": "",
    "STAN_ZACHO": "",
    "STATUS": "",
    "STYL_OBIEK": "",
    "SYMBOL_EWI": "",
    "SYMBOL_REJ": "",
    "UWAGI": "",
    "WIEK_CZ_PO": "",
    "WIEK_POWST": "",
    "WYDRUK_LIN": "",
    "ZAJETA_NA_": 1,
    "ZALACZNIKI": "http://172.16.11.22:8085/SOWA2-services/doc/print/65367899/0329.pdf",
    "ZDJECIE_1": "",
    "ZDJECIE_2": "",
    "ZDJECIE_3": "",
    "ZDJECIE_4": "",
    "ZDJECIE_5": "",
    "ZDJECIE_6": "",
    "ZDJECIE_7": "",
    "ZDJECIE_8": "",
    "ZWERYFIKOW": "",
    "ZWIAZANA_Z": 0
   },
   "type": "Feature"
  },
  {
   "geometry": {
    "coordinates": [
     19.824063,
     50.009504
    ],
    "type": "Point"
   },
   "id": 74,
   "properties": {
    "ADRES": "",
    "ATRYBUTY_O": "Nr stanowiska: 331",
    "BUDOWNICZY": "",
    "CHARAKTER": "",
    "DATA_WPISU": null,
    "DATA_WZNIE": "",
    "DZIELNICA": "",
    "FID": 74,
    "FUNKCJA_OB": "",
    "FUNKCJA_PI": "",
    "GDB_AREA": 0,
    "GDB_PRM": 0,
    "GDB_PRMEX": 0,
    "GPT_DATE": null,
    "GPT_USER": "",
    "ID": 31720,
    "IDENT_OBIE": "67873799",
    "ID_ISDP": 0,
    "ID_SPRAWY": 80589699,
    "ID_WARSTWY": "F19_STAN_PNT_OPIS",
    "ISDP_FID": "GDB$G_EOZ_ARCHEOLOGIA_EOZ_A.4d9eef0c-e10c-557a-e055-000000000001",
    "ISTNIEJE": "",
    "KARTA_MAPY": "",
    "LOKALIZACJ": "",
    "MATERIAL": "",
    "NAZWA": "",
    "NUMER": "",
    "NUMER_EWID": "",
    "NUMER_REJ_": "",
    "OBREB": "",
    "REJESTR_TA": "EW_ARCHEOLOGIA",
    "RODZAJE_ZA": "",
    "RODZAJ_OBI": "",
    "RODZAJ_WLA": "",
    "STAN_ZACHO": "",
    "STATUS": "",
    "STYL_OBIEK": "",
    "SYMBOL_EWI": "",
    "SYMBOL_REJ": "",
    "UWAGI": "",
    "WIEK_CZ_PO": "",
    "WIEK_POWST": "",
    "WYDRUK_LIN": "",
    "ZAJETA_NA_": 1,
    "ZALACZNIKI": "http://172.16.11.22:8085/SOWA2-services/doc/print/65367999/0331.pdf",
    "ZDJECIE_1": "",
    "ZDJECIE_2": "",
    "ZDJECIE_3": "",
    "ZDJECIE_4": "",
    "ZDJECIE_5": "",
    "ZDJECIE_6": "",
    "ZDJECIE_7": "",
    "ZDJECIE_8": "",
    "ZWERYFIKOW": "",
    "ZWIAZANA_Z": 0
   },
   "type": "Feature"
  },
  {
   "geometry": {
    "coordinates": [
     19.822502,
     50.012482
    ],
    "type": "Point"
   },
   "id": 75,
   "properties": {
    "ADRES": "",
    "ATRYBUTY_O": "Nr stanowiska: 334",
    "BUDOWNICZY": "",
    "CHARAKTER": "",
    "DATA_WPISU": null,
    "DATA_WZNIE": "",
    "DZIELNICA": "",
    "FID": 75,
    "FUNKCJA_OB": "",
    "FUNKCJA_PI": "",
    "GDB_AREA": 0,
    "GDB_PRM": 0,
    "GDB_PRMEX": 0,
    "GPT_DATE": null,
    "GPT_USER": "",
    "ID": 31722,
    "IDENT_OBIE": "67873899",
    "ID_ISDP": 0,
    "ID_SPRAWY": 80589849,
    "ID_WARSTWY": "F19_STAN_PNT_OPIS",
    "ISDP_FID": "GDB$G_EOZ_ARCHEOLOGIA_EOZ_A.4d9eef0c-e10d-557a-e055-000000000001",
    "ISTNIEJE": "",
    "KARTA_MAPY": "",
    "LOKALIZACJ": "",
    "MATERIAL": "",
    "NAZWA": "",
    "NUMER": "",
    "NUMER_EWID": "",
    "NUMER_REJ_": "",
    "OBREB": "",
    "REJESTR_TA": "EW_ARCHEOLOGIA",
    "RODZAJE_ZA": "",
    "RODZAJ_OBI": "",
    "RODZAJ_WLA": "",
    "STAN_ZACHO": "",
    "STATUS": "",
    "STYL_OBIEK": "",
    "SYMBOL_EWI": "",
    "SYMBOL_REJ": "",
    "UWAGI": "",
    "WIEK_CZ_PO": "",
    "WIEK_POWST": "",
    "WYDRUK_LIN": "",
    "ZAJETA_NA_": 1,
    "ZALACZNIKI": "http://172.16.11.22:8085/SOWA2-services/doc/print/65368099/0334.pdf",
    "ZDJECIE_1": "",
    "ZDJECIE_2": "",
    "ZDJECIE_3": "",
    "ZDJECIE_4": "",
    "ZDJECIE_5": "",
    "ZDJECIE_6": "",
    "ZDJECIE_7": "",
    "ZDJECIE_8": "",
    "ZWERYFIKOW": "",
    "ZWIAZANA_Z": 0
   },
   "type": "Feature"
  },
  {
   "geometry": {
    "coordinates": [
     19.820205,
     50.016493
    ],
    "type": "Point"
   },
   "id": 76,
   "properties": {
    "ADRES": "",
    "ATRYBUTY_O": "Nr stanowiska: 336",
    "BUDOWNICZY": "",
    "CHARAKTER": "",
    "DATA_WPISU": null,
    "DATA_WZNIE": "",
    "DZIELNICA": "",
    "FID": 76,
    "FUNKCJA_OB": "",
    "FUNKCJA_PI": "",
    "GDB_AREA": 0,
    "GDB_PRM": 0,
    "GDB_PRMEX": 0,
    "GPT_DATE": null,
    "GPT_USER": "",
    "ID": 31723,
    "IDENT_OBIE": "67873949",
    "ID_ISDP": 0,
    "ID_SPRAWY": 80589949,
    "ID_WARSTWY": "F19_STAN_PNT_OPIS",
    "ISDP_FID": "GDB$G_EOZ_ARCHEOLOGIA_EOZ_A.4d9eef0c-e10e-557a-e055-000000000001",
    "ISTNIEJE": "",
    "KARTA_MAPY": "",
    "LOKALIZACJ": "",
    "MATERIAL": "",
    "NAZWA": "",
    "NUMER": "",
    "NUMER_EWID": "",
    "NUMER_REJ_": "",
    "OBREB": "",
    "REJESTR_TA": "EW_ARCHEOLOGIA",
    "RODZAJE_ZA": "",
    "RODZAJ_OBI": "",
    "RODZAJ_WLA": "",
    "STAN_ZACHO": "",
    "STATUS": "",
    "STYL_OBIEK": "",
    "SYMBOL_EWI": "",
    "SYMBOL_REJ": "",
    "UWAGI": "",
    "WIEK_CZ_PO": "",
    "WIEK_POWST": "",
    "WYDRUK_LIN": "",
    "ZAJETA_NA_": 1,
    "ZALACZNIKI": "http://172.16.11.22:8085/SOWA2-services/doc/print/65368149/0336.pdf",
    "ZDJECIE_1": "",
    "ZDJECIE_2": "",
    "ZDJECIE_3": "",
    "ZDJECIE_4": "",
    "ZDJECIE_5": "",
    "ZDJECIE_6": "",
    "ZDJECIE_7": "",
    "ZDJECIE_8": "",
    "ZWERYFIKOW": "",
    "ZWIAZANA_Z": 0
   },
   "type": "Feature"
  },
  {
   "geometry": {
    "coordinates": [
     19.820366,
     50.017912
    ],
    "type": "Point"
   },
   "id": 77,
   "properties": {
    "ADRES": "",
    "ATRYBUTY_O": "Nr stanowiska: 338",
    "BUDOWNICZY": "",
    "CHARAKTER": "",
    "DATA_WPISU": null,
    "DATA_WZNIE": "",
    "DZIELNICA": "",
    "FID": 77,
    "FUNKCJA_OB": "",
    "FUNKCJA_PI": "",
    "GDB_AREA": 0,
    "GDB_PRM": 0,
    "GDB_PRMEX": 0,
    "GPT_DATE": null,
    "GPT_USER": "",
    "ID": 31725,
    "IDENT_OBIE": "67874049",
    "ID_ISDP": 0,
    "ID_SPRAWY": 80590049,
    "ID_WARSTWY": "F19_STAN_PNT_OPIS",
    "ISDP_FID": "GDB$G_EOZ_ARCHEOLOGIA_EOZ_A.4d9eef0c-e10f-557a-e055-000000000001",
    "ISTNIEJE": "",
    "KARTA_MAPY": "",
    "LOKALIZACJ": "",
    "MATERIAL": "",
    "NAZWA": "",
    "NUMER": "",
    "NUMER_EWID": "",
    "NUMER_REJ_": "",
    "OBREB": "",
    "REJESTR_TA": "EW_ARCHEOLOGIA",
    "RODZAJE_ZA": "",
    "RODZAJ_OBI": "",
    "RODZAJ_WLA": "",
    "STAN_ZACHO": "",
    "STATUS": "",
    "STYL_OBIEK": "",
    "SYMBOL_EWI": "",
    "SYMBOL_REJ": "",
    "UWAGI": "",
    "WIEK_CZ_PO": "",
    "WIEK_POWST": "",
    "WYDRUK_LIN": "",
    "ZAJETA_NA_": 1,
    "ZALACZNIKI": "http://172.16.11.22:8085/SOWA2-services/doc/print/65368249/0338.pdf",
    "ZDJECIE_1": "",
    "ZDJECIE_2": "",
    "ZDJECIE_3": "",
    "ZDJECIE_4": "",
    "ZDJECIE_5": "",
    "ZDJECIE_6": "",
    "ZDJECIE_7": "",
    "ZDJECIE_8": "",
    "ZWERYFIKOW": "",
    "ZWIAZANA_Z": 0
   },
   "type": "Feature"
  },
  {
   "geometry": {
    "coordinates": [
     19.850252,
     50.000616
    ],
    "type": "Point"
   },
   "id": 78,
   "properties": {
    "ADRES": "",
    "ATRYBUTY_O": "Nr stanowiska: 368",
    "BUDOWNICZY": "",
    "CHARAKTER": "",
    "DATA_WPISU": null,
    "DATA_WZNIE": "",
    "DZIELNICA": "",
    "FID": 78,
    "FUNKCJA_OB": "",
    "FUNKCJA_PI": "",
    "GDB_AREA": 0,
    "GDB_PRM": 0,
    "GDB_PRMEX": 0,
    "GPT_DATE": null,
    "GPT_USER": "",
    "ID": 31727,
    "IDENT_OBIE": "67874149",
    "ID_ISDP": 0,
    "ID_SPRAWY": 80590299,
    "ID_WARSTWY": "F19_STAN_PNT_OPIS",
    "ISDP_FID": "GDB$G_EOZ_ARCHEOLOGIA_EOZ_A.4d9eef0c-e110-557a-e055-000000000001",
    "ISTNIEJE": "",
    "KARTA_MAPY": "",
    "LOKALIZACJ": "",
    "MATERIAL": "",
    "NAZWA": "",
    "NUMER": "",
    "NUMER_EWID": "",
    "NUMER_REJ_": "",
    "OBREB": "",
    "REJESTR_TA": "EW_ARCHEOLOGIA",
    "RODZAJE_ZA": "",
    "RODZAJ_OBI": "",
    "RODZAJ_WLA": "",
    "STAN_ZACHO": "",
    "STATUS": "",
    "STYL_OBIEK": "",
    "SYMBOL_EWI": "",
    "SYMBOL_REJ": "",
    "UWAGI": "",
    "WIEK_CZ_PO": "",
    "WIEK_POWST": "",
    "WYDRUK_LIN": "",
    "ZAJETA_NA_": 1,
    "ZALACZNIKI": "http://172.16.11.22:8085/SOWA2-services/doc/print/65368849/0368.pdf",
    "ZDJECIE_1": "",
    "ZDJECIE_2": "",
    "ZDJECIE_3": "",
    "ZDJECIE_4": "",
    "ZDJECIE_5": "",
    "ZDJECIE_6": "",
    "ZDJECIE_7": "",
    "ZDJECIE_8": "",
    "ZWERYFIKOW": "",
    "ZWIAZANA_Z": 0
   },
   "type": "Feature"
  },
  {
   "geometry": {
    "coordinates": [
     19.9511,
     50.084147
    ],
    "type": "Point"
   },
   "id": 79,
   "properties": {
    "ADRES": "",
    "ATRYBUTY_O": "Nr stanowiska: 66",
    "BUDOWNICZY": "",
    "CHARAKTER": "",
    "DATA_WPISU": null,
    "DATA_WZNIE": "",
    "DZIELNICA": "",
    "FID": 79,
    "FUNKCJA_OB": "",
    "FUNKCJA_PI": "",
    "GDB_AREA": 0,
    "GDB_PRM": 0,
    "GDB_PRMEX": 0,
    "GPT_DATE": null,
    "GPT_USER": "",
    "ID": 31729,
    "IDENT_OBIE": "67874249",
    "ID_ISDP": 0,
    "ID_SPRAWY": 80590399,
    "ID_WARSTWY": "F19_STAN_PNT_OPIS",
    "ISDP_FID": "GDB$G_EOZ_ARCHEOLOGIA_EOZ_A.4d9eef0c-e111-557a-e055-000000000001",
    "ISTNIEJE": "",
    "KARTA_MAPY": "",
    "LOKALIZACJ": "",
    "MATERIAL": "",
    "NAZWA": "",
    "NUMER": "",
    "NUMER_EWID": "",
    "NUMER_REJ_": "",
    "OBREB": "",
    "REJESTR_TA": "EW_ARCHEOLOGIA",
    "RODZAJE_ZA": "",
    "RODZAJ_OBI": "",
    "RODZAJ_WLA": "",
    "STAN_ZACHO": "",
    "STATUS": "",
    "STYL_OBIEK": "",
    "SYMBOL_EWI": "",
    "SYMBOL_REJ": "",
    "UWAGI": "",
    "WIEK_CZ_PO": "",
    "WIEK_POWST": "",
    "WYDRUK_LIN": "",
    "ZAJETA_NA_": 1,
    "ZALACZNIKI": "http://172.16.11.22:8085/SOWA2-services/doc/print/65359299/0066.pdf",
    "ZDJECIE_1": "",
    "ZDJECIE_2": "",
    "ZDJECIE_3": "",
    "ZDJECIE_4": "",
    "ZDJECIE_5": "",
    "ZDJECIE_6": "",
    "ZDJECIE_7": "",
    "ZDJECIE_8": "",
    "ZWERYFIKOW": "",
    "ZWIAZANA_Z": 0
   },
   "type": "Feature"
  },
  {
   "geometry": {
    "coordinates": [
     19.946442,
     50.074326
    ],
    "type": "Point"
   },
   "id": 80,
   "properties": {
    "ADRES": "",
    "ATRYBUTY_O": "Nr stanowiska: 67",
    "BUDOWNICZY": "",
    "CHARAKTER": "",
    "DATA_WPISU": null,
    "DATA_WZNIE": "",
    "DZIELNICA": "",
    "FID": 80,
    "FUNKCJA_OB": "",
    "FUNKCJA_PI": "",
    "GDB_AREA": 0,
    "GDB_PRM": 0,
    "GDB_PRMEX": 0,
    "GPT_DATE": null,
    "GPT_USER": "",
    "ID": 31730,
    "IDENT_OBIE": "67874299",
    "ID_ISDP": 0,
    "ID_SPRAWY": 80590449,
    "ID_WARSTWY": "F19_STAN_PNT_OPIS",
    "ISDP_FID": "GDB$G_EOZ_ARCHEOLOGIA_EOZ_A.4d9eef0c-e112-557a-e055-000000000001",
    "ISTNIEJE": "",
    "KARTA_MAPY": "",
    "LOKALIZACJ": "",
    "MATERIAL": "",
    "NAZWA": "",
    "NUMER": "",
    "NUMER_EWID": "",
    "NUMER_REJ_": "",
    "OBREB": "",
    "REJESTR_TA": "EW_ARCHEOLOGIA",
    "RODZAJE_ZA": "",
    "RODZAJ_OBI": "",
    "RODZAJ_WLA": "",
    "STAN_ZACHO": "",
    "STATUS": "",
    "STYL_OBIEK": "",
    "SYMBOL_EWI": "",
    "SYMBOL_REJ": "",
    "UWAGI": "",
    "WIEK_CZ_PO": "",
    "WIEK_POWST": "",
    "WYDRUK_LIN": "",
    "ZAJETA_NA_": 1,
    "ZALACZNIKI": "http://172.16.11.22:8085/SOWA2-services/doc/print/65359349/0067.pdf",
    "ZDJECIE_1": "",
    "ZDJECIE_2": "",
    "ZDJECIE_3": "",
    "ZDJECIE_4": "",
    "ZDJECIE_5": "",
    "ZDJECIE_6": "",
    "ZDJECIE_7": "",
    "ZDJECIE_8": "",
    "ZWERYFIKOW": "",
    "ZWIAZANA_Z": 0
   },
   "type": "Feature"
  },
  {
   "geometry": {
    "coordinates": [
     19.957888,
     50.067375
    ],
    "type": "Point"
   },
   "id": 81,
   "properties": {
    "ADRES": "",
    "ATRYBUTY_O": "Nr stanowiska: 68",
    "BUDOWNICZY": "",
    "CHARAKTER": "",
    "DATA_WPISU": null,
    "DATA_WZNIE": "",
    "DZIELNICA": "",
    "FID": 81,
    "FUNKCJA_OB": "",
    "FUNKCJA_PI": "",
    "GDB_AREA": 0,
    "GDB_PRM": 0,
    "GDB_PRMEX": 0,
    "GPT_DATE": null,
    "GPT_USER": "",
    "ID": 31731,
    "IDENT_OBIE": "67874349",
    "ID_ISDP": 0,
    "ID_SPRAWY": 80590499,
    "ID_WARSTWY": "F19_STAN_PNT_OPIS",
    "ISDP_FID": "GDB$G_EOZ_ARCHEOLOGIA_EOZ_A.4d9eef0c-e113-557a-e055-000000000001",
    "ISTNIEJE": "",
    "KARTA_MAPY": "",
    "LOKALIZACJ": "",
    "MATERIAL": "",
    "NAZWA": "",
    "NUMER": "",
    "NUMER_EWID": "",
    "NUMER_REJ_": "",
    "OBREB": "",
    "REJESTR_TA": "EW_ARCHEOLOGIA",
    "RODZAJE_ZA": "",
    "RODZAJ_OBI": "",
    "RODZAJ_WLA": "",
    "STAN_ZACHO": "",
    "STATUS": "",
    "STYL_OBIEK": "",
    "SYMBOL_EWI": "",
    "SYMBOL_REJ": "",
    "UWAGI": "",
    "WIEK_CZ_PO": "",
    "WIEK_POWST": "",
    "WYDRUK_LIN": "",
    "ZAJETA_NA_": 1,
    "ZALACZNIKI": "http://172.16.11.22:8085/SOWA2-services/doc/print/65359399/0068.pdf",
    "ZDJECIE_1": "",
    "ZDJECIE_2": "",
    "ZDJECIE_3": "",
    "ZDJECIE_4": "",
    "ZDJECIE_5": "",
    "ZDJECIE_6": "",
    "ZDJECIE_7": "",
    "ZDJECIE_8": "",
    "ZWERYFIKOW": "",
    "ZWIAZANA_Z": 0
   },
   "type": "Feature"
  },
  {
   "geometry": {
    "coordinates": [
     19.933495,
     50.053634
    ],
    "type": "Point"
   },
   "id": 82,
   "properties": {
    "ADRES": "",
    "ATRYBUTY_O": "Nr stanowiska: 309",
    "BUDOWNICZY": "",
    "CHARAKTER": "",
    "DATA_WPISU": null,
    "DATA_WZNIE": "",
    "DZIELNICA": "",
    "FID": 82,
    "FUNKCJA_OB": "",
    "FUNKCJA_PI": "",
    "GDB_AREA": 0,
    "GDB_PRM": 0,
    "GDB_PRMEX": 0,
    "GPT_DATE": null,
    "GPT_USER": "",
    "ID": 31732,
    "IDENT_OBIE": "67874399",
    "ID_ISDP": 0,
    "ID_SPRAWY": 80590599,
    "ID_WARSTWY": "F19_STAN_PNT_OPIS",
    "ISDP_FID": "GDB$G_EOZ_ARCHEOLOGIA_EOZ_A.4d9eef0c-e114-557a-e055-000000000001",
    "ISTNIEJE": "",
    "KARTA_MAPY": "",
    "LOKALIZACJ": "",
    "MATERIAL": "",
    "NAZWA": "",
    "NUMER": "",
    "NUMER_EWID": "",
    "NUMER_REJ_": "",
    "OBREB": "",
    "REJESTR_TA": "EW_ARCHEOLOGIA",
    "RODZAJE_ZA": "",
    "RODZAJ_OBI": "",
    "RODZAJ_WLA": "",
    "STAN_ZACHO": "",
    "STATUS": "",
    "STYL_OBIEK": "",
    "SYMBOL_EWI": "",
    "SYMBOL_REJ": "",
    "UWAGI": "",
    "WIEK_CZ_PO": "",
    "WIEK_POWST": "",
    "WYDRUK_LIN": "",
    "ZAJETA_NA_": 1,
    "ZALACZNIKI": "http://172.16.11.22:8085/SOWA2-services/doc/print/65367449/0309.pdf",
    "ZDJECIE_1": "",
    "ZDJECIE_2": "",
    "ZDJECIE_3": "",
    "ZDJECIE_4": "",
    "ZDJECIE_5": "",
    "ZDJECIE_6": "",
    "ZDJECIE_7": "",
    "ZDJECIE_8": "",
    "ZWERYFIKOW": "",
    "ZWIAZANA_Z": 0
   },
   "type": "Feature"
  },
  {
   "geometry": {
    "coordinates": [
     19.947184,
     50.06111
    ],
    "type": "Point"
   },
   "id": 83,
   "properties": {
    "ADRES": "",
    "ATRYBUTY_O": "Nr stanowiska: 153",
    "BUDOWNICZY": "",
    "CHARAKTER": "",
    "DATA_WPISU": null,
    "DATA_WZNIE": "",
    "DZIELNICA": "",
    "FID": 83,
    "FUNKCJA_OB": "",
    "FUNKCJA_PI": "",
    "GDB_AREA": 0,
    "GDB_PRM": 0,
    "GDB_PRMEX": 0,
    "GPT_DATE": null,
    "GPT_USER": "",
    "ID": 31735,
    "IDENT_OBIE": "67874549",
    "ID_ISDP": 0,
    "ID_SPRAWY": 80590749,
    "ID_WARSTWY": "F19_STAN_PNT_OPIS",
    "ISDP_FID": "GDB$G_EOZ_ARCHEOLOGIA_EOZ_A.4d9eef0c-e115-557a-e055-000000000001",
    "ISTNIEJE": "",
    "KARTA_MAPY": "",
    "LOKALIZACJ": "",
    "MATERIAL": "",
    "NAZWA": "",
    "NUMER": "",
    "NUMER_EWID": "",
    "NUMER_REJ_": "",
    "OBREB": "",
    "REJESTR_TA": "EW_ARCHEOLOGIA",
    "RODZAJE_ZA": "",
    "RODZAJ_OBI": "",
    "RODZAJ_WLA": "",
    "STAN_ZACHO": "",
    "STATUS": "",
    "STYL_OBIEK": "",
    "SYMBOL_EWI": "",
    "SYMBOL_REJ": "",
    "UWAGI": "",
    "WIEK_CZ_PO": "",
    "WIEK_POWST": "",
    "WYDRUK_LIN": "",
    "ZAJETA_NA_": 1,
    "ZALACZNIKI": "http://172.16.11.22:8085/SOWA2-services/doc/print/65362799/0153.pdf",
    "ZDJECIE_1": "",
    "ZDJECIE_2": "",
    "ZDJECIE_3": "",
    "ZDJECIE_4": "",
    "ZDJECIE_5": "",
    "ZDJECIE_6": "",
    "ZDJECIE_7": "",
    "ZDJECIE_8": "",
    "ZWERYFIKOW": "",
    "ZWIAZANA_Z": 0
   },
   "type": "Feature"
  },
  {
   "geometry": {
    "coordinates": [
     19.946058,
     50.060379
    ],
    "type": "Point"
   },
   "id": 84,
   "properties": {
    "ADRES": "",
    "ATRYBUTY_O": "Nr stanowiska: 152",
    "BUDOWNICZY": "",
    "CHARAKTER": "",
    "DATA_WPISU": null,
    "DATA_WZNIE": "",
    "DZIELNICA": "",
    "FID": 84,
    "FUNKCJA_OB": "",
    "FUNKCJA_PI": "",
    "GDB_AREA": 0,
    "GDB_PRM": 0,
    "GDB_PRMEX": 0,
    "GPT_DATE": null,
    "GPT_USER": "",
    "ID": 31736,
    "IDENT_OBIE": "67874599",
    "ID_ISDP": 0,
    "ID_SPRAWY": 80590799,
    "ID_WARSTWY": "F19_STAN_PNT_OPIS",
    "ISDP_FID": "GDB$G_EOZ_ARCHEOLOGIA_EOZ_A.4d9eef0c-e116-557a-e055-000000000001",
    "ISTNIEJE": "",
    "KARTA_MAPY": "",
    "LOKALIZACJ": "",
    "MATERIAL": "",
    "NAZWA": "",
    "NUMER": "",
    "NUMER_EWID": "",
    "NUMER_REJ_": "",
    "OBREB": "",
    "REJESTR_TA": "EW_ARCHEOLOGIA",
    "RODZAJE_ZA": "",
    "RODZAJ_OBI": "",
    "RODZAJ_WLA": "",
    "STAN_ZACHO": "",
    "STATUS": "",
    "STYL_OBIEK": "",
    "SYMBOL_EWI": "",
    "SYMBOL_REJ": "",
    "UWAGI": "",
    "WIEK_CZ_PO": "",
    "WIEK_POWST": "",
    "WYDRUK_LIN": "",
    "ZAJETA_NA_": 1,
    "ZALACZNIKI": "http://172.16.11.22:8085/SOWA2-services/doc/print/65362749/0152.pdf",
    "ZDJECIE_1": "",
    "ZDJECIE_2": "",
    "ZDJECIE_3": "",
    "ZDJECIE_4": "",
    "ZDJECIE_5": "",
    "ZDJECIE_6": "",
    "ZDJECIE_7": "",
    "ZDJECIE_8": "",
    "ZWERYFIKOW": "",
    "ZWIAZANA_Z": 0
   },
   "type": "Feature"
  },
  {
   "geometry": {
    "coordinates": [
     19.942697,
     50.059544
    ],
    "type": "Point"
   },
   "id": 85,
   "properties": {
    "ADRES": "",
    "ATRYBUTY_O": "Nr stanowiska: 150",
    "BUDOWNICZY": "",
    "CHARAKTER": "",
    "DATA_WPISU": null,
    "DATA_WZNIE": "",
    "DZIELNICA": "",
    "FID": 85,
    "FUNKCJA_OB": "",
    "FUNKCJA_PI": "",
    "GDB_AREA": 0,
    "GDB_PRM": 0,
    "GDB_PRMEX": 0,
    "GPT_DATE": null,
    "GPT_USER": "",
    "ID": 31738,
    "IDENT_OBIE": "67874699",
    "ID_ISDP": 0,
    "ID_SPRAWY": 80590899,
    "ID_WARSTWY": "F19_STAN_PNT_OPIS",
    "ISDP_FID": "GDB$G_EOZ_ARCHEOLOGIA_EOZ_A.4d9eef0c-e117-557a-e055-000000000001",
    "ISTNIEJE": "",
    "KARTA_MAPY": "",
    "LOKALIZACJ": "",
    "MATERIAL": "",
    "NAZWA": "",
    "NUMER": "",
    "NUMER_EWID": "",
    "NUMER_REJ_": "",
    "OBREB": "",
    "REJESTR_TA": "EW_ARCHEOLOGIA",
    "RODZAJE_ZA": "",
    "RODZAJ_OBI": "",
    "RODZAJ_WLA": "",
    "STAN_ZACHO": "",
    "STATUS": "",
    "STYL_OBIEK": "",
    "SYMBOL_EWI": "",
    "SYMBOL_REJ": "",
    "UWAGI": "",
    "WIEK_CZ_PO": "",
    "WIEK_POWST": "",
    "WYDRUK_LIN": "",
    "ZAJETA_NA_": 1,
    "ZALACZNIKI": "http://172.16.11.22:8085/SOWA2-services/doc/print/65362649/0150.pdf",
    "ZDJECIE_1": "",
    "ZDJECIE_2": "",
    "ZDJECIE_3": "",
    "ZDJECIE_4": "",
    "ZDJECIE_5": "",
    "ZDJECIE_6": "",
    "ZDJECIE_7": "",
    "ZDJECIE_8": "",
    "ZWERYFIKOW": "",
    "ZWIAZANA_Z": 0
   },
   "type": "Feature"
  },
  {
   "geometry": {
    "coordinates": [
     19.943264,
     50.058918
    ],
    "type": "Point"
   },
   "id": 86,
   "properties": {
    "ADRES": "",
    "ATRYBUTY_O": "Nr stanowiska: 148",
    "BUDOWNICZY": "",
    "CHARAKTER": "",
    "DATA_WPISU": null,
    "DATA_WZNIE": "",
    "DZIELNICA": "",
    "FID": 86,
    "FUNKCJA_OB": "",
    "FUNKCJA_PI": "",
    "GDB_AREA": 0,
    "GDB_PRM": 0,
    "GDB_PRMEX": 0,
    "GPT_DATE": null,
    "GPT_USER": "",
    "ID": 31740,
    "IDENT_OBIE": "67874799",
    "ID_ISDP": 0,
    "ID_SPRAWY": 80590999,
    "ID_WARSTWY": "F19_STAN_PNT_OPIS",
    "ISDP_FID": "GDB$G_EOZ_ARCHEOLOGIA_EOZ_A.4d9eef0c-e118-557a-e055-000000000001",
    "ISTNIEJE": "",
    "KARTA_MAPY": "",
    "LOKALIZACJ": "",
    "MATERIAL": "",
    "NAZWA": "",
    "NUMER": "",
    "NUMER_EWID": "",
    "NUMER_REJ_": "",
    "OBREB": "",
    "REJESTR_TA": "EW_ARCHEOLOGIA",
    "RODZAJE_ZA": "",
    "RODZAJ_OBI": "",
    "RODZAJ_WLA": "",
    "STAN_ZACHO": "",
    "STATUS": "",
    "STYL_OBIEK": "",
    "SYMBOL_EWI": "",
    "SYMBOL_REJ": "",
    "UWAGI": "",
    "WIEK_CZ_PO": "",
    "WIEK_POWST": "",
    "WYDRUK_LIN": "",
    "ZAJETA_NA_": 1,
    "ZALACZNIKI": "http://172.16.11.22:8085/SOWA2-services/doc/print/65362549/0148.pdf",
    "ZDJECIE_1": "",
    "ZDJECIE_2": "",
    "ZDJECIE_3": "",
    "ZDJECIE_4": "",
    "ZDJECIE_5": "",
    "ZDJECIE_6": "",
    "ZDJECIE_7": "",
    "ZDJECIE_8": "",
    "ZWERYFIKOW": "",
    "ZWIAZANA_Z": 0
   },
   "type": "Feature"
  },
  {
   "geometry": {
    "coordinates": [
     19.945508,
     50.057359
    ],
    "type": "Point"
   },
   "id": 87,
   "properties": {
    "ADRES": "",
    "ATRYBUTY_O": "Nr stanowiska: 146",
    "BUDOWNICZY": "",
    "CHARAKTER": "",
    "DATA_WPISU": null,
    "DATA_WZNIE": "",
    "DZIELNICA": "",
    "FID": 87,
    "FUNKCJA_OB": "",
    "FUNKCJA_PI": "",
    "GDB_AREA": 0,
    "GDB_PRM": 0,
    "GDB_PRMEX": 0,
    "GPT_DATE": null,
    "GPT_USER": "",
    "ID": 31742,
    "IDENT_OBIE": "67874899",
    "ID_ISDP": 0,
    "ID_SPRAWY": 80591099,
    "ID_WARSTWY": "F19_STAN_PNT_OPIS",
    "ISDP_FID": "GDB$G_EOZ_ARCHEOLOGIA_EOZ_A.4d9eef0c-e119-557a-e055-000000000001",
    "ISTNIEJE": "",
    "KARTA_MAPY": "",
    "LOKALIZACJ": "",
    "MATERIAL": "",
    "NAZWA": "",
    "NUMER": "",
    "NUMER_EWID": "",
    "NUMER_REJ_": "",
    "OBREB": "",
    "REJESTR_TA": "EW_ARCHEOLOGIA",
    "RODZAJE_ZA": "",
    "RODZAJ_OBI": "",
    "RODZAJ_WLA": "",
    "STAN_ZACHO": "",
    "STATUS": "",
    "STYL_OBIEK": "",
    "SYMBOL_EWI": "",
    "SYMBOL_REJ": "",
    "UWAGI": "",
    "WIEK_CZ_PO": "",
    "WIEK_POWST": "",
    "WYDRUK_LIN": "",
    "ZAJETA_NA_": 1,
    "ZALACZNIKI": "http://172.16.11.22:8085/SOWA2-services/doc/print/65362449/0146.pdf",
    "ZDJECIE_1": "",
    "ZDJECIE_2": "",
    "ZDJECIE_3": "",
    "ZDJECIE_4": "",
    "ZDJECIE_5": "",
    "ZDJECIE_6": "",
    "ZDJECIE_7": "",
    "ZDJECIE_8": "",
    "ZWERYFIKOW": "",
    "ZWIAZANA_Z": 0
   },
   "type": "Feature"
  },
  {
   "geometry": {
    "coordinates": [
     19.946685,
     50.058525
    ],
    "type": "Point"
   },
   "id": 88,
   "properties": {
    "ADRES": "",
    "ATRYBUTY_O": "Nr stanowiska: 145",
    "BUDOWNICZY": "",
    "CHARAKTER": "",
    "DATA_WPISU": null,
    "DATA_WZNIE": "",
    "DZIELNICA": "",
    "FID": 88,
    "FUNKCJA_OB": "",
    "FUNKCJA_PI": "",
    "GDB_AREA": 0,
    "GDB_PRM": 0,
    "GDB_PRMEX": 0,
    "GPT_DATE": null,
    "GPT_USER": "",
    "ID": 31743,
    "IDENT_OBIE": "67874949",
    "ID_ISDP": 0,
    "ID_SPRAWY": 80591149,
    "ID_WARSTWY": "F19_STAN_PNT_OPIS",
    "ISDP_FID": "GDB$G_EOZ_ARCHEOLOGIA_EOZ_A.4d9eef0c-e11a-557a-e055-000000000001",
    "ISTNIEJE": "",
    "KARTA_MAPY": "",
    "LOKALIZACJ": "",
    "MATERIAL": "",
    "NAZWA": "",
    "NUMER": "",
    "NUMER_EWID": "",
    "NUMER_REJ_": "",
    "OBREB": "",
    "REJESTR_TA": "EW_ARCHEOLOGIA",
    "RODZAJE_ZA": "",
    "RODZAJ_OBI": "",
    "RODZAJ_WLA": "",
    "STAN_ZACHO": "",
    "STATUS": "",
    "STYL_OBIEK": "",
    "SYMBOL_EWI": "",
    "SYMBOL_REJ": "",
    "UWAGI": "",
    "WIEK_CZ_PO": "",
    "WIEK_POWST": "",
    "WYDRUK_LIN": "",
    "ZAJETA_NA_": 1,
    "ZALACZNIKI": "http://172.16.11.22:8085/SOWA2-services/doc/print/65362399/0145.pdf",
    "ZDJECIE_1": "",
    "ZDJECIE_2": "",
    "ZDJECIE_3": "",
    "ZDJECIE_4": "",
    "ZDJECIE_5": "",
    "ZDJECIE_6": "",
    "ZDJECIE_7": "",
    "ZDJECIE_8": "",
    "ZWERYFIKOW": "",
    "ZWIAZANA_Z": 0
   },
   "type": "Feature"
  },
  {
   "geometry": {
    "coordinates": [
     19.950805,
     50.059275
    ],
    "type": "Point"
   },
   "id": 89,
   "properties": {
    "ADRES": "",
    "ATRYBUTY_O": "Nr stanowiska: 143",
    "BUDOWNICZY": "",
    "CHARAKTER": "",
    "DATA_WPISU": null,
    "DATA_WZNIE": "",
    "DZIELNICA": "",
    "FID": 89,
    "FUNKCJA_OB": "",
    "FUNKCJA_PI": "",
    "GDB_AREA": 0,
    "GDB_PRM": 0,
    "GDB_PRMEX": 0,
    "GPT_DATE": null,
    "GPT_USER": "",
    "ID": 31745,
    "IDENT_OBIE": "67875049",
    "ID_ISDP": 0,
    "ID_SPRAWY": 80591249,
    "ID_WARSTWY": "F19_STAN_PNT_OPIS",
    "ISDP_FID": "GDB$G_EOZ_ARCHEOLOGIA_EOZ_A.4d9eef0c-e11b-557a-e055-000000000001",
    "ISTNIEJE": "",
    "KARTA_MAPY": "",
    "LOKALIZACJ": "",
    "MATERIAL": "",
    "NAZWA": "",
    "NUMER": "",
    "NUMER_EWID": "",
    "NUMER_REJ_": "",
    "OBREB": "",
    "REJESTR_TA": "EW_ARCHEOLOGIA",
    "RODZAJE_ZA": "",
    "RODZAJ_OBI": "",
    "RODZAJ_WLA": "",
    "STAN_ZACHO": "",
    "STATUS": "",
    "STYL_OBIEK": "",
    "SYMBOL_EWI": "",
    "SYMBOL_REJ": "",
    "UWAGI": "",
    "WIEK_CZ_PO": "",
    "WIEK_POWST": "",
    "WYDRUK_LIN": "",
    "ZAJETA_NA_": 1,
    "ZALACZNIKI": "http://172.16.11.22:8085/SOWA2-services/doc/print/65362299/0143.pdf",
    "ZDJECIE_1": "",
    "ZDJECIE_2": "",
    "ZDJECIE_3": "",
    "ZDJECIE_4": "",
    "ZDJECIE_5": "",
    "ZDJECIE_6": "",
    "ZDJECIE_7": "",
    "ZDJECIE_8": "",
    "ZWERYFIKOW": "",
    "ZWIAZANA_Z": 0
   },
   "type": "Feature"
  },
  {
   "geometry": {
    "coordinates": [
     19.951271,
     50.064831
    ],
    "type": "Point"
   },
   "id": 90,
   "properties": {
    "ADRES": "",
    "ATRYBUTY_O": "Nr stanowiska: 141",
    "BUDOWNICZY": "",
    "CHARAKTER": "",
    "DATA_WPISU": null,
    "DATA_WZNIE": "",
    "DZIELNICA": "",
    "FID": 90,
    "FUNKCJA_OB": "",
    "FUNKCJA_PI": "",
    "GDB_AREA": 0,
    "GDB_PRM": 0,
    "GDB_PRMEX": 0,
    "GPT_DATE": null,
    "GPT_USER": "",
    "ID": 31747,
    "IDENT_OBIE": "67875149",
    "ID_ISDP": 0,
    "ID_SPRAWY": 80591399,
    "ID_WARSTWY": "F19_STAN_PNT_OPIS",
    "ISDP_FID": "GDB$G_EOZ_ARCHEOLOGIA_EOZ_A.4d9eef0c-e11c-557a-e055-000000000001",
    "ISTNIEJE": "",
    "KARTA_MAPY": "",
    "LOKALIZACJ": "",
    "MATERIAL": "",
    "NAZWA": "",
    "NUMER": "",
    "NUMER_EWID": "",
    "NUMER_REJ_": "",
    "OBREB": "",
    "REJESTR_TA": "EW_ARCHEOLOGIA",
    "RODZAJE_ZA": "",
    "RODZAJ_OBI": "",
    "RODZAJ_WLA": "",
    "STAN_ZACHO": "",
    "STATUS": "",
    "STYL_OBIEK": "",
    "SYMBOL_EWI": "",
    "SYMBOL_REJ": "",
    "UWAGI": "",
    "WIEK_CZ_PO": "",
    "WIEK_POWST": "",
    "WYDRUK_LIN": "",
    "ZAJETA_NA_": 1,
    "ZALACZNIKI": "http://172.16.11.22:8085/SOWA2-services/doc/print/65362199/0141.pdf",
    "ZDJECIE_1": "",
    "ZDJECIE_2": "",
    "ZDJECIE_3": "",
    "ZDJECIE_4": "",
    "ZDJECIE_5": "",
    "ZDJECIE_6": "",
    "ZDJECIE_7": "",
    "ZDJECIE_8": "",
    "ZWERYFIKOW": "",
    "ZWIAZANA_Z": 0
   },
   "type": "Feature"
  },
  {
   "geometry": {
    "coordinates": [
     19.950113,
     50.065526
    ],
    "type": "Point"
   },
   "id": 91,
   "properties": {
    "ADRES": "",
    "ATRYBUTY_O": "Nr stanowiska: 140",
    "BUDOWNICZY": "",
    "CHARAKTER": "",
    "DATA_WPISU": null,
    "DATA_WZNIE": "",
    "DZIELNICA": "",
    "FID": 91,
    "FUNKCJA_OB": "",
    "FUNKCJA_PI": "",
    "GDB_AREA": 0,
    "GDB_PRM": 0,
    "GDB_PRMEX": 0,
    "GPT_DATE": null,
    "GPT_USER": "",
    "ID": 31748,
    "IDENT_OBIE": "67875199",
    "ID_ISDP": 0,
    "ID_SPRAWY": 80591449,
    "ID_WARSTWY": "F19_STAN_PNT_OPIS",
    "ISDP_FID": "GDB$G_EOZ_ARCHEOLOGIA_EOZ_A.4d9eef0c-e11d-557a-e055-000000000001",
    "ISTNIEJE": "",
    "KARTA_MAPY": "",
    "LOKALIZACJ": "",
    "MATERIAL": "",
    "NAZWA": "",
    "NUMER": "",
    "NUMER_EWID": "",
    "NUMER_REJ_": "",
    "OBREB": "",
    "REJESTR_TA": "EW_ARCHEOLOGIA",
    "RODZAJE_ZA": "",
    "RODZAJ_OBI": "",
    "RODZAJ_WLA": "",
    "STAN_ZACHO": "",
    "STATUS": "",
    "STYL_OBIEK": "",
    "SYMBOL_EWI": "",
    "SYMBOL_REJ": "",
    "UWAGI": "",
    "WIEK_CZ_PO": "",
    "WIEK_POWST": "",
    "WYDRUK_LIN": "",
    "ZAJETA_NA_": 1,
    "ZALACZNIKI": "http://172.16.11.22:8085/SOWA2-services/doc/print/65362149/0140.pdf",
    "ZDJECIE_1": "",
    "ZDJECIE_2": "",
    "ZDJECIE_3": "",
    "ZDJECIE_4": "",
    "ZDJECIE_5": "",
    "ZDJECIE_6": "",
    "ZDJECIE_7": "",
    "ZDJECIE_8": "",
    "ZWERYFIKOW": "",
    "ZWIAZANA_Z": 0
   },
   "type": "Feature"
  },
  {
   "geometry": {
    "coordinates": [
     19.946483,
     50.063072
    ],
    "type": "Point"
   },
   "id": 92,
   "properties": {
    "ADRES": "",
    "ATRYBUTY_O": "Nr stanowiska: 139",
    "BUDOWNICZY": "",
    "CHARAKTER": "",
    "DATA_WPISU": null,
    "DATA_WZNIE": "",
    "DZIELNICA": "",
    "FID": 92,
    "FUNKCJA_OB": "",
    "FUNKCJA_PI": "",
    "GDB_AREA": 0,
    "GDB_PRM": 0,
    "GDB_PRMEX": 0,
    "GPT_DATE": null,
    "GPT_USER": "",
    "ID": 31749,
    "IDENT_OBIE": "67875249",
    "ID_ISDP": 0,
    "ID_SPRAWY": 80591499,
    "ID_WARSTWY": "F19_STAN_PNT_OPIS",
    "ISDP_FID": "GDB$G_EOZ_ARCHEOLOGIA_EOZ_A.4d9eef0c-e11e-557a-e055-000000000001",
    "ISTNIEJE": "",
    "KARTA_MAPY": "",
    "LOKALIZACJ": "",
    "MATERIAL": "",
    "NAZWA": "",
    "NUMER": "",
    "NUMER_EWID": "",
    "NUMER_REJ_": "",
    "OBREB": "",
    "REJESTR_TA": "EW_ARCHEOLOGIA",
    "RODZAJE_ZA": "",
    "RODZAJ_OBI": "",
    "RODZAJ_WLA": "",
    "STAN_ZACHO": "",
    "STATUS": "",
    "STYL_OBIEK": "",
    "SYMBOL_EWI": "",
    "SYMBOL_REJ": "",
    "UWAGI": "",
    "WIEK_CZ_PO": "",
    "WIEK_POWST": "",
    "WYDRUK_LIN": "",
    "ZAJETA_NA_": 1,
    "ZALACZNIKI": "http://172.16.11.22:8085/SOWA2-services/doc/print/65362099/0139.pdf",
    "ZDJECIE_1": "",
    "ZDJECIE_2": "",
    "ZDJECIE_3": "",
    "ZDJECIE_4": "",
    "ZDJECIE_5": "",
    "ZDJECIE_6": "",
    "ZDJECIE_7": "",
    "ZDJECIE_8": "",
    "ZWERYFIKOW": "",
    "ZWIAZANA_Z": 0
   },
   "type": "Feature"
  },
  {
   "geometry": {
    "coordinates": [
     19.945574,
     50.064527
    ],
    "type": "Point"
   },
   "id": 93,
   "properties": {
    "ADRES": "",
    "ATRYBUTY_O": "Nr stanowiska: 138",
    "BUDOWNICZY": "",
    "CHARAKTER": "",
    "DATA_WPISU": null,
    "DATA_WZNIE": "",
    "DZIELNICA": "",
    "FID": 93,
    "FUNKCJA_OB": "",
    "FUNKCJA_PI": "",
    "GDB_AREA": 0,
    "GDB_PRM": 0,
    "GDB_PRMEX": 0,
    "GPT_DATE": null,
    "GPT_USER": "",
    "ID": 31750,
    "IDENT_OBIE": "67875299",
    "ID_ISDP": 0,
    "ID_SPRAWY": 80591549,
    "ID_WARSTWY": "F19_STAN_PNT_OPIS",
    "ISDP_FID": "GDB$G_EOZ_ARCHEOLOGIA_EOZ_A.4d9eef0c-e11f-557a-e055-000000000001",
    "ISTNIEJE": "",
    "KARTA_MAPY": "",
    "LOKALIZACJ": "",
    "MATERIAL": "",
    "NAZWA": "",
    "NUMER": "",
    "NUMER_EWID": "",
    "NUMER_REJ_": "",
    "OBREB": "",
    "REJESTR_TA": "EW_ARCHEOLOGIA",
    "RODZAJE_ZA": "",
    "RODZAJ_OBI": "",
    "RODZAJ_WLA": "",
    "STAN_ZACHO": "",
    "STATUS": "",
    "STYL_OBIEK": "",
    "SYMBOL_EWI": "",
    "SYMBOL_REJ": "",
    "UWAGI": "",
    "WIEK_CZ_PO": "",
    "WIEK_POWST": "",
    "WYDRUK_LIN": "",
    "ZAJETA_NA_": 1,
    "ZALACZNIKI": "http://172.16.11.22:8085/SOWA2-services/doc/print/65362049/0138.pdf",
    "ZDJECIE_1": "",
    "ZDJECIE_2": "",
    "ZDJECIE_3": "",
    "ZDJECIE_4": "",
    "ZDJECIE_5": "",
    "ZDJECIE_6": "",
    "ZDJECIE_7": "",
    "ZDJECIE_8": "",
    "ZWERYFIKOW": "",
    "ZWIAZANA_Z": 0
   },
   "type": "Feature"
  },
  {
   "geometry": {
    "coordinates": [
     20.1516,
     50.110153
    ],
    "type": "Point"
   },
   "id": 94,
   "properties": {
    "ADRES": "",
    "ATRYBUTY_O": "Nr stanowiska: 844",
    "BUDOWNICZY": "",
    "CHARAKTER": "",
    "DATA_WPISU": null,
    "DATA_WZNIE": "",
    "DZIELNICA": "",
    "FID": 94,
    "FUNKCJA_OB": "",
    "FUNKCJA_PI": "",
    "GDB_AREA": 0,
    "GDB_PRM": 0,
    "GDB_PRMEX": 0,
    "GPT_DATE": null,
    "GPT_USER": "",
    "ID": 31751,
    "IDENT_OBIE": "67875349",
    "ID_ISDP": 0,
    "ID_SPRAWY": 80591649,
    "ID_WARSTWY": "F19_STAN_PNT_OPIS",
    "ISDP_FID": "GDB$G_EOZ_ARCHEOLOGIA_EOZ_A.4d9eef0c-e120-557a-e055-000000000001",
    "ISTNIEJE": "",
    "KARTA_MAPY": "",
    "LOKALIZACJ": "",
    "MATERIAL": "",
    "NAZWA": "",
    "NUMER": "",
    "NUMER_EWID": "",
    "NUMER_REJ_": "",
    "OBREB": "",
    "REJESTR_TA": "EW_ARCHEOLOGIA",
    "RODZAJE_ZA": "",
    "RODZAJ_OBI": "",
    "RODZAJ_WLA": "",
    "STAN_ZACHO": "",
    "STATUS": "",
    "STYL_OBIEK": "",
    "SYMBOL_EWI": "",
    "SYMBOL_REJ": "",
    "UWAGI": "",
    "WIEK_CZ_PO": "",
    "WIEK_POWST": "",
    "WYDRUK_LIN": "",
    "ZAJETA_NA_": 1,
    "ZALACZNIKI": "http://172.16.11.22:8085/SOWA2-services/doc/print/65377899/0844.pdf",
    "ZDJECIE_1": "",
    "ZDJECIE_2": "",
    "ZDJECIE_3": "",
    "ZDJECIE_4": "",
    "ZDJECIE_5": "",
    "ZDJECIE_6": "",
    "ZDJECIE_7": "",
    "ZDJECIE_8": "",
    "ZWERYFIKOW": "",
    "ZWIAZANA_Z": 0
   },
   "type": "Feature"
  },
  {
   "geometry": {
    "coordinates": [
     19.947338,
     50.108
    ],
    "type": "Point"
   },
   "id": 95,
   "properties": {
    "ADRES": "",
    "ATRYBUTY_O": "Nr stanowiska: 28",
    "BUDOWNICZY": "",
    "CHARAKTER": "",
    "DATA_WPISU": null,
    "DATA_WZNIE": "",
    "DZIELNICA": "",
    "FID": 95,
    "FUNKCJA_OB": "",
    "FUNKCJA_PI": "",
    "GDB_AREA": 0,
    "GDB_PRM": 0,
    "GDB_PRMEX": 0,
    "GPT_DATE": null,
    "GPT_USER": "",
    "ID": 31753,
    "IDENT_OBIE": "67875449",
    "ID_ISDP": 0,
    "ID_SPRAWY": 80592149,
    "ID_WARSTWY": "F19_STAN_PNT_OPIS",
    "ISDP_FID": "GDB$G_EOZ_ARCHEOLOGIA_EOZ_A.4d9eef0c-e121-557a-e055-000000000001",
    "ISTNIEJE": "",
    "KARTA_MAPY": "",
    "LOKALIZACJ": "",
    "MATERIAL": "",
    "NAZWA": "",
    "NUMER": "",
    "NUMER_EWID": "",
    "NUMER_REJ_": "",
    "OBREB": "",
    "REJESTR_TA": "EW_ARCHEOLOGIA",
    "RODZAJE_ZA": "",
    "RODZAJ_OBI": "",
    "RODZAJ_WLA": "",
    "STAN_ZACHO": "",
    "STATUS": "",
    "STYL_OBIEK": "",
    "SYMBOL_EWI": "",
    "SYMBOL_REJ": "",
    "UWAGI": "",
    "WIEK_CZ_PO": "",
    "WIEK_POWST": "",
    "WYDRUK_LIN": "",
    "ZAJETA_NA_": 1,
    "ZALACZNIKI": "http://172.16.11.22:8085/SOWA2-services/doc/print/65357599/0028.pdf",
    "ZDJECIE_1": "",
    "ZDJECIE_2": "",
    "ZDJECIE_3": "",
    "ZDJECIE_4": "",
    "ZDJECIE_5": "",
    "ZDJECIE_6": "",
    "ZDJECIE_7": "",
    "ZDJECIE_8": "",
    "ZWERYFIKOW": "",
    "ZWIAZANA_Z": 0
   },
   "type": "Feature"
  },
  {
   "geometry": {
    "coordinates": [
     19.940983,
     50.102822
    ],
    "type": "Point"
   },
   "id": 96,
   "properties": {
    "ADRES": "",
    "ATRYBUTY_O": "Nr stanowiska: 29",
    "BUDOWNICZY": "",
    "CHARAKTER": "",
    "DATA_WPISU": null,
    "DATA_WZNIE": "",
    "DZIELNICA": "",
    "FID": 96,
    "FUNKCJA_OB": "",
    "FUNKCJA_PI": "",
    "GDB_AREA": 0,
    "GDB_PRM": 0,
    "GDB_PRMEX": 0,
    "GPT_DATE": null,
    "GPT_USER": "",
    "ID": 31754,
    "IDENT_OBIE": "67875499",
    "ID_ISDP": 0,
    "ID_SPRAWY": 80592199,
    "ID_WARSTWY": "F19_STAN_PNT_OPIS",
    "ISDP_FID": "GDB$G_EOZ_ARCHEOLOGIA_EOZ_A.4d9eef0c-e122-557a-e055-000000000001",
    "ISTNIEJE": "",
    "KARTA_MAPY": "",
    "LOKALIZACJ": "",
    "MATERIAL": "",
    "NAZWA": "",
    "NUMER": "",
    "NUMER_EWID": "",
    "NUMER_REJ_": "",
    "OBREB": "",
    "REJESTR_TA": "EW_ARCHEOLOGIA",
    "RODZAJE_ZA": "",
    "RODZAJ_OBI": "",
    "RODZAJ_WLA": "",
    "STAN_ZACHO": "",
    "STATUS": "",
    "STYL_OBIEK": "",
    "SYMBOL_EWI": "",
    "SYMBOL_REJ": "",
    "UWAGI": "",
    "WIEK_CZ_PO": "",
    "WIEK_POWST": "",
    "WYDRUK_LIN": "",
    "ZAJETA_NA_": 1,
    "ZALACZNIKI": "http://172.16.11.22:8085/SOWA2-services/doc/print/65357649/0029.pdf",
    "ZDJECIE_1": "",
    "ZDJECIE_2": "",
    "ZDJECIE_3": "",
    "ZDJECIE_4": "",
    "ZDJECIE_5": "",
    "ZDJECIE_6": "",
    "ZDJECIE_7": "",
    "ZDJECIE_8": "",
    "ZWERYFIKOW": "",
    "ZWIAZANA_Z": 0
   },
   "type": "Feature"
  },
  {
   "geometry": {
    "coordinates": [
     19.948005,
     50.103574
    ],
    "type": "Point"
   },
   "id": 97,
   "properties": {
    "ADRES": "",
    "ATRYBUTY_O": "Nr stanowiska: 30",
    "BUDOWNICZY": "",
    "CHARAKTER": "",
    "DATA_WPISU": null,
    "DATA_WZNIE": "",
    "DZIELNICA": "",
    "FID": 97,
    "FUNKCJA_OB": "",
    "FUNKCJA_PI": "",
    "GDB_AREA": 0,
    "GDB_PRM": 0,
    "GDB_PRMEX": 0,
    "GPT_DATE": null,
    "GPT_USER": "",
    "ID": 31755,
    "IDENT_OBIE": "67875549",
    "ID_ISDP": 0,
    "ID_SPRAWY": 80592249,
    "ID_WARSTWY": "F19_STAN_PNT_OPIS",
    "ISDP_FID": "GDB$G_EOZ_ARCHEOLOGIA_EOZ_A.4d9eef0c-e123-557a-e055-000000000001",
    "ISTNIEJE": "",
    "KARTA_MAPY": "",
    "LOKALIZACJ": "",
    "MATERIAL": "",
    "NAZWA": "",
    "NUMER": "",
    "NUMER_EWID": "",
    "NUMER_REJ_": "",
    "OBREB": "",
    "REJESTR_TA": "EW_ARCHEOLOGIA",
    "RODZAJE_ZA": "",
    "RODZAJ_OBI": "",
    "RODZAJ_WLA": "",
    "STAN_ZACHO": "",
    "STATUS": "",
    "STYL_OBIEK": "",
    "SYMBOL_EWI": "",
    "SYMBOL_REJ": "",
    "UWAGI": "",
    "WIEK_CZ_PO": "",
    "WIEK_POWST": "",
    "WYDRUK_LIN": "",
    "ZAJETA_NA_": 1,
    "ZALACZNIKI": "http://172.16.11.22:8085/SOWA2-services/doc/print/65357699/0030.pdf",
    "ZDJECIE_1": "",
    "ZDJECIE_2": "",
    "ZDJECIE_3": "",
    "ZDJECIE_4": "",
    "ZDJECIE_5": "",
    "ZDJECIE_6": "",
    "ZDJECIE_7": "",
    "ZDJECIE_8": "",
    "ZWERYFIKOW": "",
    "ZWIAZANA_Z": 0
   },
   "type": "Feature"
  },
  {
   "geometry": {
    "coordinates": [
     19.946006,
     50.100907
    ],
    "type": "Point"
   },
   "id": 98,
   "properties": {
    "ADRES": "",
    "ATRYBUTY_O": "Nr stanowiska: 31",
    "BUDOWNICZY": "",
    "CHARAKTER": "",
    "DATA_WPISU": null,
    "DATA_WZNIE": "",
    "DZIELNICA": "",
    "FID": 98,
    "FUNKCJA_OB": "",
    "FUNKCJA_PI": "",
    "GDB_AREA": 0,
    "GDB_PRM": 0,
    "GDB_PRMEX": 0,
    "GPT_DATE": null,
    "GPT_USER": "",
    "ID": 31756,
    "IDENT_OBIE": "67875599",
    "ID_ISDP": 0,
    "ID_SPRAWY": 80592299,
    "ID_WARSTWY": "F19_STAN_PNT_OPIS",
    "ISDP_FID": "GDB$G_EOZ_ARCHEOLOGIA_EOZ_A.4d9eef0c-e124-557a-e055-000000000001",
    "ISTNIEJE": "",
    "KARTA_MAPY": "",
    "LOKALIZACJ": "",
    "MATERIAL": "",
    "NAZWA": "",
    "NUMER": "",
    "NUMER_EWID": "",
    "NUMER_REJ_": "",
    "OBREB": "",
    "REJESTR_TA": "EW_ARCHEOLOGIA",
    "RODZAJE_ZA": "",
    "RODZAJ_OBI": "",
    "RODZAJ_WLA": "",
    "STAN_ZACHO": "",
    "STATUS": "",
    "STYL_OBIEK": "",
    "SYMBOL_EWI": "",
    "SYMBOL_REJ": "",
    "UWAGI": "",
    "WIEK_CZ_PO": "",
    "WIEK_POWST": "",
    "WYDRUK_LIN": "",
    "ZAJETA_NA_": 1,
    "ZALACZNIKI": "http://172.16.11.22:8085/SOWA2-services/doc/print/65357749/0031.pdf",
    "ZDJECIE_1": "",
    "ZDJECIE_2": "",
    "ZDJECIE_3": "",
    "ZDJECIE_4": "",
    "ZDJECIE_5": "",
    "ZDJECIE_6": "",
    "ZDJECIE_7": "",
    "ZDJECIE_8": "",
    "ZWERYFIKOW": "",
    "ZWIAZANA_Z": 0
   },
   "type": "Feature"
  },
  {
   "geometry": {
    "coordinates": [
     19.944273,
     50.106078
    ],
    "type": "Point"
   },
   "id": 99,
   "properties": {
    "ADRES": "",
    "ATRYBUTY_O": "Nr stanowiska: 33",
    "BUDOWNICZY": "",
    "CHARAKTER": "",
    "DATA_WPISU": null,
    "DATA_WZNIE": "",
    "DZIELNICA": "",
    "FID": 99,
    "FUNKCJA_OB": "",
    "FUNKCJA_PI": "",
    "GDB_AREA": 0,
    "GDB_PRM": 0,
    "GDB_PRMEX": 0,
    "GPT_DATE": null,
    "GPT_USER": "",
    "ID": 31757,
    "IDENT_OBIE": "67875649",
    "ID_ISDP": 0,
    "ID_SPRAWY": 80592399,
    "ID_WARSTWY": "F19_STAN_PNT_OPIS",
    "ISDP_FID": "GDB$G_EOZ_ARCHEOLOGIA_EOZ_A.4d9eef0c-e125-557a-e055-000000000001",
    "ISTNIEJE": "",
    "KARTA_MAPY": "",
    "LOKALIZACJ": "",
    "MATERIAL": "",
    "NAZWA": "",
    "NUMER": "",
    "NUMER_EWID": "",
    "NUMER_REJ_": "",
    "OBREB": "",
    "REJESTR_TA": "EW_ARCHEOLOGIA",
    "RODZAJE_ZA": "",
    "RODZAJ_OBI": "",
    "RODZAJ_WLA": "",
    "STAN_ZACHO": "",
    "STATUS": "",
    "STYL_OBIEK": "",
    "SYMBOL_EWI": "",
    "SYMBOL_REJ": "",
    "UWAGI": "",
    "WIEK_CZ_PO": "",
    "WIEK_POWST": "",
    "WYDRUK_LIN": "",
    "ZAJETA_NA_": 1,
    "ZALACZNIKI": "http://172.16.11.22:8085/SOWA2-services/doc/print/65357799/0033.pdf",
    "ZDJECIE_1": "",
    "ZDJECIE_2": "",
    "ZDJECIE_3": "",
    "ZDJECIE_4": "",
    "ZDJECIE_5": "",
    "ZDJECIE_6": "",
    "ZDJECIE_7": "",
    "ZDJECIE_8": "",
    "ZWERYFIKOW": "",
    "ZWIAZANA_Z": 0
   },
   "type": "Feature"
  },
  {
   "geometry": {
    "coordinates": [
     19.951186,
     50.106304
    ],
    "type": "Point"
   },
   "id": 100,
   "properties": {
    "ADRES": "",
    "ATRYBUTY_O": "Nr stanowiska: 34",
    "BUDOWNICZY": "",
    "CHARAKTER": "",
    "DATA_WPISU": null,
    "DATA_WZNIE": "",
    "DZIELNICA": "",
    "FID": 100,
    "FUNKCJA_OB": "",
    "FUNKCJA_PI": "",
    "GDB_AREA": 0,
    "GDB_PRM": 0,
    "GDB_PRMEX": 0,
    "GPT_DATE": null,
    "GPT_USER": "",
    "ID": 31758,
    "IDENT_OBIE": "67875699",
    "ID_ISDP": 0,
    "ID_SPRAWY": 80592449,
    "ID_WARSTWY": "F19_STAN_PNT_OPIS",
    "ISDP_FID": "GDB$G_EOZ_ARCHEOLOGIA_EOZ_A.4d9eef0c-e126-557a-e055-000000000001",
    "ISTNIEJE": "",
    "KARTA_MAPY": "",
    "LOKALIZACJ": "",
    "MATERIAL": "",
    "NAZWA": "",
    "NUMER": "",
    "NUMER_EWID": "",
    "NUMER_REJ_": "",
    "OBREB": "",
    "REJESTR_TA": "EW_ARCHEOLOGIA",
    "RODZAJE_ZA": "",
    "RODZAJ_OBI": "",
    "RODZAJ_WLA": "",
    "STAN_ZACHO": "",
    "STATUS": "",
    "STYL_OBIEK": "",
    "SYMBOL_EWI": "",
    "SYMBOL_REJ": "",
    "UWAGI": "",
    "WIEK_CZ_PO": "",
    "WIEK_POWST": "",
    "WYDRUK_LIN": "",
    "ZAJETA_NA_": 1,
    "ZALACZNIKI": "http://172.16.11.22:8085/SOWA2-services/doc/print/65357849/0034.pdf",
    "ZDJECIE_1": "",
    "ZDJECIE_2": "",
    "ZDJECIE_3": "",
    "ZDJECIE_4": "",
    "ZDJECIE_5": "",
    "ZDJECIE_6": "",
    "ZDJECIE_7": "",
    "ZDJECIE_8": "",
    "ZWERYFIKOW": "",
    "ZWIAZANA_Z": 0
   },
   "type": "Feature"
  },
  {
   "geometry": {
    "coordinates": [
     19.935614,
     50.110355
    ],
    "type": "Point"
   },
   "id": 101,
   "properties": {
    "ADRES": "",
    "ATRYBUTY_O": "Nr stanowiska: 36",
    "BUDOWNICZY": "",
    "CHARAKTER": "",
    "DATA_WPISU": null,
    "DATA_WZNIE": "",
    "DZIELNICA": "",
    "FID": 101,
    "FUNKCJA_OB": "",
    "FUNKCJA_PI": "",
    "GDB_AREA": 0,
    "GDB_PRM": 0,
    "GDB_PRMEX": 0,
    "GPT_DATE": null,
    "GPT_USER": "",
    "ID": 31760,
    "IDENT_OBIE": "67875799",
    "ID_ISDP": 0,
    "ID_SPRAWY": 80592549,
    "ID_WARSTWY": "F19_STAN_PNT_OPIS",
    "ISDP_FID": "GDB$G_EOZ_ARCHEOLOGIA_EOZ_A.4d9eef0c-e127-557a-e055-000000000001",
    "ISTNIEJE": "",
    "KARTA_MAPY": "",
    "LOKALIZACJ": "",
    "MATERIAL": "",
    "NAZWA": "",
    "NUMER": "",
    "NUMER_EWID": "",
    "NUMER_REJ_": "",
    "OBREB": "",
    "REJESTR_TA": "EW_ARCHEOLOGIA",
    "RODZAJE_ZA": "",
    "RODZAJ_OBI": "",
    "RODZAJ_WLA": "",
    "STAN_ZACHO": "",
    "STATUS": "",
    "STYL_OBIEK": "",
    "SYMBOL_EWI": "",
    "SYMBOL_REJ": "",
    "UWAGI": "",
    "WIEK_CZ_PO": "",
    "WIEK_POWST": "",
    "WYDRUK_LIN": "",
    "ZAJETA_NA_": 1,
    "ZALACZNIKI": "http://172.16.11.22:8085/SOWA2-services/doc/print/65357949/0036.pdf",
    "ZDJECIE_1": "",
    "ZDJECIE_2": "",
    "ZDJECIE_3": "",
    "ZDJECIE_4": "",
    "ZDJECIE_5": "",
    "ZDJECIE_6": "",
    "ZDJECIE_7": "",
    "ZDJECIE_8": "",
    "ZWERYFIKOW": "",
    "ZWIAZANA_Z": 0
   },
   "type": "Feature"
  },
  {
   "geometry": {
    "coordinates": [
     19.937585,
     50.112751
    ],
    "type": "Point"
   },
   "id": 102,
   "properties": {
    "ADRES": "",
    "ATRYBUTY_O": "Nr stanowiska: 38",
    "BUDOWNICZY": "",
    "CHARAKTER": "",
    "DATA_WPISU": null,
    "DATA_WZNIE": "",
    "DZIELNICA": "",
    "FID": 102,
    "FUNKCJA_OB": "",
    "FUNKCJA_PI": "",
    "GDB_AREA": 0,
    "GDB_PRM": 0,
    "GDB_PRMEX": 0,
    "GPT_DATE": null,
    "GPT_USER": "",
    "ID": 31762,
    "IDENT_OBIE": "67875899",
    "ID_ISDP": 0,
    "ID_SPRAWY": 80592649,
    "ID_WARSTWY": "F19_STAN_PNT_OPIS",
    "ISDP_FID": "GDB$G_EOZ_ARCHEOLOGIA_EOZ_A.4d9eef0c-e128-557a-e055-000000000001",
    "ISTNIEJE": "",
    "KARTA_MAPY": "",
    "LOKALIZACJ": "",
    "MATERIAL": "",
    "NAZWA": "",
    "NUMER": "",
    "NUMER_EWID": "",
    "NUMER_REJ_": "",
    "OBREB": "",
    "REJESTR_TA": "EW_ARCHEOLOGIA",
    "RODZAJE_ZA": "",
    "RODZAJ_OBI": "",
    "RODZAJ_WLA": "",
    "STAN_ZACHO": "",
    "STATUS": "",
    "STYL_OBIEK": "",
    "SYMBOL_EWI": "",
    "SYMBOL_REJ": "",
    "UWAGI": "",
    "WIEK_CZ_PO": "",
    "WIEK_POWST": "",
    "WYDRUK_LIN": "",
    "ZAJETA_NA_": 1,
    "ZALACZNIKI": "http://172.16.11.22:8085/SOWA2-services/doc/print/65358049/0038.pdf",
    "ZDJECIE_1": "",
    "ZDJECIE_2": "",
    "ZDJECIE_3": "",
    "ZDJECIE_4": "",
    "ZDJECIE_5": "",
    "ZDJECIE_6": "",
    "ZDJECIE_7": "",
    "ZDJECIE_8": "",
    "ZWERYFIKOW": "",
    "ZWIAZANA_Z": 0
   },
   "type": "Feature"
  },
  {
   "geometry": {
    "coordinates": [
     19.938326,
     50.111312
    ],
    "type": "Point"
   },
   "id": 103,
   "properties": {
    "ADRES": "",
    "ATRYBUTY_O": "Nr stanowiska: 39",
    "BUDOWNICZY": "",
    "CHARAKTER": "",
    "DATA_WPISU": null,
    "DATA_WZNIE": "",
    "DZIELNICA": "",
    "FID": 103,
    "FUNKCJA_OB": "",
    "FUNKCJA_PI": "",
    "GDB_AREA": 0,
    "GDB_PRM": 0,
    "GDB_PRMEX": 0,
    "GPT_DATE": null,
    "GPT_USER": "",
    "ID": 31763,
    "IDENT_OBIE": "67875949",
    "ID_ISDP": 0,
    "ID_SPRAWY": 80592699,
    "ID_WARSTWY": "F19_STAN_PNT_OPIS",
    "ISDP_FID": "GDB$G_EOZ_ARCHEOLOGIA_EOZ_A.4d9eef0c-e129-557a-e055-000000000001",
    "ISTNIEJE": "",
    "KARTA_MAPY": "",
    "LOKALIZACJ": "",
    "MATERIAL": "",
    "NAZWA": "",
    "NUMER": "",
    "NUMER_EWID": "",
    "NUMER_REJ_": "",
    "OBREB": "",
    "REJESTR_TA": "EW_ARCHEOLOGIA",
    "RODZAJE_ZA": "",
    "RODZAJ_OBI": "",
    "RODZAJ_WLA": "",
    "STAN_ZACHO": "",
    "STATUS": "",
    "STYL_OBIEK": "",
    "SYMBOL_EWI": "",
    "SYMBOL_REJ": "",
    "UWAGI": "",
    "WIEK_CZ_PO": "",
    "WIEK_POWST": "",
    "WYDRUK_LIN": "",
    "ZAJETA_NA_": 1,
    "ZALACZNIKI": "http://172.16.11.22:8085/SOWA2-services/doc/print/65358099/0039.pdf",
    "ZDJECIE_1": "",
    "ZDJECIE_2": "",
    "ZDJECIE_3": "",
    "ZDJECIE_4": "",
    "ZDJECIE_5": "",
    "ZDJECIE_6": "",
    "ZDJECIE_7": "",
    "ZDJECIE_8": "",
    "ZWERYFIKOW": "",
    "ZWIAZANA_Z": 0
   },
   "type": "Feature"
  },
  {
   "geometry": {
    "coordinates": [
     19.946093,
     50.111661
    ],
    "type": "Point"
   },
   "id": 104,
   "properties": {
    "ADRES": "",
    "ATRYBUTY_O": "Nr stanowiska: 42",
    "BUDOWNICZY": "",
    "CHARAKTER": "",
    "DATA_WPISU": null,
    "DATA_WZNIE": "",
    "DZIELNICA": "",
    "FID": 104,
    "FUNKCJA_OB": "",
    "FUNKCJA_PI": "",
    "GDB_AREA": 0,
    "GDB_PRM": 0,
    "GDB_PRMEX": 0,
    "GPT_DATE": null,
    "GPT_USER": "",
    "ID": 31765,
    "IDENT_OBIE": "67876049",
    "ID_ISDP": 0,
    "ID_SPRAWY": 80592849,
    "ID_WARSTWY": "F19_STAN_PNT_OPIS",
    "ISDP_FID": "GDB$G_EOZ_ARCHEOLOGIA_EOZ_A.4d9eef0c-e12a-557a-e055-000000000001",
    "ISTNIEJE": "",
    "KARTA_MAPY": "",
    "LOKALIZACJ": "",
    "MATERIAL": "",
    "NAZWA": "",
    "NUMER": "",
    "NUMER_EWID": "",
    "NUMER_REJ_": "",
    "OBREB": "",
    "REJESTR_TA": "EW_ARCHEOLOGIA",
    "RODZAJE_ZA": "",
    "RODZAJ_OBI": "",
    "RODZAJ_WLA": "",
    "STAN_ZACHO": "",
    "STATUS": "",
    "STYL_OBIEK": "",
    "SYMBOL_EWI": "",
    "SYMBOL_REJ": "",
    "UWAGI": "",
    "WIEK_CZ_PO": "",
    "WIEK_POWST": "",
    "WYDRUK_LIN": "",
    "ZAJETA_NA_": 1,
    "ZALACZNIKI": "http://172.16.11.22:8085/SOWA2-services/doc/print/65358199/0042.pdf",
    "ZDJECIE_1": "",
    "ZDJECIE_2": "",
    "ZDJECIE_3": "",
    "ZDJECIE_4": "",
    "ZDJECIE_5": "",
    "ZDJECIE_6": "",
    "ZDJECIE_7": "",
    "ZDJECIE_8": "",
    "ZWERYFIKOW": "",
    "ZWIAZANA_Z": 0
   },
   "type": "Feature"
  },
  {
   "geometry": {
    "coordinates": [
     19.943376,
     50.104325
    ],
    "type": "Point"
   },
   "id": 105,
   "properties": {
    "ADRES": "",
    "ATRYBUTY_O": "Nr stanowiska: 50",
    "BUDOWNICZY": "",
    "CHARAKTER": "",
    "DATA_WPISU": null,
    "DATA_WZNIE": "",
    "DZIELNICA": "",
    "FID": 105,
    "FUNKCJA_OB": "",
    "FUNKCJA_PI": "",
    "GDB_AREA": 0,
    "GDB_PRM": 0,
    "GDB_PRMEX": 0,
    "GPT_DATE": null,
    "GPT_USER": "",
    "ID": 31767,
    "IDENT_OBIE": "67876149",
    "ID_ISDP": 0,
    "ID_SPRAWY": 80592999,
    "ID_WARSTWY": "F19_STAN_PNT_OPIS",
    "ISDP_FID": "GDB$G_EOZ_ARCHEOLOGIA_EOZ_A.4d9eef0c-e12b-557a-e055-000000000001",
    "ISTNIEJE": "",
    "KARTA_MAPY": "",
    "LOKALIZACJ": "",
    "MATERIAL": "",
    "NAZWA": "",
    "NUMER": "",
    "NUMER_EWID": "",
    "NUMER_REJ_": "",
    "OBREB": "",
    "REJESTR_TA": "EW_ARCHEOLOGIA",
    "RODZAJE_ZA": "",
    "RODZAJ_OBI": "",
    "RODZAJ_WLA": "",
    "STAN_ZACHO": "",
    "STATUS": "",
    "STYL_OBIEK": "",
    "SYMBOL_EWI": "",
    "SYMBOL_REJ": "",
    "UWAGI": "",
    "WIEK_CZ_PO": "",
    "WIEK_POWST": "",
    "WYDRUK_LIN": "",
    "ZAJETA_NA_": 1,
    "ZALACZNIKI": "http://172.16.11.22:8085/SOWA2-services/doc/print/65358499/0050.pdf",
    "ZDJECIE_1": "",
    "ZDJECIE_2": "",
    "ZDJECIE_3": "",
    "ZDJECIE_4": "",
    "ZDJECIE_5": "",
    "ZDJECIE_6": "",
    "ZDJECIE_7": "",
    "ZDJECIE_8": "",
    "ZWERYFIKOW": "",
    "ZWIAZANA_Z": 0
   },
   "type": "Feature"
  },
  {
   "geometry": {
    "coordinates": [
     19.871272,
     50.063612
    ],
    "type": "Point"
   },
   "id": 106,
   "properties": {
    "ADRES": "",
    "ATRYBUTY_O": "Nr stanowiska: 125",
    "BUDOWNICZY": "",
    "CHARAKTER": "",
    "DATA_WPISU": null,
    "DATA_WZNIE": "",
    "DZIELNICA": "",
    "FID": 106,
    "FUNKCJA_OB": "",
    "FUNKCJA_PI": "",
    "GDB_AREA": 0,
    "GDB_PRM": 0,
    "GDB_PRMEX": 0,
    "GPT_DATE": null,
    "GPT_USER": "",
    "ID": 31770,
    "IDENT_OBIE": "67876299",
    "ID_ISDP": 0,
    "ID_SPRAWY": 80593299,
    "ID_WARSTWY": "F19_STAN_PNT_OPIS",
    "ISDP_FID": "GDB$G_EOZ_ARCHEOLOGIA_EOZ_A.4d9eef0c-e12c-557a-e055-000000000001",
    "ISTNIEJE": "",
    "KARTA_MAPY": "",
    "LOKALIZACJ": "",
    "MATERIAL": "",
    "NAZWA": "",
    "NUMER": "",
    "NUMER_EWID": "",
    "NUMER_REJ_": "",
    "OBREB": "",
    "REJESTR_TA": "EW_ARCHEOLOGIA",
    "RODZAJE_ZA": "",
    "RODZAJ_OBI": "",
    "RODZAJ_WLA": "",
    "STAN_ZACHO": "",
    "STATUS": "",
    "STYL_OBIEK": "",
    "SYMBOL_EWI": "",
    "SYMBOL_REJ": "",
    "UWAGI": "",
    "WIEK_CZ_PO": "",
    "WIEK_POWST": "",
    "WYDRUK_LIN": "",
    "ZAJETA_NA_": 1,
    "ZALACZNIKI": "http://172.16.11.22:8085/SOWA2-services/doc/print/65361599/0125.pdf",
    "ZDJECIE_1": "",
    "ZDJECIE_2": "",
    "ZDJECIE_3": "",
    "ZDJECIE_4": "",
    "ZDJECIE_5": "",
    "ZDJECIE_6": "",
    "ZDJECIE_7": "",
    "ZDJECIE_8": "",
    "ZWERYFIKOW": "",
    "ZWIAZANA_Z": 0
   },
   "type": "Feature"
  },
  {
   "geometry": {
    "coordinates": [
     19.869948,
     50.061072
    ],
    "type": "Point"
   },
   "id": 107,
   "properties": {
    "ADRES": "",
    "ATRYBUTY_O": "Nr stanowiska: 126",
    "BUDOWNICZY": "",
    "CHARAKTER": "",
    "DATA_WPISU": null,
    "DATA_WZNIE": "",
    "DZIELNICA": "",
    "FID": 107,
    "FUNKCJA_OB": "",
    "FUNKCJA_PI": "",
    "GDB_AREA": 0,
    "GDB_PRM": 0,
    "GDB_PRMEX": 0,
    "GPT_DATE": null,
    "GPT_USER": "",
    "ID": 31771,
    "IDENT_OBIE": "67876349",
    "ID_ISDP": 0,
    "ID_SPRAWY": 80593349,
    "ID_WARSTWY": "F19_STAN_PNT_OPIS",
    "ISDP_FID": "GDB$G_EOZ_ARCHEOLOGIA_EOZ_A.4d9eef0c-e12d-557a-e055-000000000001",
    "ISTNIEJE": "",
    "KARTA_MAPY": "",
    "LOKALIZACJ": "",
    "MATERIAL": "",
    "NAZWA": "",
    "NUMER": "",
    "NUMER_EWID": "",
    "NUMER_REJ_": "",
    "OBREB": "",
    "REJESTR_TA": "EW_ARCHEOLOGIA",
    "RODZAJE_ZA": "",
    "RODZAJ_OBI": "",
    "RODZAJ_WLA": "",
    "STAN_ZACHO": "",
    "STATUS": "",
    "STYL_OBIEK": "",
    "SYMBOL_EWI": "",
    "SYMBOL_REJ": "",
    "UWAGI": "",
    "WIEK_CZ_PO": "",
    "WIEK_POWST": "",
    "WYDRUK_LIN": "",
    "ZAJETA_NA_": 1,
    "ZALACZNIKI": "http://172.16.11.22:8085/SOWA2-services/doc/print/65361649/0126.pdf",
    "ZDJECIE_1": "",
    "ZDJECIE_2": "",
    "ZDJECIE_3": "",
    "ZDJECIE_4": "",
    "ZDJECIE_5": "",
    "ZDJECIE_6": "",
    "ZDJECIE_7": "",
    "ZDJECIE_8": "",
    "ZWERYFIKOW": "",
    "ZWIAZANA_Z": 0
   },
   "type": "Feature"
  },
  {
   "geometry": {
    "coordinates": [
     19.870352,
     50.055356
    ],
    "type": "Point"
   },
   "id": 108,
   "properties": {
    "ADRES": "",
    "ATRYBUTY_O": "Nr stanowiska: 130",
    "BUDOWNICZY": "",
    "CHARAKTER": "",
    "DATA_WPISU": null,
    "DATA_WZNIE": "",
    "DZIELNICA": "",
    "FID": 108,
    "FUNKCJA_OB": "",
    "FUNKCJA_PI": "",
    "GDB_AREA": 0,
    "GDB_PRM": 0,
    "GDB_PRMEX": 0,
    "GPT_DATE": null,
    "GPT_USER": "",
    "ID": 31773,
    "IDENT_OBIE": "67876449",
    "ID_ISDP": 0,
    "ID_SPRAWY": 80593549,
    "ID_WARSTWY": "F19_STAN_PNT_OPIS",
    "ISDP_FID": "GDB$G_EOZ_ARCHEOLOGIA_EOZ_A.4d9eef0c-e12e-557a-e055-000000000001",
    "ISTNIEJE": "",
    "KARTA_MAPY": "",
    "LOKALIZACJ": "",
    "MATERIAL": "",
    "NAZWA": "",
    "NUMER": "",
    "NUMER_EWID": "",
    "NUMER_REJ_": "",
    "OBREB": "",
    "REJESTR_TA": "EW_ARCHEOLOGIA",
    "RODZAJE_ZA": "",
    "RODZAJ_OBI": "",
    "RODZAJ_WLA": "",
    "STAN_ZACHO": "",
    "STATUS": "",
    "STYL_OBIEK": "",
    "SYMBOL_EWI": "",
    "SYMBOL_REJ": "",
    "UWAGI": "",
    "WIEK_CZ_PO": "",
    "WIEK_POWST": "",
    "WYDRUK_LIN": "",
    "ZAJETA_NA_": 1,
    "ZALACZNIKI": "http://172.16.11.22:8085/SOWA2-services/doc/print/65361749/0130.pdf",
    "ZDJECIE_1": "",
    "ZDJECIE_2": "",
    "ZDJECIE_3": "",
    "ZDJECIE_4": "",
    "ZDJECIE_5": "",
    "ZDJECIE_6": "",
    "ZDJECIE_7": "",
    "ZDJECIE_8": "",
    "ZWERYFIKOW": "",
    "ZWIAZANA_Z": 0
   },
   "type": "Feature"
  },
  {
   "geometry": {
    "coordinates": [
     19.99113,
     49.980022
    ],
    "type": "Point"
   },
   "id": 109,
   "properties": {
    "ADRES": "",
    "ATRYBUTY_O": "Nr stanowiska: 543",
    "BUDOWNICZY": "",
    "CHARAKTER": "",
    "DATA_WPISU": null,
    "DATA_WZNIE": "",
    "DZIELNICA": "",
    "FID": 109,
    "FUNKCJA_OB": "",
    "FUNKCJA_PI": "",
    "GDB_AREA": 0,
    "GDB_PRM": 0,
    "GDB_PRMEX": 0,
    "GPT_DATE": null,
    "GPT_USER": "",
    "ID": 31677,
    "IDENT_OBIE": "67871649",
    "ID_ISDP": 0,
    "ID_SPRAWY": 80585399,
    "ID_WARSTWY": "F19_STAN_PNT_OPIS",
    "ISDP_FID": "GDB$G_EOZ_ARCHEOLOGIA_EOZ_A.4d9eef0c-e0f1-557a-e055-000000000001",
    "ISTNIEJE": "",
    "KARTA_MAPY": "",
    "LOKALIZACJ": "",
    "MATERIAL": "",
    "NAZWA": "",
    "NUMER": "",
    "NUMER_EWID": "",
    "NUMER_REJ_": "",
    "OBREB": "",
    "REJESTR_TA": "EW_ARCHEOLOGIA",
    "RODZAJE_ZA": "",
    "RODZAJ_OBI": "",
    "RODZAJ_WLA": "",
    "STAN_ZACHO": "",
    "STATUS": "",
    "STYL_OBIEK": "",
    "SYMBOL_EWI": "",
    "SYMBOL_REJ": "",
    "UWAGI": "",
    "WIEK_CZ_PO": "",
    "WIEK_POWST": "",
    "WYDRUK_LIN": "",
    "ZAJETA_NA_": 1,
    "ZALACZNIKI": "http://172.16.11.22:8085/SOWA2-services/doc/print/65373449/0543.pdf",
    "ZDJECIE_1": "",
    "ZDJECIE_2": "",
    "ZDJECIE_3": "",
    "ZDJECIE_4": "",
    "ZDJECIE_5": "",
    "ZDJECIE_6": "",
    "ZDJECIE_7": "",
    "ZDJECIE_8": "",
    "ZWERYFIKOW": "",
    "ZWIAZANA_Z": 0
   },
   "type": "Feature"
  },
  {
   "geometry": {
    "coordinates": [
     19.846548,
     50.05896
    ],
    "type": "Point"
   },
   "id": 110,
   "properties": {
    "ADRES": "",
    "ATRYBUTY_O": "Nr stanowiska: 282",
    "BUDOWNICZY": "",
    "CHARAKTER": "",
    "DATA_WPISU": null,
    "DATA_WZNIE": "",
    "DZIELNICA": "",
    "FID": 110,
    "FUNKCJA_OB": "",
    "FUNKCJA_PI": "",
    "GDB_AREA": 0,
    "GDB_PRM": 0,
    "GDB_PRMEX": 0,
    "GPT_DATE": null,
    "GPT_USER": "",
    "ID": 31679,
    "IDENT_OBIE": "67871749",
    "ID_ISDP": 0,
    "ID_SPRAWY": 80585699,
    "ID_WARSTWY": "F19_STAN_PNT_OPIS",
    "ISDP_FID": "GDB$G_EOZ_ARCHEOLOGIA_EOZ_A.4d9eef0c-e0f2-557a-e055-000000000001",
    "ISTNIEJE": "",
    "KARTA_MAPY": "",
    "LOKALIZACJ": "",
    "MATERIAL": "",
    "NAZWA": "",
    "NUMER": "",
    "NUMER_EWID": "",
    "NUMER_REJ_": "",
    "OBREB": "",
    "REJESTR_TA": "EW_ARCHEOLOGIA",
    "RODZAJE_ZA": "",
    "RODZAJ_OBI": "",
    "RODZAJ_WLA": "",
    "STAN_ZACHO": "",
    "STATUS": "",
    "STYL_OBIEK": "",
    "SYMBOL_EWI": "",
    "SYMBOL_REJ": "",
    "UWAGI": "",
    "WIEK_CZ_PO": "",
    "WIEK_POWST": "",
    "WYDRUK_LIN": "",
    "ZAJETA_NA_": 1,
    "ZALACZNIKI": "http://172.16.11.22:8085/SOWA2-services/doc/print/65366599/0282.pdf",
    "ZDJECIE_1": "",
    "ZDJECIE_2": "",
    "ZDJECIE_3": "",
    "ZDJECIE_4": "",
    "ZDJECIE_5": "",
    "ZDJECIE_6": "",
    "ZDJECIE_7": "",
    "ZDJECIE_8": "",
    "ZWERYFIKOW": "",
    "ZWIAZANA_Z": 0
   },
   "type": "Feature"
  },
  {
   "geometry": {
    "coordinates": [
     19.936033,
     50.056568
    ],
    "type": "Point"
   },
   "id": 111,
   "properties": {
    "ADRES": "",
    "ATRYBUTY_O": "Nr stanowiska: 164",
    "BUDOWNICZY": "",
    "CHARAKTER": "",
    "DATA_WPISU": null,
    "DATA_WZNIE": "",
    "DZIELNICA": "",
    "FID": 111,
    "FUNKCJA_OB": "",
    "FUNKCJA_PI": "",
    "GDB_AREA": 0,
    "GDB_PRM": 0,
    "GDB_PRMEX": 0,
    "GPT_DATE": null,
    "GPT_USER": "",
    "ID": 31681,
    "IDENT_OBIE": "67871849",
    "ID_ISDP": 0,
    "ID_SPRAWY": 80585899,
    "ID_WARSTWY": "F19_STAN_PNT_OPIS",
    "ISDP_FID": "GDB$G_EOZ_ARCHEOLOGIA_EOZ_A.4d9eef0c-e0f3-557a-e055-000000000001",
    "ISTNIEJE": "",
    "KARTA_MAPY": "",
    "LOKALIZACJ": "",
    "MATERIAL": "",
    "NAZWA": "",
    "NUMER": "",
    "NUMER_EWID": "",
    "NUMER_REJ_": "",
    "OBREB": "",
    "REJESTR_TA": "EW_ARCHEOLOGIA",
    "RODZAJE_ZA": "",
    "RODZAJ_OBI": "",
    "RODZAJ_WLA": "",
    "STAN_ZACHO": "",
    "STATUS": "",
    "STYL_OBIEK": "",
    "SYMBOL_EWI": "",
    "SYMBOL_REJ": "",
    "UWAGI": "",
    "WIEK_CZ_PO": "",
    "WIEK_POWST": "",
    "WYDRUK_LIN": "",
    "ZAJETA_NA_": 1,
    "ZALACZNIKI": "http://172.16.11.22:8085/SOWA2-services/doc/print/65363249/0164.pdf",
    "ZDJECIE_1": "",
    "ZDJECIE_2": "",
    "ZDJECIE_3": "",
    "ZDJECIE_4": "",
    "ZDJECIE_5": "",
    "ZDJECIE_6": "",
    "ZDJECIE_7": "",
    "ZDJECIE_8": "",
    "ZWERYFIKOW": "",
    "ZWIAZANA_Z": 0
   },
   "type": "Feature"
  },
  {
   "geometry": {
    "coordinates": [
     19.938102,
     50.054268
    ],
    "type": "Point"
   },
   "id": 112,
   "properties": {
    "ADRES": "",
    "ATRYBUTY_O": "Nr stanowiska: 165",
    "BUDOWNICZY": "",
    "CHARAKTER": "",
    "DATA_WPISU": null,
    "DATA_WZNIE": "",
    "DZIELNICA": "",
    "FID": 112,
    "FUNKCJA_OB": "",
    "FUNKCJA_PI": "",
    "GDB_AREA": 0,
    "GDB_PRM": 0,
    "GDB_PRMEX": 0,
    "GPT_DATE": null,
    "GPT_USER": "",
    "ID": 31682,
    "IDENT_OBIE": "67871899",
    "ID_ISDP": 0,
    "ID_SPRAWY": 80585949,
    "ID_WARSTWY": "F19_STAN_PNT_OPIS",
    "ISDP_FID": "GDB$G_EOZ_ARCHEOLOGIA_EOZ_A.4d9eef0c-e0f4-557a-e055-000000000001",
    "ISTNIEJE": "",
    "KARTA_MAPY": "",
    "LOKALIZACJ": "",
    "MATERIAL": "",
    "NAZWA": "",
    "NUMER": "",
    "NUMER_EWID": "",
    "NUMER_REJ_": "",
    "OBREB": "",
    "REJESTR_TA": "EW_ARCHEOLOGIA",
    "RODZAJE_ZA": "",
    "RODZAJ_OBI": "",
    "RODZAJ_WLA": "",
    "STAN_ZACHO": "",
    "STATUS": "",
    "STYL_OBIEK": "",
    "SYMBOL_EWI": "",
    "SYMBOL_REJ": "",
    "UWAGI": "",
    "WIEK_CZ_PO": "",
    "WIEK_POWST": "",
    "WYDRUK_LIN": "",
    "ZAJETA_NA_": 1,
    "ZALACZNIKI": "http://172.16.11.22:8085/SOWA2-services/doc/print/65363299/0165.pdf",
    "ZDJECIE_1": "",
    "ZDJECIE_2": "",
    "ZDJECIE_3": "",
    "ZDJECIE_4": "",
    "ZDJECIE_5": "",
    "ZDJECIE_6": "",
    "ZDJECIE_7": "",
    "ZDJECIE_8": "",
    "ZWERYFIKOW": "",
    "ZWIAZANA_Z": 0
   },
   "type": "Feature"
  },
  {
   "geometry": {
    "coordinates": [
     19.939763,
     50.051095
    ],
    "type": "Point"
   },
   "id": 113,
   "properties": {
    "ADRES": "",
    "ATRYBUTY_O": "Nr stanowiska: 157",
    "BUDOWNICZY": "",
    "CHARAKTER": "",
    "DATA_WPISU": null,
    "DATA_WZNIE": "",
    "DZIELNICA": "",
    "FID": 113,
    "FUNKCJA_OB": "",
    "FUNKCJA_PI": "",
    "GDB_AREA": 0,
    "GDB_PRM": 0,
    "GDB_PRMEX": 0,
    "GPT_DATE": null,
    "GPT_USER": "",
    "ID": 31684,
    "IDENT_OBIE": "67871999",
    "ID_ISDP": 0,
    "ID_SPRAWY": 80586099,
    "ID_WARSTWY": "F19_STAN_PNT_OPIS",
    "ISDP_FID": "GDB$G_EOZ_ARCHEOLOGIA_EOZ_A.4d9eef0c-e0f5-557a-e055-000000000001",
    "ISTNIEJE": "",
    "KARTA_MAPY": "",
    "LOKALIZACJ": "",
    "MATERIAL": "",
    "NAZWA": "",
    "NUMER": "",
    "NUMER_EWID": "",
    "NUMER_REJ_": "",
    "OBREB": "",
    "REJESTR_TA": "EW_ARCHEOLOGIA",
    "RODZAJE_ZA": "",
    "RODZAJ_OBI": "",
    "RODZAJ_WLA": "",
    "STAN_ZACHO": "",
    "STATUS": "",
    "STYL_OBIEK": "",
    "SYMBOL_EWI": "",
    "SYMBOL_REJ": "",
    "UWAGI": "",
    "WIEK_CZ_PO": "",
    "WIEK_POWST": "",
    "WYDRUK_LIN": "",
    "ZAJETA_NA_": 1,
    "ZALACZNIKI": "http://172.16.11.22:8085/SOWA2-services/doc/print/65362999/0157.pdf",
    "ZDJECIE_1": "",
    "ZDJECIE_2": "",
    "ZDJECIE_3": "",
    "ZDJECIE_4": "",
    "ZDJECIE_5": "",
    "ZDJECIE_6": "",
    "ZDJECIE_7": "",
    "ZDJECIE_8": "",
    "ZWERYFIKOW": "",
    "ZWIAZANA_Z": 0
   },
   "type": "Feature"
  },
  {
   "geometry": {
    "coordinates": [
     19.940543,
     50.053298
    ],
    "type": "Point"
   },
   "id": 114,
   "properties": {
    "ADRES": "",
    "ATRYBUTY_O": "Nr stanowiska: 155",
    "BUDOWNICZY": "",
    "CHARAKTER": "",
    "DATA_WPISU": null,
    "DATA_WZNIE": "",
    "DZIELNICA": "",
    "FID": 114,
    "FUNKCJA_OB": "",
    "FUNKCJA_PI": "",
    "GDB_AREA": 0,
    "GDB_PRM": 0,
    "GDB_PRMEX": 0,
    "GPT_DATE": null,
    "GPT_USER": "",
    "ID": 31686,
    "IDENT_OBIE": "67872099",
    "ID_ISDP": 0,
    "ID_SPRAWY": 80586199,
    "ID_WARSTWY": "F19_STAN_PNT_OPIS",
    "ISDP_FID": "GDB$G_EOZ_ARCHEOLOGIA_EOZ_A.4d9eef0c-e0f6-557a-e055-000000000001",
    "ISTNIEJE": "",
    "KARTA_MAPY": "",
    "LOKALIZACJ": "",
    "MATERIAL": "",
    "NAZWA": "",
    "NUMER": "",
    "NUMER_EWID": "",
    "NUMER_REJ_": "",
    "OBREB": "",
    "REJESTR_TA": "EW_ARCHEOLOGIA",
    "RODZAJE_ZA": "",
    "RODZAJ_OBI": "",
    "RODZAJ_WLA": "",
    "STAN_ZACHO": "",
    "STATUS": "",
    "STYL_OBIEK": "",
    "SYMBOL_EWI": "",
    "SYMBOL_REJ": "",
    "UWAGI": "",
    "WIEK_CZ_PO": "",
    "WIEK_POWST": "",
    "WYDRUK_LIN": "",
    "ZAJETA_NA_": 1,
    "ZALACZNIKI": "http://172.16.11.22:8085/SOWA2-services/doc/print/65362899/0155.pdf",
    "ZDJECIE_1": "",
    "ZDJECIE_2": "",
    "ZDJECIE_3": "",
    "ZDJECIE_4": "",
    "ZDJECIE_5": "",
    "ZDJECIE_6": "",
    "ZDJECIE_7": "",
    "ZDJECIE_8": "",
    "ZWERYFIKOW": "",
    "ZWIAZANA_Z": 0
   },
   "type": "Feature"
  },
  {
   "geometry": {
    "coordinates": [
     19.94211,
     50.056274
    ],
    "type": "Point"
   },
   "id": 115,
   "properties": {
    "ADRES": "",
    "ATRYBUTY_O": "Nr stanowiska: 154",
    "BUDOWNICZY": "",
    "CHARAKTER": "",
    "DATA_WPISU": null,
    "DATA_WZNIE": "",
    "DZIELNICA": "",
    "FID": 115,
    "FUNKCJA_OB": "",
    "FUNKCJA_PI": "",
    "GDB_AREA": 0,
    "GDB_PRM": 0,
    "GDB_PRMEX": 0,
    "GPT_DATE": null,
    "GPT_USER": "",
    "ID": 31687,
    "IDENT_OBIE": "67872149",
    "ID_ISDP": 0,
    "ID_SPRAWY": 80586249,
    "ID_WARSTWY": "F19_STAN_PNT_OPIS",
    "ISDP_FID": "GDB$G_EOZ_ARCHEOLOGIA_EOZ_A.4d9eef0c-e0f7-557a-e055-000000000001",
    "ISTNIEJE": "",
    "KARTA_MAPY": "",
    "LOKALIZACJ": "",
    "MATERIAL": "",
    "NAZWA": "",
    "NUMER": "",
    "NUMER_EWID": "",
    "NUMER_REJ_": "",
    "OBREB": "",
    "REJESTR_TA": "EW_ARCHEOLOGIA",
    "RODZAJE_ZA": "",
    "RODZAJ_OBI": "",
    "RODZAJ_WLA": "",
    "STAN_ZACHO": "",
    "STATUS": "",
    "STYL_OBIEK": "",
    "SYMBOL_EWI": "",
    "SYMBOL_REJ": "",
    "UWAGI": "",
    "WIEK_CZ_PO": "",
    "WIEK_POWST": "",
    "WYDRUK_LIN": "",
    "ZAJETA_NA_": 1,
    "ZALACZNIKI": "http://172.16.11.22:8085/SOWA2-services/doc/print/65362849/0154.pdf",
    "ZDJECIE_1": "",
    "ZDJECIE_2": "",
    "ZDJECIE_3": "",
    "ZDJECIE_4": "",
    "ZDJECIE_5": "",
    "ZDJECIE_6": "",
    "ZDJECIE_7": "",
    "ZDJECIE_8": "",
    "ZWERYFIKOW": "",
    "ZWIAZANA_Z": 0
   },
   "type": "Feature"
  },
  {
   "geometry": {
    "coordinates": [
     19.936416,
     49.999764
    ],
    "type": "Point"
   },
   "id": 116,
   "properties": {
    "ADRES": "",
    "ATRYBUTY_O": "Nr stanowiska: 605",
    "BUDOWNICZY": "",
    "CHARAKTER": "",
    "DATA_WPISU": null,
    "DATA_WZNIE": "",
    "DZIELNICA": "",
    "FID": 116,
    "FUNKCJA_OB": "",
    "FUNKCJA_PI": "",
    "GDB_AREA": 0,
    "GDB_PRM": 0,
    "GDB_PRMEX": 0,
    "GPT_DATE": null,
    "GPT_USER": "",
    "ID": 31688,
    "IDENT_OBIE": "67872199",
    "ID_ISDP": 0,
    "ID_SPRAWY": 80586399,
    "ID_WARSTWY": "F19_STAN_PNT_OPIS",
    "ISDP_FID": "GDB$G_EOZ_ARCHEOLOGIA_EOZ_A.4d9eef0c-e0f8-557a-e055-000000000001",
    "ISTNIEJE": "",
    "KARTA_MAPY": "",
    "LOKALIZACJ": "",
    "MATERIAL": "",
    "NAZWA": "",
    "NUMER": "",
    "NUMER_EWID": "",
    "NUMER_REJ_": "",
    "OBREB": "",
    "REJESTR_TA": "EW_ARCHEOLOGIA",
    "RODZAJE_ZA": "",
    "RODZAJ_OBI": "",
    "RODZAJ_WLA": "",
    "STAN_ZACHO": "",
    "STATUS": "",
    "STYL_OBIEK": "",
    "SYMBOL_EWI": "",
    "SYMBOL_REJ": "",
    "UWAGI": "",
    "WIEK_CZ_PO": "",
    "WIEK_POWST": "",
    "WYDRUK_LIN": "",
    "ZAJETA_NA_": 1,
    "ZALACZNIKI": "http://172.16.11.22:8085/SOWA2-services/doc/print/65374999/0605.pdf",
    "ZDJECIE_1": "",
    "ZDJECIE_2": "",
    "ZDJECIE_3": "",
    "ZDJECIE_4": "",
    "ZDJECIE_5": "",
    "ZDJECIE_6": "",
    "ZDJECIE_7": "",
    "ZDJECIE_8": "",
    "ZWERYFIKOW": "",
    "ZWIAZANA_Z": 0
   },
   "type": "Feature"
  },
  {
   "geometry": {
    "coordinates": [
     19.827688,
     50.077546
    ],
    "type": "Point"
   },
   "id": 117,
   "properties": {
    "ADRES": "",
    "ATRYBUTY_O": "Nr stanowiska: 249",
    "BUDOWNICZY": "",
    "CHARAKTER": "",
    "DATA_WPISU": null,
    "DATA_WZNIE": "",
    "DZIELNICA": "",
    "FID": 117,
    "FUNKCJA_OB": "",
    "FUNKCJA_PI": "",
    "GDB_AREA": 0,
    "GDB_PRM": 0,
    "GDB_PRMEX": 0,
    "GPT_DATE": null,
    "GPT_USER": "",
    "ID": 31566,
    "IDENT_OBIE": "67866099",
    "ID_ISDP": 0,
    "ID_SPRAWY": 80574299,
    "ID_WARSTWY": "F19_STAN_PNT_OPIS",
    "ISDP_FID": "GDB$G_EOZ_ARCHEOLOGIA_EOZ_A.4d9eef0c-e177-557a-e055-000000000001",
    "ISTNIEJE": "",
    "KARTA_MAPY": "",
    "LOKALIZACJ": "",
    "MATERIAL": "",
    "NAZWA": "",
    "NUMER": "",
    "NUMER_EWID": "",
    "NUMER_REJ_": "",
    "OBREB": "",
    "REJESTR_TA": "EW_ARCHEOLOGIA",
    "RODZAJE_ZA": "",
    "RODZAJ_OBI": "",
    "RODZAJ_WLA": "",
    "STAN_ZACHO": "",
    "STATUS": "",
    "STYL_OBIEK": "",
    "SYMBOL_EWI": "",
    "SYMBOL_REJ": "",
    "UWAGI": "",
    "WIEK_CZ_PO": "",
    "WIEK_POWST": "",
    "WYDRUK_LIN": "",
    "ZAJETA_NA_": 1,
    "ZALACZNIKI": "http://172.16.11.22:8085/SOWA2-services/doc/print/65365449/0249.pdf",
    "ZDJECIE_1": "",
    "ZDJECIE_2": "",
    "ZDJECIE_3": "",
    "ZDJECIE_4": "",
    "ZDJECIE_5": "",
    "ZDJECIE_6": "",
    "ZDJECIE_7": "",
    "ZDJECIE_8": "",
    "ZWERYFIKOW": "",
    "ZWIAZANA_Z": 0
   },
   "type": "Feature"
  },
  {
   "geometry": {
    "coordinates": [
     19.828622,
     50.074663
    ],
    "type": "Point"
   },
   "id": 118,
   "properties": {
    "ADRES": "",
    "ATRYBUTY_O": "Nr stanowiska: 253",
    "BUDOWNICZY": "",
    "CHARAKTER": "",
    "DATA_WPISU": null,
    "DATA_WZNIE": "",
    "DZIELNICA": "",
    "FID": 118,
    "FUNKCJA_OB": "",
    "FUNKCJA_PI": "",
    "GDB_AREA": 0,
    "GDB_PRM": 0,
    "GDB_PRMEX": 0,
    "GPT_DATE": null,
    "GPT_USER": "",
    "ID": 31569,
    "IDENT_OBIE": "67866249",
    "ID_ISDP": 0,
    "ID_SPRAWY": 80574499,
    "ID_WARSTWY": "F19_STAN_PNT_OPIS",
    "ISDP_FID": "GDB$G_EOZ_ARCHEOLOGIA_EOZ_A.4d9eef0c-e178-557a-e055-000000000001",
    "ISTNIEJE": "",
    "KARTA_MAPY": "",
    "LOKALIZACJ": "",
    "MATERIAL": "",
    "NAZWA": "",
    "NUMER": "",
    "NUMER_EWID": "",
    "NUMER_REJ_": "",
    "OBREB": "",
    "REJESTR_TA": "EW_ARCHEOLOGIA",
    "RODZAJE_ZA": "",
    "RODZAJ_OBI": "",
    "RODZAJ_WLA": "",
    "STAN_ZACHO": "",
    "STATUS": "",
    "STYL_OBIEK": "",
    "SYMBOL_EWI": "",
    "SYMBOL_REJ": "",
    "UWAGI": "",
    "WIEK_CZ_PO": "",
    "WIEK_POWST": "",
    "WYDRUK_LIN": "",
    "ZAJETA_NA_": 1,
    "ZALACZNIKI": "http://172.16.11.22:8085/SOWA2-services/doc/print/65365599/0253.pdf",
    "ZDJECIE_1": "",
    "ZDJECIE_2": "",
    "ZDJECIE_3": "",
    "ZDJECIE_4": "",
    "ZDJECIE_5": "",
    "ZDJECIE_6": "",
    "ZDJECIE_7": "",
    "ZDJECIE_8": "",
    "ZWERYFIKOW": "",
    "ZWIAZANA_Z": 0
   },
   "type": "Feature"
  },
  {
   "geometry": {
    "coordinates": [
     19.809137,
     50.072393
    ],
    "type": "Point"
   },
   "id": 119,
   "properties": {
    "ADRES": "",
    "ATRYBUTY_O": "Nr stanowiska: 255",
    "BUDOWNICZY": "",
    "CHARAKTER": "",
    "DATA_WPISU": null,
    "DATA_WZNIE": "",
    "DZIELNICA": "",
    "FID": 119,
    "FUNKCJA_OB": "",
    "FUNKCJA_PI": "",
    "GDB_AREA": 0,
    "GDB_PRM": 0,
    "GDB_PRMEX": 0,
    "GPT_DATE": null,
    "GPT_USER": "",
    "ID": 31571,
    "IDENT_OBIE": "67866349",
    "ID_ISDP": 0,
    "ID_SPRAWY": 80574599,
    "ID_WARSTWY": "F19_STAN_PNT_OPIS",
    "ISDP_FID": "GDB$G_EOZ_ARCHEOLOGIA_EOZ_A.4d9eef0c-e179-557a-e055-000000000001",
    "ISTNIEJE": "",
    "KARTA_MAPY": "",
    "LOKALIZACJ": "",
    "MATERIAL": "",
    "NAZWA": "",
    "NUMER": "",
    "NUMER_EWID": "",
    "NUMER_REJ_": "",
    "OBREB": "",
    "REJESTR_TA": "EW_ARCHEOLOGIA",
    "RODZAJE_ZA": "",
    "RODZAJ_OBI": "",
    "RODZAJ_WLA": "",
    "STAN_ZACHO": "",
    "STATUS": "",
    "STYL_OBIEK": "",
    "SYMBOL_EWI": "",
    "SYMBOL_REJ": "",
    "UWAGI": "",
    "WIEK_CZ_PO": "",
    "WIEK_POWST": "",
    "WYDRUK_LIN": "",
    "ZAJETA_NA_": 1,
    "ZALACZNIKI": "http://172.16.11.22:8085/SOWA2-services/doc/print/65365699/0255.pdf",
    "ZDJECIE_1": "",
    "ZDJECIE_2": "",
    "ZDJECIE_3": "",
    "ZDJECIE_4": "",
    "ZDJECIE_5": "",
    "ZDJECIE_6": "",
    "ZDJECIE_7": "",
    "ZDJECIE_8": "",
    "ZWERYFIKOW": "",
    "ZWIAZANA_Z": 0
   },
   "type": "Feature"
  },
  {
   "geometry": {
    "coordinates": [
     19.827449,
     50.070773
    ],
    "type": "Point"
   },
   "id": 120,
   "properties": {
    "ADRES": "",
    "ATRYBUTY_O": "Nr stanowiska: 259",
    "BUDOWNICZY": "",
    "CHARAKTER": "",
    "DATA_WPISU": null,
    "DATA_WZNIE": "",
    "DZIELNICA": "",
    "FID": 120,
    "FUNKCJA_OB": "",
    "FUNKCJA_PI": "",
    "GDB_AREA": 0,
    "GDB_PRM": 0,
    "GDB_PRMEX": 0,
    "GPT_DATE": null,
    "GPT_USER": "",
    "ID": 31577,
    "IDENT_OBIE": "67866649",
    "ID_ISDP": 0,
    "ID_SPRAWY": 80575049,
    "ID_WARSTWY": "F19_STAN_PNT_OPIS",
    "ISDP_FID": "GDB$G_EOZ_ARCHEOLOGIA_EOZ_A.4d9eef0c-e17a-557a-e055-000000000001",
    "ISTNIEJE": "",
    "KARTA_MAPY": "",
    "LOKALIZACJ": "",
    "MATERIAL": "",
    "NAZWA": "",
    "NUMER": "",
    "NUMER_EWID": "",
    "NUMER_REJ_": "",
    "OBREB": "",
    "REJESTR_TA": "EW_ARCHEOLOGIA",
    "RODZAJE_ZA": "",
    "RODZAJ_OBI": "",
    "RODZAJ_WLA": "",
    "STAN_ZACHO": "",
    "STATUS": "",
    "STYL_OBIEK": "",
    "SYMBOL_EWI": "",
    "SYMBOL_REJ": "",
    "UWAGI": "",
    "WIEK_CZ_PO": "",
    "WIEK_POWST": "",
    "WYDRUK_LIN": "",
    "ZAJETA_NA_": 1,
    "ZALACZNIKI": "http://172.16.11.22:8085/SOWA2-services/doc/print/65365799/0259.pdf",
    "ZDJECIE_1": "",
    "ZDJECIE_2": "",
    "ZDJECIE_3": "",
    "ZDJECIE_4": "",
    "ZDJECIE_5": "",
    "ZDJECIE_6": "",
    "ZDJECIE_7": "",
    "ZDJECIE_8": "",
    "ZWERYFIKOW": "",
    "ZWIAZANA_Z": 0
   },
   "type": "Feature"
  },
  {
   "geometry": {
    "coordinates": [
     19.824727,
     50.06176
    ],
    "type": "Point"
   },
   "id": 121,
   "properties": {
    "ADRES": "",
    "ATRYBUTY_O": "Nr stanowiska: 261",
    "BUDOWNICZY": "",
    "CHARAKTER": "",
    "DATA_WPISU": null,
    "DATA_WZNIE": "",
    "DZIELNICA": "",
    "FID": 121,
    "FUNKCJA_OB": "",
    "FUNKCJA_PI": "",
    "GDB_AREA": 0,
    "GDB_PRM": 0,
    "GDB_PRMEX": 0,
    "GPT_DATE": null,
    "GPT_USER": "",
    "ID": 31575,
    "IDENT_OBIE": "67866549",
    "ID_ISDP": 0,
    "ID_SPRAWY": 80574949,
    "ID_WARSTWY": "F19_STAN_PNT_OPIS",
    "ISDP_FID": "GDB$G_EOZ_ARCHEOLOGIA_EOZ_A.4d9eef0c-e17b-557a-e055-000000000001",
    "ISTNIEJE": "",
    "KARTA_MAPY": "",
    "LOKALIZACJ": "",
    "MATERIAL": "",
    "NAZWA": "",
    "NUMER": "",
    "NUMER_EWID": "",
    "NUMER_REJ_": "",
    "OBREB": "",
    "REJESTR_TA": "EW_ARCHEOLOGIA",
    "RODZAJE_ZA": "",
    "RODZAJ_OBI": "",
    "RODZAJ_WLA": "",
    "STAN_ZACHO": "",
    "STATUS": "",
    "STYL_OBIEK": "",
    "SYMBOL_EWI": "",
    "SYMBOL_REJ": "",
    "UWAGI": "",
    "WIEK_CZ_PO": "",
    "WIEK_POWST": "",
    "WYDRUK_LIN": "",
    "ZAJETA_NA_": 1,
    "ZALACZNIKI": "http://172.16.11.22:8085/SOWA2-services/doc/print/65365899/0261.pdf",
    "ZDJECIE_1": "",
    "ZDJECIE_2": "",
    "ZDJECIE_3": "",
    "ZDJECIE_4": "",
    "ZDJECIE_5": "",
    "ZDJECIE_6": "",
    "ZDJECIE_7": "",
    "ZDJECIE_8": "",
    "ZWERYFIKOW": "",
    "ZWIAZANA_Z": 0
   },
   "type": "Feature"
  },
  {
   "geometry": {
    "coordinates": [
     19.854966,
     50.070698
    ],
    "type": "Point"
   },
   "id": 122,
   "properties": {
    "ADRES": "",
    "ATRYBUTY_O": "Nr stanowiska: 270",
    "BUDOWNICZY": "",
    "CHARAKTER": "",
    "DATA_WPISU": null,
    "DATA_WZNIE": "",
    "DZIELNICA": "",
    "FID": 122,
    "FUNKCJA_OB": "",
    "FUNKCJA_PI": "",
    "GDB_AREA": 0,
    "GDB_PRM": 0,
    "GDB_PRMEX": 0,
    "GPT_DATE": null,
    "GPT_USER": "",
    "ID": 31426,
    "IDENT_OBIE": "67859099",
    "ID_ISDP": 0,
    "ID_SPRAWY": 80559149,
    "ID_WARSTWY": "F19_STAN_PNT_OPIS",
    "ISDP_FID": "GDB$G_EOZ_ARCHEOLOGIA_EOZ_A.4d9eef0c-e17c-557a-e055-000000000001",
    "ISTNIEJE": "",
    "KARTA_MAPY": "",
    "LOKALIZACJ": "",
    "MATERIAL": "",
    "NAZWA": "",
    "NUMER": "",
    "NUMER_EWID": "",
    "NUMER_REJ_": "",
    "OBREB": "",
    "REJESTR_TA": "EW_ARCHEOLOGIA",
    "RODZAJE_ZA": "",
    "RODZAJ_OBI": "",
    "RODZAJ_WLA": "",
    "STAN_ZACHO": "",
    "STATUS": "",
    "STYL_OBIEK": "",
    "SYMBOL_EWI": "",
    "SYMBOL_REJ": "",
    "UWAGI": "",
    "WIEK_CZ_PO": "",
    "WIEK_POWST": "",
    "WYDRUK_LIN": "",
    "ZAJETA_NA_": 1,
    "ZALACZNIKI": "http://172.16.11.22:8085/SOWA2-services/doc/print/65366099/0270.pdf",
    "ZDJECIE_1": "",
    "ZDJECIE_2": "",
    "ZDJECIE_3": "",
    "ZDJECIE_4": "",
    "ZDJECIE_5": "",
    "ZDJECIE_6": "",
    "ZDJECIE_7": "",
    "ZDJECIE_8": "",
    "ZWERYFIKOW": "",
    "ZWIAZANA_Z": 0
   },
   "type": "Feature"
  },
  {
   "geometry": {
    "coordinates": [
     19.836916,
     50.064262
    ],
    "type": "Point"
   },
   "id": 123,
   "properties": {
    "ADRES": "",
    "ATRYBUTY_O": "Nr stanowiska: 273",
    "BUDOWNICZY": "",
    "CHARAKTER": "",
    "DATA_WPISU": null,
    "DATA_WZNIE": "",
    "DZIELNICA": "",
    "FID": 123,
    "FUNKCJA_OB": "",
    "FUNKCJA_PI": "",
    "GDB_AREA": 0,
    "GDB_PRM": 0,
    "GDB_PRMEX": 0,
    "GPT_DATE": null,
    "GPT_USER": "",
    "ID": 31428,
    "IDENT_OBIE": "67859199",
    "ID_ISDP": 0,
    "ID_SPRAWY": 80559299,
    "ID_WARSTWY": "F19_STAN_PNT_OPIS",
    "ISDP_FID": "GDB$G_EOZ_ARCHEOLOGIA_EOZ_A.4d9eef0c-e17d-557a-e055-000000000001",
    "ISTNIEJE": "",
    "KARTA_MAPY": "",
    "LOKALIZACJ": "",
    "MATERIAL": "",
    "NAZWA": "",
    "NUMER": "",
    "NUMER_EWID": "",
    "NUMER_REJ_": "",
    "OBREB": "",
    "REJESTR_TA": "EW_ARCHEOLOGIA",
    "RODZAJE_ZA": "",
    "RODZAJ_OBI": "",
    "RODZAJ_WLA": "",
    "STAN_ZACHO": "",
    "STATUS": "",
    "STYL_OBIEK": "",
    "SYMBOL_EWI": "",
    "SYMBOL_REJ": "",
    "UWAGI": "",
    "WIEK_CZ_PO": "",
    "WIEK_POWST": "",
    "WYDRUK_LIN": "",
    "ZAJETA_NA_": 1,
    "ZALACZNIKI": "http://172.16.11.22:8085/SOWA2-services/doc/print/65366199/0273.pdf",
    "ZDJECIE_1": "",
    "ZDJECIE_2": "",
    "ZDJECIE_3": "",
    "ZDJECIE_4": "",
    "ZDJECIE_5": "",
    "ZDJECIE_6": "",
    "ZDJECIE_7": "",
    "ZDJECIE_8": "",
    "ZWERYFIKOW": "",
    "ZWIAZANA_Z": 0
   },
   "type": "Feature"
  },
  {
   "geometry": {
    "coordinates": [
     19.926645,
     50.069448
    ],
    "type": "Point"
   },
   "id": 124,
   "properties": {
    "ADRES": "",
    "ATRYBUTY_O": "Nr stanowiska: 276",
    "BUDOWNICZY": "",
    "CHARAKTER": "",
    "DATA_WPISU": null,
    "DATA_WZNIE": "",
    "DZIELNICA": "",
    "FID": 124,
    "FUNKCJA_OB": "",
    "FUNKCJA_PI": "",
    "GDB_AREA": 0,
    "GDB_PRM": 0,
    "GDB_PRMEX": 0,
    "GPT_DATE": null,
    "GPT_USER": "",
    "ID": 31555,
    "IDENT_OBIE": "67865549",
    "ID_ISDP": 0,
    "ID_SPRAWY": 80573349,
    "ID_WARSTWY": "F19_STAN_PNT_OPIS",
    "ISDP_FID": "GDB$G_EOZ_ARCHEOLOGIA_EOZ_A.4d9eef0c-e17e-557a-e055-000000000001",
    "ISTNIEJE": "",
    "KARTA_MAPY": "",
    "LOKALIZACJ": "",
    "MATERIAL": "",
    "NAZWA": "",
    "NUMER": "",
    "NUMER_EWID": "",
    "NUMER_REJ_": "",
    "OBREB": "",
    "REJESTR_TA": "EW_ARCHEOLOGIA",
    "RODZAJE_ZA": "",
    "RODZAJ_OBI": "",
    "RODZAJ_WLA": "",
    "STAN_ZACHO": "",
    "STATUS": "",
    "STYL_OBIEK": "",
    "SYMBOL_EWI": "",
    "SYMBOL_REJ": "",
    "UWAGI": "",
    "WIEK_CZ_PO": "",
    "WIEK_POWST": "",
    "WYDRUK_LIN": "",
    "ZAJETA_NA_": 1,
    "ZALACZNIKI": "http://172.16.11.22:8085/SOWA2-services/doc/print/65366349/0276.pdf",
    "ZDJECIE_1": "",
    "ZDJECIE_2": "",
    "ZDJECIE_3": "",
    "ZDJECIE_4": "",
    "ZDJECIE_5": "",
    "ZDJECIE_6": "",
    "ZDJECIE_7": "",
    "ZDJECIE_8": "",
    "ZWERYFIKOW": "",
    "ZWIAZANA_Z": 0
   },
   "type": "Feature"
  },
  {
   "geometry": {
    "coordinates": [
     19.868951,
     50.049649
    ],
    "type": "Point"
   },
   "id": 125,
   "properties": {
    "ADRES": "",
    "ATRYBUTY_O": "Nr stanowiska: 277",
    "BUDOWNICZY": "",
    "CHARAKTER": "",
    "DATA_WPISU": null,
    "DATA_WZNIE": "",
    "DZIELNICA": "",
    "FID": 125,
    "FUNKCJA_OB": "",
    "FUNKCJA_PI": "",
    "GDB_AREA": 0,
    "GDB_PRM": 0,
    "GDB_PRMEX": 0,
    "GPT_DATE": null,
    "GPT_USER": "",
    "ID": 31624,
    "IDENT_OBIE": "67868999",
    "ID_ISDP": 0,
    "ID_SPRAWY": 80578949,
    "ID_WARSTWY": "F19_STAN_PNT_OPIS",
    "ISDP_FID": "GDB$G_EOZ_ARCHEOLOGIA_EOZ_A.4d9eef0c-e17f-557a-e055-000000000001",
    "ISTNIEJE": "",
    "KARTA_MAPY": "",
    "LOKALIZACJ": "",
    "MATERIAL": "",
    "NAZWA": "",
    "NUMER": "",
    "NUMER_EWID": "",
    "NUMER_REJ_": "",
    "OBREB": "",
    "REJESTR_TA": "EW_ARCHEOLOGIA",
    "RODZAJE_ZA": "",
    "RODZAJ_OBI": "",
    "RODZAJ_WLA": "",
    "STAN_ZACHO": "",
    "STATUS": "",
    "STYL_OBIEK": "",
    "SYMBOL_EWI": "",
    "SYMBOL_REJ": "",
    "UWAGI": "",
    "WIEK_CZ_PO": "",
    "WIEK_POWST": "",
    "WYDRUK_LIN": "",
    "ZAJETA_NA_": 1,
    "ZALACZNIKI": "http://172.16.11.22:8085/SOWA2-services/doc/print/65366399/0277.pdf",
    "ZDJECIE_1": "",
    "ZDJECIE_2": "",
    "ZDJECIE_3": "",
    "ZDJECIE_4": "",
    "ZDJECIE_5": "",
    "ZDJECIE_6": "",
    "ZDJECIE_7": "",
    "ZDJECIE_8": "",
    "ZWERYFIKOW": "",
    "ZWIAZANA_Z": 0
   },
   "type": "Feature"
  },
  {
   "geometry": {
    "coordinates": [
     19.831712,
     50.060946
    ],
    "type": "Point"
   },
   "id": 126,
   "properties": {
    "ADRES": "",
    "ATRYBUTY_O": "Nr stanowiska: 278",
    "BUDOWNICZY": "",
    "CHARAKTER": "",
    "DATA_WPISU": null,
    "DATA_WZNIE": "",
    "DZIELNICA": "",
    "FID": 126,
    "FUNKCJA_OB": "",
    "FUNKCJA_PI": "",
    "GDB_AREA": 0,
    "GDB_PRM": 0,
    "GDB_PRMEX": 0,
    "GPT_DATE": null,
    "GPT_USER": "",
    "ID": 31431,
    "IDENT_OBIE": "67859349",
    "ID_ISDP": 0,
    "ID_SPRAWY": 80559449,
    "ID_WARSTWY": "F19_STAN_PNT_OPIS",
    "ISDP_FID": "GDB$G_EOZ_ARCHEOLOGIA_EOZ_A.4d9eef0c-e180-557a-e055-000000000001",
    "ISTNIEJE": "",
    "KARTA_MAPY": "",
    "LOKALIZACJ": "",
    "MATERIAL": "",
    "NAZWA": "",
    "NUMER": "",
    "NUMER_EWID": "",
    "NUMER_REJ_": "",
    "OBREB": "",
    "REJESTR_TA": "EW_ARCHEOLOGIA",
    "RODZAJE_ZA": "",
    "RODZAJ_OBI": "",
    "RODZAJ_WLA": "",
    "STAN_ZACHO": "",
    "STATUS": "",
    "STYL_OBIEK": "",
    "SYMBOL_EWI": "",
    "SYMBOL_REJ": "",
    "UWAGI": "",
    "WIEK_CZ_PO": "",
    "WIEK_POWST": "",
    "WYDRUK_LIN": "",
    "ZAJETA_NA_": 1,
    "ZALACZNIKI": "http://172.16.11.22:8085/SOWA2-services/doc/print/65366449/0278.pdf",
    "ZDJECIE_1": "",
    "ZDJECIE_2": "",
    "ZDJECIE_3": "",
    "ZDJECIE_4": "",
    "ZDJECIE_5": "",
    "ZDJECIE_6": "",
    "ZDJECIE_7": "",
    "ZDJECIE_8": "",
    "ZWERYFIKOW": "",
    "ZWIAZANA_Z": 0
   },
   "type": "Feature"
  },
  {
   "geometry": {
    "coordinates": [
     19.822995,
     50.052508
    ],
    "type": "Point"
   },
   "id": 127,
   "properties": {
    "ADRES": "",
    "ATRYBUTY_O": "Nr stanowiska: 280",
    "BUDOWNICZY": "",
    "CHARAKTER": "",
    "DATA_WPISU": null,
    "DATA_WZNIE": "",
    "DZIELNICA": "",
    "FID": 127,
    "FUNKCJA_OB": "",
    "FUNKCJA_PI": "",
    "GDB_AREA": 0,
    "GDB_PRM": 0,
    "GDB_PRMEX": 0,
    "GPT_DATE": null,
    "GPT_USER": "",
    "ID": 31433,
    "IDENT_OBIE": "67859449",
    "ID_ISDP": 0,
    "ID_SPRAWY": 80559549,
    "ID_WARSTWY": "F19_STAN_PNT_OPIS",
    "ISDP_FID": "GDB$G_EOZ_ARCHEOLOGIA_EOZ_A.4d9eef0c-e181-557a-e055-000000000001",
    "ISTNIEJE": "",
    "KARTA_MAPY": "",
    "LOKALIZACJ": "",
    "MATERIAL": "",
    "NAZWA": "",
    "NUMER": "",
    "NUMER_EWID": "",
    "NUMER_REJ_": "",
    "OBREB": "",
    "REJESTR_TA": "EW_ARCHEOLOGIA",
    "RODZAJE_ZA": "",
    "RODZAJ_OBI": "",
    "RODZAJ_WLA": "",
    "STAN_ZACHO": "",
    "STATUS": "",
    "STYL_OBIEK": "",
    "SYMBOL_EWI": "",
    "SYMBOL_REJ": "",
    "UWAGI": "",
    "WIEK_CZ_PO": "",
    "WIEK_POWST": "",
    "WYDRUK_LIN": "",
    "ZAJETA_NA_": 1,
    "ZALACZNIKI": "http://172.16.11.22:8085/SOWA2-services/doc/print/65366549/0280.pdf",
    "ZDJECIE_1": "",
    "ZDJECIE_2": "",
    "ZDJECIE_3": "",
    "ZDJECIE_4": "",
    "ZDJECIE_5": "",
    "ZDJECIE_6": "",
    "ZDJECIE_7": "",
    "ZDJECIE_8": "",
    "ZWERYFIKOW": "",
    "ZWIAZANA_Z": 0
   },
   "type": "Feature"
  },
  {
   "geometry": {
    "coordinates": [
     19.858602,
     50.061557
    ],
    "type": "Point"
   },
   "id": 128,
   "properties": {
    "ADRES": "",
    "ATRYBUTY_O": "Nr stanowiska: 283",
    "BUDOWNICZY": "",
    "CHARAKTER": "",
    "DATA_WPISU": null,
    "DATA_WZNIE": "",
    "DZIELNICA": "",
    "FID": 128,
    "FUNKCJA_OB": "",
    "FUNKCJA_PI": "",
    "GDB_AREA": 0,
    "GDB_PRM": 0,
    "GDB_PRMEX": 0,
    "GPT_DATE": null,
    "GPT_USER": "",
    "ID": 31769,
    "IDENT_OBIE": "67876249",
    "ID_ISDP": 0,
    "ID_SPRAWY": 80593149,
    "ID_WARSTWY": "F19_STAN_PNT_OPIS",
    "ISDP_FID": "GDB$G_EOZ_ARCHEOLOGIA_EOZ_A.4d9eef0c-e182-557a-e055-000000000001",
    "ISTNIEJE": "",
    "KARTA_MAPY": "",
    "LOKALIZACJ": "",
    "MATERIAL": "",
    "NAZWA": "",
    "NUMER": "",
    "NUMER_EWID": "",
    "NUMER_REJ_": "",
    "OBREB": "",
    "REJESTR_TA": "EW_ARCHEOLOGIA",
    "RODZAJE_ZA": "",
    "RODZAJ_OBI": "",
    "RODZAJ_WLA": "",
    "STAN_ZACHO": "",
    "STATUS": "",
    "STYL_OBIEK": "",
    "SYMBOL_EWI": "",
    "SYMBOL_REJ": "",
    "UWAGI": "",
    "WIEK_CZ_PO": "",
    "WIEK_POWST": "",
    "WYDRUK_LIN": "",
    "ZAJETA_NA_": 1,
    "ZALACZNIKI": "http://172.16.11.22:8085/SOWA2-services/doc/print/65366649/0283.pdf",
    "ZDJECIE_1": "",
    "ZDJECIE_2": "",
    "ZDJECIE_3": "",
    "ZDJECIE_4": "",
    "ZDJECIE_5": "",
    "ZDJECIE_6": "",
    "ZDJECIE_7": "",
    "ZDJECIE_8": "",
    "ZWERYFIKOW": "",
    "ZWIAZANA_Z": 0
   },
   "type": "Feature"
  },
  {
   "geometry": {
    "coordinates": [
     19.809867,
     50.075589
    ],
    "type": "Point"
   },
   "id": 129,
   "properties": {
    "ADRES": "",
    "ATRYBUTY_O": "Nr stanowiska: 285",
    "BUDOWNICZY": "",
    "CHARAKTER": "",
    "DATA_WPISU": null,
    "DATA_WZNIE": "",
    "DZIELNICA": "",
    "FID": 129,
    "FUNKCJA_OB": "",
    "FUNKCJA_PI": "",
    "GDB_AREA": 0,
    "GDB_PRM": 0,
    "GDB_PRMEX": 0,
    "GPT_DATE": null,
    "GPT_USER": "",
    "ID": 31578,
    "IDENT_OBIE": "67866699",
    "ID_ISDP": 0,
    "ID_SPRAWY": 80575149,
    "ID_WARSTWY": "F19_STAN_PNT_OPIS",
    "ISDP_FID": "GDB$G_EOZ_ARCHEOLOGIA_EOZ_A.4d9eef0c-e183-557a-e055-000000000001",
    "ISTNIEJE": "",
    "KARTA_MAPY": "",
    "LOKALIZACJ": "",
    "MATERIAL": "",
    "NAZWA": "",
    "NUMER": "",
    "NUMER_EWID": "",
    "NUMER_REJ_": "",
    "OBREB": "",
    "REJESTR_TA": "EW_ARCHEOLOGIA",
    "RODZAJE_ZA": "",
    "RODZAJ_OBI": "",
    "RODZAJ_WLA": "",
    "STAN_ZACHO": "",
    "STATUS": "",
    "STYL_OBIEK": "",
    "SYMBOL_EWI": "",
    "SYMBOL_REJ": "",
    "UWAGI": "",
    "WIEK_CZ_PO": "",
    "WIEK_POWST": "",
    "WYDRUK_LIN": "",
    "ZAJETA_NA_": 1,
    "ZALACZNIKI": "http://172.16.11.22:8085/SOWA2-services/doc/print/65366749/0285.pdf",
    "ZDJECIE_1": "",
    "ZDJECIE_2": "",
    "ZDJECIE_3": "",
    "ZDJECIE_4": "",
    "ZDJECIE_5": "",
    "ZDJECIE_6": "",
    "ZDJECIE_7": "",
    "ZDJECIE_8": "",
    "ZWERYFIKOW": "",
    "ZWIAZANA_Z": 0
   },
   "type": "Feature"
  },
  {
   "geometry": {
    "coordinates": [
     19.846543,
     50.087025
    ],
    "type": "Point"
   },
   "id": 130,
   "properties": {
    "ADRES": "",
    "ATRYBUTY_O": "Nr stanowiska: 290",
    "BUDOWNICZY": "",
    "CHARAKTER": "",
    "DATA_WPISU": null,
    "DATA_WZNIE": "",
    "DZIELNICA": "",
    "FID": 130,
    "FUNKCJA_OB": "",
    "FUNKCJA_PI": "",
    "GDB_AREA": 0,
    "GDB_PRM": 0,
    "GDB_PRMEX": 0,
    "GPT_DATE": null,
    "GPT_USER": "",
    "ID": 31501,
    "IDENT_OBIE": "67862849",
    "ID_ISDP": 0,
    "ID_SPRAWY": 80566499,
    "ID_WARSTWY": "F19_STAN_PNT_OPIS",
    "ISDP_FID": "GDB$G_EOZ_ARCHEOLOGIA_EOZ_A.4d9eef0c-e184-557a-e055-000000000001",
    "ISTNIEJE": "",
    "KARTA_MAPY": "",
    "LOKALIZACJ": "",
    "MATERIAL": "",
    "NAZWA": "",
    "NUMER": "",
    "NUMER_EWID": "",
    "NUMER_REJ_": "",
    "OBREB": "",
    "REJESTR_TA": "EW_ARCHEOLOGIA",
    "RODZAJE_ZA": "",
    "RODZAJ_OBI": "",
    "RODZAJ_WLA": "",
    "STAN_ZACHO": "",
    "STATUS": "",
    "STYL_OBIEK": "",
    "SYMBOL_EWI": "",
    "SYMBOL_REJ": "",
    "UWAGI": "",
    "WIEK_CZ_PO": "",
    "WIEK_POWST": "",
    "WYDRUK_LIN": "",
    "ZAJETA_NA_": 1,
    "ZALACZNIKI": "http://172.16.11.22:8085/SOWA2-services/doc/print/65366849/0290.pdf",
    "ZDJECIE_1": "",
    "ZDJECIE_2": "",
    "ZDJECIE_3": "",
    "ZDJECIE_4": "",
    "ZDJECIE_5": "",
    "ZDJECIE_6": "",
    "ZDJECIE_7": "",
    "ZDJECIE_8": "",
    "ZWERYFIKOW": "",
    "ZWIAZANA_Z": 0
   },
   "type": "Feature"
  },
  {
   "geometry": {
    "coordinates": [
     19.845912,
     50.087979
    ],
    "type": "Point"
   },
   "id": 131,
   "properties": {
    "ADRES": "",
    "ATRYBUTY_O": "Nr stanowiska: 292",
    "BUDOWNICZY": "",
    "CHARAKTER": "",
    "DATA_WPISU": null,
    "DATA_WZNIE": "",
    "DZIELNICA": "",
    "FID": 131,
    "FUNKCJA_OB": "",
    "FUNKCJA_PI": "",
    "GDB_AREA": 0,
    "GDB_PRM": 0,
    "GDB_PRMEX": 0,
    "GPT_DATE": null,
    "GPT_USER": "",
    "ID": 31502,
    "IDENT_OBIE": "67862899",
    "ID_ISDP": 0,
    "ID_SPRAWY": 80566549,
    "ID_WARSTWY": "F19_STAN_PNT_OPIS",
    "ISDP_FID": "GDB$G_EOZ_ARCHEOLOGIA_EOZ_A.4d9eef0c-e185-557a-e055-000000000001",
    "ISTNIEJE": "",
    "KARTA_MAPY": "",
    "LOKALIZACJ": "",
    "MATERIAL": "",
    "NAZWA": "",
    "NUMER": "",
    "NUMER_EWID": "",
    "NUMER_REJ_": "",
    "OBREB": "",
    "REJESTR_TA": "EW_ARCHEOLOGIA",
    "RODZAJE_ZA": "",
    "RODZAJ_OBI": "",
    "RODZAJ_WLA": "",
    "STAN_ZACHO": "",
    "STATUS": "",
    "STYL_OBIEK": "",
    "SYMBOL_EWI": "",
    "SYMBOL_REJ": "",
    "UWAGI": "",
    "WIEK_CZ_PO": "",
    "WIEK_POWST": "",
    "WYDRUK_LIN": "",
    "ZAJETA_NA_": 1,
    "ZALACZNIKI": "http://172.16.11.22:8085/SOWA2-services/doc/print/65366949/0292.pdf",
    "ZDJECIE_1": "",
    "ZDJECIE_2": "",
    "ZDJECIE_3": "",
    "ZDJECIE_4": "",
    "ZDJECIE_5": "",
    "ZDJECIE_6": "",
    "ZDJECIE_7": "",
    "ZDJECIE_8": "",
    "ZWERYFIKOW": "",
    "ZWIAZANA_Z": 0
   },
   "type": "Feature"
  },
  {
   "geometry": {
    "coordinates": [
     19.85636,
     50.080615
    ],
    "type": "Point"
   },
   "id": 132,
   "properties": {
    "ADRES": "",
    "ATRYBUTY_O": "Nr stanowiska: 295",
    "BUDOWNICZY": "",
    "CHARAKTER": "",
    "DATA_WPISU": null,
    "DATA_WZNIE": "",
    "DZIELNICA": "",
    "FID": 132,
    "FUNKCJA_OB": "",
    "FUNKCJA_PI": "",
    "GDB_AREA": 0,
    "GDB_PRM": 0,
    "GDB_PRMEX": 0,
    "GPT_DATE": null,
    "GPT_USER": "",
    "ID": 31506,
    "IDENT_OBIE": "67863099",
    "ID_ISDP": 0,
    "ID_SPRAWY": 80566749,
    "ID_WARSTWY": "F19_STAN_PNT_OPIS",
    "ISDP_FID": "GDB$G_EOZ_ARCHEOLOGIA_EOZ_A.4d9eef0c-e186-557a-e055-000000000001",
    "ISTNIEJE": "",
    "KARTA_MAPY": "",
    "LOKALIZACJ": "",
    "MATERIAL": "",
    "NAZWA": "",
    "NUMER": "",
    "NUMER_EWID": "",
    "NUMER_REJ_": "",
    "OBREB": "",
    "REJESTR_TA": "EW_ARCHEOLOGIA",
    "RODZAJE_ZA": "",
    "RODZAJ_OBI": "",
    "RODZAJ_WLA": "",
    "STAN_ZACHO": "",
    "STATUS": "",
    "STYL_OBIEK": "",
    "SYMBOL_EWI": "",
    "SYMBOL_REJ": "",
    "UWAGI": "",
    "WIEK_CZ_PO": "",
    "WIEK_POWST": "",
    "WYDRUK_LIN": "",
    "ZAJETA_NA_": 1,
    "ZALACZNIKI": "http://172.16.11.22:8085/SOWA2-services/doc/print/65367099/0295.pdf",
    "ZDJECIE_1": "",
    "ZDJECIE_2": "",
    "ZDJECIE_3": "",
    "ZDJECIE_4": "",
    "ZDJECIE_5": "",
    "ZDJECIE_6": "",
    "ZDJECIE_7": "",
    "ZDJECIE_8": "",
    "ZWERYFIKOW": "",
    "ZWIAZANA_Z": 0
   },
   "type": "Feature"
  },
  {
   "geometry": {
    "coordinates": [
     19.992588,
     50.079059
    ],
    "type": "Point"
   },
   "id": 133,
   "properties": {
    "ADRES": "",
    "ATRYBUTY_O": "Nr stanowiska: 298",
    "BUDOWNICZY": "",
    "CHARAKTER": "",
    "DATA_WPISU": null,
    "DATA_WZNIE": "",
    "DZIELNICA": "",
    "FID": 133,
    "FUNKCJA_OB": "",
    "FUNKCJA_PI": "",
    "GDB_AREA": 0,
    "GDB_PRM": 0,
    "GDB_PRMEX": 0,
    "GPT_DATE": null,
    "GPT_USER": "",
    "ID": 31636,
    "IDENT_OBIE": "67869599",
    "ID_ISDP": 0,
    "ID_SPRAWY": 80580999,
    "ID_WARSTWY": "F19_STAN_PNT_OPIS",
    "ISDP_FID": "GDB$G_EOZ_ARCHEOLOGIA_EOZ_A.4d9eef0c-e187-557a-e055-000000000001",
    "ISTNIEJE": "",
    "KARTA_MAPY": "",
    "LOKALIZACJ": "",
    "MATERIAL": "",
    "NAZWA": "",
    "NUMER": "",
    "NUMER_EWID": "",
    "NUMER_REJ_": "",
    "OBREB": "",
    "REJESTR_TA": "EW_ARCHEOLOGIA",
    "RODZAJE_ZA": "",
    "RODZAJ_OBI": "",
    "RODZAJ_WLA": "",
    "STAN_ZACHO": "",
    "STATUS": "",
    "STYL_OBIEK": "",
    "SYMBOL_EWI": "",
    "SYMBOL_REJ": "",
    "UWAGI": "",
    "WIEK_CZ_PO": "",
    "WIEK_POWST": "",
    "WYDRUK_LIN": "",
    "ZAJETA_NA_": 1,
    "ZALACZNIKI": "http://172.16.11.22:8085/SOWA2-services/doc/print/65367249/0298.pdf",
    "ZDJECIE_1": "",
    "ZDJECIE_2": "",
    "ZDJECIE_3": "",
    "ZDJECIE_4": "",
    "ZDJECIE_5": "",
    "ZDJECIE_6": "",
    "ZDJECIE_7": "",
    "ZDJECIE_8": "",
    "ZWERYFIKOW": "",
    "ZWIAZANA_Z": 0
   },
   "type": "Feature"
  },
  {
   "geometry": {
    "coordinates": [
     19.969714,
     50.092763
    ],
    "type": "Point"
   },
   "id": 134,
   "properties": {
    "ADRES": "",
    "ATRYBUTY_O": "Nr stanowiska: 300",
    "BUDOWNICZY": "",
    "CHARAKTER": "",
    "DATA_WPISU": null,
    "DATA_WZNIE": "",
    "DZIELNICA": "",
    "FID": 134,
    "FUNKCJA_OB": "",
    "FUNKCJA_PI": "",
    "GDB_AREA": 0,
    "GDB_PRM": 0,
    "GDB_PRMEX": 0,
    "GPT_DATE": null,
    "GPT_USER": "",
    "ID": 31621,
    "IDENT_OBIE": "67868849",
    "ID_ISDP": 0,
    "ID_SPRAWY": 80578549,
    "ID_WARSTWY": "F19_STAN_PNT_OPIS",
    "ISDP_FID": "GDB$G_EOZ_ARCHEOLOGIA_EOZ_A.4d9eef0c-e188-557a-e055-000000000001",
    "ISTNIEJE": "",
    "KARTA_MAPY": "",
    "LOKALIZACJ": "",
    "MATERIAL": "",
    "NAZWA": "",
    "NUMER": "",
    "NUMER_EWID": "",
    "NUMER_REJ_": "",
    "OBREB": "",
    "REJESTR_TA": "EW_ARCHEOLOGIA",
    "RODZAJE_ZA": "",
    "RODZAJ_OBI": "",
    "RODZAJ_WLA": "",
    "STAN_ZACHO": "",
    "STATUS": "",
    "STYL_OBIEK": "",
    "SYMBOL_EWI": "",
    "SYMBOL_REJ": "",
    "UWAGI": "",
    "WIEK_CZ_PO": "",
    "WIEK_POWST": "",
    "WYDRUK_LIN": "",
    "ZAJETA_NA_": 1,
    "ZALACZNIKI": "http://172.16.11.22:8085/SOWA2-services/doc/print/65367349/0300.pdf",
    "ZDJECIE_1": "",
    "ZDJECIE_2": "",
    "ZDJECIE_3": "",
    "ZDJECIE_4": "",
    "ZDJECIE_5": "",
    "ZDJECIE_6": "",
    "ZDJECIE_7": "",
    "ZDJECIE_8": "",
    "ZWERYFIKOW": "",
    "ZWIAZANA_Z": 0
   },
   "type": "Feature"
  },
  {
   "geometry": {
    "coordinates": [
     19.993536,
     49.991893
    ],
    "type": "Point"
   },
   "id": 135,
   "properties": {
    "ADRES": "",
    "ATRYBUTY_O": "Nr stanowiska: 512",
    "BUDOWNICZY": "",
    "CHARAKTER": "",
    "DATA_WPISU": null,
    "DATA_WZNIE": "",
    "DZIELNICA": "",
    "FID": 135,
    "FUNKCJA_OB": "",
    "FUNKCJA_PI": "",
    "GDB_AREA": 0,
    "GDB_PRM": 0,
    "GDB_PRMEX": 0,
    "GPT_DATE": null,
    "GPT_USER": "",
    "ID": 31470,
    "IDENT_OBIE": "67861299",
    "ID_ISDP": 0,
    "ID_SPRAWY": 80563199,
    "ID_WARSTWY": "F19_STAN_PNT_OPIS",
    "ISDP_FID": "GDB$G_EOZ_ARCHEOLOGIA_EOZ_A.4d9eef0c-e1bf-557a-e055-000000000001",
    "ISTNIEJE": "",
    "KARTA_MAPY": "",
    "LOKALIZACJ": "",
    "MATERIAL": "",
    "NAZWA": "",
    "NUMER": "",
    "NUMER_EWID": "",
    "NUMER_REJ_": "",
    "OBREB": "",
    "REJESTR_TA": "EW_ARCHEOLOGIA",
    "RODZAJE_ZA": "",
    "RODZAJ_OBI": "",
    "RODZAJ_WLA": "",
    "STAN_ZACHO": "",
    "STATUS": "",
    "STYL_OBIEK": "",
    "SYMBOL_EWI": "",
    "SYMBOL_REJ": "",
    "UWAGI": "",
    "WIEK_CZ_PO": "",
    "WIEK_POWST": "",
    "WYDRUK_LIN": "",
    "ZAJETA_NA_": 1,
    "ZALACZNIKI": "http://172.16.11.22:8085/SOWA2-services/doc/print/65372649/0512.pdf",
    "ZDJECIE_1": "",
    "ZDJECIE_2": "",
    "ZDJECIE_3": "",
    "ZDJECIE_4": "",
    "ZDJECIE_5": "",
    "ZDJECIE_6": "",
    "ZDJECIE_7": "",
    "ZDJECIE_8": "",
    "ZWERYFIKOW": "",
    "ZWIAZANA_Z": 0
   },
   "type": "Feature"
  },
  {
   "geometry": {
    "coordinates": [
     20.001126,
     49.992231
    ],
    "type": "Point"
   },
   "id": 136,
   "properties": {
    "ADRES": "",
    "ATRYBUTY_O": "Nr stanowiska: 514",
    "BUDOWNICZY": "",
    "CHARAKTER": "",
    "DATA_WPISU": null,
    "DATA_WZNIE": "",
    "DZIELNICA": "",
    "FID": 136,
    "FUNKCJA_OB": "",
    "FUNKCJA_PI": "",
    "GDB_AREA": 0,
    "GDB_PRM": 0,
    "GDB_PRMEX": 0,
    "GPT_DATE": null,
    "GPT_USER": "",
    "ID": 31472,
    "IDENT_OBIE": "67861399",
    "ID_ISDP": 0,
    "ID_SPRAWY": 80563299,
    "ID_WARSTWY": "F19_STAN_PNT_OPIS",
    "ISDP_FID": "GDB$G_EOZ_ARCHEOLOGIA_EOZ_A.4d9eef0c-e1c0-557a-e055-000000000001",
    "ISTNIEJE": "",
    "KARTA_MAPY": "",
    "LOKALIZACJ": "",
    "MATERIAL": "",
    "NAZWA": "",
    "NUMER": "",
    "NUMER_EWID": "",
    "NUMER_REJ_": "",
    "OBREB": "",
    "REJESTR_TA": "EW_ARCHEOLOGIA",
    "RODZAJE_ZA": "",
    "RODZAJ_OBI": "",
    "RODZAJ_WLA": "",
    "STAN_ZACHO": "",
    "STATUS": "",
    "STYL_OBIEK": "",
    "SYMBOL_EWI": "",
    "SYMBOL_REJ": "",
    "UWAGI": "",
    "WIEK_CZ_PO": "",
    "WIEK_POWST": "",
    "WYDRUK_LIN": "",
    "ZAJETA_NA_": 1,
    "ZALACZNIKI": "http://172.16.11.22:8085/SOWA2-services/doc/print/65372749/0514.pdf",
    "ZDJECIE_1": "",
    "ZDJECIE_2": "",
    "ZDJECIE_3": "",
    "ZDJECIE_4": "",
    "ZDJECIE_5": "",
    "ZDJECIE_6": "",
    "ZDJECIE_7": "",
    "ZDJECIE_8": "",
    "ZWERYFIKOW": "",
    "ZWIAZANA_Z": 0
   },
   "type": "Feature"
  },
  {
   "geometry": {
    "coordinates": [
     19.996465,
     49.993839
    ],
    "type": "Point"
   },
   "id": 137,
   "properties": {
    "ADRES": "",
    "ATRYBUTY_O": "Nr stanowiska: 515",
    "BUDOWNICZY": "",
    "CHARAKTER": "",
    "DATA_WPISU": null,
    "DATA_WZNIE": "",
    "DZIELNICA": "",
    "FID": 137,
    "FUNKCJA_OB": "",
    "FUNKCJA_PI": "",
    "GDB_AREA": 0,
    "GDB_PRM": 0,
    "GDB_PRMEX": 0,
    "GPT_DATE": null,
    "GPT_USER": "",
    "ID": 31473,
    "IDENT_OBIE": "67861449",
    "ID_ISDP": 0,
    "ID_SPRAWY": 80563349,
    "ID_WARSTWY": "F19_STAN_PNT_OPIS",
    "ISDP_FID": "GDB$G_EOZ_ARCHEOLOGIA_EOZ_A.4d9eef0c-e1c1-557a-e055-000000000001",
    "ISTNIEJE": "",
    "KARTA_MAPY": "",
    "LOKALIZACJ": "",
    "MATERIAL": "",
    "NAZWA": "",
    "NUMER": "",
    "NUMER_EWID": "",
    "NUMER_REJ_": "",
    "OBREB": "",
    "REJESTR_TA": "EW_ARCHEOLOGIA",
    "RODZAJE_ZA": "",
    "RODZAJ_OBI": "",
    "RODZAJ_WLA": "",
    "STAN_ZACHO": "",
    "STATUS": "",
    "STYL_OBIEK": "",
    "SYMBOL_EWI": "",
    "SYMBOL_REJ": "",
    "UWAGI": "",
    "WIEK_CZ_PO": "",
    "WIEK_POWST": "",
    "WYDRUK_LIN": "",
    "ZAJETA_NA_": 1,
    "ZALACZNIKI": "http://172.16.11.22:8085/SOWA2-services/doc/print/65372799/0515.pdf",
    "ZDJECIE_1": "",
    "ZDJECIE_2": "",
    "ZDJECIE_3": "",
    "ZDJECIE_4": "",
    "ZDJECIE_5": "",
    "ZDJECIE_6": "",
    "ZDJECIE_7": "",
    "ZDJECIE_8": "",
    "ZWERYFIKOW": "",
    "ZWIAZANA_Z": 0
   },
   "type": "Feature"
  },
  {
   "geometry": {
    "coordinates": [
     20.002242,
     49.998239
    ],
    "type": "Point"
   },
   "id": 138,
   "properties": {
    "ADRES": "",
    "ATRYBUTY_O": "Nr stanowiska: 517",
    "BUDOWNICZY": "",
    "CHARAKTER": "",
    "DATA_WPISU": null,
    "DATA_WZNIE": "",
    "DZIELNICA": "",
    "FID": 138,
    "FUNKCJA_OB": "",
    "FUNKCJA_PI": "",
    "GDB_AREA": 0,
    "GDB_PRM": 0,
    "GDB_PRMEX": 0,
    "GPT_DATE": null,
    "GPT_USER": "",
    "ID": 31475,
    "IDENT_OBIE": "67861549",
    "ID_ISDP": 0,
    "ID_SPRAWY": 80563449,
    "ID_WARSTWY": "F19_STAN_PNT_OPIS",
    "ISDP_FID": "GDB$G_EOZ_ARCHEOLOGIA_EOZ_A.4d9eef0c-e1c2-557a-e055-000000000001",
    "ISTNIEJE": "",
    "KARTA_MAPY": "",
    "LOKALIZACJ": "",
    "MATERIAL": "",
    "NAZWA": "",
    "NUMER": "",
    "NUMER_EWID": "",
    "NUMER_REJ_": "",
    "OBREB": "",
    "REJESTR_TA": "EW_ARCHEOLOGIA",
    "RODZAJE_ZA": "",
    "RODZAJ_OBI": "",
    "RODZAJ_WLA": "",
    "STAN_ZACHO": "",
    "STATUS": "",
    "STYL_OBIEK": "",
    "SYMBOL_EWI": "",
    "SYMBOL_REJ": "",
    "UWAGI": "",
    "WIEK_CZ_PO": "",
    "WIEK_POWST": "",
    "WYDRUK_LIN": "",
    "ZAJETA_NA_": 1,
    "ZALACZNIKI": "http://172.16.11.22:8085/SOWA2-services/doc/print/65372899/0517.pdf",
    "ZDJECIE_1": "",
    "ZDJECIE_2": "",
    "ZDJECIE_3": "",
    "ZDJECIE_4": "",
    "ZDJECIE_5": "",
    "ZDJECIE_6": "",
    "ZDJECIE_7": "",
    "ZDJECIE_8": "",
    "ZWERYFIKOW": "",
    "ZWIAZANA_Z": 0
   },
   "type": "Feature"
  },
  {
   "geometry": {
    "coordinates": [
     19.996562,
     49.995192
    ],
    "type": "Point"
   },
   "id": 139,
   "properties": {
    "ADRES": "",
    "ATRYBUTY_O": "Nr stanowiska: 519",
    "BUDOWNICZY": "",
    "CHARAKTER": "",
    "DATA_WPISU": null,
    "DATA_WZNIE": "",
    "DZIELNICA": "",
    "FID": 139,
    "FUNKCJA_OB": "",
    "FUNKCJA_PI": "",
    "GDB_AREA": 0,
    "GDB_PRM": 0,
    "GDB_PRMEX": 0,
    "GPT_DATE": null,
    "GPT_USER": "",
    "ID": 31477,
    "IDENT_OBIE": "67861649",
    "ID_ISDP": 0,
    "ID_SPRAWY": 80563549,
    "ID_WARSTWY": "F19_STAN_PNT_OPIS",
    "ISDP_FID": "GDB$G_EOZ_ARCHEOLOGIA_EOZ_A.4d9eef0c-e1c3-557a-e055-000000000001",
    "ISTNIEJE": "",
    "KARTA_MAPY": "",
    "LOKALIZACJ": "",
    "MATERIAL": "",
    "NAZWA": "",
    "NUMER": "",
    "NUMER_EWID": "",
    "NUMER_REJ_": "",
    "OBREB": "",
    "REJESTR_TA": "EW_ARCHEOLOGIA",
    "RODZAJE_ZA": "",
    "RODZAJ_OBI": "",
    "RODZAJ_WLA": "",
    "STAN_ZACHO": "",
    "STATUS": "",
    "STYL_OBIEK": "",
    "SYMBOL_EWI": "",
    "SYMBOL_REJ": "",
    "UWAGI": "",
    "WIEK_CZ_PO": "",
    "WIEK_POWST": "",
    "WYDRUK_LIN": "",
    "ZAJETA_NA_": 1,
    "ZALACZNIKI": "http://172.16.11.22:8085/SOWA2-services/doc/print/65372999/0519.pdf",
    "ZDJECIE_1": "",
    "ZDJECIE_2": "",
    "ZDJECIE_3": "",
    "ZDJECIE_4": "",
    "ZDJECIE_5": "",
    "ZDJECIE_6": "",
    "ZDJECIE_7": "",
    "ZDJECIE_8": "",
    "ZWERYFIKOW": "",
    "ZWIAZANA_Z": 0
   },
   "type": "Feature"
  },
  {
   "geometry": {
    "coordinates": [
     19.856098,
     50.037883
    ],
    "type": "Point"
   },
   "id": 140,
   "properties": {
    "ADRES": "",
    "ATRYBUTY_O": "Nr stanowiska: 358",
    "BUDOWNICZY": "",
    "CHARAKTER": "",
    "DATA_WPISU": null,
    "DATA_WZNIE": "",
    "DZIELNICA": "",
    "FID": 140,
    "FUNKCJA_OB": "",
    "FUNKCJA_PI": "",
    "GDB_AREA": 0,
    "GDB_PRM": 0,
    "GDB_PRMEX": 0,
    "GPT_DATE": null,
    "GPT_USER": "",
    "ID": 31479,
    "IDENT_OBIE": "67861749",
    "ID_ISDP": 0,
    "ID_SPRAWY": 80563849,
    "ID_WARSTWY": "F19_STAN_PNT_OPIS",
    "ISDP_FID": "GDB$G_EOZ_ARCHEOLOGIA_EOZ_A.4d9eef0c-e1c4-557a-e055-000000000001",
    "ISTNIEJE": "",
    "KARTA_MAPY": "",
    "LOKALIZACJ": "",
    "MATERIAL": "",
    "NAZWA": "",
    "NUMER": "",
    "NUMER_EWID": "",
    "NUMER_REJ_": "",
    "OBREB": "",
    "REJESTR_TA": "EW_ARCHEOLOGIA",
    "RODZAJE_ZA": "",
    "RODZAJ_OBI": "",
    "RODZAJ_WLA": "",
    "STAN_ZACHO": "",
    "STATUS": "",
    "STYL_OBIEK": "",
    "SYMBOL_EWI": "",
    "SYMBOL_REJ": "",
    "UWAGI": "",
    "WIEK_CZ_PO": "",
    "WIEK_POWST": "",
    "WYDRUK_LIN": "",
    "ZAJETA_NA_": 1,
    "ZALACZNIKI": "http://172.16.11.22:8085/SOWA2-services/doc/print/65368649/0358.pdf",
    "ZDJECIE_1": "",
    "ZDJECIE_2": "",
    "ZDJECIE_3": "",
    "ZDJECIE_4": "",
    "ZDJECIE_5": "",
    "ZDJECIE_6": "",
    "ZDJECIE_7": "",
    "ZDJECIE_8": "",
    "ZWERYFIKOW": "",
    "ZWIAZANA_Z": 0
   },
   "type": "Feature"
  },
  {
   "geometry": {
    "coordinates": [
     19.932642,
     50.092722
    ],
    "type": "Point"
   },
   "id": 141,
   "properties": {
    "ADRES": "",
    "ATRYBUTY_O": "Nr stanowiska: 57",
    "BUDOWNICZY": "",
    "CHARAKTER": "",
    "DATA_WPISU": null,
    "DATA_WZNIE": "",
    "DZIELNICA": "",
    "FID": 141,
    "FUNKCJA_OB": "",
    "FUNKCJA_PI": "",
    "GDB_AREA": 0,
    "GDB_PRM": 0,
    "GDB_PRMEX": 0,
    "GPT_DATE": null,
    "GPT_USER": "",
    "ID": 31480,
    "IDENT_OBIE": "67861799",
    "ID_ISDP": 0,
    "ID_SPRAWY": 80564199,
    "ID_WARSTWY": "F19_STAN_PNT_OPIS",
    "ISDP_FID": "GDB$G_EOZ_ARCHEOLOGIA_EOZ_A.4d9eef0c-e1c5-557a-e055-000000000001",
    "ISTNIEJE": "",
    "KARTA_MAPY": "",
    "LOKALIZACJ": "",
    "MATERIAL": "",
    "NAZWA": "",
    "NUMER": "",
    "NUMER_EWID": "",
    "NUMER_REJ_": "",
    "OBREB": "",
    "REJESTR_TA": "EW_ARCHEOLOGIA",
    "RODZAJE_ZA": "",
    "RODZAJ_OBI": "",
    "RODZAJ_WLA": "",
    "STAN_ZACHO": "",
    "STATUS": "",
    "STYL_OBIEK": "",
    "SYMBOL_EWI": "",
    "SYMBOL_REJ": "",
    "UWAGI": "",
    "WIEK_CZ_PO": "",
    "WIEK_POWST": "",
    "WYDRUK_LIN": "",
    "ZAJETA_NA_": 1,
    "ZALACZNIKI": "http://172.16.11.22:8085/SOWA2-services/doc/print/65358849/0057.pdf",
    "ZDJECIE_1": "",
    "ZDJECIE_2": "",
    "ZDJECIE_3": "",
    "ZDJECIE_4": "",
    "ZDJECIE_5": "",
    "ZDJECIE_6": "",
    "ZDJECIE_7": "",
    "ZDJECIE_8": "",
    "ZWERYFIKOW": "",
    "ZWIAZANA_Z": 0
   },
   "type": "Feature"
  },
  {
   "geometry": {
    "coordinates": [
     19.930238,
     50.092789
    ],
    "type": "Point"
   },
   "id": 142,
   "properties": {
    "ADRES": "",
    "ATRYBUTY_O": "Nr stanowiska: 58",
    "BUDOWNICZY": "",
    "CHARAKTER": "",
    "DATA_WPISU": null,
    "DATA_WZNIE": "",
    "DZIELNICA": "",
    "FID": 142,
    "FUNKCJA_OB": "",
    "FUNKCJA_PI": "",
    "GDB_AREA": 0,
    "GDB_PRM": 0,
    "GDB_PRMEX": 0,
    "GPT_DATE": null,
    "GPT_USER": "",
    "ID": 31481,
    "IDENT_OBIE": "67861849",
    "ID_ISDP": 0,
    "ID_SPRAWY": 80564249,
    "ID_WARSTWY": "F19_STAN_PNT_OPIS",
    "ISDP_FID": "GDB$G_EOZ_ARCHEOLOGIA_EOZ_A.4d9eef0c-e1c6-557a-e055-000000000001",
    "ISTNIEJE": "",
    "KARTA_MAPY": "",
    "LOKALIZACJ": "",
    "MATERIAL": "",
    "NAZWA": "",
    "NUMER": "",
    "NUMER_EWID": "",
    "NUMER_REJ_": "",
    "OBREB": "",
    "REJESTR_TA": "EW_ARCHEOLOGIA",
    "RODZAJE_ZA": "",
    "RODZAJ_OBI": "",
    "RODZAJ_WLA": "",
    "STAN_ZACHO": "",
    "STATUS": "",
    "STYL_OBIEK": "",
    "SYMBOL_EWI": "",
    "SYMBOL_REJ": "",
    "UWAGI": "",
    "WIEK_CZ_PO": "",
    "WIEK_POWST": "",
    "WYDRUK_LIN": "",
    "ZAJETA_NA_": 1,
    "ZALACZNIKI": "http://172.16.11.22:8085/SOWA2-services/doc/print/65358899/0058.pdf",
    "ZDJECIE_1": "",
    "ZDJECIE_2": "",
    "ZDJECIE_3": "",
    "ZDJECIE_4": "",
    "ZDJECIE_5": "",
    "ZDJECIE_6": "",
    "ZDJECIE_7": "",
    "ZDJECIE_8": "",
    "ZWERYFIKOW": "",
    "ZWIAZANA_Z": 0
   },
   "type": "Feature"
  },
  {
   "geometry": {
    "coordinates": [
     19.927249,
     50.092303
    ],
    "type": "Point"
   },
   "id": 143,
   "properties": {
    "ADRES": "",
    "ATRYBUTY_O": "Nr stanowiska: 59",
    "BUDOWNICZY": "",
    "CHARAKTER": "",
    "DATA_WPISU": null,
    "DATA_WZNIE": "",
    "DZIELNICA": "",
    "FID": 143,
    "FUNKCJA_OB": "",
    "FUNKCJA_PI": "",
    "GDB_AREA": 0,
    "GDB_PRM": 0,
    "GDB_PRMEX": 0,
    "GPT_DATE": null,
    "GPT_USER": "",
    "ID": 31482,
    "IDENT_OBIE": "67861899",
    "ID_ISDP": 0,
    "ID_SPRAWY": 80564299,
    "ID_WARSTWY": "F19_STAN_PNT_OPIS",
    "ISDP_FID": "GDB$G_EOZ_ARCHEOLOGIA_EOZ_A.4d9eef0c-e1c7-557a-e055-000000000001",
    "ISTNIEJE": "",
    "KARTA_MAPY": "",
    "LOKALIZACJ": "",
    "MATERIAL": "",
    "NAZWA": "",
    "NUMER": "",
    "NUMER_EWID": "",
    "NUMER_REJ_": "",
    "OBREB": "",
    "REJESTR_TA": "EW_ARCHEOLOGIA",
    "RODZAJE_ZA": "",
    "RODZAJ_OBI": "",
    "RODZAJ_WLA": "",
    "STAN_ZACHO": "",
    "STATUS": "",
    "STYL_OBIEK": "",
    "SYMBOL_EWI": "",
    "SYMBOL_REJ": "",
    "UWAGI": "",
    "WIEK_CZ_PO": "",
    "WIEK_POWST": "",
    "WYDRUK_LIN": "",
    "ZAJETA_NA_": 1,
    "ZALACZNIKI": "http://172.16.11.22:8085/SOWA2-services/doc/print/65358949/0059.pdf",
    "ZDJECIE_1": "",
    "ZDJECIE_2": "",
    "ZDJECIE_3": "",
    "ZDJECIE_4": "",
    "ZDJECIE_5": "",
    "ZDJECIE_6": "",
    "ZDJECIE_7": "",
    "ZDJECIE_8": "",
    "ZWERYFIKOW": "",
    "ZWIAZANA_Z": 0
   },
   "type": "Feature"
  },
  {
   "geometry": {
    "coordinates": [
     19.924712,
     50.092354
    ],
    "type": "Point"
   },
   "id": 144,
   "properties": {
    "ADRES": "",
    "ATRYBUTY_O": "Nr stanowiska: 60",
    "BUDOWNICZY": "",
    "CHARAKTER": "",
    "DATA_WPISU": null,
    "DATA_WZNIE": "",
    "DZIELNICA": "",
    "FID": 144,
    "FUNKCJA_OB": "",
    "FUNKCJA_PI": "",
    "GDB_AREA": 0,
    "GDB_PRM": 0,
    "GDB_PRMEX": 0,
    "GPT_DATE": null,
    "GPT_USER": "",
    "ID": 31483,
    "IDENT_OBIE": "67861949",
    "ID_ISDP": 0,
    "ID_SPRAWY": 80564349,
    "ID_WARSTWY": "F19_STAN_PNT_OPIS",
    "ISDP_FID": "GDB$G_EOZ_ARCHEOLOGIA_EOZ_A.4d9eef0c-e1c8-557a-e055-000000000001",
    "ISTNIEJE": "",
    "KARTA_MAPY": "",
    "LOKALIZACJ": "",
    "MATERIAL": "",
    "NAZWA": "",
    "NUMER": "",
    "NUMER_EWID": "",
    "NUMER_REJ_": "",
    "OBREB": "",
    "REJESTR_TA": "EW_ARCHEOLOGIA",
    "RODZAJE_ZA": "",
    "RODZAJ_OBI": "",
    "RODZAJ_WLA": "",
    "STAN_ZACHO": "",
    "STATUS": "",
    "STYL_OBIEK": "",
    "SYMBOL_EWI": "",
    "SYMBOL_REJ": "",
    "UWAGI": "",
    "WIEK_CZ_PO": "",
    "WIEK_POWST": "",
    "WYDRUK_LIN": "",
    "ZAJETA_NA_": 1,
    "ZALACZNIKI": "http://172.16.11.22:8085/SOWA2-services/doc/print/65358999/0060.pdf",
    "ZDJECIE_1": "",
    "ZDJECIE_2": "",
    "ZDJECIE_3": "",
    "ZDJECIE_4": "",
    "ZDJECIE_5": "",
    "ZDJECIE_6": "",
    "ZDJECIE_7": "",
    "ZDJECIE_8": "",
    "ZWERYFIKOW": "",
    "ZWIAZANA_Z": 0
   },
   "type": "Feature"
  },
  {
   "geometry": {
    "coordinates": [
     19.922154,
     50.090316
    ],
    "type": "Point"
   },
   "id": 145,
   "properties": {
    "ADRES": "",
    "ATRYBUTY_O": "Nr stanowiska: 61",
    "BUDOWNICZY": "",
    "CHARAKTER": "",
    "DATA_WPISU": null,
    "DATA_WZNIE": "",
    "DZIELNICA": "",
    "FID": 145,
    "FUNKCJA_OB": "",
    "FUNKCJA_PI": "",
    "GDB_AREA": 0,
    "GDB_PRM": 0,
    "GDB_PRMEX": 0,
    "GPT_DATE": null,
    "GPT_USER": "",
    "ID": 31484,
    "IDENT_OBIE": "67861999",
    "ID_ISDP": 0,
    "ID_SPRAWY": 80564399,
    "ID_WARSTWY": "F19_STAN_PNT_OPIS",
    "ISDP_FID": "GDB$G_EOZ_ARCHEOLOGIA_EOZ_A.4d9eef0c-e1c9-557a-e055-000000000001",
    "ISTNIEJE": "",
    "KARTA_MAPY": "",
    "LOKALIZACJ": "",
    "MATERIAL": "",
    "NAZWA": "",
    "NUMER": "",
    "NUMER_EWID": "",
    "NUMER_REJ_": "",
    "OBREB": "",
    "REJESTR_TA": "EW_ARCHEOLOGIA",
    "RODZAJE_ZA": "",
    "RODZAJ_OBI": "",
    "RODZAJ_WLA": "",
    "STAN_ZACHO": "",
    "STATUS": "",
    "STYL_OBIEK": "",
    "SYMBOL_EWI": "",
    "SYMBOL_REJ": "",
    "UWAGI": "",
    "WIEK_CZ_PO": "",
    "WIEK_POWST": "",
    "WYDRUK_LIN": "",
    "ZAJETA_NA_": 1,
    "ZALACZNIKI": "http://172.16.11.22:8085/SOWA2-services/doc/print/65359049/0061.pdf",
    "ZDJECIE_1": "",
    "ZDJECIE_2": "",
    "ZDJECIE_3": "",
    "ZDJECIE_4": "",
    "ZDJECIE_5": "",
    "ZDJECIE_6": "",
    "ZDJECIE_7": "",
    "ZDJECIE_8": "",
    "ZWERYFIKOW": "",
    "ZWIAZANA_Z": 0
   },
   "type": "Feature"
  },
  {
   "geometry": {
    "coordinates": [
     19.920241,
     50.092257
    ],
    "type": "Point"
   },
   "id": 146,
   "properties": {
    "ADRES": "",
    "ATRYBUTY_O": "Nr stanowiska: 62",
    "BUDOWNICZY": "",
    "CHARAKTER": "",
    "DATA_WPISU": null,
    "DATA_WZNIE": "",
    "DZIELNICA": "",
    "FID": 146,
    "FUNKCJA_OB": "",
    "FUNKCJA_PI": "",
    "GDB_AREA": 0,
    "GDB_PRM": 0,
    "GDB_PRMEX": 0,
    "GPT_DATE": null,
    "GPT_USER": "",
    "ID": 31485,
    "IDENT_OBIE": "67862049",
    "ID_ISDP": 0,
    "ID_SPRAWY": 80564449,
    "ID_WARSTWY": "F19_STAN_PNT_OPIS",
    "ISDP_FID": "GDB$G_EOZ_ARCHEOLOGIA_EOZ_A.4d9eef0c-e1ca-557a-e055-000000000001",
    "ISTNIEJE": "",
    "KARTA_MAPY": "",
    "LOKALIZACJ": "",
    "MATERIAL": "",
    "NAZWA": "",
    "NUMER": "",
    "NUMER_EWID": "",
    "NUMER_REJ_": "",
    "OBREB": "",
    "REJESTR_TA": "EW_ARCHEOLOGIA",
    "RODZAJE_ZA": "",
    "RODZAJ_OBI": "",
    "RODZAJ_WLA": "",
    "STAN_ZACHO": "",
    "STATUS": "",
    "STYL_OBIEK": "",
    "SYMBOL_EWI": "",
    "SYMBOL_REJ": "",
    "UWAGI": "",
    "WIEK_CZ_PO": "",
    "WIEK_POWST": "",
    "WYDRUK_LIN": "",
    "ZAJETA_NA_": 1,
    "ZALACZNIKI": "http://172.16.11.22:8085/SOWA2-services/doc/print/65359099/0062.pdf",
    "ZDJECIE_1": "",
    "ZDJECIE_2": "",
    "ZDJECIE_3": "",
    "ZDJECIE_4": "",
    "ZDJECIE_5": "",
    "ZDJECIE_6": "",
    "ZDJECIE_7": "",
    "ZDJECIE_8": "",
    "ZWERYFIKOW": "",
    "ZWIAZANA_Z": 0
   },
   "type": "Feature"
  },
  {
   "geometry": {
    "coordinates": [
     19.932887,
     50.081644
    ],
    "type": "Point"
   },
   "id": 147,
   "properties": {
    "ADRES": "",
    "ATRYBUTY_O": "Nr stanowiska: 64",
    "BUDOWNICZY": "",
    "CHARAKTER": "",
    "DATA_WPISU": null,
    "DATA_WZNIE": "",
    "DZIELNICA": "",
    "FID": 147,
    "FUNKCJA_OB": "",
    "FUNKCJA_PI": "",
    "GDB_AREA": 0,
    "GDB_PRM": 0,
    "GDB_PRMEX": 0,
    "GPT_DATE": null,
    "GPT_USER": "",
    "ID": 31487,
    "IDENT_OBIE": "67862149",
    "ID_ISDP": 0,
    "ID_SPRAWY": 80564599,
    "ID_WARSTWY": "F19_STAN_PNT_OPIS",
    "ISDP_FID": "GDB$G_EOZ_ARCHEOLOGIA_EOZ_A.4d9eef0c-e1cb-557a-e055-000000000001",
    "ISTNIEJE": "",
    "KARTA_MAPY": "",
    "LOKALIZACJ": "",
    "MATERIAL": "",
    "NAZWA": "",
    "NUMER": "",
    "NUMER_EWID": "",
    "NUMER_REJ_": "",
    "OBREB": "",
    "REJESTR_TA": "EW_ARCHEOLOGIA",
    "RODZAJE_ZA": "",
    "RODZAJ_OBI": "",
    "RODZAJ_WLA": "",
    "STAN_ZACHO": "",
    "STATUS": "",
    "STYL_OBIEK": "",
    "SYMBOL_EWI": "",
    "SYMBOL_REJ": "",
    "UWAGI": "",
    "WIEK_CZ_PO": "",
    "WIEK_POWST": "",
    "WYDRUK_LIN": "",
    "ZAJETA_NA_": 1,
    "ZALACZNIKI": "http://172.16.11.22:8085/SOWA2-services/doc/print/65359199/0064.pdf",
    "ZDJECIE_1": "",
    "ZDJECIE_2": "",
    "ZDJECIE_3": "",
    "ZDJECIE_4": "",
    "ZDJECIE_5": "",
    "ZDJECIE_6": "",
    "ZDJECIE_7": "",
    "ZDJECIE_8": "",
    "ZWERYFIKOW": "",
    "ZWIAZANA_Z": 0
   },
   "type": "Feature"
  },
  {
   "geometry": {
    "coordinates": [
     19.948517,
     50.000983
    ],
    "type": "Point"
   },
   "id": 148,
   "properties": {
    "ADRES": "",
    "ATRYBUTY_O": "Nr stanowiska: 425",
    "BUDOWNICZY": "",
    "CHARAKTER": "",
    "DATA_WPISU": null,
    "DATA_WZNIE": "",
    "DZIELNICA": "",
    "FID": 148,
    "FUNKCJA_OB": "",
    "FUNKCJA_PI": "",
    "GDB_AREA": 0,
    "GDB_PRM": 0,
    "GDB_PRMEX": 0,
    "GPT_DATE": null,
    "GPT_USER": "",
    "ID": 31489,
    "IDENT_OBIE": "67862249",
    "ID_ISDP": 0,
    "ID_SPRAWY": 80564849,
    "ID_WARSTWY": "F19_STAN_PNT_OPIS",
    "ISDP_FID": "GDB$G_EOZ_ARCHEOLOGIA_EOZ_A.4d9eef0c-e1cc-557a-e055-000000000001",
    "ISTNIEJE": "",
    "KARTA_MAPY": "",
    "LOKALIZACJ": "",
    "MATERIAL": "",
    "NAZWA": "",
    "NUMER": "",
    "NUMER_EWID": "",
    "NUMER_REJ_": "",
    "OBREB": "",
    "REJESTR_TA": "EW_ARCHEOLOGIA",
    "RODZAJE_ZA": "",
    "RODZAJ_OBI": "",
    "RODZAJ_WLA": "",
    "STAN_ZACHO": "",
    "STATUS": "",
    "STYL_OBIEK": "",
    "SYMBOL_EWI": "",
    "SYMBOL_REJ": "",
    "UWAGI": "",
    "WIEK_CZ_PO": "",
    "WIEK_POWST": "",
    "WYDRUK_LIN": "",
    "ZAJETA_NA_": 1,
    "ZALACZNIKI": "http://172.16.11.22:8085/SOWA2-services/doc/print/65370349/0425.pdf",
    "ZDJECIE_1": "",
    "ZDJECIE_2": "",
    "ZDJECIE_3": "",
    "ZDJECIE_4": "",
    "ZDJECIE_5": "",
    "ZDJECIE_6": "",
    "ZDJECIE_7": "",
    "ZDJECIE_8": "",
    "ZWERYFIKOW": "",
    "ZWIAZANA_Z": 0
   },
   "type": "Feature"
  },
  {
   "geometry": {
    "coordinates": [
     19.952101,
     50.001672
    ],
    "type": "Point"
   },
   "id": 149,
   "properties": {
    "ADRES": "",
    "ATRYBUTY_O": "Nr stanowiska: 488",
    "BUDOWNICZY": "",
    "CHARAKTER": "",
    "DATA_WPISU": null,
    "DATA_WZNIE": "",
    "DZIELNICA": "",
    "FID": 149,
    "FUNKCJA_OB": "",
    "FUNKCJA_PI": "",
    "GDB_AREA": 0,
    "GDB_PRM": 0,
    "GDB_PRMEX": 0,
    "GPT_DATE": null,
    "GPT_USER": "",
    "ID": 31490,
    "IDENT_OBIE": "67862299",
    "ID_ISDP": 0,
    "ID_SPRAWY": 80564899,
    "ID_WARSTWY": "F19_STAN_PNT_OPIS",
    "ISDP_FID": "GDB$G_EOZ_ARCHEOLOGIA_EOZ_A.4d9eef0c-e1cd-557a-e055-000000000001",
    "ISTNIEJE": "",
    "KARTA_MAPY": "",
    "LOKALIZACJ": "",
    "MATERIAL": "",
    "NAZWA": "",
    "NUMER": "",
    "NUMER_EWID": "",
    "NUMER_REJ_": "",
    "OBREB": "",
    "REJESTR_TA": "EW_ARCHEOLOGIA",
    "RODZAJE_ZA": "",
    "RODZAJ_OBI": "",
    "RODZAJ_WLA": "",
    "STAN_ZACHO": "",
    "STATUS": "",
    "STYL_OBIEK": "",
    "SYMBOL_EWI": "",
    "SYMBOL_REJ": "",
    "UWAGI": "",
    "WIEK_CZ_PO": "",
    "WIEK_POWST": "",
    "WYDRUK_LIN": "",
    "ZAJETA_NA_": 1,
    "ZALACZNIKI": "http://172.16.11.22:8085/SOWA2-services/doc/print/65372199/0488.pdf",
    "ZDJECIE_1": "",
    "ZDJECIE_2": "",
    "ZDJECIE_3": "",
    "ZDJECIE_4": "",
    "ZDJECIE_5": "",
    "ZDJECIE_6": "",
    "ZDJECIE_7": "",
    "ZDJECIE_8": "",
    "ZWERYFIKOW": "",
    "ZWIAZANA_Z": 0
   },
   "type": "Feature"
  },
  {
   "geometry": {
    "coordinates": [
     19.962698,
     50.002049
    ],
    "type": "Point"
   },
   "id": 150,
   "properties": {
    "ADRES": "",
    "ATRYBUTY_O": "Nr stanowiska: 461",
    "BUDOWNICZY": "",
    "CHARAKTER": "",
    "DATA_WPISU": null,
    "DATA_WZNIE": "",
    "DZIELNICA": "",
    "FID": 150,
    "FUNKCJA_OB": "",
    "FUNKCJA_PI": "",
    "GDB_AREA": 0,
    "GDB_PRM": 0,
    "GDB_PRMEX": 0,
    "GPT_DATE": null,
    "GPT_USER": "",
    "ID": 31492,
    "IDENT_OBIE": "67862399",
    "ID_ISDP": 0,
    "ID_SPRAWY": 80565399,
    "ID_WARSTWY": "F19_STAN_PNT_OPIS",
    "ISDP_FID": "GDB$G_EOZ_ARCHEOLOGIA_EOZ_A.4d9eef0c-e1ce-557a-e055-000000000001",
    "ISTNIEJE": "",
    "KARTA_MAPY": "",
    "LOKALIZACJ": "",
    "MATERIAL": "",
    "NAZWA": "",
    "NUMER": "",
    "NUMER_EWID": "",
    "NUMER_REJ_": "",
    "OBREB": "",
    "REJESTR_TA": "EW_ARCHEOLOGIA",
    "RODZAJE_ZA": "",
    "RODZAJ_OBI": "",
    "RODZAJ_WLA": "",
    "STAN_ZACHO": "",
    "STATUS": "",
    "STYL_OBIEK": "",
    "SYMBOL_EWI": "",
    "SYMBOL_REJ": "",
    "UWAGI": "",
    "WIEK_CZ_PO": "",
    "WIEK_POWST": "",
    "WYDRUK_LIN": "",
    "ZAJETA_NA_": 1,
    "ZALACZNIKI": "http://172.16.11.22:8085/SOWA2-services/doc/print/65371299/0461.pdf",
    "ZDJECIE_1": "",
    "ZDJECIE_2": "",
    "ZDJECIE_3": "",
    "ZDJECIE_4": "",
    "ZDJECIE_5": "",
    "ZDJECIE_6": "",
    "ZDJECIE_7": "",
    "ZDJECIE_8": "",
    "ZWERYFIKOW": "",
    "ZWIAZANA_Z": 0
   },
   "type": "Feature"
  },
  {
   "geometry": {
    "coordinates": [
     19.930802,
     49.980055
    ],
    "type": "Point"
   },
   "id": 151,
   "properties": {
    "ADRES": "",
    "ATRYBUTY_O": "Nr stanowiska: 506",
    "BUDOWNICZY": "",
    "CHARAKTER": "",
    "DATA_WPISU": null,
    "DATA_WZNIE": "",
    "DZIELNICA": "",
    "FID": 151,
    "FUNKCJA_OB": "",
    "FUNKCJA_PI": "",
    "GDB_AREA": 0,
    "GDB_PRM": 0,
    "GDB_PRMEX": 0,
    "GPT_DATE": null,
    "GPT_USER": "",
    "ID": 31493,
    "IDENT_OBIE": "67862449",
    "ID_ISDP": 0,
    "ID_SPRAWY": 80565599,
    "ID_WARSTWY": "F19_STAN_PNT_OPIS",
    "ISDP_FID": "GDB$G_EOZ_ARCHEOLOGIA_EOZ_A.4d9eef0c-e1cf-557a-e055-000000000001",
    "ISTNIEJE": "",
    "KARTA_MAPY": "",
    "LOKALIZACJ": "",
    "MATERIAL": "",
    "NAZWA": "",
    "NUMER": "",
    "NUMER_EWID": "",
    "NUMER_REJ_": "",
    "OBREB": "",
    "REJESTR_TA": "EW_ARCHEOLOGIA",
    "RODZAJE_ZA": "",
    "RODZAJ_OBI": "",
    "RODZAJ_WLA": "",
    "STAN_ZACHO": "",
    "STATUS": "",
    "STYL_OBIEK": "",
    "SYMBOL_EWI": "",
    "SYMBOL_REJ": "",
    "UWAGI": "",
    "WIEK_CZ_PO": "",
    "WIEK_POWST": "",
    "WYDRUK_LIN": "",
    "ZAJETA_NA_": 1,
    "ZALACZNIKI": "http://172.16.11.22:8085/SOWA2-services/doc/print/65372549/0506.pdf",
    "ZDJECIE_1": "",
    "ZDJECIE_2": "",
    "ZDJECIE_3": "",
    "ZDJECIE_4": "",
    "ZDJECIE_5": "",
    "ZDJECIE_6": "",
    "ZDJECIE_7": "",
    "ZDJECIE_8": "",
    "ZWERYFIKOW": "",
    "ZWIAZANA_Z": 0
   },
   "type": "Feature"
  },
  {
   "geometry": {
    "coordinates": [
     19.909551,
     50.075689
    ],
    "type": "Point"
   },
   "id": 152,
   "properties": {
    "ADRES": "",
    "ATRYBUTY_O": "Nr stanowiska: 52",
    "BUDOWNICZY": "",
    "CHARAKTER": "",
    "DATA_WPISU": null,
    "DATA_WZNIE": "",
    "DZIELNICA": "",
    "FID": 152,
    "FUNKCJA_OB": "",
    "FUNKCJA_PI": "",
    "GDB_AREA": 0,
    "GDB_PRM": 0,
    "GDB_PRMEX": 0,
    "GPT_DATE": null,
    "GPT_USER": "",
    "ID": 31495,
    "IDENT_OBIE": "67862549",
    "ID_ISDP": 0,
    "ID_SPRAWY": 80565849,
    "ID_WARSTWY": "F19_STAN_PNT_OPIS",
    "ISDP_FID": "GDB$G_EOZ_ARCHEOLOGIA_EOZ_A.4d9eef0c-e1d0-557a-e055-000000000001",
    "ISTNIEJE": "",
    "KARTA_MAPY": "",
    "LOKALIZACJ": "",
    "MATERIAL": "",
    "NAZWA": "",
    "NUMER": "",
    "NUMER_EWID": "",
    "NUMER_REJ_": "",
    "OBREB": "",
    "REJESTR_TA": "EW_ARCHEOLOGIA",
    "RODZAJE_ZA": "",
    "RODZAJ_OBI": "",
    "RODZAJ_WLA": "",
    "STAN_ZACHO": "",
    "STATUS": "",
    "STYL_OBIEK": "",
    "SYMBOL_EWI": "",
    "SYMBOL_REJ": "",
    "UWAGI": "",
    "WIEK_CZ_PO": "",
    "WIEK_POWST": "",
    "WYDRUK_LIN": "",
    "ZAJETA_NA_": 1,
    "ZALACZNIKI": "http://172.16.11.22:8085/SOWA2-services/doc/print/65358599/0052.pdf",
    "ZDJECIE_1": "",
    "ZDJECIE_2": "",
    "ZDJECIE_3": "",
    "ZDJECIE_4": "",
    "ZDJECIE_5": "",
    "ZDJECIE_6": "",
    "ZDJECIE_7": "",
    "ZDJECIE_8": "",
    "ZWERYFIKOW": "",
    "ZWIAZANA_Z": 0
   },
   "type": "Feature"
  },
  {
   "geometry": {
    "coordinates": [
     19.993351,
     49.981418
    ],
    "type": "Point"
   },
   "id": 153,
   "properties": {
    "ADRES": "",
    "ATRYBUTY_O": "Nr stanowiska: 856",
    "BUDOWNICZY": "",
    "CHARAKTER": "",
    "DATA_WPISU": null,
    "DATA_WZNIE": "",
    "DZIELNICA": "",
    "FID": 153,
    "FUNKCJA_OB": "",
    "FUNKCJA_PI": "",
    "GDB_AREA": 0,
    "GDB_PRM": 0,
    "GDB_PRMEX": 0,
    "GPT_DATE": null,
    "GPT_USER": "",
    "ID": 31381,
    "IDENT_OBIE": "67856849",
    "ID_ISDP": 0,
    "ID_SPRAWY": 80550849,
    "ID_WARSTWY": "F19_STAN_PNT_OPIS",
    "ISDP_FID": "GDB$G_EOZ_ARCHEOLOGIA_EOZ_A.4d9eef0c-e189-557a-e055-000000000001",
    "ISTNIEJE": "",
    "KARTA_MAPY": "",
    "LOKALIZACJ": "",
    "MATERIAL": "",
    "NAZWA": "",
    "NUMER": "",
    "NUMER_EWID": "",
    "NUMER_REJ_": "",
    "OBREB": "",
    "REJESTR_TA": "EW_ARCHEOLOGIA",
    "RODZAJE_ZA": "",
    "RODZAJ_OBI": "",
    "RODZAJ_WLA": "",
    "STAN_ZACHO": "",
    "STATUS": "",
    "STYL_OBIEK": "",
    "SYMBOL_EWI": "",
    "SYMBOL_REJ": "",
    "UWAGI": "",
    "WIEK_CZ_PO": "",
    "WIEK_POWST": "",
    "WYDRUK_LIN": "",
    "ZAJETA_NA_": 1,
    "ZALACZNIKI": "http://172.16.11.22:8085/SOWA2-services/doc/print/65378199/0856.pdf",
    "ZDJECIE_1": "",
    "ZDJECIE_2": "",
    "ZDJECIE_3": "",
    "ZDJECIE_4": "",
    "ZDJECIE_5": "",
    "ZDJECIE_6": "",
    "ZDJECIE_7": "",
    "ZDJECIE_8": "",
    "ZWERYFIKOW": "",
    "ZWIAZANA_Z": 0
   },
   "type": "Feature"
  },
  {
   "geometry": {
    "coordinates": [
     19.994893,
     49.982156
    ],
    "type": "Point"
   },
   "id": 154,
   "properties": {
    "ADRES": "",
    "ATRYBUTY_O": "Nr stanowiska: 857",
    "BUDOWNICZY": "",
    "CHARAKTER": "",
    "DATA_WPISU": null,
    "DATA_WZNIE": "",
    "DZIELNICA": "",
    "FID": 154,
    "FUNKCJA_OB": "",
    "FUNKCJA_PI": "",
    "GDB_AREA": 0,
    "GDB_PRM": 0,
    "GDB_PRMEX": 0,
    "GPT_DATE": null,
    "GPT_USER": "",
    "ID": 31382,
    "IDENT_OBIE": "67856899",
    "ID_ISDP": 0,
    "ID_SPRAWY": 80550899,
    "ID_WARSTWY": "F19_STAN_PNT_OPIS",
    "ISDP_FID": "GDB$G_EOZ_ARCHEOLOGIA_EOZ_A.4d9eef0c-e18a-557a-e055-000000000001",
    "ISTNIEJE": "",
    "KARTA_MAPY": "",
    "LOKALIZACJ": "",
    "MATERIAL": "",
    "NAZWA": "",
    "NUMER": "",
    "NUMER_EWID": "",
    "NUMER_REJ_": "",
    "OBREB": "",
    "REJESTR_TA": "EW_ARCHEOLOGIA",
    "RODZAJE_ZA": "",
    "RODZAJ_OBI": "",
    "RODZAJ_WLA": "",
    "STAN_ZACHO": "",
    "STATUS": "",
    "STYL_OBIEK": "",
    "SYMBOL_EWI": "",
    "SYMBOL_REJ": "",
    "UWAGI": "",
    "WIEK_CZ_PO": "",
    "WIEK_POWST": "",
    "WYDRUK_LIN": "",
    "ZAJETA_NA_": 1,
    "ZALACZNIKI": "http://172.16.11.22:8085/SOWA2-services/doc/print/65378249/0857.pdf",
    "ZDJECIE_1": "",
    "ZDJECIE_2": "",
    "ZDJECIE_3": "",
    "ZDJECIE_4": "",
    "ZDJECIE_5": "",
    "ZDJECIE_6": "",
    "ZDJECIE_7": "",
    "ZDJECIE_8": "",
    "ZWERYFIKOW": "",
    "ZWIAZANA_Z": 0
   },
   "type": "Feature"
  },
  {
   "geometry": {
    "coordinates": [
     20.00092,
     49.983767
    ],
    "type": "Point"
   },
   "id": 155,
   "properties": {
    "ADRES": "",
    "ATRYBUTY_O": "Nr stanowiska: 862",
    "BUDOWNICZY": "",
    "CHARAKTER": "",
    "DATA_WPISU": null,
    "DATA_WZNIE": "",
    "DZIELNICA": "",
    "FID": 155,
    "FUNKCJA_OB": "",
    "FUNKCJA_PI": "",
    "GDB_AREA": 0,
    "GDB_PRM": 0,
    "GDB_PRMEX": 0,
    "GPT_DATE": null,
    "GPT_USER": "",
    "ID": 31383,
    "IDENT_OBIE": "67856949",
    "ID_ISDP": 0,
    "ID_SPRAWY": 80550949,
    "ID_WARSTWY": "F19_STAN_PNT_OPIS",
    "ISDP_FID": "GDB$G_EOZ_ARCHEOLOGIA_EOZ_A.4d9eef0c-e18b-557a-e055-000000000001",
    "ISTNIEJE": "",
    "KARTA_MAPY": "",
    "LOKALIZACJ": "",
    "MATERIAL": "",
    "NAZWA": "",
    "NUMER": "",
    "NUMER_EWID": "",
    "NUMER_REJ_": "",
    "OBREB": "",
    "REJESTR_TA": "EW_ARCHEOLOGIA",
    "RODZAJE_ZA": "",
    "RODZAJ_OBI": "",
    "RODZAJ_WLA": "",
    "STAN_ZACHO": "",
    "STATUS": "",
    "STYL_OBIEK": "",
    "SYMBOL_EWI": "",
    "SYMBOL_REJ": "",
    "UWAGI": "",
    "WIEK_CZ_PO": "",
    "WIEK_POWST": "",
    "WYDRUK_LIN": "",
    "ZAJETA_NA_": 1,
    "ZALACZNIKI": "http://172.16.11.22:8085/SOWA2-services/doc/print/65378449/0862.pdf",
    "ZDJECIE_1": "",
    "ZDJECIE_2": "",
    "ZDJECIE_3": "",
    "ZDJECIE_4": "",
    "ZDJECIE_5": "",
    "ZDJECIE_6": "",
    "ZDJECIE_7": "",
    "ZDJECIE_8": "",
    "ZWERYFIKOW": "",
    "ZWIAZANA_Z": 0
   },
   "type": "Feature"
  },
  {
   "geometry": {
    "coordinates": [
     20.005884,
     49.985439
    ],
    "type": "Point"
   },
   "id": 156,
   "properties": {
    "ADRES": "",
    "ATRYBUTY_O": "Nr stanowiska: 863",
    "BUDOWNICZY": "",
    "CHARAKTER": "",
    "DATA_WPISU": null,
    "DATA_WZNIE": "",
    "DZIELNICA": "",
    "FID": 156,
    "FUNKCJA_OB": "",
    "FUNKCJA_PI": "",
    "GDB_AREA": 0,
    "GDB_PRM": 0,
    "GDB_PRMEX": 0,
    "GPT_DATE": null,
    "GPT_USER": "",
    "ID": 31384,
    "IDENT_OBIE": "67856999",
    "ID_ISDP": 0,
    "ID_SPRAWY": 80550999,
    "ID_WARSTWY": "F19_STAN_PNT_OPIS",
    "ISDP_FID": "GDB$G_EOZ_ARCHEOLOGIA_EOZ_A.4d9eef0c-e18c-557a-e055-000000000001",
    "ISTNIEJE": "",
    "KARTA_MAPY": "",
    "LOKALIZACJ": "",
    "MATERIAL": "",
    "NAZWA": "",
    "NUMER": "",
    "NUMER_EWID": "",
    "NUMER_REJ_": "",
    "OBREB": "",
    "REJESTR_TA": "EW_ARCHEOLOGIA",
    "RODZAJE_ZA": "",
    "RODZAJ_OBI": "",
    "RODZAJ_WLA": "",
    "STAN_ZACHO": "",
    "STATUS": "",
    "STYL_OBIEK": "",
    "SYMBOL_EWI": "",
    "SYMBOL_REJ": "",
    "UWAGI": "",
    "WIEK_CZ_PO": "",
    "WIEK_POWST": "",
    "WYDRUK_LIN": "",
    "ZAJETA_NA_": 1,
    "ZALACZNIKI": "http://172.16.11.22:8085/SOWA2-services/doc/print/65378499/0863.pdf",
    "ZDJECIE_1": "",
    "ZDJECIE_2": "",
    "ZDJECIE_3": "",
    "ZDJECIE_4": "",
    "ZDJECIE_5": "",
    "ZDJECIE_6": "",
    "ZDJECIE_7": "",
    "ZDJECIE_8": "",
    "ZWERYFIKOW": "",
    "ZWIAZANA_Z": 0
   },
   "type": "Feature"
  },
  {
   "geometry": {
    "coordinates": [
     20.013773,
     49.987921
    ],
    "type": "Point"
   },
   "id": 157,
   "properties": {
    "ADRES": "",
    "ATRYBUTY_O": "Nr stanowiska: 859",
    "BUDOWNICZY": "",
    "CHARAKTER": "",
    "DATA_WPISU": null,
    "DATA_WZNIE": "",
    "DZIELNICA": "",
    "FID": 157,
    "FUNKCJA_OB": "",
    "FUNKCJA_PI": "",
    "GDB_AREA": 0,
    "GDB_PRM": 0,
    "GDB_PRMEX": 0,
    "GPT_DATE": null,
    "GPT_USER": "",
    "ID": 31386,
    "IDENT_OBIE": "67857099",
    "ID_ISDP": 0,
    "ID_SPRAWY": 80551149,
    "ID_WARSTWY": "F19_STAN_PNT_OPIS",
    "ISDP_FID": "GDB$G_EOZ_ARCHEOLOGIA_EOZ_A.4d9eef0c-e18d-557a-e055-000000000001",
    "ISTNIEJE": "",
    "KARTA_MAPY": "",
    "LOKALIZACJ": "",
    "MATERIAL": "",
    "NAZWA": "",
    "NUMER": "",
    "NUMER_EWID": "",
    "NUMER_REJ_": "",
    "OBREB": "",
    "REJESTR_TA": "EW_ARCHEOLOGIA",
    "RODZAJE_ZA": "",
    "RODZAJ_OBI": "",
    "RODZAJ_WLA": "",
    "STAN_ZACHO": "",
    "STATUS": "",
    "STYL_OBIEK": "",
    "SYMBOL_EWI": "",
    "SYMBOL_REJ": "",
    "UWAGI": "",
    "WIEK_CZ_PO": "",
    "WIEK_POWST": "",
    "WYDRUK_LIN": "",
    "ZAJETA_NA_": 1,
    "ZALACZNIKI": "http://172.16.11.22:8085/SOWA2-services/doc/print/65378349/0859.pdf",
    "ZDJECIE_1": "",
    "ZDJECIE_2": "",
    "ZDJECIE_3": "",
    "ZDJECIE_4": "",
    "ZDJECIE_5": "",
    "ZDJECIE_6": "",
    "ZDJECIE_7": "",
    "ZDJECIE_8": "",
    "ZWERYFIKOW": "",
    "ZWIAZANA_Z": 0
   },
   "type": "Feature"
  },
  {
   "geometry": {
    "coordinates": [
     20.004308,
     49.988551
    ],
    "type": "Point"
   },
   "id": 158,
   "properties": {
    "ADRES": "",
    "ATRYBUTY_O": "Nr stanowiska: 866",
    "BUDOWNICZY": "",
    "CHARAKTER": "",
    "DATA_WPISU": null,
    "DATA_WZNIE": "",
    "DZIELNICA": "",
    "FID": 158,
    "FUNKCJA_OB": "",
    "FUNKCJA_PI": "",
    "GDB_AREA": 0,
    "GDB_PRM": 0,
    "GDB_PRMEX": 0,
    "GPT_DATE": null,
    "GPT_USER": "",
    "ID": 31388,
    "IDENT_OBIE": "67857199",
    "ID_ISDP": 0,
    "ID_SPRAWY": 80551299,
    "ID_WARSTWY": "F19_STAN_PNT_OPIS",
    "ISDP_FID": "GDB$G_EOZ_ARCHEOLOGIA_EOZ_A.4d9eef0c-e18e-557a-e055-000000000001",
    "ISTNIEJE": "",
    "KARTA_MAPY": "",
    "LOKALIZACJ": "",
    "MATERIAL": "",
    "NAZWA": "",
    "NUMER": "",
    "NUMER_EWID": "",
    "NUMER_REJ_": "",
    "OBREB": "",
    "REJESTR_TA": "EW_ARCHEOLOGIA",
    "RODZAJE_ZA": "",
    "RODZAJ_OBI": "",
    "RODZAJ_WLA": "",
    "STAN_ZACHO": "",
    "STATUS": "",
    "STYL_OBIEK": "",
    "SYMBOL_EWI": "",
    "SYMBOL_REJ": "",
    "UWAGI": "",
    "WIEK_CZ_PO": "",
    "WIEK_POWST": "",
    "WYDRUK_LIN": "",
    "ZAJETA_NA_": 1,
    "ZALACZNIKI": "http://172.16.11.22:8085/SOWA2-services/doc/print/65378599/0866.pdf",
    "ZDJECIE_1": "",
    "ZDJECIE_2": "",
    "ZDJECIE_3": "",
    "ZDJECIE_4": "",
    "ZDJECIE_5": "",
    "ZDJECIE_6": "",
    "ZDJECIE_7": "",
    "ZDJECIE_8": "",
    "ZWERYFIKOW": "",
    "ZWIAZANA_Z": 0
   },
   "type": "Feature"
  },
  {
   "geometry": {
    "coordinates": [
     20.000927,
     49.984824
    ],
    "type": "Point"
   },
   "id": 159,
   "properties": {
    "ADRES": "",
    "ATRYBUTY_O": "Nr stanowiska: 870",
    "BUDOWNICZY": "",
    "CHARAKTER": "",
    "DATA_WPISU": null,
    "DATA_WZNIE": "",
    "DZIELNICA": "",
    "FID": 159,
    "FUNKCJA_OB": "",
    "FUNKCJA_PI": "",
    "GDB_AREA": 0,
    "GDB_PRM": 0,
    "GDB_PRMEX": 0,
    "GPT_DATE": null,
    "GPT_USER": "",
    "ID": 31391,
    "IDENT_OBIE": "67857349",
    "ID_ISDP": 0,
    "ID_SPRAWY": 80551449,
    "ID_WARSTWY": "F19_STAN_PNT_OPIS",
    "ISDP_FID": "GDB$G_EOZ_ARCHEOLOGIA_EOZ_A.4d9eef0c-e18f-557a-e055-000000000001",
    "ISTNIEJE": "",
    "KARTA_MAPY": "",
    "LOKALIZACJ": "",
    "MATERIAL": "",
    "NAZWA": "",
    "NUMER": "",
    "NUMER_EWID": "",
    "NUMER_REJ_": "",
    "OBREB": "",
    "REJESTR_TA": "EW_ARCHEOLOGIA",
    "RODZAJE_ZA": "",
    "RODZAJ_OBI": "",
    "RODZAJ_WLA": "",
    "STAN_ZACHO": "",
    "STATUS": "",
    "STYL_OBIEK": "",
    "SYMBOL_EWI": "",
    "SYMBOL_REJ": "",
    "UWAGI": "",
    "WIEK_CZ_PO": "",
    "WIEK_POWST": "",
    "WYDRUK_LIN": "",
    "ZAJETA_NA_": 1,
    "ZALACZNIKI": "http://172.16.11.22:8085/SOWA2-services/doc/print/65378699/0870.pdf",
    "ZDJECIE_1": "",
    "ZDJECIE_2": "",
    "ZDJECIE_3": "",
    "ZDJECIE_4": "",
    "ZDJECIE_5": "",
    "ZDJECIE_6": "",
    "ZDJECIE_7": "",
    "ZDJECIE_8": "",
    "ZWERYFIKOW": "",
    "ZWIAZANA_Z": 0
   },
   "type": "Feature"
  },
  {
   "geometry": {
    "coordinates": [
     19.829888,
     50.040106
    ],
    "type": "Point"
   },
   "id": 160,
   "properties": {
    "ADRES": "",
    "ATRYBUTY_O": "Nr stanowiska: 343",
    "BUDOWNICZY": "",
    "CHARAKTER": "",
    "DATA_WPISU": null,
    "DATA_WZNIE": "",
    "DZIELNICA": "",
    "FID": 160,
    "FUNKCJA_OB": "",
    "FUNKCJA_PI": "",
    "GDB_AREA": 0,
    "GDB_PRM": 0,
    "GDB_PRMEX": 0,
    "GPT_DATE": null,
    "GPT_USER": "",
    "ID": 31394,
    "IDENT_OBIE": "67857499",
    "ID_ISDP": 0,
    "ID_SPRAWY": 80552949,
    "ID_WARSTWY": "F19_STAN_PNT_OPIS",
    "ISDP_FID": "GDB$G_EOZ_ARCHEOLOGIA_EOZ_A.4d9eef0c-e190-557a-e055-000000000001",
    "ISTNIEJE": "",
    "KARTA_MAPY": "",
    "LOKALIZACJ": "",
    "MATERIAL": "",
    "NAZWA": "",
    "NUMER": "",
    "NUMER_EWID": "",
    "NUMER_REJ_": "",
    "OBREB": "",
    "REJESTR_TA": "EW_ARCHEOLOGIA",
    "RODZAJE_ZA": "",
    "RODZAJ_OBI": "",
    "RODZAJ_WLA": "",
    "STAN_ZACHO": "",
    "STATUS": "",
    "STYL_OBIEK": "",
    "SYMBOL_EWI": "",
    "SYMBOL_REJ": "",
    "UWAGI": "",
    "WIEK_CZ_PO": "",
    "WIEK_POWST": "",
    "WYDRUK_LIN": "",
    "ZAJETA_NA_": 1,
    "ZALACZNIKI": "http://172.16.11.22:8085/SOWA2-services/doc/print/65368349/0343.pdf",
    "ZDJECIE_1": "",
    "ZDJECIE_2": "",
    "ZDJECIE_3": "",
    "ZDJECIE_4": "",
    "ZDJECIE_5": "",
    "ZDJECIE_6": "",
    "ZDJECIE_7": "",
    "ZDJECIE_8": "",
    "ZWERYFIKOW": "",
    "ZWIAZANA_Z": 0
   },
   "type": "Feature"
  },
  {
   "geometry": {
    "coordinates": [
     19.820288,
     50.04883
    ],
    "type": "Point"
   },
   "id": 161,
   "properties": {
    "ADRES": "",
    "ATRYBUTY_O": "Nr stanowiska: 284",
    "BUDOWNICZY": "",
    "CHARAKTER": "",
    "DATA_WPISU": null,
    "DATA_WZNIE": "",
    "DZIELNICA": "",
    "FID": 161,
    "FUNKCJA_OB": "",
    "FUNKCJA_PI": "",
    "GDB_AREA": 0,
    "GDB_PRM": 0,
    "GDB_PRMEX": 0,
    "GPT_DATE": null,
    "GPT_USER": "",
    "ID": 31395,
    "IDENT_OBIE": "67857549",
    "ID_ISDP": 0,
    "ID_SPRAWY": 80553099,
    "ID_WARSTWY": "F19_STAN_PNT_OPIS",
    "ISDP_FID": "GDB$G_EOZ_ARCHEOLOGIA_EOZ_A.4d9eef0c-e191-557a-e055-000000000001",
    "ISTNIEJE": "",
    "KARTA_MAPY": "",
    "LOKALIZACJ": "",
    "MATERIAL": "",
    "NAZWA": "",
    "NUMER": "",
    "NUMER_EWID": "",
    "NUMER_REJ_": "",
    "OBREB": "",
    "REJESTR_TA": "EW_ARCHEOLOGIA",
    "RODZAJE_ZA": "",
    "RODZAJ_OBI": "",
    "RODZAJ_WLA": "",
    "STAN_ZACHO": "",
    "STATUS": "",
    "STYL_OBIEK": "",
    "SYMBOL_EWI": "",
    "SYMBOL_REJ": "",
    "UWAGI": "",
    "WIEK_CZ_PO": "",
    "WIEK_POWST": "",
    "WYDRUK_LIN": "",
    "ZAJETA_NA_": 1,
    "ZALACZNIKI": "http://172.16.11.22:8085/SOWA2-services/doc/print/65366699/0284.pdf",
    "ZDJECIE_1": "",
    "ZDJECIE_2": "",
    "ZDJECIE_3": "",
    "ZDJECIE_4": "",
    "ZDJECIE_5": "",
    "ZDJECIE_6": "",
    "ZDJECIE_7": "",
    "ZDJECIE_8": "",
    "ZWERYFIKOW": "",
    "ZWIAZANA_Z": 0
   },
   "type": "Feature"
  },
  {
   "geometry": {
    "coordinates": [
     19.825264,
     50.039071
    ],
    "type": "Point"
   },
   "id": 162,
   "properties": {
    "ADRES": "",
    "ATRYBUTY_O": "Nr stanowiska: 350",
    "BUDOWNICZY": "",
    "CHARAKTER": "",
    "DATA_WPISU": null,
    "DATA_WZNIE": "",
    "DZIELNICA": "",
    "FID": 162,
    "FUNKCJA_OB": "",
    "FUNKCJA_PI": "",
    "GDB_AREA": 0,
    "GDB_PRM": 0,
    "GDB_PRMEX": 0,
    "GPT_DATE": null,
    "GPT_USER": "",
    "ID": 31397,
    "IDENT_OBIE": "67857649",
    "ID_ISDP": 0,
    "ID_SPRAWY": 80553399,
    "ID_WARSTWY": "F19_STAN_PNT_OPIS",
    "ISDP_FID": "GDB$G_EOZ_ARCHEOLOGIA_EOZ_A.4d9eef0c-e192-557a-e055-000000000001",
    "ISTNIEJE": "",
    "KARTA_MAPY": "",
    "LOKALIZACJ": "",
    "MATERIAL": "",
    "NAZWA": "",
    "NUMER": "",
    "NUMER_EWID": "",
    "NUMER_REJ_": "",
    "OBREB": "",
    "REJESTR_TA": "EW_ARCHEOLOGIA",
    "RODZAJE_ZA": "",
    "RODZAJ_OBI": "",
    "RODZAJ_WLA": "",
    "STAN_ZACHO": "",
    "STATUS": "",
    "STYL_OBIEK": "",
    "SYMBOL_EWI": "",
    "SYMBOL_REJ": "",
    "UWAGI": "",
    "WIEK_CZ_PO": "",
    "WIEK_POWST": "",
    "WYDRUK_LIN": "",
    "ZAJETA_NA_": 1,
    "ZALACZNIKI": "http://172.16.11.22:8085/SOWA2-services/doc/print/65368449/0350.pdf",
    "ZDJECIE_1": "",
    "ZDJECIE_2": "",
    "ZDJECIE_3": "",
    "ZDJECIE_4": "",
    "ZDJECIE_5": "",
    "ZDJECIE_6": "",
    "ZDJECIE_7": "",
    "ZDJECIE_8": "",
    "ZWERYFIKOW": "",
    "ZWIAZANA_Z": 0
   },
   "type": "Feature"
  },
  {
   "geometry": {
    "coordinates": [
     19.829052,
     50.041793
    ],
    "type": "Point"
   },
   "id": 163,
   "properties": {
    "ADRES": "",
    "ATRYBUTY_O": "Nr stanowiska: 352",
    "BUDOWNICZY": "",
    "CHARAKTER": "",
    "DATA_WPISU": null,
    "DATA_WZNIE": "",
    "DZIELNICA": "",
    "FID": 163,
    "FUNKCJA_OB": "",
    "FUNKCJA_PI": "",
    "GDB_AREA": 0,
    "GDB_PRM": 0,
    "GDB_PRMEX": 0,
    "GPT_DATE": null,
    "GPT_USER": "",
    "ID": 31399,
    "IDENT_OBIE": "67857749",
    "ID_ISDP": 0,
    "ID_SPRAWY": 80553499,
    "ID_WARSTWY": "F19_STAN_PNT_OPIS",
    "ISDP_FID": "GDB$G_EOZ_ARCHEOLOGIA_EOZ_A.4d9eef0c-e193-557a-e055-000000000001",
    "ISTNIEJE": "",
    "KARTA_MAPY": "",
    "LOKALIZACJ": "",
    "MATERIAL": "",
    "NAZWA": "",
    "NUMER": "",
    "NUMER_EWID": "",
    "NUMER_REJ_": "",
    "OBREB": "",
    "REJESTR_TA": "EW_ARCHEOLOGIA",
    "RODZAJE_ZA": "",
    "RODZAJ_OBI": "",
    "RODZAJ_WLA": "",
    "STAN_ZACHO": "",
    "STATUS": "",
    "STYL_OBIEK": "",
    "SYMBOL_EWI": "",
    "SYMBOL_REJ": "",
    "UWAGI": "",
    "WIEK_CZ_PO": "",
    "WIEK_POWST": "",
    "WYDRUK_LIN": "",
    "ZAJETA_NA_": 1,
    "ZALACZNIKI": "http://172.16.11.22:8085/SOWA2-services/doc/print/65368549/0352.pdf",
    "ZDJECIE_1": "",
    "ZDJECIE_2": "",
    "ZDJECIE_3": "",
    "ZDJECIE_4": "",
    "ZDJECIE_5": "",
    "ZDJECIE_6": "",
    "ZDJECIE_7": "",
    "ZDJECIE_8": "",
    "ZWERYFIKOW": "",
    "ZWIAZANA_Z": 0
   },
   "type": "Feature"
  },
  {
   "geometry": {
    "coordinates": [
     19.869045,
     50.096052
    ],
    "type": "Point"
   },
   "id": 164,
   "properties": {
    "ADRES": "",
    "ATRYBUTY_O": "Nr stanowiska: 296",
    "BUDOWNICZY": "",
    "CHARAKTER": "",
    "DATA_WPISU": null,
    "DATA_WZNIE": "",
    "DZIELNICA": "",
    "FID": 164,
    "FUNKCJA_OB": "",
    "FUNKCJA_PI": "",
    "GDB_AREA": 0,
    "GDB_PRM": 0,
    "GDB_PRMEX": 0,
    "GPT_DATE": null,
    "GPT_USER": "",
    "ID": 31400,
    "IDENT_OBIE": "67857799",
    "ID_ISDP": 0,
    "ID_SPRAWY": 80556149,
    "ID_WARSTWY": "F19_STAN_PNT_OPIS",
    "ISDP_FID": "GDB$G_EOZ_ARCHEOLOGIA_EOZ_A.4d9eef0c-e194-557a-e055-000000000001",
    "ISTNIEJE": "",
    "KARTA_MAPY": "",
    "LOKALIZACJ": "",
    "MATERIAL": "",
    "NAZWA": "",
    "NUMER": "",
    "NUMER_EWID": "",
    "NUMER_REJ_": "",
    "OBREB": "",
    "REJESTR_TA": "EW_ARCHEOLOGIA",
    "RODZAJE_ZA": "",
    "RODZAJ_OBI": "",
    "RODZAJ_WLA": "",
    "STAN_ZACHO": "",
    "STATUS": "",
    "STYL_OBIEK": "",
    "SYMBOL_EWI": "",
    "SYMBOL_REJ": "",
    "UWAGI": "",
    "WIEK_CZ_PO": "",
    "WIEK_POWST": "",
    "WYDRUK_LIN": "",
    "ZAJETA_NA_": 1,
    "ZALACZNIKI": "http://172.16.11.22:8085/SOWA2-services/doc/print/65367149/0296.pdf",
    "ZDJECIE_1": "",
    "ZDJECIE_2": "",
    "ZDJECIE_3": "",
    "ZDJECIE_4": "",
    "ZDJECIE_5": "",
    "ZDJECIE_6": "",
    "ZDJECIE_7": "",
    "ZDJECIE_8": "",
    "ZWERYFIKOW": "",
    "ZWIAZANA_Z": 0
   },
   "type": "Feature"
  },
  {
   "geometry": {
    "coordinates": [
     19.893577,
     50.072893
    ],
    "type": "Point"
   },
   "id": 165,
   "properties": {
    "ADRES": "",
    "ATRYBUTY_O": "Nr stanowiska: 105",
    "BUDOWNICZY": "",
    "CHARAKTER": "",
    "DATA_WPISU": null,
    "DATA_WZNIE": "",
    "DZIELNICA": "",
    "FID": 165,
    "FUNKCJA_OB": "",
    "FUNKCJA_PI": "",
    "GDB_AREA": 0,
    "GDB_PRM": 0,
    "GDB_PRMEX": 0,
    "GPT_DATE": null,
    "GPT_USER": "",
    "ID": 31402,
    "IDENT_OBIE": "67857899",
    "ID_ISDP": 0,
    "ID_SPRAWY": 80556249,
    "ID_WARSTWY": "F19_STAN_PNT_OPIS",
    "ISDP_FID": "GDB$G_EOZ_ARCHEOLOGIA_EOZ_A.4d9eef0c-e195-557a-e055-000000000001",
    "ISTNIEJE": "",
    "KARTA_MAPY": "",
    "LOKALIZACJ": "",
    "MATERIAL": "",
    "NAZWA": "",
    "NUMER": "",
    "NUMER_EWID": "",
    "NUMER_REJ_": "",
    "OBREB": "",
    "REJESTR_TA": "EW_ARCHEOLOGIA",
    "RODZAJE_ZA": "",
    "RODZAJ_OBI": "",
    "RODZAJ_WLA": "",
    "STAN_ZACHO": "",
    "STATUS": "",
    "STYL_OBIEK": "",
    "SYMBOL_EWI": "",
    "SYMBOL_REJ": "",
    "UWAGI": "",
    "WIEK_CZ_PO": "",
    "WIEK_POWST": "",
    "WYDRUK_LIN": "",
    "ZAJETA_NA_": 1,
    "ZALACZNIKI": "http://172.16.11.22:8085/SOWA2-services/doc/print/65361099/0105.pdf",
    "ZDJECIE_1": "",
    "ZDJECIE_2": "",
    "ZDJECIE_3": "",
    "ZDJECIE_4": "",
    "ZDJECIE_5": "",
    "ZDJECIE_6": "",
    "ZDJECIE_7": "",
    "ZDJECIE_8": "",
    "ZWERYFIKOW": "",
    "ZWIAZANA_Z": 0
   },
   "type": "Feature"
  },
  {
   "geometry": {
    "coordinates": [
     19.894572,
     50.073617
    ],
    "type": "Point"
   },
   "id": 166,
   "properties": {
    "ADRES": "",
    "ATRYBUTY_O": "Nr stanowiska: 104",
    "BUDOWNICZY": "",
    "CHARAKTER": "",
    "DATA_WPISU": null,
    "DATA_WZNIE": "",
    "DZIELNICA": "",
    "FID": 166,
    "FUNKCJA_OB": "",
    "FUNKCJA_PI": "",
    "GDB_AREA": 0,
    "GDB_PRM": 0,
    "GDB_PRMEX": 0,
    "GPT_DATE": null,
    "GPT_USER": "",
    "ID": 31403,
    "IDENT_OBIE": "67857949",
    "ID_ISDP": 0,
    "ID_SPRAWY": 80556299,
    "ID_WARSTWY": "F19_STAN_PNT_OPIS",
    "ISDP_FID": "GDB$G_EOZ_ARCHEOLOGIA_EOZ_A.4d9eef0c-e196-557a-e055-000000000001",
    "ISTNIEJE": "",
    "KARTA_MAPY": "",
    "LOKALIZACJ": "",
    "MATERIAL": "",
    "NAZWA": "",
    "NUMER": "",
    "NUMER_EWID": "",
    "NUMER_REJ_": "",
    "OBREB": "",
    "REJESTR_TA": "EW_ARCHEOLOGIA",
    "RODZAJE_ZA": "",
    "RODZAJ_OBI": "",
    "RODZAJ_WLA": "",
    "STAN_ZACHO": "",
    "STATUS": "",
    "STYL_OBIEK": "",
    "SYMBOL_EWI": "",
    "SYMBOL_REJ": "",
    "UWAGI": "",
    "WIEK_CZ_PO": "",
    "WIEK_POWST": "",
    "WYDRUK_LIN": "",
    "ZAJETA_NA_": 1,
    "ZALACZNIKI": "http://172.16.11.22:8085/SOWA2-services/doc/print/65361049/0104.pdf",
    "ZDJECIE_1": "",
    "ZDJECIE_2": "",
    "ZDJECIE_3": "",
    "ZDJECIE_4": "",
    "ZDJECIE_5": "",
    "ZDJECIE_6": "",
    "ZDJECIE_7": "",
    "ZDJECIE_8": "",
    "ZWERYFIKOW": "",
    "ZWIAZANA_Z": 0
   },
   "type": "Feature"
  },
  {
   "geometry": {
    "coordinates": [
     19.89735,
     50.072665
    ],
    "type": "Point"
   },
   "id": 167,
   "properties": {
    "ADRES": "",
    "ATRYBUTY_O": "Nr stanowiska: 103",
    "BUDOWNICZY": "",
    "CHARAKTER": "",
    "DATA_WPISU": null,
    "DATA_WZNIE": "",
    "DZIELNICA": "",
    "FID": 167,
    "FUNKCJA_OB": "",
    "FUNKCJA_PI": "",
    "GDB_AREA": 0,
    "GDB_PRM": 0,
    "GDB_PRMEX": 0,
    "GPT_DATE": null,
    "GPT_USER": "",
    "ID": 31404,
    "IDENT_OBIE": "67857999",
    "ID_ISDP": 0,
    "ID_SPRAWY": 80556349,
    "ID_WARSTWY": "F19_STAN_PNT_OPIS",
    "ISDP_FID": "GDB$G_EOZ_ARCHEOLOGIA_EOZ_A.4d9eef0c-e197-557a-e055-000000000001",
    "ISTNIEJE": "",
    "KARTA_MAPY": "",
    "LOKALIZACJ": "",
    "MATERIAL": "",
    "NAZWA": "",
    "NUMER": "",
    "NUMER_EWID": "",
    "NUMER_REJ_": "",
    "OBREB": "",
    "REJESTR_TA": "EW_ARCHEOLOGIA",
    "RODZAJE_ZA": "",
    "RODZAJ_OBI": "",
    "RODZAJ_WLA": "",
    "STAN_ZACHO": "",
    "STATUS": "",
    "STYL_OBIEK": "",
    "SYMBOL_EWI": "",
    "SYMBOL_REJ": "",
    "UWAGI": "",
    "WIEK_CZ_PO": "",
    "WIEK_POWST": "",
    "WYDRUK_LIN": "",
    "ZAJETA_NA_": 1,
    "ZALACZNIKI": "http://172.16.11.22:8085/SOWA2-services/doc/print/65360999/0103.pdf",
    "ZDJECIE_1": "",
    "ZDJECIE_2": "",
    "ZDJECIE_3": "",
    "ZDJECIE_4": "",
    "ZDJECIE_5": "",
    "ZDJECIE_6": "",
    "ZDJECIE_7": "",
    "ZDJECIE_8": "",
    "ZWERYFIKOW": "",
    "ZWIAZANA_Z": 0
   },
   "type": "Feature"
  },
  {
   "geometry": {
    "coordinates": [
     19.873624,
     50.07465
    ],
    "type": "Point"
   },
   "id": 168,
   "properties": {
    "ADRES": "",
    "ATRYBUTY_O": "Nr stanowiska: 172",
    "BUDOWNICZY": "",
    "CHARAKTER": "",
    "DATA_WPISU": null,
    "DATA_WZNIE": "",
    "DZIELNICA": "",
    "FID": 168,
    "FUNKCJA_OB": "",
    "FUNKCJA_PI": "",
    "GDB_AREA": 0,
    "GDB_PRM": 0,
    "GDB_PRMEX": 0,
    "GPT_DATE": null,
    "GPT_USER": "",
    "ID": 31405,
    "IDENT_OBIE": "67858049",
    "ID_ISDP": 0,
    "ID_SPRAWY": 80556449,
    "ID_WARSTWY": "F19_STAN_PNT_OPIS",
    "ISDP_FID": "GDB$G_EOZ_ARCHEOLOGIA_EOZ_A.4d9eef0c-e198-557a-e055-000000000001",
    "ISTNIEJE": "",
    "KARTA_MAPY": "",
    "LOKALIZACJ": "",
    "MATERIAL": "",
    "NAZWA": "",
    "NUMER": "",
    "NUMER_EWID": "",
    "NUMER_REJ_": "",
    "OBREB": "",
    "REJESTR_TA": "EW_ARCHEOLOGIA",
    "RODZAJE_ZA": "",
    "RODZAJ_OBI": "",
    "RODZAJ_WLA": "",
    "STAN_ZACHO": "",
    "STATUS": "",
    "STYL_OBIEK": "",
    "SYMBOL_EWI": "",
    "SYMBOL_REJ": "",
    "UWAGI": "",
    "WIEK_CZ_PO": "",
    "WIEK_POWST": "",
    "WYDRUK_LIN": "",
    "ZAJETA_NA_": 1,
    "ZALACZNIKI": "http://172.16.11.22:8085/SOWA2-services/doc/print/65363399/0172.pdf",
    "ZDJECIE_1": "",
    "ZDJECIE_2": "",
    "ZDJECIE_3": "",
    "ZDJECIE_4": "",
    "ZDJECIE_5": "",
    "ZDJECIE_6": "",
    "ZDJECIE_7": "",
    "ZDJECIE_8": "",
    "ZWERYFIKOW": "",
    "ZWIAZANA_Z": 0
   },
   "type": "Feature"
  },
  {
   "geometry": {
    "coordinates": [
     19.87885,
     50.086563
    ],
    "type": "Point"
   },
   "id": 169,
   "properties": {
    "ADRES": "",
    "ATRYBUTY_O": "Nr stanowiska: 174",
    "BUDOWNICZY": "",
    "CHARAKTER": "",
    "DATA_WPISU": null,
    "DATA_WZNIE": "",
    "DZIELNICA": "",
    "FID": 169,
    "FUNKCJA_OB": "",
    "FUNKCJA_PI": "",
    "GDB_AREA": 0,
    "GDB_PRM": 0,
    "GDB_PRMEX": 0,
    "GPT_DATE": null,
    "GPT_USER": "",
    "ID": 31407,
    "IDENT_OBIE": "67858149",
    "ID_ISDP": 0,
    "ID_SPRAWY": 80556549,
    "ID_WARSTWY": "F19_STAN_PNT_OPIS",
    "ISDP_FID": "GDB$G_EOZ_ARCHEOLOGIA_EOZ_A.4d9eef0c-e199-557a-e055-000000000001",
    "ISTNIEJE": "",
    "KARTA_MAPY": "",
    "LOKALIZACJ": "",
    "MATERIAL": "",
    "NAZWA": "",
    "NUMER": "",
    "NUMER_EWID": "",
    "NUMER_REJ_": "",
    "OBREB": "",
    "REJESTR_TA": "EW_ARCHEOLOGIA",
    "RODZAJE_ZA": "",
    "RODZAJ_OBI": "",
    "RODZAJ_WLA": "",
    "STAN_ZACHO": "",
    "STATUS": "",
    "STYL_OBIEK": "",
    "SYMBOL_EWI": "",
    "SYMBOL_REJ": "",
    "UWAGI": "",
    "WIEK_CZ_PO": "",
    "WIEK_POWST": "",
    "WYDRUK_LIN": "",
    "ZAJETA_NA_": 1,
    "ZALACZNIKI": "http://172.16.11.22:8085/SOWA2-services/doc/print/65363499/0174.pdf",
    "ZDJECIE_1": "",
    "ZDJECIE_2": "",
    "ZDJECIE_3": "",
    "ZDJECIE_4": "",
    "ZDJECIE_5": "",
    "ZDJECIE_6": "",
    "ZDJECIE_7": "",
    "ZDJECIE_8": "",
    "ZWERYFIKOW": "",
    "ZWIAZANA_Z": 0
   },
   "type": "Feature"
  },
  {
   "geometry": {
    "coordinates": [
     19.88977,
     50.083863
    ],
    "type": "Point"
   },
   "id": 170,
   "properties": {
    "ADRES": "",
    "ATRYBUTY_O": "Nr stanowiska: 178",
    "BUDOWNICZY": "",
    "CHARAKTER": "",
    "DATA_WPISU": null,
    "DATA_WZNIE": "",
    "DZIELNICA": "",
    "FID": 170,
    "FUNKCJA_OB": "",
    "FUNKCJA_PI": "",
    "GDB_AREA": 0,
    "GDB_PRM": 0,
    "GDB_PRMEX": 0,
    "GPT_DATE": null,
    "GPT_USER": "",
    "ID": 31408,
    "IDENT_OBIE": "67858199",
    "ID_ISDP": 0,
    "ID_SPRAWY": 80556799,
    "ID_WARSTWY": "F19_STAN_PNT_OPIS",
    "ISDP_FID": "GDB$G_EOZ_ARCHEOLOGIA_EOZ_A.4d9eef0c-e19a-557a-e055-000000000001",
    "ISTNIEJE": "",
    "KARTA_MAPY": "",
    "LOKALIZACJ": "",
    "MATERIAL": "",
    "NAZWA": "",
    "NUMER": "",
    "NUMER_EWID": "",
    "NUMER_REJ_": "",
    "OBREB": "",
    "REJESTR_TA": "EW_ARCHEOLOGIA",
    "RODZAJE_ZA": "",
    "RODZAJ_OBI": "",
    "RODZAJ_WLA": "",
    "STAN_ZACHO": "",
    "STATUS": "",
    "STYL_OBIEK": "",
    "SYMBOL_EWI": "",
    "SYMBOL_REJ": "",
    "UWAGI": "",
    "WIEK_CZ_PO": "",
    "WIEK_POWST": "",
    "WYDRUK_LIN": "",
    "ZAJETA_NA_": 1,
    "ZALACZNIKI": "http://172.16.11.22:8085/SOWA2-services/doc/print/65363549/0178.pdf",
    "ZDJECIE_1": "",
    "ZDJECIE_2": "",
    "ZDJECIE_3": "",
    "ZDJECIE_4": "",
    "ZDJECIE_5": "",
    "ZDJECIE_6": "",
    "ZDJECIE_7": "",
    "ZDJECIE_8": "",
    "ZWERYFIKOW": "",
    "ZWIAZANA_Z": 0
   },
   "type": "Feature"
  },
  {
   "geometry": {
    "coordinates": [
     19.871059,
     50.084755
    ],
    "type": "Point"
   },
   "id": 171,
   "properties": {
    "ADRES": "",
    "ATRYBUTY_O": "Nr stanowiska: 184",
    "BUDOWNICZY": "",
    "CHARAKTER": "",
    "DATA_WPISU": null,
    "DATA_WZNIE": "",
    "DZIELNICA": "",
    "FID": 171,
    "FUNKCJA_OB": "",
    "FUNKCJA_PI": "",
    "GDB_AREA": 0,
    "GDB_PRM": 0,
    "GDB_PRMEX": 0,
    "GPT_DATE": null,
    "GPT_USER": "",
    "ID": 31410,
    "IDENT_OBIE": "67858299",
    "ID_ISDP": 0,
    "ID_SPRAWY": 80557099,
    "ID_WARSTWY": "F19_STAN_PNT_OPIS",
    "ISDP_FID": "GDB$G_EOZ_ARCHEOLOGIA_EOZ_A.4d9eef0c-e19b-557a-e055-000000000001",
    "ISTNIEJE": "",
    "KARTA_MAPY": "",
    "LOKALIZACJ": "",
    "MATERIAL": "",
    "NAZWA": "",
    "NUMER": "",
    "NUMER_EWID": "",
    "NUMER_REJ_": "",
    "OBREB": "",
    "REJESTR_TA": "EW_ARCHEOLOGIA",
    "RODZAJE_ZA": "",
    "RODZAJ_OBI": "",
    "RODZAJ_WLA": "",
    "STAN_ZACHO": "",
    "STATUS": "",
    "STYL_OBIEK": "",
    "SYMBOL_EWI": "",
    "SYMBOL_REJ": "",
    "UWAGI": "",
    "WIEK_CZ_PO": "",
    "WIEK_POWST": "",
    "WYDRUK_LIN": "",
    "ZAJETA_NA_": 1,
    "ZALACZNIKI": "http://172.16.11.22:8085/SOWA2-services/doc/print/65363649/0184.pdf",
    "ZDJECIE_1": "",
    "ZDJECIE_2": "",
    "ZDJECIE_3": "",
    "ZDJECIE_4": "",
    "ZDJECIE_5": "",
    "ZDJECIE_6": "",
    "ZDJECIE_7": "",
    "ZDJECIE_8": "",
    "ZWERYFIKOW": "",
    "ZWIAZANA_Z": 0
   },
   "type": "Feature"
  },
  {
   "geometry": {
    "coordinates": [
     19.871432,
     50.095738
    ],
    "type": "Point"
   },
   "id": 172,
   "properties": {
    "ADRES": "",
    "ATRYBUTY_O": "Nr stanowiska: 193",
    "BUDOWNICZY": "",
    "CHARAKTER": "",
    "DATA_WPISU": null,
    "DATA_WZNIE": "",
    "DZIELNICA": "",
    "FID": 172,
    "FUNKCJA_OB": "",
    "FUNKCJA_PI": "",
    "GDB_AREA": 0,
    "GDB_PRM": 0,
    "GDB_PRMEX": 0,
    "GPT_DATE": null,
    "GPT_USER": "",
    "ID": 31412,
    "IDENT_OBIE": "67858399",
    "ID_ISDP": 0,
    "ID_SPRAWY": 80557549,
    "ID_WARSTWY": "F19_STAN_PNT_OPIS",
    "ISDP_FID": "GDB$G_EOZ_ARCHEOLOGIA_EOZ_A.4d9eef0c-e19c-557a-e055-000000000001",
    "ISTNIEJE": "",
    "KARTA_MAPY": "",
    "LOKALIZACJ": "",
    "MATERIAL": "",
    "NAZWA": "",
    "NUMER": "",
    "NUMER_EWID": "",
    "NUMER_REJ_": "",
    "OBREB": "",
    "REJESTR_TA": "EW_ARCHEOLOGIA",
    "RODZAJE_ZA": "",
    "RODZAJ_OBI": "",
    "RODZAJ_WLA": "",
    "STAN_ZACHO": "",
    "STATUS": "",
    "STYL_OBIEK": "",
    "SYMBOL_EWI": "",
    "SYMBOL_REJ": "",
    "UWAGI": "",
    "WIEK_CZ_PO": "",
    "WIEK_POWST": "",
    "WYDRUK_LIN": "",
    "ZAJETA_NA_": 1,
    "ZALACZNIKI": "http://172.16.11.22:8085/SOWA2-services/doc/print/65363749/0193.pdf",
    "ZDJECIE_1": "",
    "ZDJECIE_2": "",
    "ZDJECIE_3": "",
    "ZDJECIE_4": "",
    "ZDJECIE_5": "",
    "ZDJECIE_6": "",
    "ZDJECIE_7": "",
    "ZDJECIE_8": "",
    "ZWERYFIKOW": "",
    "ZWIAZANA_Z": 0
   },
   "type": "Feature"
  },
  {
   "geometry": {
    "coordinates": [
     19.878624,
     50.108423
    ],
    "type": "Point"
   },
   "id": 173,
   "properties": {
    "ADRES": "",
    "ATRYBUTY_O": "Nr stanowiska: 1",
    "BUDOWNICZY": "",
    "CHARAKTER": "",
    "DATA_WPISU": null,
    "DATA_WZNIE": "",
    "DZIELNICA": "",
    "FID": 173,
    "FUNKCJA_OB": "",
    "FUNKCJA_PI": "",
    "GDB_AREA": 0,
    "GDB_PRM": 0,
    "GDB_PRMEX": 0,
    "GPT_DATE": null,
    "GPT_USER": "",
    "ID": 31413,
    "IDENT_OBIE": "67858449",
    "ID_ISDP": 0,
    "ID_SPRAWY": 80557599,
    "ID_WARSTWY": "F19_STAN_PNT_OPIS",
    "ISDP_FID": "GDB$G_EOZ_ARCHEOLOGIA_EOZ_A.4d9eef0c-e19d-557a-e055-000000000001",
    "ISTNIEJE": "",
    "KARTA_MAPY": "",
    "LOKALIZACJ": "",
    "MATERIAL": "",
    "NAZWA": "",
    "NUMER": "",
    "NUMER_EWID": "",
    "NUMER_REJ_": "",
    "OBREB": "",
    "REJESTR_TA": "EW_ARCHEOLOGIA",
    "RODZAJE_ZA": "",
    "RODZAJ_OBI": "",
    "RODZAJ_WLA": "",
    "STAN_ZACHO": "",
    "STATUS": "",
    "STYL_OBIEK": "",
    "SYMBOL_EWI": "",
    "SYMBOL_REJ": "",
    "UWAGI": "",
    "WIEK_CZ_PO": "",
    "WIEK_POWST": "",
    "WYDRUK_LIN": "",
    "ZAJETA_NA_": 1,
    "ZALACZNIKI": "http://172.16.11.22:8085/SOWA2-services/doc/print/65357099/0001.pdf",
    "ZDJECIE_1": "",
    "ZDJECIE_2": "",
    "ZDJECIE_3": "",
    "ZDJECIE_4": "",
    "ZDJECIE_5": "",
    "ZDJECIE_6": "",
    "ZDJECIE_7": "",
    "ZDJECIE_8": "",
    "ZWERYFIKOW": "",
    "ZWIAZANA_Z": 0
   },
   "type": "Feature"
  },
  {
   "geometry": {
    "coordinates": [
     19.886249,
     50.10711
    ],
    "type": "Point"
   },
   "id": 174,
   "properties": {
    "ADRES": "",
    "ATRYBUTY_O": "Nr stanowiska: 7",
    "BUDOWNICZY": "",
    "CHARAKTER": "",
    "DATA_WPISU": null,
    "DATA_WZNIE": "",
    "DZIELNICA": "",
    "FID": 174,
    "FUNKCJA_OB": "",
    "FUNKCJA_PI": "",
    "GDB_AREA": 0,
    "GDB_PRM": 0,
    "GDB_PRMEX": 0,
    "GPT_DATE": null,
    "GPT_USER": "",
    "ID": 31414,
    "IDENT_OBIE": "67858499",
    "ID_ISDP": 0,
    "ID_SPRAWY": 80557649,
    "ID_WARSTWY": "F19_STAN_PNT_OPIS",
    "ISDP_FID": "GDB$G_EOZ_ARCHEOLOGIA_EOZ_A.4d9eef0c-e19e-557a-e055-000000000001",
    "ISTNIEJE": "",
    "KARTA_MAPY": "",
    "LOKALIZACJ": "",
    "MATERIAL": "",
    "NAZWA": "",
    "NUMER": "",
    "NUMER_EWID": "",
    "NUMER_REJ_": "",
    "OBREB": "",
    "REJESTR_TA": "EW_ARCHEOLOGIA",
    "RODZAJE_ZA": "",
    "RODZAJ_OBI": "",
    "RODZAJ_WLA": "",
    "STAN_ZACHO": "",
    "STATUS": "",
    "STYL_OBIEK": "",
    "SYMBOL_EWI": "",
    "SYMBOL_REJ": "",
    "UWAGI": "",
    "WIEK_CZ_PO": "",
    "WIEK_POWST": "",
    "WYDRUK_LIN": "",
    "ZAJETA_NA_": 1,
    "ZALACZNIKI": "http://172.16.11.22:8085/SOWA2-services/doc/print/65357349/0007.pdf",
    "ZDJECIE_1": "",
    "ZDJECIE_2": "",
    "ZDJECIE_3": "",
    "ZDJECIE_4": "",
    "ZDJECIE_5": "",
    "ZDJECIE_6": "",
    "ZDJECIE_7": "",
    "ZDJECIE_8": "",
    "ZWERYFIKOW": "",
    "ZWIAZANA_Z": 0
   },
   "type": "Feature"
  },
  {
   "geometry": {
    "coordinates": [
     19.896405,
     50.098327
    ],
    "type": "Point"
   },
   "id": 175,
   "properties": {
    "ADRES": "",
    "ATRYBUTY_O": "Nr stanowiska: 9",
    "BUDOWNICZY": "",
    "CHARAKTER": "",
    "DATA_WPISU": null,
    "DATA_WZNIE": "",
    "DZIELNICA": "",
    "FID": 175,
    "FUNKCJA_OB": "",
    "FUNKCJA_PI": "",
    "GDB_AREA": 0,
    "GDB_PRM": 0,
    "GDB_PRMEX": 0,
    "GPT_DATE": null,
    "GPT_USER": "",
    "ID": 31415,
    "IDENT_OBIE": "67858549",
    "ID_ISDP": 0,
    "ID_SPRAWY": 80557699,
    "ID_WARSTWY": "F19_STAN_PNT_OPIS",
    "ISDP_FID": "GDB$G_EOZ_ARCHEOLOGIA_EOZ_A.4d9eef0c-e19f-557a-e055-000000000001",
    "ISTNIEJE": "",
    "KARTA_MAPY": "",
    "LOKALIZACJ": "",
    "MATERIAL": "",
    "NAZWA": "",
    "NUMER": "",
    "NUMER_EWID": "",
    "NUMER_REJ_": "",
    "OBREB": "",
    "REJESTR_TA": "EW_ARCHEOLOGIA",
    "RODZAJE_ZA": "",
    "RODZAJ_OBI": "",
    "RODZAJ_WLA": "",
    "STAN_ZACHO": "",
    "STATUS": "",
    "STYL_OBIEK": "",
    "SYMBOL_EWI": "",
    "SYMBOL_REJ": "",
    "UWAGI": "",
    "WIEK_CZ_PO": "",
    "WIEK_POWST": "",
    "WYDRUK_LIN": "",
    "ZAJETA_NA_": 1,
    "ZALACZNIKI": "http://172.16.11.22:8085/SOWA2-services/doc/print/65357449/0009.pdf",
    "ZDJECIE_1": "",
    "ZDJECIE_2": "",
    "ZDJECIE_3": "",
    "ZDJECIE_4": "",
    "ZDJECIE_5": "",
    "ZDJECIE_6": "",
    "ZDJECIE_7": "",
    "ZDJECIE_8": "",
    "ZWERYFIKOW": "",
    "ZWIAZANA_Z": 0
   },
   "type": "Feature"
  },
  {
   "geometry": {
    "coordinates": [
     19.90716,
     50.095702
    ],
    "type": "Point"
   },
   "id": 176,
   "properties": {
    "ADRES": "",
    "ATRYBUTY_O": "Nr stanowiska: 196",
    "BUDOWNICZY": "",
    "CHARAKTER": "",
    "DATA_WPISU": null,
    "DATA_WZNIE": "",
    "DZIELNICA": "",
    "FID": 176,
    "FUNKCJA_OB": "",
    "FUNKCJA_PI": "",
    "GDB_AREA": 0,
    "GDB_PRM": 0,
    "GDB_PRMEX": 0,
    "GPT_DATE": null,
    "GPT_USER": "",
    "ID": 31417,
    "IDENT_OBIE": "67858649",
    "ID_ISDP": 0,
    "ID_SPRAWY": 80557799,
    "ID_WARSTWY": "F19_STAN_PNT_OPIS",
    "ISDP_FID": "GDB$G_EOZ_ARCHEOLOGIA_EOZ_A.4d9eef0c-e1a0-557a-e055-000000000001",
    "ISTNIEJE": "",
    "KARTA_MAPY": "",
    "LOKALIZACJ": "",
    "MATERIAL": "",
    "NAZWA": "",
    "NUMER": "",
    "NUMER_EWID": "",
    "NUMER_REJ_": "",
    "OBREB": "",
    "REJESTR_TA": "EW_ARCHEOLOGIA",
    "RODZAJE_ZA": "",
    "RODZAJ_OBI": "",
    "RODZAJ_WLA": "",
    "STAN_ZACHO": "",
    "STATUS": "",
    "STYL_OBIEK": "",
    "SYMBOL_EWI": "",
    "SYMBOL_REJ": "",
    "UWAGI": "",
    "WIEK_CZ_PO": "",
    "WIEK_POWST": "",
    "WYDRUK_LIN": "",
    "ZAJETA_NA_": 1,
    "ZALACZNIKI": "http://172.16.11.22:8085/SOWA2-services/doc/print/65363849/0196.pdf",
    "ZDJECIE_1": "",
    "ZDJECIE_2": "",
    "ZDJECIE_3": "",
    "ZDJECIE_4": "",
    "ZDJECIE_5": "",
    "ZDJECIE_6": "",
    "ZDJECIE_7": "",
    "ZDJECIE_8": "",
    "ZWERYFIKOW": "",
    "ZWIAZANA_Z": 0
   },
   "type": "Feature"
  },
  {
   "geometry": {
    "coordinates": [
     19.896121,
     50.088959
    ],
    "type": "Point"
   },
   "id": 177,
   "properties": {
    "ADRES": "",
    "ATRYBUTY_O": "Nr stanowiska: 197",
    "BUDOWNICZY": "",
    "CHARAKTER": "",
    "DATA_WPISU": null,
    "DATA_WZNIE": "",
    "DZIELNICA": "",
    "FID": 177,
    "FUNKCJA_OB": "",
    "FUNKCJA_PI": "",
    "GDB_AREA": 0,
    "GDB_PRM": 0,
    "GDB_PRMEX": 0,
    "GPT_DATE": null,
    "GPT_USER": "",
    "ID": 31418,
    "IDENT_OBIE": "67858699",
    "ID_ISDP": 0,
    "ID_SPRAWY": 80557899,
    "ID_WARSTWY": "F19_STAN_PNT_OPIS",
    "ISDP_FID": "GDB$G_EOZ_ARCHEOLOGIA_EOZ_A.4d9eef0c-e1a1-557a-e055-000000000001",
    "ISTNIEJE": "",
    "KARTA_MAPY": "",
    "LOKALIZACJ": "",
    "MATERIAL": "",
    "NAZWA": "",
    "NUMER": "",
    "NUMER_EWID": "",
    "NUMER_REJ_": "",
    "OBREB": "",
    "REJESTR_TA": "EW_ARCHEOLOGIA",
    "RODZAJE_ZA": "",
    "RODZAJ_OBI": "",
    "RODZAJ_WLA": "",
    "STAN_ZACHO": "",
    "STATUS": "",
    "STYL_OBIEK": "",
    "SYMBOL_EWI": "",
    "SYMBOL_REJ": "",
    "UWAGI": "",
    "WIEK_CZ_PO": "",
    "WIEK_POWST": "",
    "WYDRUK_LIN": "",
    "ZAJETA_NA_": 1,
    "ZALACZNIKI": "http://172.16.11.22:8085/SOWA2-services/doc/print/65363899/0197.pdf",
    "ZDJECIE_1": "",
    "ZDJECIE_2": "",
    "ZDJECIE_3": "",
    "ZDJECIE_4": "",
    "ZDJECIE_5": "",
    "ZDJECIE_6": "",
    "ZDJECIE_7": "",
    "ZDJECIE_8": "",
    "ZWERYFIKOW": "",
    "ZWIAZANA_Z": 0
   },
   "type": "Feature"
  },
  {
   "geometry": {
    "coordinates": [
     19.893318,
     50.088335
    ],
    "type": "Point"
   },
   "id": 178,
   "properties": {
    "ADRES": "",
    "ATRYBUTY_O": "Nr stanowiska: 199",
    "BUDOWNICZY": "",
    "CHARAKTER": "",
    "DATA_WPISU": null,
    "DATA_WZNIE": "",
    "DZIELNICA": "",
    "FID": 178,
    "FUNKCJA_OB": "",
    "FUNKCJA_PI": "",
    "GDB_AREA": 0,
    "GDB_PRM": 0,
    "GDB_PRMEX": 0,
    "GPT_DATE": null,
    "GPT_USER": "",
    "ID": 31420,
    "IDENT_OBIE": "67858799",
    "ID_ISDP": 0,
    "ID_SPRAWY": 80557999,
    "ID_WARSTWY": "F19_STAN_PNT_OPIS",
    "ISDP_FID": "GDB$G_EOZ_ARCHEOLOGIA_EOZ_A.4d9eef0c-e1a2-557a-e055-000000000001",
    "ISTNIEJE": "",
    "KARTA_MAPY": "",
    "LOKALIZACJ": "",
    "MATERIAL": "",
    "NAZWA": "",
    "NUMER": "",
    "NUMER_EWID": "",
    "NUMER_REJ_": "",
    "OBREB": "",
    "REJESTR_TA": "EW_ARCHEOLOGIA",
    "RODZAJE_ZA": "",
    "RODZAJ_OBI": "",
    "RODZAJ_WLA": "",
    "STAN_ZACHO": "",
    "STATUS": "",
    "STYL_OBIEK": "",
    "SYMBOL_EWI": "",
    "SYMBOL_REJ": "",
    "UWAGI": "",
    "WIEK_CZ_PO": "",
    "WIEK_POWST": "",
    "WYDRUK_LIN": "",
    "ZAJETA_NA_": 1,
    "ZALACZNIKI": "http://172.16.11.22:8085/SOWA2-services/doc/print/65363999/0199.pdf",
    "ZDJECIE_1": "",
    "ZDJECIE_2": "",
    "ZDJECIE_3": "",
    "ZDJECIE_4": "",
    "ZDJECIE_5": "",
    "ZDJECIE_6": "",
    "ZDJECIE_7": "",
    "ZDJECIE_8": "",
    "ZWERYFIKOW": "",
    "ZWIAZANA_Z": 0
   },
   "type": "Feature"
  },
  {
   "geometry": {
    "coordinates": [
     19.873021,
     50.098119
    ],
    "type": "Point"
   },
   "id": 179,
   "properties": {
    "ADRES": "",
    "ATRYBUTY_O": "Nr stanowiska: 44",
    "BUDOWNICZY": "",
    "CHARAKTER": "",
    "DATA_WPISU": null,
    "DATA_WZNIE": "",
    "DZIELNICA": "",
    "FID": 179,
    "FUNKCJA_OB": "",
    "FUNKCJA_PI": "",
    "GDB_AREA": 0,
    "GDB_PRM": 0,
    "GDB_PRMEX": 0,
    "GPT_DATE": null,
    "GPT_USER": "",
    "ID": 31421,
    "IDENT_OBIE": "67858849",
    "ID_ISDP": 0,
    "ID_SPRAWY": 80558049,
    "ID_WARSTWY": "F19_STAN_PNT_OPIS",
    "ISDP_FID": "GDB$G_EOZ_ARCHEOLOGIA_EOZ_A.4d9eef0c-e1a3-557a-e055-000000000001",
    "ISTNIEJE": "",
    "KARTA_MAPY": "",
    "LOKALIZACJ": "",
    "MATERIAL": "",
    "NAZWA": "",
    "NUMER": "",
    "NUMER_EWID": "",
    "NUMER_REJ_": "",
    "OBREB": "",
    "REJESTR_TA": "EW_ARCHEOLOGIA",
    "RODZAJE_ZA": "",
    "RODZAJ_OBI": "",
    "RODZAJ_WLA": "",
    "STAN_ZACHO": "",
    "STATUS": "",
    "STYL_OBIEK": "",
    "SYMBOL_EWI": "",
    "SYMBOL_REJ": "",
    "UWAGI": "",
    "WIEK_CZ_PO": "",
    "WIEK_POWST": "",
    "WYDRUK_LIN": "",
    "ZAJETA_NA_": 1,
    "ZALACZNIKI": "http://172.16.11.22:8085/SOWA2-services/doc/print/65358299/0044.pdf",
    "ZDJECIE_1": "",
    "ZDJECIE_2": "",
    "ZDJECIE_3": "",
    "ZDJECIE_4": "",
    "ZDJECIE_5": "",
    "ZDJECIE_6": "",
    "ZDJECIE_7": "",
    "ZDJECIE_8": "",
    "ZWERYFIKOW": "",
    "ZWIAZANA_Z": 0
   },
   "type": "Feature"
  },
  {
   "geometry": {
    "coordinates": [
     19.872101,
     50.108493
    ],
    "type": "Point"
   },
   "id": 180,
   "properties": {
    "ADRES": "",
    "ATRYBUTY_O": "Nr stanowiska: 45",
    "BUDOWNICZY": "",
    "CHARAKTER": "",
    "DATA_WPISU": null,
    "DATA_WZNIE": "",
    "DZIELNICA": "",
    "FID": 180,
    "FUNKCJA_OB": "",
    "FUNKCJA_PI": "",
    "GDB_AREA": 0,
    "GDB_PRM": 0,
    "GDB_PRMEX": 0,
    "GPT_DATE": null,
    "GPT_USER": "",
    "ID": 31422,
    "IDENT_OBIE": "67858899",
    "ID_ISDP": 0,
    "ID_SPRAWY": 80558099,
    "ID_WARSTWY": "F19_STAN_PNT_OPIS",
    "ISDP_FID": "GDB$G_EOZ_ARCHEOLOGIA_EOZ_A.4d9eef0c-e1a4-557a-e055-000000000001",
    "ISTNIEJE": "",
    "KARTA_MAPY": "",
    "LOKALIZACJ": "",
    "MATERIAL": "",
    "NAZWA": "",
    "NUMER": "",
    "NUMER_EWID": "",
    "NUMER_REJ_": "",
    "OBREB": "",
    "REJESTR_TA": "EW_ARCHEOLOGIA",
    "RODZAJE_ZA": "",
    "RODZAJ_OBI": "",
    "RODZAJ_WLA": "",
    "STAN_ZACHO": "",
    "STATUS": "",
    "STYL_OBIEK": "",
    "SYMBOL_EWI": "",
    "SYMBOL_REJ": "",
    "UWAGI": "",
    "WIEK_CZ_PO": "",
    "WIEK_POWST": "",
    "WYDRUK_LIN": "",
    "ZAJETA_NA_": 1,
    "ZALACZNIKI": "http://172.16.11.22:8085/SOWA2-services/doc/print/65358349/0045.pdf",
    "ZDJECIE_1": "",
    "ZDJECIE_2": "",
    "ZDJECIE_3": "",
    "ZDJECIE_4": "",
    "ZDJECIE_5": "",
    "ZDJECIE_6": "",
    "ZDJECIE_7": "",
    "ZDJECIE_8": "",
    "ZWERYFIKOW": "",
    "ZWIAZANA_Z": 0
   },
   "type": "Feature"
  },
  {
   "geometry": {
    "coordinates": [
     19.887333,
     50.094364
    ],
    "type": "Point"
   },
   "id": 181,
   "properties": {
    "ADRES": "",
    "ATRYBUTY_O": "Nr stanowiska: 204",
    "BUDOWNICZY": "",
    "CHARAKTER": "",
    "DATA_WPISU": null,
    "DATA_WZNIE": "",
    "DZIELNICA": "",
    "FID": 181,
    "FUNKCJA_OB": "",
    "FUNKCJA_PI": "",
    "GDB_AREA": 0,
    "GDB_PRM": 0,
    "GDB_PRMEX": 0,
    "GPT_DATE": null,
    "GPT_USER": "",
    "ID": 31424,
    "IDENT_OBIE": "67858999",
    "ID_ISDP": 0,
    "ID_SPRAWY": 80558449,
    "ID_WARSTWY": "F19_STAN_PNT_OPIS",
    "ISDP_FID": "GDB$G_EOZ_ARCHEOLOGIA_EOZ_A.4d9eef0c-e1a5-557a-e055-000000000001",
    "ISTNIEJE": "",
    "KARTA_MAPY": "",
    "LOKALIZACJ": "",
    "MATERIAL": "",
    "NAZWA": "",
    "NUMER": "",
    "NUMER_EWID": "",
    "NUMER_REJ_": "",
    "OBREB": "",
    "REJESTR_TA": "EW_ARCHEOLOGIA",
    "RODZAJE_ZA": "",
    "RODZAJ_OBI": "",
    "RODZAJ_WLA": "",
    "STAN_ZACHO": "",
    "STATUS": "",
    "STYL_OBIEK": "",
    "SYMBOL_EWI": "",
    "SYMBOL_REJ": "",
    "UWAGI": "",
    "WIEK_CZ_PO": "",
    "WIEK_POWST": "",
    "WYDRUK_LIN": "",
    "ZAJETA_NA_": 1,
    "ZALACZNIKI": "http://172.16.11.22:8085/SOWA2-services/doc/print/65364099/0204.pdf",
    "ZDJECIE_1": "",
    "ZDJECIE_2": "",
    "ZDJECIE_3": "",
    "ZDJECIE_4": "",
    "ZDJECIE_5": "",
    "ZDJECIE_6": "",
    "ZDJECIE_7": "",
    "ZDJECIE_8": "",
    "ZWERYFIKOW": "",
    "ZWIAZANA_Z": 0
   },
   "type": "Feature"
  },
  {
   "geometry": {
    "coordinates": [
     19.849556,
     50.069508
    ],
    "type": "Point"
   },
   "id": 182,
   "properties": {
    "ADRES": "",
    "ATRYBUTY_O": "Nr stanowiska: 268",
    "BUDOWNICZY": "",
    "CHARAKTER": "",
    "DATA_WPISU": null,
    "DATA_WZNIE": "",
    "DZIELNICA": "",
    "FID": 182,
    "FUNKCJA_OB": "",
    "FUNKCJA_PI": "",
    "GDB_AREA": 0,
    "GDB_PRM": 0,
    "GDB_PRMEX": 0,
    "GPT_DATE": null,
    "GPT_USER": "",
    "ID": 31425,
    "IDENT_OBIE": "67859049",
    "ID_ISDP": 0,
    "ID_SPRAWY": 80558849,
    "ID_WARSTWY": "F19_STAN_PNT_OPIS",
    "ISDP_FID": "GDB$G_EOZ_ARCHEOLOGIA_EOZ_A.4d9eef0c-e1a6-557a-e055-000000000001",
    "ISTNIEJE": "",
    "KARTA_MAPY": "",
    "LOKALIZACJ": "",
    "MATERIAL": "",
    "NAZWA": "",
    "NUMER": "",
    "NUMER_EWID": "",
    "NUMER_REJ_": "",
    "OBREB": "",
    "REJESTR_TA": "EW_ARCHEOLOGIA",
    "RODZAJE_ZA": "",
    "RODZAJ_OBI": "",
    "RODZAJ_WLA": "",
    "STAN_ZACHO": "",
    "STATUS": "",
    "STYL_OBIEK": "",
    "SYMBOL_EWI": "",
    "SYMBOL_REJ": "",
    "UWAGI": "",
    "WIEK_CZ_PO": "",
    "WIEK_POWST": "",
    "WYDRUK_LIN": "",
    "ZAJETA_NA_": 1,
    "ZALACZNIKI": "http://172.16.11.22:8085/SOWA2-services/doc/print/65366049/0268.pdf",
    "ZDJECIE_1": "",
    "ZDJECIE_2": "",
    "ZDJECIE_3": "",
    "ZDJECIE_4": "",
    "ZDJECIE_5": "",
    "ZDJECIE_6": "",
    "ZDJECIE_7": "",
    "ZDJECIE_8": "",
    "ZWERYFIKOW": "",
    "ZWIAZANA_Z": 0
   },
   "type": "Feature"
  },
  {
   "geometry": {
    "coordinates": [
     19.840373,
     50.066636
    ],
    "type": "Point"
   },
   "id": 183,
   "properties": {
    "ADRES": "",
    "ATRYBUTY_O": "Nr stanowiska: 272",
    "BUDOWNICZY": "",
    "CHARAKTER": "",
    "DATA_WPISU": null,
    "DATA_WZNIE": "",
    "DZIELNICA": "",
    "FID": 183,
    "FUNKCJA_OB": "",
    "FUNKCJA_PI": "",
    "GDB_AREA": 0,
    "GDB_PRM": 0,
    "GDB_PRMEX": 0,
    "GPT_DATE": null,
    "GPT_USER": "",
    "ID": 31427,
    "IDENT_OBIE": "67859149",
    "ID_ISDP": 0,
    "ID_SPRAWY": 80559249,
    "ID_WARSTWY": "F19_STAN_PNT_OPIS",
    "ISDP_FID": "GDB$G_EOZ_ARCHEOLOGIA_EOZ_A.4d9eef0c-e1a7-557a-e055-000000000001",
    "ISTNIEJE": "",
    "KARTA_MAPY": "",
    "LOKALIZACJ": "",
    "MATERIAL": "",
    "NAZWA": "",
    "NUMER": "",
    "NUMER_EWID": "",
    "NUMER_REJ_": "",
    "OBREB": "",
    "REJESTR_TA": "EW_ARCHEOLOGIA",
    "RODZAJE_ZA": "",
    "RODZAJ_OBI": "",
    "RODZAJ_WLA": "",
    "STAN_ZACHO": "",
    "STATUS": "",
    "STYL_OBIEK": "",
    "SYMBOL_EWI": "",
    "SYMBOL_REJ": "",
    "UWAGI": "",
    "WIEK_CZ_PO": "",
    "WIEK_POWST": "",
    "WYDRUK_LIN": "",
    "ZAJETA_NA_": 1,
    "ZALACZNIKI": "http://172.16.11.22:8085/SOWA2-services/doc/print/65366149/0272.pdf",
    "ZDJECIE_1": "",
    "ZDJECIE_2": "",
    "ZDJECIE_3": "",
    "ZDJECIE_4": "",
    "ZDJECIE_5": "",
    "ZDJECIE_6": "",
    "ZDJECIE_7": "",
    "ZDJECIE_8": "",
    "ZWERYFIKOW": "",
    "ZWIAZANA_Z": 0
   },
   "type": "Feature"
  },
  {
   "geometry": {
    "coordinates": [
     19.835877,
     50.062703
    ],
    "type": "Point"
   },
   "id": 184,
   "properties": {
    "ADRES": "",
    "ATRYBUTY_O": "Nr stanowiska: 274",
    "BUDOWNICZY": "",
    "CHARAKTER": "",
    "DATA_WPISU": null,
    "DATA_WZNIE": "",
    "DZIELNICA": "",
    "FID": 184,
    "FUNKCJA_OB": "",
    "FUNKCJA_PI": "",
    "GDB_AREA": 0,
    "GDB_PRM": 0,
    "GDB_PRMEX": 0,
    "GPT_DATE": null,
    "GPT_USER": "",
    "ID": 31429,
    "IDENT_OBIE": "67859249",
    "ID_ISDP": 0,
    "ID_SPRAWY": 80559349,
    "ID_WARSTWY": "F19_STAN_PNT_OPIS",
    "ISDP_FID": "GDB$G_EOZ_ARCHEOLOGIA_EOZ_A.4d9eef0c-e1a8-557a-e055-000000000001",
    "ISTNIEJE": "",
    "KARTA_MAPY": "",
    "LOKALIZACJ": "",
    "MATERIAL": "",
    "NAZWA": "",
    "NUMER": "",
    "NUMER_EWID": "",
    "NUMER_REJ_": "",
    "OBREB": "",
    "REJESTR_TA": "EW_ARCHEOLOGIA",
    "RODZAJE_ZA": "",
    "RODZAJ_OBI": "",
    "RODZAJ_WLA": "",
    "STAN_ZACHO": "",
    "STATUS": "",
    "STYL_OBIEK": "",
    "SYMBOL_EWI": "",
    "SYMBOL_REJ": "",
    "UWAGI": "",
    "WIEK_CZ_PO": "",
    "WIEK_POWST": "",
    "WYDRUK_LIN": "",
    "ZAJETA_NA_": 1,
    "ZALACZNIKI": "http://172.16.11.22:8085/SOWA2-services/doc/print/65366249/0274.pdf",
    "ZDJECIE_1": "",
    "ZDJECIE_2": "",
    "ZDJECIE_3": "",
    "ZDJECIE_4": "",
    "ZDJECIE_5": "",
    "ZDJECIE_6": "",
    "ZDJECIE_7": "",
    "ZDJECIE_8": "",
    "ZWERYFIKOW": "",
    "ZWIAZANA_Z": 0
   },
   "type": "Feature"
  },
  {
   "geometry": {
    "coordinates": [
     19.833883,
     50.061316
    ],
    "type": "Point"
   },
   "id": 185,
   "properties": {
    "ADRES": "",
    "ATRYBUTY_O": "Nr stanowiska: 275",
    "BUDOWNICZY": "",
    "CHARAKTER": "",
    "DATA_WPISU": null,
    "DATA_WZNIE": "",
    "DZIELNICA": "",
    "FID": 185,
    "FUNKCJA_OB": "",
    "FUNKCJA_PI": "",
    "GDB_AREA": 0,
    "GDB_PRM": 0,
    "GDB_PRMEX": 0,
    "GPT_DATE": null,
    "GPT_USER": "",
    "ID": 31430,
    "IDENT_OBIE": "67859299",
    "ID_ISDP": 0,
    "ID_SPRAWY": 80559399,
    "ID_WARSTWY": "F19_STAN_PNT_OPIS",
    "ISDP_FID": "GDB$G_EOZ_ARCHEOLOGIA_EOZ_A.4d9eef0c-e1a9-557a-e055-000000000001",
    "ISTNIEJE": "",
    "KARTA_MAPY": "",
    "LOKALIZACJ": "",
    "MATERIAL": "",
    "NAZWA": "",
    "NUMER": "",
    "NUMER_EWID": "",
    "NUMER_REJ_": "",
    "OBREB": "",
    "REJESTR_TA": "EW_ARCHEOLOGIA",
    "RODZAJE_ZA": "",
    "RODZAJ_OBI": "",
    "RODZAJ_WLA": "",
    "STAN_ZACHO": "",
    "STATUS": "",
    "STYL_OBIEK": "",
    "SYMBOL_EWI": "",
    "SYMBOL_REJ": "",
    "UWAGI": "",
    "WIEK_CZ_PO": "",
    "WIEK_POWST": "",
    "WYDRUK_LIN": "",
    "ZAJETA_NA_": 1,
    "ZALACZNIKI": "http://172.16.11.22:8085/SOWA2-services/doc/print/65366299/0275.pdf",
    "ZDJECIE_1": "",
    "ZDJECIE_2": "",
    "ZDJECIE_3": "",
    "ZDJECIE_4": "",
    "ZDJECIE_5": "",
    "ZDJECIE_6": "",
    "ZDJECIE_7": "",
    "ZDJECIE_8": "",
    "ZWERYFIKOW": "",
    "ZWIAZANA_Z": 0
   },
   "type": "Feature"
  },
  {
   "geometry": {
    "coordinates": [
     19.826369,
     50.057552
    ],
    "type": "Point"
   },
   "id": 186,
   "properties": {
    "ADRES": "",
    "ATRYBUTY_O": "Nr stanowiska: 279",
    "BUDOWNICZY": "",
    "CHARAKTER": "",
    "DATA_WPISU": null,
    "DATA_WZNIE": "",
    "DZIELNICA": "",
    "FID": 186,
    "FUNKCJA_OB": "",
    "FUNKCJA_PI": "",
    "GDB_AREA": 0,
    "GDB_PRM": 0,
    "GDB_PRMEX": 0,
    "GPT_DATE": null,
    "GPT_USER": "",
    "ID": 31432,
    "IDENT_OBIE": "67859399",
    "ID_ISDP": 0,
    "ID_SPRAWY": 80559499,
    "ID_WARSTWY": "F19_STAN_PNT_OPIS",
    "ISDP_FID": "GDB$G_EOZ_ARCHEOLOGIA_EOZ_A.4d9eef0c-e1aa-557a-e055-000000000001",
    "ISTNIEJE": "",
    "KARTA_MAPY": "",
    "LOKALIZACJ": "",
    "MATERIAL": "",
    "NAZWA": "",
    "NUMER": "",
    "NUMER_EWID": "",
    "NUMER_REJ_": "",
    "OBREB": "",
    "REJESTR_TA": "EW_ARCHEOLOGIA",
    "RODZAJE_ZA": "",
    "RODZAJ_OBI": "",
    "RODZAJ_WLA": "",
    "STAN_ZACHO": "",
    "STATUS": "",
    "STYL_OBIEK": "",
    "SYMBOL_EWI": "",
    "SYMBOL_REJ": "",
    "UWAGI": "",
    "WIEK_CZ_PO": "",
    "WIEK_POWST": "",
    "WYDRUK_LIN": "",
    "ZAJETA_NA_": 1,
    "ZALACZNIKI": "http://172.16.11.22:8085/SOWA2-services/doc/print/65366499/0279.pdf",
    "ZDJECIE_1": "",
    "ZDJECIE_2": "",
    "ZDJECIE_3": "",
    "ZDJECIE_4": "",
    "ZDJECIE_5": "",
    "ZDJECIE_6": "",
    "ZDJECIE_7": "",
    "ZDJECIE_8": "",
    "ZWERYFIKOW": "",
    "ZWIAZANA_Z": 0
   },
   "type": "Feature"
  },
  {
   "geometry": {
    "coordinates": [
     19.916681,
     50.061619
    ],
    "type": "Point"
   },
   "id": 187,
   "properties": {
    "ADRES": "",
    "ATRYBUTY_O": "Nr stanowiska: 238",
    "BUDOWNICZY": "",
    "CHARAKTER": "",
    "DATA_WPISU": null,
    "DATA_WZNIE": "",
    "DZIELNICA": "",
    "FID": 187,
    "FUNKCJA_OB": "",
    "FUNKCJA_PI": "",
    "GDB_AREA": 0,
    "GDB_PRM": 0,
    "GDB_PRMEX": 0,
    "GPT_DATE": null,
    "GPT_USER": "",
    "ID": 31434,
    "IDENT_OBIE": "67859499",
    "ID_ISDP": 0,
    "ID_SPRAWY": 80559599,
    "ID_WARSTWY": "F19_STAN_PNT_OPIS",
    "ISDP_FID": "GDB$G_EOZ_ARCHEOLOGIA_EOZ_A.4d9eef0c-e1ab-557a-e055-000000000001",
    "ISTNIEJE": "",
    "KARTA_MAPY": "",
    "LOKALIZACJ": "",
    "MATERIAL": "",
    "NAZWA": "",
    "NUMER": "",
    "NUMER_EWID": "",
    "NUMER_REJ_": "",
    "OBREB": "",
    "REJESTR_TA": "EW_ARCHEOLOGIA",
    "RODZAJE_ZA": "",
    "RODZAJ_OBI": "",
    "RODZAJ_WLA": "",
    "STAN_ZACHO": "",
    "STATUS": "",
    "STYL_OBIEK": "",
    "SYMBOL_EWI": "",
    "SYMBOL_REJ": "",
    "UWAGI": "",
    "WIEK_CZ_PO": "",
    "WIEK_POWST": "",
    "WYDRUK_LIN": "",
    "ZAJETA_NA_": 1,
    "ZALACZNIKI": "http://172.16.11.22:8085/SOWA2-services/doc/print/65365149/0238.pdf",
    "ZDJECIE_1": "",
    "ZDJECIE_2": "",
    "ZDJECIE_3": "",
    "ZDJECIE_4": "",
    "ZDJECIE_5": "",
    "ZDJECIE_6": "",
    "ZDJECIE_7": "",
    "ZDJECIE_8": "",
    "ZWERYFIKOW": "",
    "ZWIAZANA_Z": 0
   },
   "type": "Feature"
  },
  {
   "geometry": {
    "coordinates": [
     19.933433,
     50.048761
    ],
    "type": "Point"
   },
   "id": 188,
   "properties": {
    "ADRES": "",
    "ATRYBUTY_O": "Nr stanowiska: 75",
    "BUDOWNICZY": "",
    "CHARAKTER": "",
    "DATA_WPISU": null,
    "DATA_WZNIE": "",
    "DZIELNICA": "",
    "FID": 188,
    "FUNKCJA_OB": "",
    "FUNKCJA_PI": "",
    "GDB_AREA": 0,
    "GDB_PRM": 0,
    "GDB_PRMEX": 0,
    "GPT_DATE": null,
    "GPT_USER": "",
    "ID": 31436,
    "IDENT_OBIE": "67859599",
    "ID_ISDP": 0,
    "ID_SPRAWY": 80559749,
    "ID_WARSTWY": "F19_STAN_PNT_OPIS",
    "ISDP_FID": "GDB$G_EOZ_ARCHEOLOGIA_EOZ_A.4d9eef0c-e1ac-557a-e055-000000000001",
    "ISTNIEJE": "",
    "KARTA_MAPY": "",
    "LOKALIZACJ": "",
    "MATERIAL": "",
    "NAZWA": "",
    "NUMER": "",
    "NUMER_EWID": "",
    "NUMER_REJ_": "",
    "OBREB": "",
    "REJESTR_TA": "EW_ARCHEOLOGIA",
    "RODZAJE_ZA": "",
    "RODZAJ_OBI": "",
    "RODZAJ_WLA": "",
    "STAN_ZACHO": "",
    "STATUS": "",
    "STYL_OBIEK": "",
    "SYMBOL_EWI": "",
    "SYMBOL_REJ": "",
    "UWAGI": "",
    "WIEK_CZ_PO": "",
    "WIEK_POWST": "",
    "WYDRUK_LIN": "",
    "ZAJETA_NA_": 1,
    "ZALACZNIKI": "http://172.16.11.22:8085/SOWA2-services/doc/print/65359749/0075.pdf",
    "ZDJECIE_1": "",
    "ZDJECIE_2": "",
    "ZDJECIE_3": "",
    "ZDJECIE_4": "",
    "ZDJECIE_5": "",
    "ZDJECIE_6": "",
    "ZDJECIE_7": "",
    "ZDJECIE_8": "",
    "ZWERYFIKOW": "",
    "ZWIAZANA_Z": 0
   },
   "type": "Feature"
  },
  {
   "geometry": {
    "coordinates": [
     19.931135,
     50.04987
    ],
    "type": "Point"
   },
   "id": 189,
   "properties": {
    "ADRES": "",
    "ATRYBUTY_O": "Nr stanowiska: 76",
    "BUDOWNICZY": "",
    "CHARAKTER": "",
    "DATA_WPISU": null,
    "DATA_WZNIE": "",
    "DZIELNICA": "",
    "FID": 189,
    "FUNKCJA_OB": "",
    "FUNKCJA_PI": "",
    "GDB_AREA": 0,
    "GDB_PRM": 0,
    "GDB_PRMEX": 0,
    "GPT_DATE": null,
    "GPT_USER": "",
    "ID": 31437,
    "IDENT_OBIE": "67859649",
    "ID_ISDP": 0,
    "ID_SPRAWY": 80559799,
    "ID_WARSTWY": "F19_STAN_PNT_OPIS",
    "ISDP_FID": "GDB$G_EOZ_ARCHEOLOGIA_EOZ_A.4d9eef0c-e1ad-557a-e055-000000000001",
    "ISTNIEJE": "",
    "KARTA_MAPY": "",
    "LOKALIZACJ": "",
    "MATERIAL": "",
    "NAZWA": "",
    "NUMER": "",
    "NUMER_EWID": "",
    "NUMER_REJ_": "",
    "OBREB": "",
    "REJESTR_TA": "EW_ARCHEOLOGIA",
    "RODZAJE_ZA": "",
    "RODZAJ_OBI": "",
    "RODZAJ_WLA": "",
    "STAN_ZACHO": "",
    "STATUS": "",
    "STYL_OBIEK": "",
    "SYMBOL_EWI": "",
    "SYMBOL_REJ": "",
    "UWAGI": "",
    "WIEK_CZ_PO": "",
    "WIEK_POWST": "",
    "WYDRUK_LIN": "",
    "ZAJETA_NA_": 1,
    "ZALACZNIKI": "http://172.16.11.22:8085/SOWA2-services/doc/print/65359799/0076.pdf",
    "ZDJECIE_1": "",
    "ZDJECIE_2": "",
    "ZDJECIE_3": "",
    "ZDJECIE_4": "",
    "ZDJECIE_5": "",
    "ZDJECIE_6": "",
    "ZDJECIE_7": "",
    "ZDJECIE_8": "",
    "ZWERYFIKOW": "",
    "ZWIAZANA_Z": 0
   },
   "type": "Feature"
  },
  {
   "geometry": {
    "coordinates": [
     19.94859,
     50.099869
    ],
    "type": "Point"
   },
   "id": 190,
   "properties": {
    "ADRES": "",
    "ATRYBUTY_O": "Nr stanowiska: 12",
    "BUDOWNICZY": "",
    "CHARAKTER": "",
    "DATA_WPISU": null,
    "DATA_WZNIE": "",
    "DZIELNICA": "",
    "FID": 190,
    "FUNKCJA_OB": "",
    "FUNKCJA_PI": "",
    "GDB_AREA": 0,
    "GDB_PRM": 0,
    "GDB_PRMEX": 0,
    "GPT_DATE": null,
    "GPT_USER": "",
    "ID": 31439,
    "IDENT_OBIE": "67859749",
    "ID_ISDP": 0,
    "ID_SPRAWY": 80560149,
    "ID_WARSTWY": "F19_STAN_PNT_OPIS",
    "ISDP_FID": "GDB$G_EOZ_ARCHEOLOGIA_EOZ_A.4d9eef0c-e1ae-557a-e055-000000000001",
    "ISTNIEJE": "",
    "KARTA_MAPY": "",
    "LOKALIZACJ": "",
    "MATERIAL": "",
    "NAZWA": "",
    "NUMER": "",
    "NUMER_EWID": "",
    "NUMER_REJ_": "",
    "OBREB": "",
    "REJESTR_TA": "EW_ARCHEOLOGIA",
    "RODZAJE_ZA": "",
    "RODZAJ_OBI": "",
    "RODZAJ_WLA": "",
    "STAN_ZACHO": "",
    "STATUS": "",
    "STYL_OBIEK": "",
    "SYMBOL_EWI": "",
    "SYMBOL_REJ": "",
    "UWAGI": "",
    "WIEK_CZ_PO": "",
    "WIEK_POWST": "",
    "WYDRUK_LIN": "",
    "ZAJETA_NA_": 1,
    "ZALACZNIKI": "http://172.16.11.22:8085/SOWA2-services/doc/print/65357499/0012.pdf",
    "ZDJECIE_1": "",
    "ZDJECIE_2": "",
    "ZDJECIE_3": "",
    "ZDJECIE_4": "",
    "ZDJECIE_5": "",
    "ZDJECIE_6": "",
    "ZDJECIE_7": "",
    "ZDJECIE_8": "",
    "ZWERYFIKOW": "",
    "ZWIAZANA_Z": 0
   },
   "type": "Feature"
  },
  {
   "geometry": {
    "coordinates": [
     19.949973,
     50.099504
    ],
    "type": "Point"
   },
   "id": 191,
   "properties": {
    "ADRES": "",
    "ATRYBUTY_O": "Nr stanowiska: 48",
    "BUDOWNICZY": "",
    "CHARAKTER": "",
    "DATA_WPISU": null,
    "DATA_WZNIE": "",
    "DZIELNICA": "",
    "FID": 191,
    "FUNKCJA_OB": "",
    "FUNKCJA_PI": "",
    "GDB_AREA": 0,
    "GDB_PRM": 0,
    "GDB_PRMEX": 0,
    "GPT_DATE": null,
    "GPT_USER": "",
    "ID": 31440,
    "IDENT_OBIE": "67859799",
    "ID_ISDP": 0,
    "ID_SPRAWY": 80560349,
    "ID_WARSTWY": "F19_STAN_PNT_OPIS",
    "ISDP_FID": "GDB$G_EOZ_ARCHEOLOGIA_EOZ_A.4d9eef0c-e1af-557a-e055-000000000001",
    "ISTNIEJE": "",
    "KARTA_MAPY": "",
    "LOKALIZACJ": "",
    "MATERIAL": "",
    "NAZWA": "",
    "NUMER": "",
    "NUMER_EWID": "",
    "NUMER_REJ_": "",
    "OBREB": "",
    "REJESTR_TA": "EW_ARCHEOLOGIA",
    "RODZAJE_ZA": "",
    "RODZAJ_OBI": "",
    "RODZAJ_WLA": "",
    "STAN_ZACHO": "",
    "STATUS": "",
    "STYL_OBIEK": "",
    "SYMBOL_EWI": "",
    "SYMBOL_REJ": "",
    "UWAGI": "",
    "WIEK_CZ_PO": "",
    "WIEK_POWST": "",
    "WYDRUK_LIN": "",
    "ZAJETA_NA_": 1,
    "ZALACZNIKI": "http://172.16.11.22:8085/SOWA2-services/doc/print/65358399/0048.pdf",
    "ZDJECIE_1": "",
    "ZDJECIE_2": "",
    "ZDJECIE_3": "",
    "ZDJECIE_4": "",
    "ZDJECIE_5": "",
    "ZDJECIE_6": "",
    "ZDJECIE_7": "",
    "ZDJECIE_8": "",
    "ZWERYFIKOW": "",
    "ZWIAZANA_Z": 0
   },
   "type": "Feature"
  },
  {
   "geometry": {
    "coordinates": [
     19.956115,
     50.100309
    ],
    "type": "Point"
   },
   "id": 192,
   "properties": {
    "ADRES": "",
    "ATRYBUTY_O": "Nr stanowiska: 49",
    "BUDOWNICZY": "",
    "CHARAKTER": "",
    "DATA_WPISU": null,
    "DATA_WZNIE": "",
    "DZIELNICA": "",
    "FID": 192,
    "FUNKCJA_OB": "",
    "FUNKCJA_PI": "",
    "GDB_AREA": 0,
    "GDB_PRM": 0,
    "GDB_PRMEX": 0,
    "GPT_DATE": null,
    "GPT_USER": "",
    "ID": 31441,
    "IDENT_OBIE": "67859849",
    "ID_ISDP": 0,
    "ID_SPRAWY": 80560399,
    "ID_WARSTWY": "F19_STAN_PNT_OPIS",
    "ISDP_FID": "GDB$G_EOZ_ARCHEOLOGIA_EOZ_A.4d9eef0c-e1b0-557a-e055-000000000001",
    "ISTNIEJE": "",
    "KARTA_MAPY": "",
    "LOKALIZACJ": "",
    "MATERIAL": "",
    "NAZWA": "",
    "NUMER": "",
    "NUMER_EWID": "",
    "NUMER_REJ_": "",
    "OBREB": "",
    "REJESTR_TA": "EW_ARCHEOLOGIA",
    "RODZAJE_ZA": "",
    "RODZAJ_OBI": "",
    "RODZAJ_WLA": "",
    "STAN_ZACHO": "",
    "STATUS": "",
    "STYL_OBIEK": "",
    "SYMBOL_EWI": "",
    "SYMBOL_REJ": "",
    "UWAGI": "",
    "WIEK_CZ_PO": "",
    "WIEK_POWST": "",
    "WYDRUK_LIN": "",
    "ZAJETA_NA_": 1,
    "ZALACZNIKI": "http://172.16.11.22:8085/SOWA2-services/doc/print/65358449/0049.pdf",
    "ZDJECIE_1": "",
    "ZDJECIE_2": "",
    "ZDJECIE_3": "",
    "ZDJECIE_4": "",
    "ZDJECIE_5": "",
    "ZDJECIE_6": "",
    "ZDJECIE_7": "",
    "ZDJECIE_8": "",
    "ZWERYFIKOW": "",
    "ZWIAZANA_Z": 0
   },
   "type": "Feature"
  },
  {
   "geometry": {
    "coordinates": [
     19.958676,
     50.054942
    ],
    "type": "Point"
   },
   "id": 193,
   "properties": {
    "ADRES": "",
    "ATRYBUTY_O": "Nr stanowiska: 70",
    "BUDOWNICZY": "",
    "CHARAKTER": "",
    "DATA_WPISU": null,
    "DATA_WZNIE": "",
    "DZIELNICA": "",
    "FID": 193,
    "FUNKCJA_OB": "",
    "FUNKCJA_PI": "",
    "GDB_AREA": 0,
    "GDB_PRM": 0,
    "GDB_PRMEX": 0,
    "GPT_DATE": null,
    "GPT_USER": "",
    "ID": 31442,
    "IDENT_OBIE": "67859899",
    "ID_ISDP": 0,
    "ID_SPRAWY": 80560449,
    "ID_WARSTWY": "F19_STAN_PNT_OPIS",
    "ISDP_FID": "GDB$G_EOZ_ARCHEOLOGIA_EOZ_A.4d9eef0c-e1b1-557a-e055-000000000001",
    "ISTNIEJE": "",
    "KARTA_MAPY": "",
    "LOKALIZACJ": "",
    "MATERIAL": "",
    "NAZWA": "",
    "NUMER": "",
    "NUMER_EWID": "",
    "NUMER_REJ_": "",
    "OBREB": "",
    "REJESTR_TA": "EW_ARCHEOLOGIA",
    "RODZAJE_ZA": "",
    "RODZAJ_OBI": "",
    "RODZAJ_WLA": "",
    "STAN_ZACHO": "",
    "STATUS": "",
    "STYL_OBIEK": "",
    "SYMBOL_EWI": "",
    "SYMBOL_REJ": "",
    "UWAGI": "",
    "WIEK_CZ_PO": "",
    "WIEK_POWST": "",
    "WYDRUK_LIN": "",
    "ZAJETA_NA_": 1,
    "ZALACZNIKI": "http://172.16.11.22:8085/SOWA2-services/doc/print/65359499/0070.pdf",
    "ZDJECIE_1": "",
    "ZDJECIE_2": "",
    "ZDJECIE_3": "",
    "ZDJECIE_4": "",
    "ZDJECIE_5": "",
    "ZDJECIE_6": "",
    "ZDJECIE_7": "",
    "ZDJECIE_8": "",
    "ZWERYFIKOW": "",
    "ZWIAZANA_Z": 0
   },
   "type": "Feature"
  },
  {
   "geometry": {
    "coordinates": [
     19.956139,
     50.057364
    ],
    "type": "Point"
   },
   "id": 194,
   "properties": {
    "ADRES": "",
    "ATRYBUTY_O": "Nr stanowiska: 72",
    "BUDOWNICZY": "",
    "CHARAKTER": "",
    "DATA_WPISU": null,
    "DATA_WZNIE": "",
    "DZIELNICA": "",
    "FID": 194,
    "FUNKCJA_OB": "",
    "FUNKCJA_PI": "",
    "GDB_AREA": 0,
    "GDB_PRM": 0,
    "GDB_PRMEX": 0,
    "GPT_DATE": null,
    "GPT_USER": "",
    "ID": 31444,
    "IDENT_OBIE": "67859999",
    "ID_ISDP": 0,
    "ID_SPRAWY": 80560549,
    "ID_WARSTWY": "F19_STAN_PNT_OPIS",
    "ISDP_FID": "GDB$G_EOZ_ARCHEOLOGIA_EOZ_A.4d9eef0c-e1b2-557a-e055-000000000001",
    "ISTNIEJE": "",
    "KARTA_MAPY": "",
    "LOKALIZACJ": "",
    "MATERIAL": "",
    "NAZWA": "",
    "NUMER": "",
    "NUMER_EWID": "",
    "NUMER_REJ_": "",
    "OBREB": "",
    "REJESTR_TA": "EW_ARCHEOLOGIA",
    "RODZAJE_ZA": "",
    "RODZAJ_OBI": "",
    "RODZAJ_WLA": "",
    "STAN_ZACHO": "",
    "STATUS": "",
    "STYL_OBIEK": "",
    "SYMBOL_EWI": "",
    "SYMBOL_REJ": "",
    "UWAGI": "",
    "WIEK_CZ_PO": "",
    "WIEK_POWST": "",
    "WYDRUK_LIN": "",
    "ZAJETA_NA_": 1,
    "ZALACZNIKI": "http://172.16.11.22:8085/SOWA2-services/doc/print/65359599/0072.pdf",
    "ZDJECIE_1": "",
    "ZDJECIE_2": "",
    "ZDJECIE_3": "",
    "ZDJECIE_4": "",
    "ZDJECIE_5": "",
    "ZDJECIE_6": "",
    "ZDJECIE_7": "",
    "ZDJECIE_8": "",
    "ZWERYFIKOW": "",
    "ZWIAZANA_Z": 0
   },
   "type": "Feature"
  },
  {
   "geometry": {
    "coordinates": [
     19.931653,
     50.004334
    ],
    "type": "Point"
   },
   "id": 195,
   "properties": {
    "ADRES": "",
    "ATRYBUTY_O": "Nr stanowiska: 444",
    "BUDOWNICZY": "",
    "CHARAKTER": "",
    "DATA_WPISU": null,
    "DATA_WZNIE": "",
    "DZIELNICA": "",
    "FID": 195,
    "FUNKCJA_OB": "",
    "FUNKCJA_PI": "",
    "GDB_AREA": 0,
    "GDB_PRM": 0,
    "GDB_PRMEX": 0,
    "GPT_DATE": null,
    "GPT_USER": "",
    "ID": 31446,
    "IDENT_OBIE": "67860099",
    "ID_ISDP": 0,
    "ID_SPRAWY": 80560699,
    "ID_WARSTWY": "F19_STAN_PNT_OPIS",
    "ISDP_FID": "GDB$G_EOZ_ARCHEOLOGIA_EOZ_A.4d9eef0c-e1b3-557a-e055-000000000001",
    "ISTNIEJE": "",
    "KARTA_MAPY": "",
    "LOKALIZACJ": "",
    "MATERIAL": "",
    "NAZWA": "",
    "NUMER": "",
    "NUMER_EWID": "",
    "NUMER_REJ_": "",
    "OBREB": "",
    "REJESTR_TA": "EW_ARCHEOLOGIA",
    "RODZAJE_ZA": "",
    "RODZAJ_OBI": "",
    "RODZAJ_WLA": "",
    "STAN_ZACHO": "",
    "STATUS": "",
    "STYL_OBIEK": "",
    "SYMBOL_EWI": "",
    "SYMBOL_REJ": "",
    "UWAGI": "",
    "WIEK_CZ_PO": "",
    "WIEK_POWST": "",
    "WYDRUK_LIN": "",
    "ZAJETA_NA_": 1,
    "ZALACZNIKI": "http://172.16.11.22:8085/SOWA2-services/doc/print/65370549/0444.pdf",
    "ZDJECIE_1": "",
    "ZDJECIE_2": "",
    "ZDJECIE_3": "",
    "ZDJECIE_4": "",
    "ZDJECIE_5": "",
    "ZDJECIE_6": "",
    "ZDJECIE_7": "",
    "ZDJECIE_8": "",
    "ZWERYFIKOW": "",
    "ZWIAZANA_Z": 0
   },
   "type": "Feature"
  },
  {
   "geometry": {
    "coordinates": [
     19.946599,
     50.054584
    ],
    "type": "Point"
   },
   "id": 196,
   "properties": {
    "ADRES": "",
    "ATRYBUTY_O": "Nr stanowiska: 162",
    "BUDOWNICZY": "",
    "CHARAKTER": "",
    "DATA_WPISU": null,
    "DATA_WZNIE": "",
    "DZIELNICA": "",
    "FID": 196,
    "FUNKCJA_OB": "",
    "FUNKCJA_PI": "",
    "GDB_AREA": 0,
    "GDB_PRM": 0,
    "GDB_PRMEX": 0,
    "GPT_DATE": null,
    "GPT_USER": "",
    "ID": 31449,
    "IDENT_OBIE": "67860249",
    "ID_ISDP": 0,
    "ID_SPRAWY": 80560949,
    "ID_WARSTWY": "F19_STAN_PNT_OPIS",
    "ISDP_FID": "GDB$G_EOZ_ARCHEOLOGIA_EOZ_A.4d9eef0c-e1b4-557a-e055-000000000001",
    "ISTNIEJE": "",
    "KARTA_MAPY": "",
    "LOKALIZACJ": "",
    "MATERIAL": "",
    "NAZWA": "",
    "NUMER": "",
    "NUMER_EWID": "",
    "NUMER_REJ_": "",
    "OBREB": "",
    "REJESTR_TA": "EW_ARCHEOLOGIA",
    "RODZAJE_ZA": "",
    "RODZAJ_OBI": "",
    "RODZAJ_WLA": "",
    "STAN_ZACHO": "",
    "STATUS": "",
    "STYL_OBIEK": "",
    "SYMBOL_EWI": "",
    "SYMBOL_REJ": "",
    "UWAGI": "",
    "WIEK_CZ_PO": "",
    "WIEK_POWST": "",
    "WYDRUK_LIN": "",
    "ZAJETA_NA_": 1,
    "ZALACZNIKI": "http://172.16.11.22:8085/SOWA2-services/doc/print/65363149/0162.pdf",
    "ZDJECIE_1": "",
    "ZDJECIE_2": "",
    "ZDJECIE_3": "",
    "ZDJECIE_4": "",
    "ZDJECIE_5": "",
    "ZDJECIE_6": "",
    "ZDJECIE_7": "",
    "ZDJECIE_8": "",
    "ZWERYFIKOW": "",
    "ZWIAZANA_Z": 0
   },
   "type": "Feature"
  },
  {
   "geometry": {
    "coordinates": [
     19.943898,
     50.070459
    ],
    "type": "Point"
   },
   "id": 197,
   "properties": {
    "ADRES": "",
    "ATRYBUTY_O": "Nr stanowiska: 135",
    "BUDOWNICZY": "",
    "CHARAKTER": "",
    "DATA_WPISU": null,
    "DATA_WZNIE": "",
    "DZIELNICA": "",
    "FID": 197,
    "FUNKCJA_OB": "",
    "FUNKCJA_PI": "",
    "GDB_AREA": 0,
    "GDB_PRM": 0,
    "GDB_PRMEX": 0,
    "GPT_DATE": null,
    "GPT_USER": "",
    "ID": 31451,
    "IDENT_OBIE": "67860349",
    "ID_ISDP": 0,
    "ID_SPRAWY": 80561349,
    "ID_WARSTWY": "F19_STAN_PNT_OPIS",
    "ISDP_FID": "GDB$G_EOZ_ARCHEOLOGIA_EOZ_A.4d9eef0c-e1b5-557a-e055-000000000001",
    "ISTNIEJE": "",
    "KARTA_MAPY": "",
    "LOKALIZACJ": "",
    "MATERIAL": "",
    "NAZWA": "",
    "NUMER": "",
    "NUMER_EWID": "",
    "NUMER_REJ_": "",
    "OBREB": "",
    "REJESTR_TA": "EW_ARCHEOLOGIA",
    "RODZAJE_ZA": "",
    "RODZAJ_OBI": "",
    "RODZAJ_WLA": "",
    "STAN_ZACHO": "",
    "STATUS": "",
    "STYL_OBIEK": "",
    "SYMBOL_EWI": "",
    "SYMBOL_REJ": "",
    "UWAGI": "",
    "WIEK_CZ_PO": "",
    "WIEK_POWST": "",
    "WYDRUK_LIN": "",
    "ZAJETA_NA_": 1,
    "ZALACZNIKI": "http://172.16.11.22:8085/SOWA2-services/doc/print/65361999/0135.pdf",
    "ZDJECIE_1": "",
    "ZDJECIE_2": "",
    "ZDJECIE_3": "",
    "ZDJECIE_4": "",
    "ZDJECIE_5": "",
    "ZDJECIE_6": "",
    "ZDJECIE_7": "",
    "ZDJECIE_8": "",
    "ZWERYFIKOW": "",
    "ZWIAZANA_Z": 0
   },
   "type": "Feature"
  },
  {
   "geometry": {
    "coordinates": [
     19.935339,
     50.073187
    ],
    "type": "Point"
   },
   "id": 198,
   "properties": {
    "ADRES": "",
    "ATRYBUTY_O": "Nr stanowiska: 217",
    "BUDOWNICZY": "",
    "CHARAKTER": "",
    "DATA_WPISU": null,
    "DATA_WZNIE": "",
    "DZIELNICA": "",
    "FID": 198,
    "FUNKCJA_OB": "",
    "FUNKCJA_PI": "",
    "GDB_AREA": 0,
    "GDB_PRM": 0,
    "GDB_PRMEX": 0,
    "GPT_DATE": null,
    "GPT_USER": "",
    "ID": 31453,
    "IDENT_OBIE": "67860449",
    "ID_ISDP": 0,
    "ID_SPRAWY": 80561449,
    "ID_WARSTWY": "F19_STAN_PNT_OPIS",
    "ISDP_FID": "GDB$G_EOZ_ARCHEOLOGIA_EOZ_A.4d9eef0c-e1b6-557a-e055-000000000001",
    "ISTNIEJE": "",
    "KARTA_MAPY": "",
    "LOKALIZACJ": "",
    "MATERIAL": "",
    "NAZWA": "",
    "NUMER": "",
    "NUMER_EWID": "",
    "NUMER_REJ_": "",
    "OBREB": "",
    "REJESTR_TA": "EW_ARCHEOLOGIA",
    "RODZAJE_ZA": "",
    "RODZAJ_OBI": "",
    "RODZAJ_WLA": "",
    "STAN_ZACHO": "",
    "STATUS": "",
    "STYL_OBIEK": "",
    "SYMBOL_EWI": "",
    "SYMBOL_REJ": "",
    "UWAGI": "",
    "WIEK_CZ_PO": "",
    "WIEK_POWST": "",
    "WYDRUK_LIN": "",
    "ZAJETA_NA_": 1,
    "ZALACZNIKI": "http://172.16.11.22:8085/SOWA2-services/doc/print/65364199/0217.pdf",
    "ZDJECIE_1": "",
    "ZDJECIE_2": "",
    "ZDJECIE_3": "",
    "ZDJECIE_4": "",
    "ZDJECIE_5": "",
    "ZDJECIE_6": "",
    "ZDJECIE_7": "",
    "ZDJECIE_8": "",
    "ZWERYFIKOW": "",
    "ZWIAZANA_Z": 0
   },
   "type": "Feature"
  },
  {
   "geometry": {
    "coordinates": [
     19.907437,
     50.009269
    ],
    "type": "Point"
   },
   "id": 199,
   "properties": {
    "ADRES": "",
    "ATRYBUTY_O": "Nr stanowiska: 448",
    "BUDOWNICZY": "",
    "CHARAKTER": "",
    "DATA_WPISU": null,
    "DATA_WZNIE": "",
    "DZIELNICA": "",
    "FID": 199,
    "FUNKCJA_OB": "",
    "FUNKCJA_PI": "",
    "GDB_AREA": 0,
    "GDB_PRM": 0,
    "GDB_PRMEX": 0,
    "GPT_DATE": null,
    "GPT_USER": "",
    "ID": 31455,
    "IDENT_OBIE": "67860549",
    "ID_ISDP": 0,
    "ID_SPRAWY": 80561599,
    "ID_WARSTWY": "F19_STAN_PNT_OPIS",
    "ISDP_FID": "GDB$G_EOZ_ARCHEOLOGIA_EOZ_A.4d9eef0c-e1b7-557a-e055-000000000001",
    "ISTNIEJE": "",
    "KARTA_MAPY": "",
    "LOKALIZACJ": "",
    "MATERIAL": "",
    "NAZWA": "",
    "NUMER": "",
    "NUMER_EWID": "",
    "NUMER_REJ_": "",
    "OBREB": "",
    "REJESTR_TA": "EW_ARCHEOLOGIA",
    "RODZAJE_ZA": "",
    "RODZAJ_OBI": "",
    "RODZAJ_WLA": "",
    "STAN_ZACHO": "",
    "STATUS": "",
    "STYL_OBIEK": "",
    "SYMBOL_EWI": "",
    "SYMBOL_REJ": "",
    "UWAGI": "",
    "WIEK_CZ_PO": "",
    "WIEK_POWST": "",
    "WYDRUK_LIN": "",
    "ZAJETA_NA_": 1,
    "ZALACZNIKI": "http://172.16.11.22:8085/SOWA2-services/doc/print/65370699/0448.pdf",
    "ZDJECIE_1": "",
    "ZDJECIE_2": "",
    "ZDJECIE_3": "",
    "ZDJECIE_4": "",
    "ZDJECIE_5": "",
    "ZDJECIE_6": "",
    "ZDJECIE_7": "",
    "ZDJECIE_8": "",
    "ZWERYFIKOW": "",
    "ZWIAZANA_Z": 0
   },
   "type": "Feature"
  },
  {
   "geometry": {
    "coordinates": [
     19.901866,
     50.007838
    ],
    "type": "Point"
   },
   "id": 200,
   "properties": {
    "ADRES": "",
    "ATRYBUTY_O": "Nr stanowiska: 450",
    "BUDOWNICZY": "",
    "CHARAKTER": "",
    "DATA_WPISU": null,
    "DATA_WZNIE": "",
    "DZIELNICA": "",
    "FID": 200,
    "FUNKCJA_OB": "",
    "FUNKCJA_PI": "",
    "GDB_AREA": 0,
    "GDB_PRM": 0,
    "GDB_PRMEX": 0,
    "GPT_DATE": null,
    "GPT_USER": "",
    "ID": 31457,
    "IDENT_OBIE": "67860649",
    "ID_ISDP": 0,
    "ID_SPRAWY": 80561699,
    "ID_WARSTWY": "F19_STAN_PNT_OPIS",
    "ISDP_FID": "GDB$G_EOZ_ARCHEOLOGIA_EOZ_A.4d9eef0c-e1b8-557a-e055-000000000001",
    "ISTNIEJE": "",
    "KARTA_MAPY": "",
    "LOKALIZACJ": "",
    "MATERIAL": "",
    "NAZWA": "",
    "NUMER": "",
    "NUMER_EWID": "",
    "NUMER_REJ_": "",
    "OBREB": "",
    "REJESTR_TA": "EW_ARCHEOLOGIA",
    "RODZAJE_ZA": "",
    "RODZAJ_OBI": "",
    "RODZAJ_WLA": "",
    "STAN_ZACHO": "",
    "STATUS": "",
    "STYL_OBIEK": "",
    "SYMBOL_EWI": "",
    "SYMBOL_REJ": "",
    "UWAGI": "",
    "WIEK_CZ_PO": "",
    "WIEK_POWST": "",
    "WYDRUK_LIN": "",
    "ZAJETA_NA_": 1,
    "ZALACZNIKI": "http://172.16.11.22:8085/SOWA2-services/doc/print/65370799/0450.pdf",
    "ZDJECIE_1": "",
    "ZDJECIE_2": "",
    "ZDJECIE_3": "",
    "ZDJECIE_4": "",
    "ZDJECIE_5": "",
    "ZDJECIE_6": "",
    "ZDJECIE_7": "",
    "ZDJECIE_8": "",
    "ZWERYFIKOW": "",
    "ZWIAZANA_Z": 0
   },
   "type": "Feature"
  },
  {
   "geometry": {
    "coordinates": [
     19.880676,
     50.006862
    ],
    "type": "Point"
   },
   "id": 201,
   "properties": {
    "ADRES": "",
    "ATRYBUTY_O": "Nr stanowiska: 452",
    "BUDOWNICZY": "",
    "CHARAKTER": "",
    "DATA_WPISU": null,
    "DATA_WZNIE": "",
    "DZIELNICA": "",
    "FID": 201,
    "FUNKCJA_OB": "",
    "FUNKCJA_PI": "",
    "GDB_AREA": 0,
    "GDB_PRM": 0,
    "GDB_PRMEX": 0,
    "GPT_DATE": null,
    "GPT_USER": "",
    "ID": 31459,
    "IDENT_OBIE": "67860749",
    "ID_ISDP": 0,
    "ID_SPRAWY": 80562049,
    "ID_WARSTWY": "F19_STAN_PNT_OPIS",
    "ISDP_FID": "GDB$G_EOZ_ARCHEOLOGIA_EOZ_A.4d9eef0c-e1b9-557a-e055-000000000001",
    "ISTNIEJE": "",
    "KARTA_MAPY": "",
    "LOKALIZACJ": "",
    "MATERIAL": "",
    "NAZWA": "",
    "NUMER": "",
    "NUMER_EWID": "",
    "NUMER_REJ_": "",
    "OBREB": "",
    "REJESTR_TA": "EW_ARCHEOLOGIA",
    "RODZAJE_ZA": "",
    "RODZAJ_OBI": "",
    "RODZAJ_WLA": "",
    "STAN_ZACHO": "",
    "STATUS": "",
    "STYL_OBIEK": "",
    "SYMBOL_EWI": "",
    "SYMBOL_REJ": "",
    "UWAGI": "",
    "WIEK_CZ_PO": "",
    "WIEK_POWST": "",
    "WYDRUK_LIN": "",
    "ZAJETA_NA_": 1,
    "ZALACZNIKI": "http://172.16.11.22:8085/SOWA2-services/doc/print/65370899/0452.pdf",
    "ZDJECIE_1": "",
    "ZDJECIE_2": "",
    "ZDJECIE_3": "",
    "ZDJECIE_4": "",
    "ZDJECIE_5": "",
    "ZDJECIE_6": "",
    "ZDJECIE_7": "",
    "ZDJECIE_8": "",
    "ZWERYFIKOW": "",
    "ZWIAZANA_Z": 0
   },
   "type": "Feature"
  },
  {
   "geometry": {
    "coordinates": [
     19.886418,
     50.012337
    ],
    "type": "Point"
   },
   "id": 202,
   "properties": {
    "ADRES": "",
    "ATRYBUTY_O": "Nr stanowiska: 455",
    "BUDOWNICZY": "",
    "CHARAKTER": "",
    "DATA_WPISU": null,
    "DATA_WZNIE": "",
    "DZIELNICA": "",
    "FID": 202,
    "FUNKCJA_OB": "",
    "FUNKCJA_PI": "",
    "GDB_AREA": 0,
    "GDB_PRM": 0,
    "GDB_PRMEX": 0,
    "GPT_DATE": null,
    "GPT_USER": "",
    "ID": 31461,
    "IDENT_OBIE": "67860849",
    "ID_ISDP": 0,
    "ID_SPRAWY": 80562199,
    "ID_WARSTWY": "F19_STAN_PNT_OPIS",
    "ISDP_FID": "GDB$G_EOZ_ARCHEOLOGIA_EOZ_A.4d9eef0c-e1ba-557a-e055-000000000001",
    "ISTNIEJE": "",
    "KARTA_MAPY": "",
    "LOKALIZACJ": "",
    "MATERIAL": "",
    "NAZWA": "",
    "NUMER": "",
    "NUMER_EWID": "",
    "NUMER_REJ_": "",
    "OBREB": "",
    "REJESTR_TA": "EW_ARCHEOLOGIA",
    "RODZAJE_ZA": "",
    "RODZAJ_OBI": "",
    "RODZAJ_WLA": "",
    "STAN_ZACHO": "",
    "STATUS": "",
    "STYL_OBIEK": "",
    "SYMBOL_EWI": "",
    "SYMBOL_REJ": "",
    "UWAGI": "",
    "WIEK_CZ_PO": "",
    "WIEK_POWST": "",
    "WYDRUK_LIN": "",
    "ZAJETA_NA_": 1,
    "ZALACZNIKI": "http://172.16.11.22:8085/SOWA2-services/doc/print/65370999/0455.pdf",
    "ZDJECIE_1": "",
    "ZDJECIE_2": "",
    "ZDJECIE_3": "",
    "ZDJECIE_4": "",
    "ZDJECIE_5": "",
    "ZDJECIE_6": "",
    "ZDJECIE_7": "",
    "ZDJECIE_8": "",
    "ZWERYFIKOW": "",
    "ZWIAZANA_Z": 0
   },
   "type": "Feature"
  },
  {
   "geometry": {
    "coordinates": [
     19.889541,
     50.013897
    ],
    "type": "Point"
   },
   "id": 203,
   "properties": {
    "ADRES": "",
    "ATRYBUTY_O": "Nr stanowiska: 456",
    "BUDOWNICZY": "",
    "CHARAKTER": "",
    "DATA_WPISU": null,
    "DATA_WZNIE": "",
    "DZIELNICA": "",
    "FID": 203,
    "FUNKCJA_OB": "",
    "FUNKCJA_PI": "",
    "GDB_AREA": 0,
    "GDB_PRM": 0,
    "GDB_PRMEX": 0,
    "GPT_DATE": null,
    "GPT_USER": "",
    "ID": 31462,
    "IDENT_OBIE": "67860899",
    "ID_ISDP": 0,
    "ID_SPRAWY": 80562249,
    "ID_WARSTWY": "F19_STAN_PNT_OPIS",
    "ISDP_FID": "GDB$G_EOZ_ARCHEOLOGIA_EOZ_A.4d9eef0c-e1bb-557a-e055-000000000001",
    "ISTNIEJE": "",
    "KARTA_MAPY": "",
    "LOKALIZACJ": "",
    "MATERIAL": "",
    "NAZWA": "",
    "NUMER": "",
    "NUMER_EWID": "",
    "NUMER_REJ_": "",
    "OBREB": "",
    "REJESTR_TA": "EW_ARCHEOLOGIA",
    "RODZAJE_ZA": "",
    "RODZAJ_OBI": "",
    "RODZAJ_WLA": "",
    "STAN_ZACHO": "",
    "STATUS": "",
    "STYL_OBIEK": "",
    "SYMBOL_EWI": "",
    "SYMBOL_REJ": "",
    "UWAGI": "",
    "WIEK_CZ_PO": "",
    "WIEK_POWST": "",
    "WYDRUK_LIN": "",
    "ZAJETA_NA_": 1,
    "ZALACZNIKI": "http://172.16.11.22:8085/SOWA2-services/doc/print/65371049/0456.pdf",
    "ZDJECIE_1": "",
    "ZDJECIE_2": "",
    "ZDJECIE_3": "",
    "ZDJECIE_4": "",
    "ZDJECIE_5": "",
    "ZDJECIE_6": "",
    "ZDJECIE_7": "",
    "ZDJECIE_8": "",
    "ZWERYFIKOW": "",
    "ZWIAZANA_Z": 0
   },
   "type": "Feature"
  },
  {
   "geometry": {
    "coordinates": [
     19.904157,
     50.022084
    ],
    "type": "Point"
   },
   "id": 204,
   "properties": {
    "ADRES": "",
    "ATRYBUTY_O": "Nr stanowiska: 458",
    "BUDOWNICZY": "",
    "CHARAKTER": "",
    "DATA_WPISU": null,
    "DATA_WZNIE": "",
    "DZIELNICA": "",
    "FID": 204,
    "FUNKCJA_OB": "",
    "FUNKCJA_PI": "",
    "GDB_AREA": 0,
    "GDB_PRM": 0,
    "GDB_PRMEX": 0,
    "GPT_DATE": null,
    "GPT_USER": "",
    "ID": 31464,
    "IDENT_OBIE": "67860999",
    "ID_ISDP": 0,
    "ID_SPRAWY": 80562349,
    "ID_WARSTWY": "F19_STAN_PNT_OPIS",
    "ISDP_FID": "GDB$G_EOZ_ARCHEOLOGIA_EOZ_A.4d9eef0c-e1bc-557a-e055-000000000001",
    "ISTNIEJE": "",
    "KARTA_MAPY": "",
    "LOKALIZACJ": "",
    "MATERIAL": "",
    "NAZWA": "",
    "NUMER": "",
    "NUMER_EWID": "",
    "NUMER_REJ_": "",
    "OBREB": "",
    "REJESTR_TA": "EW_ARCHEOLOGIA",
    "RODZAJE_ZA": "",
    "RODZAJ_OBI": "",
    "RODZAJ_WLA": "",
    "STAN_ZACHO": "",
    "STATUS": "",
    "STYL_OBIEK": "",
    "SYMBOL_EWI": "",
    "SYMBOL_REJ": "",
    "UWAGI": "",
    "WIEK_CZ_PO": "",
    "WIEK_POWST": "",
    "WYDRUK_LIN": "",
    "ZAJETA_NA_": 1,
    "ZALACZNIKI": "http://172.16.11.22:8085/SOWA2-services/doc/print/65371149/0458.pdf",
    "ZDJECIE_1": "",
    "ZDJECIE_2": "",
    "ZDJECIE_3": "",
    "ZDJECIE_4": "",
    "ZDJECIE_5": "",
    "ZDJECIE_6": "",
    "ZDJECIE_7": "",
    "ZDJECIE_8": "",
    "ZWERYFIKOW": "",
    "ZWIAZANA_Z": 0
   },
   "type": "Feature"
  },
  {
   "geometry": {
    "coordinates": [
     19.904472,
     50.024247
    ],
    "type": "Point"
   },
   "id": 205,
   "properties": {
    "ADRES": "",
    "ATRYBUTY_O": "Nr stanowiska: 460",
    "BUDOWNICZY": "",
    "CHARAKTER": "",
    "DATA_WPISU": null,
    "DATA_WZNIE": "",
    "DZIELNICA": "",
    "FID": 205,
    "FUNKCJA_OB": "",
    "FUNKCJA_PI": "",
    "GDB_AREA": 0,
    "GDB_PRM": 0,
    "GDB_PRMEX": 0,
    "GPT_DATE": null,
    "GPT_USER": "",
    "ID": 31466,
    "IDENT_OBIE": "67861099",
    "ID_ISDP": 0,
    "ID_SPRAWY": 80562449,
    "ID_WARSTWY": "F19_STAN_PNT_OPIS",
    "ISDP_FID": "GDB$G_EOZ_ARCHEOLOGIA_EOZ_A.4d9eef0c-e1bd-557a-e055-000000000001",
    "ISTNIEJE": "",
    "KARTA_MAPY": "",
    "LOKALIZACJ": "",
    "MATERIAL": "",
    "NAZWA": "",
    "NUMER": "",
    "NUMER_EWID": "",
    "NUMER_REJ_": "",
    "OBREB": "",
    "REJESTR_TA": "EW_ARCHEOLOGIA",
    "RODZAJE_ZA": "",
    "RODZAJ_OBI": "",
    "RODZAJ_WLA": "",
    "STAN_ZACHO": "",
    "STATUS": "",
    "STYL_OBIEK": "",
    "SYMBOL_EWI": "",
    "SYMBOL_REJ": "",
    "UWAGI": "",
    "WIEK_CZ_PO": "",
    "WIEK_POWST": "",
    "WYDRUK_LIN": "",
    "ZAJETA_NA_": 1,
    "ZALACZNIKI": "http://172.16.11.22:8085/SOWA2-services/doc/print/65371249/0460.pdf",
    "ZDJECIE_1": "",
    "ZDJECIE_2": "",
    "ZDJECIE_3": "",
    "ZDJECIE_4": "",
    "ZDJECIE_5": "",
    "ZDJECIE_6": "",
    "ZDJECIE_7": "",
    "ZDJECIE_8": "",
    "ZWERYFIKOW": "",
    "ZWIAZANA_Z": 0
   },
   "type": "Feature"
  },
  {
   "geometry": {
    "coordinates": [
     19.90201,
     50.001114
    ],
    "type": "Point"
   },
   "id": 206,
   "properties": {
    "ADRES": "",
    "ATRYBUTY_O": "Nr stanowiska: 485",
    "BUDOWNICZY": "",
    "CHARAKTER": "",
    "DATA_WPISU": null,
    "DATA_WZNIE": "",
    "DZIELNICA": "",
    "FID": 206,
    "FUNKCJA_OB": "",
    "FUNKCJA_PI": "",
    "GDB_AREA": 0,
    "GDB_PRM": 0,
    "GDB_PRMEX": 0,
    "GPT_DATE": null,
    "GPT_USER": "",
    "ID": 31468,
    "IDENT_OBIE": "67861199",
    "ID_ISDP": 0,
    "ID_SPRAWY": 80562599,
    "ID_WARSTWY": "F19_STAN_PNT_OPIS",
    "ISDP_FID": "GDB$G_EOZ_ARCHEOLOGIA_EOZ_A.4d9eef0c-e1be-557a-e055-000000000001",
    "ISTNIEJE": "",
    "KARTA_MAPY": "",
    "LOKALIZACJ": "",
    "MATERIAL": "",
    "NAZWA": "",
    "NUMER": "",
    "NUMER_EWID": "",
    "NUMER_REJ_": "",
    "OBREB": "",
    "REJESTR_TA": "EW_ARCHEOLOGIA",
    "RODZAJE_ZA": "",
    "RODZAJ_OBI": "",
    "RODZAJ_WLA": "",
    "STAN_ZACHO": "",
    "STATUS": "",
    "STYL_OBIEK": "",
    "SYMBOL_EWI": "",
    "SYMBOL_REJ": "",
    "UWAGI": "",
    "WIEK_CZ_PO": "",
    "WIEK_POWST": "",
    "WYDRUK_LIN": "",
    "ZAJETA_NA_": 1,
    "ZALACZNIKI": "http://172.16.11.22:8085/SOWA2-services/doc/print/65372099/0485.pdf",
    "ZDJECIE_1": "",
    "ZDJECIE_2": "",
    "ZDJECIE_3": "",
    "ZDJECIE_4": "",
    "ZDJECIE_5": "",
    "ZDJECIE_6": "",
    "ZDJECIE_7": "",
    "ZDJECIE_8": "",
    "ZWERYFIKOW": "",
    "ZWIAZANA_Z": 0
   },
   "type": "Feature"
  },
  {
   "geometry": {
    "coordinates": [
     19.912543,
     50.052903
    ],
    "type": "Point"
   },
   "id": 207,
   "properties": {
    "ADRES": "",
    "ATRYBUTY_O": "Nr stanowiska: 90",
    "BUDOWNICZY": "",
    "CHARAKTER": "",
    "DATA_WPISU": null,
    "DATA_WZNIE": "",
    "DZIELNICA": "",
    "FID": 207,
    "FUNKCJA_OB": "",
    "FUNKCJA_PI": "",
    "GDB_AREA": 0,
    "GDB_PRM": 0,
    "GDB_PRMEX": 0,
    "GPT_DATE": null,
    "GPT_USER": "",
    "ID": 31803,
    "IDENT_OBIE": "67877949",
    "ID_ISDP": 0,
    "ID_SPRAWY": 80596749,
    "ID_WARSTWY": "F19_STAN_PNT_OPIS",
    "ISDP_FID": "GDB$G_EOZ_ARCHEOLOGIA_EOZ_A.4d9eef0c-e141-557a-e055-000000000001",
    "ISTNIEJE": "",
    "KARTA_MAPY": "",
    "LOKALIZACJ": "",
    "MATERIAL": "",
    "NAZWA": "",
    "NUMER": "",
    "NUMER_EWID": "",
    "NUMER_REJ_": "",
    "OBREB": "",
    "REJESTR_TA": "EW_ARCHEOLOGIA",
    "RODZAJE_ZA": "",
    "RODZAJ_OBI": "",
    "RODZAJ_WLA": "",
    "STAN_ZACHO": "",
    "STATUS": "",
    "STYL_OBIEK": "",
    "SYMBOL_EWI": "",
    "SYMBOL_REJ": "",
    "UWAGI": "",
    "WIEK_CZ_PO": "",
    "WIEK_POWST": "",
    "WYDRUK_LIN": "",
    "ZAJETA_NA_": 1,
    "ZALACZNIKI": "http://172.16.11.22:8085/SOWA2-services/doc/print/65360399/0090.pdf",
    "ZDJECIE_1": "",
    "ZDJECIE_2": "",
    "ZDJECIE_3": "",
    "ZDJECIE_4": "",
    "ZDJECIE_5": "",
    "ZDJECIE_6": "",
    "ZDJECIE_7": "",
    "ZDJECIE_8": "",
    "ZWERYFIKOW": "",
    "ZWIAZANA_Z": 0
   },
   "type": "Feature"
  },
  {
   "geometry": {
    "coordinates": [
     19.915985,
     50.051901
    ],
    "type": "Point"
   },
   "id": 208,
   "properties": {
    "ADRES": "",
    "ATRYBUTY_O": "Nr stanowiska: 91",
    "BUDOWNICZY": "",
    "CHARAKTER": "",
    "DATA_WPISU": null,
    "DATA_WZNIE": "",
    "DZIELNICA": "",
    "FID": 208,
    "FUNKCJA_OB": "",
    "FUNKCJA_PI": "",
    "GDB_AREA": 0,
    "GDB_PRM": 0,
    "GDB_PRMEX": 0,
    "GPT_DATE": null,
    "GPT_USER": "",
    "ID": 31804,
    "IDENT_OBIE": "67877999",
    "ID_ISDP": 0,
    "ID_SPRAWY": 80596799,
    "ID_WARSTWY": "F19_STAN_PNT_OPIS",
    "ISDP_FID": "GDB$G_EOZ_ARCHEOLOGIA_EOZ_A.4d9eef0c-e142-557a-e055-000000000001",
    "ISTNIEJE": "",
    "KARTA_MAPY": "",
    "LOKALIZACJ": "",
    "MATERIAL": "",
    "NAZWA": "",
    "NUMER": "",
    "NUMER_EWID": "",
    "NUMER_REJ_": "",
    "OBREB": "",
    "REJESTR_TA": "EW_ARCHEOLOGIA",
    "RODZAJE_ZA": "",
    "RODZAJ_OBI": "",
    "RODZAJ_WLA": "",
    "STAN_ZACHO": "",
    "STATUS": "",
    "STYL_OBIEK": "",
    "SYMBOL_EWI": "",
    "SYMBOL_REJ": "",
    "UWAGI": "",
    "WIEK_CZ_PO": "",
    "WIEK_POWST": "",
    "WYDRUK_LIN": "",
    "ZAJETA_NA_": 1,
    "ZALACZNIKI": "http://172.16.11.22:8085/SOWA2-services/doc/print/65360449/0091.pdf",
    "ZDJECIE_1": "",
    "ZDJECIE_2": "",
    "ZDJECIE_3": "",
    "ZDJECIE_4": "",
    "ZDJECIE_5": "",
    "ZDJECIE_6": "",
    "ZDJECIE_7": "",
    "ZDJECIE_8": "",
    "ZWERYFIKOW": "",
    "ZWIAZANA_Z": 0
   },
   "type": "Feature"
  },
  {
   "geometry": {
    "coordinates": [
     19.912268,
     50.051782
    ],
    "type": "Point"
   },
   "id": 209,
   "properties": {
    "ADRES": "",
    "ATRYBUTY_O": "Nr stanowiska: 93",
    "BUDOWNICZY": "",
    "CHARAKTER": "",
    "DATA_WPISU": null,
    "DATA_WZNIE": "",
    "DZIELNICA": "",
    "FID": 209,
    "FUNKCJA_OB": "",
    "FUNKCJA_PI": "",
    "GDB_AREA": 0,
    "GDB_PRM": 0,
    "GDB_PRMEX": 0,
    "GPT_DATE": null,
    "GPT_USER": "",
    "ID": 31806,
    "IDENT_OBIE": "67878099",
    "ID_ISDP": 0,
    "ID_SPRAWY": 80596899,
    "ID_WARSTWY": "F19_STAN_PNT_OPIS",
    "ISDP_FID": "GDB$G_EOZ_ARCHEOLOGIA_EOZ_A.4d9eef0c-e143-557a-e055-000000000001",
    "ISTNIEJE": "",
    "KARTA_MAPY": "",
    "LOKALIZACJ": "",
    "MATERIAL": "",
    "NAZWA": "",
    "NUMER": "",
    "NUMER_EWID": "",
    "NUMER_REJ_": "",
    "OBREB": "",
    "REJESTR_TA": "EW_ARCHEOLOGIA",
    "RODZAJE_ZA": "",
    "RODZAJ_OBI": "",
    "RODZAJ_WLA": "",
    "STAN_ZACHO": "",
    "STATUS": "",
    "STYL_OBIEK": "",
    "SYMBOL_EWI": "",
    "SYMBOL_REJ": "",
    "UWAGI": "",
    "WIEK_CZ_PO": "",
    "WIEK_POWST": "",
    "WYDRUK_LIN": "",
    "ZAJETA_NA_": 1,
    "ZALACZNIKI": "http://172.16.11.22:8085/SOWA2-services/doc/print/65360549/0093.pdf",
    "ZDJECIE_1": "",
    "ZDJECIE_2": "",
    "ZDJECIE_3": "",
    "ZDJECIE_4": "",
    "ZDJECIE_5": "",
    "ZDJECIE_6": "",
    "ZDJECIE_7": "",
    "ZDJECIE_8": "",
    "ZWERYFIKOW": "",
    "ZWIAZANA_Z": 0
   },
   "type": "Feature"
  },
  {
   "geometry": {
    "coordinates": [
     19.895898,
     50.048303
    ],
    "type": "Point"
   },
   "id": 210,
   "properties": {
    "ADRES": "",
    "ATRYBUTY_O": "Nr stanowiska: 95",
    "BUDOWNICZY": "",
    "CHARAKTER": "",
    "DATA_WPISU": null,
    "DATA_WZNIE": "",
    "DZIELNICA": "",
    "FID": 210,
    "FUNKCJA_OB": "",
    "FUNKCJA_PI": "",
    "GDB_AREA": 0,
    "GDB_PRM": 0,
    "GDB_PRMEX": 0,
    "GPT_DATE": null,
    "GPT_USER": "",
    "ID": 31808,
    "IDENT_OBIE": "67878199",
    "ID_ISDP": 0,
    "ID_SPRAWY": 80596999,
    "ID_WARSTWY": "F19_STAN_PNT_OPIS",
    "ISDP_FID": "GDB$G_EOZ_ARCHEOLOGIA_EOZ_A.4d9eef0c-e144-557a-e055-000000000001",
    "ISTNIEJE": "",
    "KARTA_MAPY": "",
    "LOKALIZACJ": "",
    "MATERIAL": "",
    "NAZWA": "",
    "NUMER": "",
    "NUMER_EWID": "",
    "NUMER_REJ_": "",
    "OBREB": "",
    "REJESTR_TA": "EW_ARCHEOLOGIA",
    "RODZAJE_ZA": "",
    "RODZAJ_OBI": "",
    "RODZAJ_WLA": "",
    "STAN_ZACHO": "",
    "STATUS": "",
    "STYL_OBIEK": "",
    "SYMBOL_EWI": "",
    "SYMBOL_REJ": "",
    "UWAGI": "",
    "WIEK_CZ_PO": "",
    "WIEK_POWST": "",
    "WYDRUK_LIN": "",
    "ZAJETA_NA_": 1,
    "ZALACZNIKI": "http://172.16.11.22:8085/SOWA2-services/doc/print/65360649/0095.pdf",
    "ZDJECIE_1": "",
    "ZDJECIE_2": "",
    "ZDJECIE_3": "",
    "ZDJECIE_4": "",
    "ZDJECIE_5": "",
    "ZDJECIE_6": "",
    "ZDJECIE_7": "",
    "ZDJECIE_8": "",
    "ZWERYFIKOW": "",
    "ZWIAZANA_Z": 0
   },
   "type": "Feature"
  },
  {
   "geometry": {
    "coordinates": [
     19.885425,
     50.062111
    ],
    "type": "Point"
   },
   "id": 211,
   "properties": {
    "ADRES": "",
    "ATRYBUTY_O": "Nr stanowiska: 97",
    "BUDOWNICZY": "",
    "CHARAKTER": "",
    "DATA_WPISU": null,
    "DATA_WZNIE": "",
    "DZIELNICA": "",
    "FID": 211,
    "FUNKCJA_OB": "",
    "FUNKCJA_PI": "",
    "GDB_AREA": 0,
    "GDB_PRM": 0,
    "GDB_PRMEX": 0,
    "GPT_DATE": null,
    "GPT_USER": "",
    "ID": 31810,
    "IDENT_OBIE": "67878299",
    "ID_ISDP": 0,
    "ID_SPRAWY": 80597099,
    "ID_WARSTWY": "F19_STAN_PNT_OPIS",
    "ISDP_FID": "GDB$G_EOZ_ARCHEOLOGIA_EOZ_A.4d9eef0c-e145-557a-e055-000000000001",
    "ISTNIEJE": "",
    "KARTA_MAPY": "",
    "LOKALIZACJ": "",
    "MATERIAL": "",
    "NAZWA": "",
    "NUMER": "",
    "NUMER_EWID": "",
    "NUMER_REJ_": "",
    "OBREB": "",
    "REJESTR_TA": "EW_ARCHEOLOGIA",
    "RODZAJE_ZA": "",
    "RODZAJ_OBI": "",
    "RODZAJ_WLA": "",
    "STAN_ZACHO": "",
    "STATUS": "",
    "STYL_OBIEK": "",
    "SYMBOL_EWI": "",
    "SYMBOL_REJ": "",
    "UWAGI": "",
    "WIEK_CZ_PO": "",
    "WIEK_POWST": "",
    "WYDRUK_LIN": "",
    "ZAJETA_NA_": 1,
    "ZALACZNIKI": "http://172.16.11.22:8085/SOWA2-services/doc/print/65360749/0097.pdf",
    "ZDJECIE_1": "",
    "ZDJECIE_2": "",
    "ZDJECIE_3": "",
    "ZDJECIE_4": "",
    "ZDJECIE_5": "",
    "ZDJECIE_6": "",
    "ZDJECIE_7": "",
    "ZDJECIE_8": "",
    "ZWERYFIKOW": "",
    "ZWIAZANA_Z": 0
   },
   "type": "Feature"
  },
  {
   "geometry": {
    "coordinates": [
     19.888218,
     50.063871
    ],
    "type": "Point"
   },
   "id": 212,
   "properties": {
    "ADRES": "",
    "ATRYBUTY_O": "Nr stanowiska: 98",
    "BUDOWNICZY": "",
    "CHARAKTER": "",
    "DATA_WPISU": null,
    "DATA_WZNIE": "",
    "DZIELNICA": "",
    "FID": 212,
    "FUNKCJA_OB": "",
    "FUNKCJA_PI": "",
    "GDB_AREA": 0,
    "GDB_PRM": 0,
    "GDB_PRMEX": 0,
    "GPT_DATE": null,
    "GPT_USER": "",
    "ID": 31811,
    "IDENT_OBIE": "67878349",
    "ID_ISDP": 0,
    "ID_SPRAWY": 80597149,
    "ID_WARSTWY": "F19_STAN_PNT_OPIS",
    "ISDP_FID": "GDB$G_EOZ_ARCHEOLOGIA_EOZ_A.4d9eef0c-e146-557a-e055-000000000001",
    "ISTNIEJE": "",
    "KARTA_MAPY": "",
    "LOKALIZACJ": "",
    "MATERIAL": "",
    "NAZWA": "",
    "NUMER": "",
    "NUMER_EWID": "",
    "NUMER_REJ_": "",
    "OBREB": "",
    "REJESTR_TA": "EW_ARCHEOLOGIA",
    "RODZAJE_ZA": "",
    "RODZAJ_OBI": "",
    "RODZAJ_WLA": "",
    "STAN_ZACHO": "",
    "STATUS": "",
    "STYL_OBIEK": "",
    "SYMBOL_EWI": "",
    "SYMBOL_REJ": "",
    "UWAGI": "",
    "WIEK_CZ_PO": "",
    "WIEK_POWST": "",
    "WYDRUK_LIN": "",
    "ZAJETA_NA_": 1,
    "ZALACZNIKI": "http://172.16.11.22:8085/SOWA2-services/doc/print/65360799/0098.pdf",
    "ZDJECIE_1": "",
    "ZDJECIE_2": "",
    "ZDJECIE_3": "",
    "ZDJECIE_4": "",
    "ZDJECIE_5": "",
    "ZDJECIE_6": "",
    "ZDJECIE_7": "",
    "ZDJECIE_8": "",
    "ZWERYFIKOW": "",
    "ZWIAZANA_Z": 0
   },
   "type": "Feature"
  },
  {
   "geometry": {
    "coordinates": [
     19.888572,
     50.048811
    ],
    "type": "Point"
   },
   "id": 213,
   "properties": {
    "ADRES": "",
    "ATRYBUTY_O": "Nr stanowiska: 132",
    "BUDOWNICZY": "",
    "CHARAKTER": "",
    "DATA_WPISU": null,
    "DATA_WZNIE": "",
    "DZIELNICA": "",
    "FID": 213,
    "FUNKCJA_OB": "",
    "FUNKCJA_PI": "",
    "GDB_AREA": 0,
    "GDB_PRM": 0,
    "GDB_PRMEX": 0,
    "GPT_DATE": null,
    "GPT_USER": "",
    "ID": 31813,
    "IDENT_OBIE": "67878449",
    "ID_ISDP": 0,
    "ID_SPRAWY": 80598199,
    "ID_WARSTWY": "F19_STAN_PNT_OPIS",
    "ISDP_FID": "GDB$G_EOZ_ARCHEOLOGIA_EOZ_A.4d9eef0c-e147-557a-e055-000000000001",
    "ISTNIEJE": "",
    "KARTA_MAPY": "",
    "LOKALIZACJ": "",
    "MATERIAL": "",
    "NAZWA": "",
    "NUMER": "",
    "NUMER_EWID": "",
    "NUMER_REJ_": "",
    "OBREB": "",
    "REJESTR_TA": "EW_ARCHEOLOGIA",
    "RODZAJE_ZA": "",
    "RODZAJ_OBI": "",
    "RODZAJ_WLA": "",
    "STAN_ZACHO": "",
    "STATUS": "",
    "STYL_OBIEK": "",
    "SYMBOL_EWI": "",
    "SYMBOL_REJ": "",
    "UWAGI": "",
    "WIEK_CZ_PO": "",
    "WIEK_POWST": "",
    "WYDRUK_LIN": "",
    "ZAJETA_NA_": 1,
    "ZALACZNIKI": "http://172.16.11.22:8085/SOWA2-services/doc/print/65361849/0132.pdf",
    "ZDJECIE_1": "",
    "ZDJECIE_2": "",
    "ZDJECIE_3": "",
    "ZDJECIE_4": "",
    "ZDJECIE_5": "",
    "ZDJECIE_6": "",
    "ZDJECIE_7": "",
    "ZDJECIE_8": "",
    "ZWERYFIKOW": "",
    "ZWIAZANA_Z": 0
   },
   "type": "Feature"
  },
  {
   "geometry": {
    "coordinates": [
     19.879603,
     50.060458
    ],
    "type": "Point"
   },
   "id": 214,
   "properties": {
    "ADRES": "",
    "ATRYBUTY_O": "Nr stanowiska: 134",
    "BUDOWNICZY": "",
    "CHARAKTER": "",
    "DATA_WPISU": null,
    "DATA_WZNIE": "",
    "DZIELNICA": "",
    "FID": 214,
    "FUNKCJA_OB": "",
    "FUNKCJA_PI": "",
    "GDB_AREA": 0,
    "GDB_PRM": 0,
    "GDB_PRMEX": 0,
    "GPT_DATE": null,
    "GPT_USER": "",
    "ID": 31815,
    "IDENT_OBIE": "67878549",
    "ID_ISDP": 0,
    "ID_SPRAWY": 80598299,
    "ID_WARSTWY": "F19_STAN_PNT_OPIS",
    "ISDP_FID": "GDB$G_EOZ_ARCHEOLOGIA_EOZ_A.4d9eef0c-e148-557a-e055-000000000001",
    "ISTNIEJE": "",
    "KARTA_MAPY": "",
    "LOKALIZACJ": "",
    "MATERIAL": "",
    "NAZWA": "",
    "NUMER": "",
    "NUMER_EWID": "",
    "NUMER_REJ_": "",
    "OBREB": "",
    "REJESTR_TA": "EW_ARCHEOLOGIA",
    "RODZAJE_ZA": "",
    "RODZAJ_OBI": "",
    "RODZAJ_WLA": "",
    "STAN_ZACHO": "",
    "STATUS": "",
    "STYL_OBIEK": "",
    "SYMBOL_EWI": "",
    "SYMBOL_REJ": "",
    "UWAGI": "",
    "WIEK_CZ_PO": "",
    "WIEK_POWST": "",
    "WYDRUK_LIN": "",
    "ZAJETA_NA_": 1,
    "ZALACZNIKI": "http://172.16.11.22:8085/SOWA2-services/doc/print/65361949/0134.pdf",
    "ZDJECIE_1": "",
    "ZDJECIE_2": "",
    "ZDJECIE_3": "",
    "ZDJECIE_4": "",
    "ZDJECIE_5": "",
    "ZDJECIE_6": "",
    "ZDJECIE_7": "",
    "ZDJECIE_8": "",
    "ZWERYFIKOW": "",
    "ZWIAZANA_Z": 0
   },
   "type": "Feature"
  },
  {
   "geometry": {
    "coordinates": [
     19.947932,
     50.100523
    ],
    "type": "Point"
   },
   "id": 215,
   "properties": {
    "ADRES": "",
    "ATRYBUTY_O": "Nr stanowiska: 35",
    "BUDOWNICZY": "",
    "CHARAKTER": "",
    "DATA_WPISU": null,
    "DATA_WZNIE": "",
    "DZIELNICA": "",
    "FID": 215,
    "FUNKCJA_OB": "",
    "FUNKCJA_PI": "",
    "GDB_AREA": 0,
    "GDB_PRM": 0,
    "GDB_PRMEX": 0,
    "GPT_DATE": null,
    "GPT_USER": "",
    "ID": 31759,
    "IDENT_OBIE": "67875749",
    "ID_ISDP": 0,
    "ID_SPRAWY": 80592499,
    "ID_WARSTWY": "F19_STAN_PNT_OPIS",
    "ISDP_FID": "GDB$G_EOZ_ARCHEOLOGIA_EOZ_A.4d9eef0c-e149-557a-e055-000000000001",
    "ISTNIEJE": "",
    "KARTA_MAPY": "",
    "LOKALIZACJ": "",
    "MATERIAL": "",
    "NAZWA": "",
    "NUMER": "",
    "NUMER_EWID": "",
    "NUMER_REJ_": "",
    "OBREB": "",
    "REJESTR_TA": "EW_ARCHEOLOGIA",
    "RODZAJE_ZA": "",
    "RODZAJ_OBI": "",
    "RODZAJ_WLA": "",
    "STAN_ZACHO": "",
    "STATUS": "",
    "STYL_OBIEK": "",
    "SYMBOL_EWI": "",
    "SYMBOL_REJ": "",
    "UWAGI": "",
    "WIEK_CZ_PO": "",
    "WIEK_POWST": "",
    "WYDRUK_LIN": "",
    "ZAJETA_NA_": 1,
    "ZALACZNIKI": "http://172.16.11.22:8085/SOWA2-services/doc/print/65357899/0035.pdf",
    "ZDJECIE_1": "",
    "ZDJECIE_2": "",
    "ZDJECIE_3": "",
    "ZDJECIE_4": "",
    "ZDJECIE_5": "",
    "ZDJECIE_6": "",
    "ZDJECIE_7": "",
    "ZDJECIE_8": "",
    "ZWERYFIKOW": "",
    "ZWIAZANA_Z": 0
   },
   "type": "Feature"
  },
  {
   "geometry": {
    "coordinates": [
     19.933692,
     50.113128
    ],
    "type": "Point"
   },
   "id": 216,
   "properties": {
    "ADRES": "",
    "ATRYBUTY_O": "Nr stanowiska: 37",
    "BUDOWNICZY": "",
    "CHARAKTER": "",
    "DATA_WPISU": null,
    "DATA_WZNIE": "",
    "DZIELNICA": "",
    "FID": 216,
    "FUNKCJA_OB": "",
    "FUNKCJA_PI": "",
    "GDB_AREA": 0,
    "GDB_PRM": 0,
    "GDB_PRMEX": 0,
    "GPT_DATE": null,
    "GPT_USER": "",
    "ID": 31761,
    "IDENT_OBIE": "67875849",
    "ID_ISDP": 0,
    "ID_SPRAWY": 80592599,
    "ID_WARSTWY": "F19_STAN_PNT_OPIS",
    "ISDP_FID": "GDB$G_EOZ_ARCHEOLOGIA_EOZ_A.4d9eef0c-e14a-557a-e055-000000000001",
    "ISTNIEJE": "",
    "KARTA_MAPY": "",
    "LOKALIZACJ": "",
    "MATERIAL": "",
    "NAZWA": "",
    "NUMER": "",
    "NUMER_EWID": "",
    "NUMER_REJ_": "",
    "OBREB": "",
    "REJESTR_TA": "EW_ARCHEOLOGIA",
    "RODZAJE_ZA": "",
    "RODZAJ_OBI": "",
    "RODZAJ_WLA": "",
    "STAN_ZACHO": "",
    "STATUS": "",
    "STYL_OBIEK": "",
    "SYMBOL_EWI": "",
    "SYMBOL_REJ": "",
    "UWAGI": "",
    "WIEK_CZ_PO": "",
    "WIEK_POWST": "",
    "WYDRUK_LIN": "",
    "ZAJETA_NA_": 1,
    "ZALACZNIKI": "http://172.16.11.22:8085/SOWA2-services/doc/print/65357999/0037.pdf",
    "ZDJECIE_1": "",
    "ZDJECIE_2": "",
    "ZDJECIE_3": "",
    "ZDJECIE_4": "",
    "ZDJECIE_5": "",
    "ZDJECIE_6": "",
    "ZDJECIE_7": "",
    "ZDJECIE_8": "",
    "ZWERYFIKOW": "",
    "ZWIAZANA_Z": 0
   },
   "type": "Feature"
  },
  {
   "geometry": {
    "coordinates": [
     19.943525,
     50.112613
    ],
    "type": "Point"
   },
   "id": 217,
   "properties": {
    "ADRES": "",
    "ATRYBUTY_O": "Nr stanowiska: 41",
    "BUDOWNICZY": "",
    "CHARAKTER": "",
    "DATA_WPISU": null,
    "DATA_WZNIE": "",
    "DZIELNICA": "",
    "FID": 217,
    "FUNKCJA_OB": "",
    "FUNKCJA_PI": "",
    "GDB_AREA": 0,
    "GDB_PRM": 0,
    "GDB_PRMEX": 0,
    "GPT_DATE": null,
    "GPT_USER": "",
    "ID": 31764,
    "IDENT_OBIE": "67875999",
    "ID_ISDP": 0,
    "ID_SPRAWY": 80592799,
    "ID_WARSTWY": "F19_STAN_PNT_OPIS",
    "ISDP_FID": "GDB$G_EOZ_ARCHEOLOGIA_EOZ_A.4d9eef0c-e14b-557a-e055-000000000001",
    "ISTNIEJE": "",
    "KARTA_MAPY": "",
    "LOKALIZACJ": "",
    "MATERIAL": "",
    "NAZWA": "",
    "NUMER": "",
    "NUMER_EWID": "",
    "NUMER_REJ_": "",
    "OBREB": "",
    "REJESTR_TA": "EW_ARCHEOLOGIA",
    "RODZAJE_ZA": "",
    "RODZAJ_OBI": "",
    "RODZAJ_WLA": "",
    "STAN_ZACHO": "",
    "STATUS": "",
    "STYL_OBIEK": "",
    "SYMBOL_EWI": "",
    "SYMBOL_REJ": "",
    "UWAGI": "",
    "WIEK_CZ_PO": "",
    "WIEK_POWST": "",
    "WYDRUK_LIN": "",
    "ZAJETA_NA_": 1,
    "ZALACZNIKI": "http://172.16.11.22:8085/SOWA2-services/doc/print/65358149/0041.pdf",
    "ZDJECIE_1": "",
    "ZDJECIE_2": "",
    "ZDJECIE_3": "",
    "ZDJECIE_4": "",
    "ZDJECIE_5": "",
    "ZDJECIE_6": "",
    "ZDJECIE_7": "",
    "ZDJECIE_8": "",
    "ZWERYFIKOW": "",
    "ZWIAZANA_Z": 0
   },
   "type": "Feature"
  },
  {
   "geometry": {
    "coordinates": [
     19.938623,
     50.107115
    ],
    "type": "Point"
   },
   "id": 218,
   "properties": {
    "ADRES": "",
    "ATRYBUTY_O": "Nr stanowiska: 43",
    "BUDOWNICZY": "",
    "CHARAKTER": "",
    "DATA_WPISU": null,
    "DATA_WZNIE": "",
    "DZIELNICA": "",
    "FID": 218,
    "FUNKCJA_OB": "",
    "FUNKCJA_PI": "",
    "GDB_AREA": 0,
    "GDB_PRM": 0,
    "GDB_PRMEX": 0,
    "GPT_DATE": null,
    "GPT_USER": "",
    "ID": 31766,
    "IDENT_OBIE": "67876099",
    "ID_ISDP": 0,
    "ID_SPRAWY": 80592899,
    "ID_WARSTWY": "F19_STAN_PNT_OPIS",
    "ISDP_FID": "GDB$G_EOZ_ARCHEOLOGIA_EOZ_A.4d9eef0c-e14c-557a-e055-000000000001",
    "ISTNIEJE": "",
    "KARTA_MAPY": "",
    "LOKALIZACJ": "",
    "MATERIAL": "",
    "NAZWA": "",
    "NUMER": "",
    "NUMER_EWID": "",
    "NUMER_REJ_": "",
    "OBREB": "",
    "REJESTR_TA": "EW_ARCHEOLOGIA",
    "RODZAJE_ZA": "",
    "RODZAJ_OBI": "",
    "RODZAJ_WLA": "",
    "STAN_ZACHO": "",
    "STATUS": "",
    "STYL_OBIEK": "",
    "SYMBOL_EWI": "",
    "SYMBOL_REJ": "",
    "UWAGI": "",
    "WIEK_CZ_PO": "",
    "WIEK_POWST": "",
    "WYDRUK_LIN": "",
    "ZAJETA_NA_": 1,
    "ZALACZNIKI": "http://172.16.11.22:8085/SOWA2-services/doc/print/65358249/0043.pdf",
    "ZDJECIE_1": "",
    "ZDJECIE_2": "",
    "ZDJECIE_3": "",
    "ZDJECIE_4": "",
    "ZDJECIE_5": "",
    "ZDJECIE_6": "",
    "ZDJECIE_7": "",
    "ZDJECIE_8": "",
    "ZWERYFIKOW": "",
    "ZWIAZANA_Z": 0
   },
   "type": "Feature"
  },
  {
   "geometry": {
    "coordinates": [
     19.940346,
     50.100845
    ],
    "type": "Point"
   },
   "id": 219,
   "properties": {
    "ADRES": "",
    "ATRYBUTY_O": "Nr stanowiska: 51",
    "BUDOWNICZY": "",
    "CHARAKTER": "",
    "DATA_WPISU": null,
    "DATA_WZNIE": "",
    "DZIELNICA": "",
    "FID": 219,
    "FUNKCJA_OB": "",
    "FUNKCJA_PI": "",
    "GDB_AREA": 0,
    "GDB_PRM": 0,
    "GDB_PRMEX": 0,
    "GPT_DATE": null,
    "GPT_USER": "",
    "ID": 31768,
    "IDENT_OBIE": "67876199",
    "ID_ISDP": 0,
    "ID_SPRAWY": 80593049,
    "ID_WARSTWY": "F19_STAN_PNT_OPIS",
    "ISDP_FID": "GDB$G_EOZ_ARCHEOLOGIA_EOZ_A.4d9eef0c-e14d-557a-e055-000000000001",
    "ISTNIEJE": "",
    "KARTA_MAPY": "",
    "LOKALIZACJ": "",
    "MATERIAL": "",
    "NAZWA": "",
    "NUMER": "",
    "NUMER_EWID": "",
    "NUMER_REJ_": "",
    "OBREB": "",
    "REJESTR_TA": "EW_ARCHEOLOGIA",
    "RODZAJE_ZA": "",
    "RODZAJ_OBI": "",
    "RODZAJ_WLA": "",
    "STAN_ZACHO": "",
    "STATUS": "",
    "STYL_OBIEK": "",
    "SYMBOL_EWI": "",
    "SYMBOL_REJ": "",
    "UWAGI": "",
    "WIEK_CZ_PO": "",
    "WIEK_POWST": "",
    "WYDRUK_LIN": "",
    "ZAJETA_NA_": 1,
    "ZALACZNIKI": "http://172.16.11.22:8085/SOWA2-services/doc/print/65358549/0051.pdf",
    "ZDJECIE_1": "",
    "ZDJECIE_2": "",
    "ZDJECIE_3": "",
    "ZDJECIE_4": "",
    "ZDJECIE_5": "",
    "ZDJECIE_6": "",
    "ZDJECIE_7": "",
    "ZDJECIE_8": "",
    "ZWERYFIKOW": "",
    "ZWIAZANA_Z": 0
   },
   "type": "Feature"
  },
  {
   "geometry": {
    "coordinates": [
     19.934342,
     50.092035
    ],
    "type": "Point"
   },
   "id": 220,
   "properties": {
    "ADRES": "",
    "ATRYBUTY_O": "Nr stanowiska: 63",
    "BUDOWNICZY": "",
    "CHARAKTER": "",
    "DATA_WPISU": null,
    "DATA_WZNIE": "",
    "DZIELNICA": "",
    "FID": 220,
    "FUNKCJA_OB": "",
    "FUNKCJA_PI": "",
    "GDB_AREA": 0,
    "GDB_PRM": 0,
    "GDB_PRMEX": 0,
    "GPT_DATE": null,
    "GPT_USER": "",
    "ID": 31486,
    "IDENT_OBIE": "67862099",
    "ID_ISDP": 0,
    "ID_SPRAWY": 80564499,
    "ID_WARSTWY": "F19_STAN_PNT_OPIS",
    "ISDP_FID": "GDB$G_EOZ_ARCHEOLOGIA_EOZ_A.4d9eef0c-e14e-557a-e055-000000000001",
    "ISTNIEJE": "",
    "KARTA_MAPY": "",
    "LOKALIZACJ": "",
    "MATERIAL": "",
    "NAZWA": "",
    "NUMER": "",
    "NUMER_EWID": "",
    "NUMER_REJ_": "",
    "OBREB": "",
    "REJESTR_TA": "EW_ARCHEOLOGIA",
    "RODZAJE_ZA": "",
    "RODZAJ_OBI": "",
    "RODZAJ_WLA": "",
    "STAN_ZACHO": "",
    "STATUS": "",
    "STYL_OBIEK": "",
    "SYMBOL_EWI": "",
    "SYMBOL_REJ": "",
    "UWAGI": "",
    "WIEK_CZ_PO": "",
    "WIEK_POWST": "",
    "WYDRUK_LIN": "",
    "ZAJETA_NA_": 1,
    "ZALACZNIKI": "http://172.16.11.22:8085/SOWA2-services/doc/print/65359149/0063.pdf",
    "ZDJECIE_1": "",
    "ZDJECIE_2": "",
    "ZDJECIE_3": "",
    "ZDJECIE_4": "",
    "ZDJECIE_5": "",
    "ZDJECIE_6": "",
    "ZDJECIE_7": "",
    "ZDJECIE_8": "",
    "ZWERYFIKOW": "",
    "ZWIAZANA_Z": 0
   },
   "type": "Feature"
  },
  {
   "geometry": {
    "coordinates": [
     19.935299,
     50.07467
    ],
    "type": "Point"
   },
   "id": 221,
   "properties": {
    "ADRES": "",
    "ATRYBUTY_O": "Nr stanowiska: 65",
    "BUDOWNICZY": "",
    "CHARAKTER": "",
    "DATA_WPISU": null,
    "DATA_WZNIE": "",
    "DZIELNICA": "",
    "FID": 221,
    "FUNKCJA_OB": "",
    "FUNKCJA_PI": "",
    "GDB_AREA": 0,
    "GDB_PRM": 0,
    "GDB_PRMEX": 0,
    "GPT_DATE": null,
    "GPT_USER": "",
    "ID": 31488,
    "IDENT_OBIE": "67862199",
    "ID_ISDP": 0,
    "ID_SPRAWY": 80564649,
    "ID_WARSTWY": "F19_STAN_PNT_OPIS",
    "ISDP_FID": "GDB$G_EOZ_ARCHEOLOGIA_EOZ_A.4d9eef0c-e14f-557a-e055-000000000001",
    "ISTNIEJE": "",
    "KARTA_MAPY": "",
    "LOKALIZACJ": "",
    "MATERIAL": "",
    "NAZWA": "",
    "NUMER": "",
    "NUMER_EWID": "",
    "NUMER_REJ_": "",
    "OBREB": "",
    "REJESTR_TA": "EW_ARCHEOLOGIA",
    "RODZAJE_ZA": "",
    "RODZAJ_OBI": "",
    "RODZAJ_WLA": "",
    "STAN_ZACHO": "",
    "STATUS": "",
    "STYL_OBIEK": "",
    "SYMBOL_EWI": "",
    "SYMBOL_REJ": "",
    "UWAGI": "",
    "WIEK_CZ_PO": "",
    "WIEK_POWST": "",
    "WYDRUK_LIN": "",
    "ZAJETA_NA_": 1,
    "ZALACZNIKI": "http://172.16.11.22:8085/SOWA2-services/doc/print/65359249/0065.pdf",
    "ZDJECIE_1": "",
    "ZDJECIE_2": "",
    "ZDJECIE_3": "",
    "ZDJECIE_4": "",
    "ZDJECIE_5": "",
    "ZDJECIE_6": "",
    "ZDJECIE_7": "",
    "ZDJECIE_8": "",
    "ZWERYFIKOW": "",
    "ZWIAZANA_Z": 0
   },
   "type": "Feature"
  },
  {
   "geometry": {
    "coordinates": [
     19.951418,
     50.058539
    ],
    "type": "Point"
   },
   "id": 222,
   "properties": {
    "ADRES": "",
    "ATRYBUTY_O": "Nr stanowiska: 71",
    "BUDOWNICZY": "",
    "CHARAKTER": "",
    "DATA_WPISU": null,
    "DATA_WZNIE": "",
    "DZIELNICA": "",
    "FID": 222,
    "FUNKCJA_OB": "",
    "FUNKCJA_PI": "",
    "GDB_AREA": 0,
    "GDB_PRM": 0,
    "GDB_PRMEX": 0,
    "GPT_DATE": null,
    "GPT_USER": "",
    "ID": 31443,
    "IDENT_OBIE": "67859949",
    "ID_ISDP": 0,
    "ID_SPRAWY": 80560499,
    "ID_WARSTWY": "F19_STAN_PNT_OPIS",
    "ISDP_FID": "GDB$G_EOZ_ARCHEOLOGIA_EOZ_A.4d9eef0c-e150-557a-e055-000000000001",
    "ISTNIEJE": "",
    "KARTA_MAPY": "",
    "LOKALIZACJ": "",
    "MATERIAL": "",
    "NAZWA": "",
    "NUMER": "",
    "NUMER_EWID": "",
    "NUMER_REJ_": "",
    "OBREB": "",
    "REJESTR_TA": "EW_ARCHEOLOGIA",
    "RODZAJE_ZA": "",
    "RODZAJ_OBI": "",
    "RODZAJ_WLA": "",
    "STAN_ZACHO": "",
    "STATUS": "",
    "STYL_OBIEK": "",
    "SYMBOL_EWI": "",
    "SYMBOL_REJ": "",
    "UWAGI": "",
    "WIEK_CZ_PO": "",
    "WIEK_POWST": "",
    "WYDRUK_LIN": "",
    "ZAJETA_NA_": 1,
    "ZALACZNIKI": "http://172.16.11.22:8085/SOWA2-services/doc/print/65359549/0071.pdf",
    "ZDJECIE_1": "",
    "ZDJECIE_2": "",
    "ZDJECIE_3": "",
    "ZDJECIE_4": "",
    "ZDJECIE_5": "",
    "ZDJECIE_6": "",
    "ZDJECIE_7": "",
    "ZDJECIE_8": "",
    "ZWERYFIKOW": "",
    "ZWIAZANA_Z": 0
   },
   "type": "Feature"
  },
  {
   "geometry": {
    "coordinates": [
     19.960796,
     50.065235
    ],
    "type": "Point"
   },
   "id": 223,
   "properties": {
    "ADRES": "",
    "ATRYBUTY_O": "Nr stanowiska: 73",
    "BUDOWNICZY": "",
    "CHARAKTER": "",
    "DATA_WPISU": null,
    "DATA_WZNIE": "",
    "DZIELNICA": "",
    "FID": 223,
    "FUNKCJA_OB": "",
    "FUNKCJA_PI": "",
    "GDB_AREA": 0,
    "GDB_PRM": 0,
    "GDB_PRMEX": 0,
    "GPT_DATE": null,
    "GPT_USER": "",
    "ID": 31445,
    "IDENT_OBIE": "67860049",
    "ID_ISDP": 0,
    "ID_SPRAWY": 80560649,
    "ID_WARSTWY": "F19_STAN_PNT_OPIS",
    "ISDP_FID": "GDB$G_EOZ_ARCHEOLOGIA_EOZ_A.4d9eef0c-e151-557a-e055-000000000001",
    "ISTNIEJE": "",
    "KARTA_MAPY": "",
    "LOKALIZACJ": "",
    "MATERIAL": "",
    "NAZWA": "",
    "NUMER": "",
    "NUMER_EWID": "",
    "NUMER_REJ_": "",
    "OBREB": "",
    "REJESTR_TA": "EW_ARCHEOLOGIA",
    "RODZAJE_ZA": "",
    "RODZAJ_OBI": "",
    "RODZAJ_WLA": "",
    "STAN_ZACHO": "",
    "STATUS": "",
    "STYL_OBIEK": "",
    "SYMBOL_EWI": "",
    "SYMBOL_REJ": "",
    "UWAGI": "",
    "WIEK_CZ_PO": "",
    "WIEK_POWST": "",
    "WYDRUK_LIN": "",
    "ZAJETA_NA_": 1,
    "ZALACZNIKI": "http://172.16.11.22:8085/SOWA2-services/doc/print/65359649/0073.pdf",
    "ZDJECIE_1": "",
    "ZDJECIE_2": "",
    "ZDJECIE_3": "",
    "ZDJECIE_4": "",
    "ZDJECIE_5": "",
    "ZDJECIE_6": "",
    "ZDJECIE_7": "",
    "ZDJECIE_8": "",
    "ZWERYFIKOW": "",
    "ZWIAZANA_Z": 0
   },
   "type": "Feature"
  },
  {
   "geometry": {
    "coordinates": [
     19.929877,
     50.053668
    ],
    "type": "Point"
   },
   "id": 224,
   "properties": {
    "ADRES": "",
    "ATRYBUTY_O": "Nr stanowiska: 77",
    "BUDOWNICZY": "",
    "CHARAKTER": "",
    "DATA_WPISU": null,
    "DATA_WZNIE": "",
    "DZIELNICA": "",
    "FID": 224,
    "FUNKCJA_OB": "",
    "FUNKCJA_PI": "",
    "GDB_AREA": 0,
    "GDB_PRM": 0,
    "GDB_PRMEX": 0,
    "GPT_DATE": null,
    "GPT_USER": "",
    "ID": 31438,
    "IDENT_OBIE": "67859699",
    "ID_ISDP": 0,
    "ID_SPRAWY": 80559849,
    "ID_WARSTWY": "F19_STAN_PNT_OPIS",
    "ISDP_FID": "GDB$G_EOZ_ARCHEOLOGIA_EOZ_A.4d9eef0c-e152-557a-e055-000000000001",
    "ISTNIEJE": "",
    "KARTA_MAPY": "",
    "LOKALIZACJ": "",
    "MATERIAL": "",
    "NAZWA": "",
    "NUMER": "",
    "NUMER_EWID": "",
    "NUMER_REJ_": "",
    "OBREB": "",
    "REJESTR_TA": "EW_ARCHEOLOGIA",
    "RODZAJE_ZA": "",
    "RODZAJ_OBI": "",
    "RODZAJ_WLA": "",
    "STAN_ZACHO": "",
    "STATUS": "",
    "STYL_OBIEK": "",
    "SYMBOL_EWI": "",
    "SYMBOL_REJ": "",
    "UWAGI": "",
    "WIEK_CZ_PO": "",
    "WIEK_POWST": "",
    "WYDRUK_LIN": "",
    "ZAJETA_NA_": 1,
    "ZALACZNIKI": "http://172.16.11.22:8085/SOWA2-services/doc/print/65359849/0077.pdf",
    "ZDJECIE_1": "",
    "ZDJECIE_2": "",
    "ZDJECIE_3": "",
    "ZDJECIE_4": "",
    "ZDJECIE_5": "",
    "ZDJECIE_6": "",
    "ZDJECIE_7": "",
    "ZDJECIE_8": "",
    "ZWERYFIKOW": "",
    "ZWIAZANA_Z": 0
   },
   "type": "Feature"
  },
  {
   "geometry": {
    "coordinates": [
     19.898646,
     50.052981
    ],
    "type": "Point"
   },
   "id": 225,
   "properties": {
    "ADRES": "",
    "ATRYBUTY_O": "Nr stanowiska: 86",
    "BUDOWNICZY": "",
    "CHARAKTER": "",
    "DATA_WPISU": null,
    "DATA_WZNIE": "",
    "DZIELNICA": "",
    "FID": 225,
    "FUNKCJA_OB": "",
    "FUNKCJA_PI": "",
    "GDB_AREA": 0,
    "GDB_PRM": 0,
    "GDB_PRMEX": 0,
    "GPT_DATE": null,
    "GPT_USER": "",
    "ID": 31800,
    "IDENT_OBIE": "67877799",
    "ID_ISDP": 0,
    "ID_SPRAWY": 80596549,
    "ID_WARSTWY": "F19_STAN_PNT_OPIS",
    "ISDP_FID": "GDB$G_EOZ_ARCHEOLOGIA_EOZ_A.4d9eef0c-e153-557a-e055-000000000001",
    "ISTNIEJE": "",
    "KARTA_MAPY": "",
    "LOKALIZACJ": "",
    "MATERIAL": "",
    "NAZWA": "",
    "NUMER": "",
    "NUMER_EWID": "",
    "NUMER_REJ_": "",
    "OBREB": "",
    "REJESTR_TA": "EW_ARCHEOLOGIA",
    "RODZAJE_ZA": "",
    "RODZAJ_OBI": "",
    "RODZAJ_WLA": "",
    "STAN_ZACHO": "",
    "STATUS": "",
    "STYL_OBIEK": "",
    "SYMBOL_EWI": "",
    "SYMBOL_REJ": "",
    "UWAGI": "",
    "WIEK_CZ_PO": "",
    "WIEK_POWST": "",
    "WYDRUK_LIN": "",
    "ZAJETA_NA_": 1,
    "ZALACZNIKI": "http://172.16.11.22:8085/SOWA2-services/doc/print/65360249/0086.pdf",
    "ZDJECIE_1": "",
    "ZDJECIE_2": "",
    "ZDJECIE_3": "",
    "ZDJECIE_4": "",
    "ZDJECIE_5": "",
    "ZDJECIE_6": "",
    "ZDJECIE_7": "",
    "ZDJECIE_8": "",
    "ZWERYFIKOW": "",
    "ZWIAZANA_Z": 0
   },
   "type": "Feature"
  },
  {
   "geometry": {
    "coordinates": [
     19.91293,
     50.052457
    ],
    "type": "Point"
   },
   "id": 226,
   "properties": {
    "ADRES": "",
    "ATRYBUTY_O": "Nr stanowiska: 89",
    "BUDOWNICZY": "",
    "CHARAKTER": "",
    "DATA_WPISU": null,
    "DATA_WZNIE": "",
    "DZIELNICA": "",
    "FID": 226,
    "FUNKCJA_OB": "",
    "FUNKCJA_PI": "",
    "GDB_AREA": 0,
    "GDB_PRM": 0,
    "GDB_PRMEX": 0,
    "GPT_DATE": null,
    "GPT_USER": "",
    "ID": 31802,
    "IDENT_OBIE": "67877899",
    "ID_ISDP": 0,
    "ID_SPRAWY": 80596699,
    "ID_WARSTWY": "F19_STAN_PNT_OPIS",
    "ISDP_FID": "GDB$G_EOZ_ARCHEOLOGIA_EOZ_A.4d9eef0c-e154-557a-e055-000000000001",
    "ISTNIEJE": "",
    "KARTA_MAPY": "",
    "LOKALIZACJ": "",
    "MATERIAL": "",
    "NAZWA": "",
    "NUMER": "",
    "NUMER_EWID": "",
    "NUMER_REJ_": "",
    "OBREB": "",
    "REJESTR_TA": "EW_ARCHEOLOGIA",
    "RODZAJE_ZA": "",
    "RODZAJ_OBI": "",
    "RODZAJ_WLA": "",
    "STAN_ZACHO": "",
    "STATUS": "",
    "STYL_OBIEK": "",
    "SYMBOL_EWI": "",
    "SYMBOL_REJ": "",
    "UWAGI": "",
    "WIEK_CZ_PO": "",
    "WIEK_POWST": "",
    "WYDRUK_LIN": "",
    "ZAJETA_NA_": 1,
    "ZALACZNIKI": "http://172.16.11.22:8085/SOWA2-services/doc/print/65360349/0089.pdf",
    "ZDJECIE_1": "",
    "ZDJECIE_2": "",
    "ZDJECIE_3": "",
    "ZDJECIE_4": "",
    "ZDJECIE_5": "",
    "ZDJECIE_6": "",
    "ZDJECIE_7": "",
    "ZDJECIE_8": "",
    "ZWERYFIKOW": "",
    "ZWIAZANA_Z": 0
   },
   "type": "Feature"
  },
  {
   "geometry": {
    "coordinates": [
     19.915489,
     50.051581
    ],
    "type": "Point"
   },
   "id": 227,
   "properties": {
    "ADRES": "",
    "ATRYBUTY_O": "Nr stanowiska: 92",
    "BUDOWNICZY": "",
    "CHARAKTER": "",
    "DATA_WPISU": null,
    "DATA_WZNIE": "",
    "DZIELNICA": "",
    "FID": 227,
    "FUNKCJA_OB": "",
    "FUNKCJA_PI": "",
    "GDB_AREA": 0,
    "GDB_PRM": 0,
    "GDB_PRMEX": 0,
    "GPT_DATE": null,
    "GPT_USER": "",
    "ID": 31805,
    "IDENT_OBIE": "67878049",
    "ID_ISDP": 0,
    "ID_SPRAWY": 80596849,
    "ID_WARSTWY": "F19_STAN_PNT_OPIS",
    "ISDP_FID": "GDB$G_EOZ_ARCHEOLOGIA_EOZ_A.4d9eef0c-e155-557a-e055-000000000001",
    "ISTNIEJE": "",
    "KARTA_MAPY": "",
    "LOKALIZACJ": "",
    "MATERIAL": "",
    "NAZWA": "",
    "NUMER": "",
    "NUMER_EWID": "",
    "NUMER_REJ_": "",
    "OBREB": "",
    "REJESTR_TA": "EW_ARCHEOLOGIA",
    "RODZAJE_ZA": "",
    "RODZAJ_OBI": "",
    "RODZAJ_WLA": "",
    "STAN_ZACHO": "",
    "STATUS": "",
    "STYL_OBIEK": "",
    "SYMBOL_EWI": "",
    "SYMBOL_REJ": "",
    "UWAGI": "",
    "WIEK_CZ_PO": "",
    "WIEK_POWST": "",
    "WYDRUK_LIN": "",
    "ZAJETA_NA_": 1,
    "ZALACZNIKI": "http://172.16.11.22:8085/SOWA2-services/doc/print/65360499/0092.pdf",
    "ZDJECIE_1": "",
    "ZDJECIE_2": "",
    "ZDJECIE_3": "",
    "ZDJECIE_4": "",
    "ZDJECIE_5": "",
    "ZDJECIE_6": "",
    "ZDJECIE_7": "",
    "ZDJECIE_8": "",
    "ZWERYFIKOW": "",
    "ZWIAZANA_Z": 0
   },
   "type": "Feature"
  },
  {
   "geometry": {
    "coordinates": [
     19.905413,
     50.050342
    ],
    "type": "Point"
   },
   "id": 228,
   "properties": {
    "ADRES": "",
    "ATRYBUTY_O": "Nr stanowiska: 94",
    "BUDOWNICZY": "",
    "CHARAKTER": "",
    "DATA_WPISU": null,
    "DATA_WZNIE": "",
    "DZIELNICA": "",
    "FID": 228,
    "FUNKCJA_OB": "",
    "FUNKCJA_PI": "",
    "GDB_AREA": 0,
    "GDB_PRM": 0,
    "GDB_PRMEX": 0,
    "GPT_DATE": null,
    "GPT_USER": "",
    "ID": 31807,
    "IDENT_OBIE": "67878149",
    "ID_ISDP": 0,
    "ID_SPRAWY": 80596949,
    "ID_WARSTWY": "F19_STAN_PNT_OPIS",
    "ISDP_FID": "GDB$G_EOZ_ARCHEOLOGIA_EOZ_A.4d9eef0c-e156-557a-e055-000000000001",
    "ISTNIEJE": "",
    "KARTA_MAPY": "",
    "LOKALIZACJ": "",
    "MATERIAL": "",
    "NAZWA": "",
    "NUMER": "",
    "NUMER_EWID": "",
    "NUMER_REJ_": "",
    "OBREB": "",
    "REJESTR_TA": "EW_ARCHEOLOGIA",
    "RODZAJE_ZA": "",
    "RODZAJ_OBI": "",
    "RODZAJ_WLA": "",
    "STAN_ZACHO": "",
    "STATUS": "",
    "STYL_OBIEK": "",
    "SYMBOL_EWI": "",
    "SYMBOL_REJ": "",
    "UWAGI": "",
    "WIEK_CZ_PO": "",
    "WIEK_POWST": "",
    "WYDRUK_LIN": "",
    "ZAJETA_NA_": 1,
    "ZALACZNIKI": "http://172.16.11.22:8085/SOWA2-services/doc/print/65360599/0094.pdf",
    "ZDJECIE_1": "",
    "ZDJECIE_2": "",
    "ZDJECIE_3": "",
    "ZDJECIE_4": "",
    "ZDJECIE_5": "",
    "ZDJECIE_6": "",
    "ZDJECIE_7": "",
    "ZDJECIE_8": "",
    "ZWERYFIKOW": "",
    "ZWIAZANA_Z": 0
   },
   "type": "Feature"
  },
  {
   "geometry": {
    "coordinates": [
     19.884688,
     50.060541
    ],
    "type": "Point"
   },
   "id": 229,
   "properties": {
    "ADRES": "",
    "ATRYBUTY_O": "Nr stanowiska: 96",
    "BUDOWNICZY": "",
    "CHARAKTER": "",
    "DATA_WPISU": null,
    "DATA_WZNIE": "",
    "DZIELNICA": "",
    "FID": 229,
    "FUNKCJA_OB": "",
    "FUNKCJA_PI": "",
    "GDB_AREA": 0,
    "GDB_PRM": 0,
    "GDB_PRMEX": 0,
    "GPT_DATE": null,
    "GPT_USER": "",
    "ID": 31809,
    "IDENT_OBIE": "67878249",
    "ID_ISDP": 0,
    "ID_SPRAWY": 80597049,
    "ID_WARSTWY": "F19_STAN_PNT_OPIS",
    "ISDP_FID": "GDB$G_EOZ_ARCHEOLOGIA_EOZ_A.4d9eef0c-e157-557a-e055-000000000001",
    "ISTNIEJE": "",
    "KARTA_MAPY": "",
    "LOKALIZACJ": "",
    "MATERIAL": "",
    "NAZWA": "",
    "NUMER": "",
    "NUMER_EWID": "",
    "NUMER_REJ_": "",
    "OBREB": "",
    "REJESTR_TA": "EW_ARCHEOLOGIA",
    "RODZAJE_ZA": "",
    "RODZAJ_OBI": "",
    "RODZAJ_WLA": "",
    "STAN_ZACHO": "",
    "STATUS": "",
    "STYL_OBIEK": "",
    "SYMBOL_EWI": "",
    "SYMBOL_REJ": "",
    "UWAGI": "",
    "WIEK_CZ_PO": "",
    "WIEK_POWST": "",
    "WYDRUK_LIN": "",
    "ZAJETA_NA_": 1,
    "ZALACZNIKI": "http://172.16.11.22:8085/SOWA2-services/doc/print/65360699/0096.pdf",
    "ZDJECIE_1": "",
    "ZDJECIE_2": "",
    "ZDJECIE_3": "",
    "ZDJECIE_4": "",
    "ZDJECIE_5": "",
    "ZDJECIE_6": "",
    "ZDJECIE_7": "",
    "ZDJECIE_8": "",
    "ZWERYFIKOW": "",
    "ZWIAZANA_Z": 0
   },
   "type": "Feature"
  },
  {
   "geometry": {
    "coordinates": [
     19.890613,
     50.060918
    ],
    "type": "Point"
   },
   "id": 230,
   "properties": {
    "ADRES": "",
    "ATRYBUTY_O": "Nr stanowiska: 99",
    "BUDOWNICZY": "",
    "CHARAKTER": "",
    "DATA_WPISU": null,
    "DATA_WZNIE": "",
    "DZIELNICA": "",
    "FID": 230,
    "FUNKCJA_OB": "",
    "FUNKCJA_PI": "",
    "GDB_AREA": 0,
    "GDB_PRM": 0,
    "GDB_PRMEX": 0,
    "GPT_DATE": null,
    "GPT_USER": "",
    "ID": 31812,
    "IDENT_OBIE": "67878399",
    "ID_ISDP": 0,
    "ID_SPRAWY": 80597199,
    "ID_WARSTWY": "F19_STAN_PNT_OPIS",
    "ISDP_FID": "GDB$G_EOZ_ARCHEOLOGIA_EOZ_A.4d9eef0c-e158-557a-e055-000000000001",
    "ISTNIEJE": "",
    "KARTA_MAPY": "",
    "LOKALIZACJ": "",
    "MATERIAL": "",
    "NAZWA": "",
    "NUMER": "",
    "NUMER_EWID": "",
    "NUMER_REJ_": "",
    "OBREB": "",
    "REJESTR_TA": "EW_ARCHEOLOGIA",
    "RODZAJE_ZA": "",
    "RODZAJ_OBI": "",
    "RODZAJ_WLA": "",
    "STAN_ZACHO": "",
    "STATUS": "",
    "STYL_OBIEK": "",
    "SYMBOL_EWI": "",
    "SYMBOL_REJ": "",
    "UWAGI": "",
    "WIEK_CZ_PO": "",
    "WIEK_POWST": "",
    "WYDRUK_LIN": "",
    "ZAJETA_NA_": 1,
    "ZALACZNIKI": "http://172.16.11.22:8085/SOWA2-services/doc/print/65360849/0099.pdf",
    "ZDJECIE_1": "",
    "ZDJECIE_2": "",
    "ZDJECIE_3": "",
    "ZDJECIE_4": "",
    "ZDJECIE_5": "",
    "ZDJECIE_6": "",
    "ZDJECIE_7": "",
    "ZDJECIE_8": "",
    "ZWERYFIKOW": "",
    "ZWIAZANA_Z": 0
   },
   "type": "Feature"
  },
  {
   "geometry": {
    "coordinates": [
     19.889362,
     50.074645
    ],
    "type": "Point"
   },
   "id": 231,
   "properties": {
    "ADRES": "",
    "ATRYBUTY_O": "Nr stanowiska: 106",
    "BUDOWNICZY": "",
    "CHARAKTER": "",
    "DATA_WPISU": null,
    "DATA_WZNIE": "",
    "DZIELNICA": "",
    "FID": 231,
    "FUNKCJA_OB": "",
    "FUNKCJA_PI": "",
    "GDB_AREA": 0,
    "GDB_PRM": 0,
    "GDB_PRMEX": 0,
    "GPT_DATE": null,
    "GPT_USER": "",
    "ID": 31401,
    "IDENT_OBIE": "67857849",
    "ID_ISDP": 0,
    "ID_SPRAWY": 80556199,
    "ID_WARSTWY": "F19_STAN_PNT_OPIS",
    "ISDP_FID": "GDB$G_EOZ_ARCHEOLOGIA_EOZ_A.4d9eef0c-e159-557a-e055-000000000001",
    "ISTNIEJE": "",
    "KARTA_MAPY": "",
    "LOKALIZACJ": "",
    "MATERIAL": "",
    "NAZWA": "",
    "NUMER": "",
    "NUMER_EWID": "",
    "NUMER_REJ_": "",
    "OBREB": "",
    "REJESTR_TA": "EW_ARCHEOLOGIA",
    "RODZAJE_ZA": "",
    "RODZAJ_OBI": "",
    "RODZAJ_WLA": "",
    "STAN_ZACHO": "",
    "STATUS": "",
    "STYL_OBIEK": "",
    "SYMBOL_EWI": "",
    "SYMBOL_REJ": "",
    "UWAGI": "",
    "WIEK_CZ_PO": "",
    "WIEK_POWST": "",
    "WYDRUK_LIN": "",
    "ZAJETA_NA_": 1,
    "ZALACZNIKI": "http://172.16.11.22:8085/SOWA2-services/doc/print/65361149/0106.pdf",
    "ZDJECIE_1": "",
    "ZDJECIE_2": "",
    "ZDJECIE_3": "",
    "ZDJECIE_4": "",
    "ZDJECIE_5": "",
    "ZDJECIE_6": "",
    "ZDJECIE_7": "",
    "ZDJECIE_8": "",
    "ZWERYFIKOW": "",
    "ZWIAZANA_Z": 0
   },
   "type": "Feature"
  },
  {
   "geometry": {
    "coordinates": [
     19.943891,
     50.092339
    ],
    "type": "Point"
   },
   "id": 232,
   "properties": {
    "ADRES": "",
    "ATRYBUTY_O": "Nr stanowiska: 108",
    "BUDOWNICZY": "",
    "CHARAKTER": "",
    "DATA_WPISU": null,
    "DATA_WZNIE": "",
    "DZIELNICA": "",
    "FID": 232,
    "FUNKCJA_OB": "",
    "FUNKCJA_PI": "",
    "GDB_AREA": 0,
    "GDB_PRM": 0,
    "GDB_PRMEX": 0,
    "GPT_DATE": null,
    "GPT_USER": "",
    "ID": 31618,
    "IDENT_OBIE": "67868699",
    "ID_ISDP": 0,
    "ID_SPRAWY": 80578249,
    "ID_WARSTWY": "F19_STAN_PNT_OPIS",
    "ISDP_FID": "GDB$G_EOZ_ARCHEOLOGIA_EOZ_A.4d9eef0c-e15a-557a-e055-000000000001",
    "ISTNIEJE": "",
    "KARTA_MAPY": "",
    "LOKALIZACJ": "",
    "MATERIAL": "",
    "NAZWA": "",
    "NUMER": "",
    "NUMER_EWID": "",
    "NUMER_REJ_": "",
    "OBREB": "",
    "REJESTR_TA": "EW_ARCHEOLOGIA",
    "RODZAJE_ZA": "",
    "RODZAJ_OBI": "",
    "RODZAJ_WLA": "",
    "STAN_ZACHO": "",
    "STATUS": "",
    "STYL_OBIEK": "",
    "SYMBOL_EWI": "",
    "SYMBOL_REJ": "",
    "UWAGI": "",
    "WIEK_CZ_PO": "",
    "WIEK_POWST": "",
    "WYDRUK_LIN": "",
    "ZAJETA_NA_": 1,
    "ZALACZNIKI": "http://172.16.11.22:8085/SOWA2-services/doc/print/65361199/0108.pdf",
    "ZDJECIE_1": "",
    "ZDJECIE_2": "",
    "ZDJECIE_3": "",
    "ZDJECIE_4": "",
    "ZDJECIE_5": "",
    "ZDJECIE_6": "",
    "ZDJECIE_7": "",
    "ZDJECIE_8": "",
    "ZWERYFIKOW": "",
    "ZWIAZANA_Z": 0
   },
   "type": "Feature"
  },
  {
   "geometry": {
    "coordinates": [
     19.934195,
     50.09672
    ],
    "type": "Point"
   },
   "id": 233,
   "properties": {
    "ADRES": "",
    "ATRYBUTY_O": "Nr stanowiska: 110",
    "BUDOWNICZY": "",
    "CHARAKTER": "",
    "DATA_WPISU": null,
    "DATA_WZNIE": "",
    "DZIELNICA": "",
    "FID": 233,
    "FUNKCJA_OB": "",
    "FUNKCJA_PI": "",
    "GDB_AREA": 0,
    "GDB_PRM": 0,
    "GDB_PRMEX": 0,
    "GPT_DATE": null,
    "GPT_USER": "",
    "ID": 31614,
    "IDENT_OBIE": "67868499",
    "ID_ISDP": 0,
    "ID_SPRAWY": 80577999,
    "ID_WARSTWY": "F19_STAN_PNT_OPIS",
    "ISDP_FID": "GDB$G_EOZ_ARCHEOLOGIA_EOZ_A.4d9eef0c-e15b-557a-e055-000000000001",
    "ISTNIEJE": "",
    "KARTA_MAPY": "",
    "LOKALIZACJ": "",
    "MATERIAL": "",
    "NAZWA": "",
    "NUMER": "",
    "NUMER_EWID": "",
    "NUMER_REJ_": "",
    "OBREB": "",
    "REJESTR_TA": "EW_ARCHEOLOGIA",
    "RODZAJE_ZA": "",
    "RODZAJ_OBI": "",
    "RODZAJ_WLA": "",
    "STAN_ZACHO": "",
    "STATUS": "",
    "STYL_OBIEK": "",
    "SYMBOL_EWI": "",
    "SYMBOL_REJ": "",
    "UWAGI": "",
    "WIEK_CZ_PO": "",
    "WIEK_POWST": "",
    "WYDRUK_LIN": "",
    "ZAJETA_NA_": 1,
    "ZALACZNIKI": "http://172.16.11.22:8085/SOWA2-services/doc/print/65361299/0110.pdf",
    "ZDJECIE_1": "",
    "ZDJECIE_2": "",
    "ZDJECIE_3": "",
    "ZDJECIE_4": "",
    "ZDJECIE_5": "",
    "ZDJECIE_6": "",
    "ZDJECIE_7": "",
    "ZDJECIE_8": "",
    "ZWERYFIKOW": "",
    "ZWIAZANA_Z": 0
   },
   "type": "Feature"
  },
  {
   "geometry": {
    "coordinates": [
     19.880117,
     50.050636
    ],
    "type": "Point"
   },
   "id": 234,
   "properties": {
    "ADRES": "",
    "ATRYBUTY_O": "Nr stanowiska: 119",
    "BUDOWNICZY": "",
    "CHARAKTER": "",
    "DATA_WPISU": null,
    "DATA_WZNIE": "",
    "DZIELNICA": "",
    "FID": 234,
    "FUNKCJA_OB": "",
    "FUNKCJA_PI": "",
    "GDB_AREA": 0,
    "GDB_PRM": 0,
    "GDB_PRMEX": 0,
    "GPT_DATE": null,
    "GPT_USER": "",
    "ID": 31626,
    "IDENT_OBIE": "67869099",
    "ID_ISDP": 0,
    "ID_SPRAWY": 80579249,
    "ID_WARSTWY": "F19_STAN_PNT_OPIS",
    "ISDP_FID": "GDB$G_EOZ_ARCHEOLOGIA_EOZ_A.4d9eef0c-e15c-557a-e055-000000000001",
    "ISTNIEJE": "",
    "KARTA_MAPY": "",
    "LOKALIZACJ": "",
    "MATERIAL": "",
    "NAZWA": "",
    "NUMER": "",
    "NUMER_EWID": "",
    "NUMER_REJ_": "",
    "OBREB": "",
    "REJESTR_TA": "EW_ARCHEOLOGIA",
    "RODZAJE_ZA": "",
    "RODZAJ_OBI": "",
    "RODZAJ_WLA": "",
    "STAN_ZACHO": "",
    "STATUS": "",
    "STYL_OBIEK": "",
    "SYMBOL_EWI": "",
    "SYMBOL_REJ": "",
    "UWAGI": "",
    "WIEK_CZ_PO": "",
    "WIEK_POWST": "",
    "WYDRUK_LIN": "",
    "ZAJETA_NA_": 1,
    "ZALACZNIKI": "http://172.16.11.22:8085/SOWA2-services/doc/print/65361499/0119.pdf",
    "ZDJECIE_1": "",
    "ZDJECIE_2": "",
    "ZDJECIE_3": "",
    "ZDJECIE_4": "",
    "ZDJECIE_5": "",
    "ZDJECIE_6": "",
    "ZDJECIE_7": "",
    "ZDJECIE_8": "",
    "ZWERYFIKOW": "",
    "ZWIAZANA_Z": 0
   },
   "type": "Feature"
  },
  {
   "geometry": {
    "coordinates": [
     19.870644,
     50.056709
    ],
    "type": "Point"
   },
   "id": 235,
   "properties": {
    "ADRES": "",
    "ATRYBUTY_O": "Nr stanowiska: 129",
    "BUDOWNICZY": "",
    "CHARAKTER": "",
    "DATA_WPISU": null,
    "DATA_WZNIE": "",
    "DZIELNICA": "",
    "FID": 235,
    "FUNKCJA_OB": "",
    "FUNKCJA_PI": "",
    "GDB_AREA": 0,
    "GDB_PRM": 0,
    "GDB_PRMEX": 0,
    "GPT_DATE": null,
    "GPT_USER": "",
    "ID": 31772,
    "IDENT_OBIE": "67876399",
    "ID_ISDP": 0,
    "ID_SPRAWY": 80593499,
    "ID_WARSTWY": "F19_STAN_PNT_OPIS",
    "ISDP_FID": "GDB$G_EOZ_ARCHEOLOGIA_EOZ_A.4d9eef0c-e15d-557a-e055-000000000001",
    "ISTNIEJE": "",
    "KARTA_MAPY": "",
    "LOKALIZACJ": "",
    "MATERIAL": "",
    "NAZWA": "",
    "NUMER": "",
    "NUMER_EWID": "",
    "NUMER_REJ_": "",
    "OBREB": "",
    "REJESTR_TA": "EW_ARCHEOLOGIA",
    "RODZAJE_ZA": "",
    "RODZAJ_OBI": "",
    "RODZAJ_WLA": "",
    "STAN_ZACHO": "",
    "STATUS": "",
    "STYL_OBIEK": "",
    "SYMBOL_EWI": "",
    "SYMBOL_REJ": "",
    "UWAGI": "",
    "WIEK_CZ_PO": "",
    "WIEK_POWST": "",
    "WYDRUK_LIN": "",
    "ZAJETA_NA_": 1,
    "ZALACZNIKI": "http://172.16.11.22:8085/SOWA2-services/doc/print/65361699/0129.pdf",
    "ZDJECIE_1": "",
    "ZDJECIE_2": "",
    "ZDJECIE_3": "",
    "ZDJECIE_4": "",
    "ZDJECIE_5": "",
    "ZDJECIE_6": "",
    "ZDJECIE_7": "",
    "ZDJECIE_8": "",
    "ZWERYFIKOW": "",
    "ZWIAZANA_Z": 0
   },
   "type": "Feature"
  },
  {
   "geometry": {
    "coordinates": [
     19.872082,
     50.067229
    ],
    "type": "Point"
   },
   "id": 236,
   "properties": {
    "ADRES": "",
    "ATRYBUTY_O": "Nr stanowiska: 131",
    "BUDOWNICZY": "",
    "CHARAKTER": "",
    "DATA_WPISU": null,
    "DATA_WZNIE": "",
    "DZIELNICA": "",
    "FID": 236,
    "FUNKCJA_OB": "",
    "FUNKCJA_PI": "",
    "GDB_AREA": 0,
    "GDB_PRM": 0,
    "GDB_PRMEX": 0,
    "GPT_DATE": null,
    "GPT_USER": "",
    "ID": 31774,
    "IDENT_OBIE": "67876499",
    "ID_ISDP": 0,
    "ID_SPRAWY": 80593599,
    "ID_WARSTWY": "F19_STAN_PNT_OPIS",
    "ISDP_FID": "GDB$G_EOZ_ARCHEOLOGIA_EOZ_A.4d9eef0c-e15e-557a-e055-000000000001",
    "ISTNIEJE": "",
    "KARTA_MAPY": "",
    "LOKALIZACJ": "",
    "MATERIAL": "",
    "NAZWA": "",
    "NUMER": "",
    "NUMER_EWID": "",
    "NUMER_REJ_": "",
    "OBREB": "",
    "REJESTR_TA": "EW_ARCHEOLOGIA",
    "RODZAJE_ZA": "",
    "RODZAJ_OBI": "",
    "RODZAJ_WLA": "",
    "STAN_ZACHO": "",
    "STATUS": "",
    "STYL_OBIEK": "",
    "SYMBOL_EWI": "",
    "SYMBOL_REJ": "",
    "UWAGI": "",
    "WIEK_CZ_PO": "",
    "WIEK_POWST": "",
    "WYDRUK_LIN": "",
    "ZAJETA_NA_": 1,
    "ZALACZNIKI": "http://172.16.11.22:8085/SOWA2-services/doc/print/65361799/0131.pdf",
    "ZDJECIE_1": "",
    "ZDJECIE_2": "",
    "ZDJECIE_3": "",
    "ZDJECIE_4": "",
    "ZDJECIE_5": "",
    "ZDJECIE_6": "",
    "ZDJECIE_7": "",
    "ZDJECIE_8": "",
    "ZWERYFIKOW": "",
    "ZWIAZANA_Z": 0
   },
   "type": "Feature"
  },
  {
   "geometry": {
    "coordinates": [
     19.881543,
     50.049748
    ],
    "type": "Point"
   },
   "id": 237,
   "properties": {
    "ADRES": "",
    "ATRYBUTY_O": "Nr stanowiska: 133",
    "BUDOWNICZY": "",
    "CHARAKTER": "",
    "DATA_WPISU": null,
    "DATA_WZNIE": "",
    "DZIELNICA": "",
    "FID": 237,
    "FUNKCJA_OB": "",
    "FUNKCJA_PI": "",
    "GDB_AREA": 0,
    "GDB_PRM": 0,
    "GDB_PRMEX": 0,
    "GPT_DATE": null,
    "GPT_USER": "",
    "ID": 31814,
    "IDENT_OBIE": "67878499",
    "ID_ISDP": 0,
    "ID_SPRAWY": 80598249,
    "ID_WARSTWY": "F19_STAN_PNT_OPIS",
    "ISDP_FID": "GDB$G_EOZ_ARCHEOLOGIA_EOZ_A.4d9eef0c-e15f-557a-e055-000000000001",
    "ISTNIEJE": "",
    "KARTA_MAPY": "",
    "LOKALIZACJ": "",
    "MATERIAL": "",
    "NAZWA": "",
    "NUMER": "",
    "NUMER_EWID": "",
    "NUMER_REJ_": "",
    "OBREB": "",
    "REJESTR_TA": "EW_ARCHEOLOGIA",
    "RODZAJE_ZA": "",
    "RODZAJ_OBI": "",
    "RODZAJ_WLA": "",
    "STAN_ZACHO": "",
    "STATUS": "",
    "STYL_OBIEK": "",
    "SYMBOL_EWI": "",
    "SYMBOL_REJ": "",
    "UWAGI": "",
    "WIEK_CZ_PO": "",
    "WIEK_POWST": "",
    "WYDRUK_LIN": "",
    "ZAJETA_NA_": 1,
    "ZALACZNIKI": "http://172.16.11.22:8085/SOWA2-services/doc/print/65361899/0133.pdf",
    "ZDJECIE_1": "",
    "ZDJECIE_2": "",
    "ZDJECIE_3": "",
    "ZDJECIE_4": "",
    "ZDJECIE_5": "",
    "ZDJECIE_6": "",
    "ZDJECIE_7": "",
    "ZDJECIE_8": "",
    "ZWERYFIKOW": "",
    "ZWIAZANA_Z": 0
   },
   "type": "Feature"
  },
  {
   "geometry": {
    "coordinates": [
     19.955177,
     50.064232
    ],
    "type": "Point"
   },
   "id": 238,
   "properties": {
    "ADRES": "",
    "ATRYBUTY_O": "Nr stanowiska: 142",
    "BUDOWNICZY": "",
    "CHARAKTER": "",
    "DATA_WPISU": null,
    "DATA_WZNIE": "",
    "DZIELNICA": "",
    "FID": 238,
    "FUNKCJA_OB": "",
    "FUNKCJA_PI": "",
    "GDB_AREA": 0,
    "GDB_PRM": 0,
    "GDB_PRMEX": 0,
    "GPT_DATE": null,
    "GPT_USER": "",
    "ID": 31746,
    "IDENT_OBIE": "67875099",
    "ID_ISDP": 0,
    "ID_SPRAWY": 80591299,
    "ID_WARSTWY": "F19_STAN_PNT_OPIS",
    "ISDP_FID": "GDB$G_EOZ_ARCHEOLOGIA_EOZ_A.4d9eef0c-e160-557a-e055-000000000001",
    "ISTNIEJE": "",
    "KARTA_MAPY": "",
    "LOKALIZACJ": "",
    "MATERIAL": "",
    "NAZWA": "",
    "NUMER": "",
    "NUMER_EWID": "",
    "NUMER_REJ_": "",
    "OBREB": "",
    "REJESTR_TA": "EW_ARCHEOLOGIA",
    "RODZAJE_ZA": "",
    "RODZAJ_OBI": "",
    "RODZAJ_WLA": "",
    "STAN_ZACHO": "",
    "STATUS": "",
    "STYL_OBIEK": "",
    "SYMBOL_EWI": "",
    "SYMBOL_REJ": "",
    "UWAGI": "",
    "WIEK_CZ_PO": "",
    "WIEK_POWST": "",
    "WYDRUK_LIN": "",
    "ZAJETA_NA_": 1,
    "ZALACZNIKI": "http://172.16.11.22:8085/SOWA2-services/doc/print/65362249/0142.pdf",
    "ZDJECIE_1": "",
    "ZDJECIE_2": "",
    "ZDJECIE_3": "",
    "ZDJECIE_4": "",
    "ZDJECIE_5": "",
    "ZDJECIE_6": "",
    "ZDJECIE_7": "",
    "ZDJECIE_8": "",
    "ZWERYFIKOW": "",
    "ZWIAZANA_Z": 0
   },
   "type": "Feature"
  },
  {
   "geometry": {
    "coordinates": [
     19.948557,
     50.058945
    ],
    "type": "Point"
   },
   "id": 239,
   "properties": {
    "ADRES": "",
    "ATRYBUTY_O": "Nr stanowiska: 144",
    "BUDOWNICZY": "",
    "CHARAKTER": "",
    "DATA_WPISU": null,
    "DATA_WZNIE": "",
    "DZIELNICA": "",
    "FID": 239,
    "FUNKCJA_OB": "",
    "FUNKCJA_PI": "",
    "GDB_AREA": 0,
    "GDB_PRM": 0,
    "GDB_PRMEX": 0,
    "GPT_DATE": null,
    "GPT_USER": "",
    "ID": 31744,
    "IDENT_OBIE": "67874999",
    "ID_ISDP": 0,
    "ID_SPRAWY": 80591199,
    "ID_WARSTWY": "F19_STAN_PNT_OPIS",
    "ISDP_FID": "GDB$G_EOZ_ARCHEOLOGIA_EOZ_A.4d9eef0c-e161-557a-e055-000000000001",
    "ISTNIEJE": "",
    "KARTA_MAPY": "",
    "LOKALIZACJ": "",
    "MATERIAL": "",
    "NAZWA": "",
    "NUMER": "",
    "NUMER_EWID": "",
    "NUMER_REJ_": "",
    "OBREB": "",
    "REJESTR_TA": "EW_ARCHEOLOGIA",
    "RODZAJE_ZA": "",
    "RODZAJ_OBI": "",
    "RODZAJ_WLA": "",
    "STAN_ZACHO": "",
    "STATUS": "",
    "STYL_OBIEK": "",
    "SYMBOL_EWI": "",
    "SYMBOL_REJ": "",
    "UWAGI": "",
    "WIEK_CZ_PO": "",
    "WIEK_POWST": "",
    "WYDRUK_LIN": "",
    "ZAJETA_NA_": 1,
    "ZALACZNIKI": "http://172.16.11.22:8085/SOWA2-services/doc/print/65362349/0144.pdf",
    "ZDJECIE_1": "",
    "ZDJECIE_2": "",
    "ZDJECIE_3": "",
    "ZDJECIE_4": "",
    "ZDJECIE_5": "",
    "ZDJECIE_6": "",
    "ZDJECIE_7": "",
    "ZDJECIE_8": "",
    "ZWERYFIKOW": "",
    "ZWIAZANA_Z": 0
   },
   "type": "Feature"
  },
  {
   "geometry": {
    "coordinates": [
     19.943609,
     50.057788
    ],
    "type": "Point"
   },
   "id": 240,
   "properties": {
    "ADRES": "",
    "ATRYBUTY_O": "Nr stanowiska: 147",
    "BUDOWNICZY": "",
    "CHARAKTER": "",
    "DATA_WPISU": null,
    "DATA_WZNIE": "",
    "DZIELNICA": "",
    "FID": 240,
    "FUNKCJA_OB": "",
    "FUNKCJA_PI": "",
    "GDB_AREA": 0,
    "GDB_PRM": 0,
    "GDB_PRMEX": 0,
    "GPT_DATE": null,
    "GPT_USER": "",
    "ID": 31741,
    "IDENT_OBIE": "67874849",
    "ID_ISDP": 0,
    "ID_SPRAWY": 80591049,
    "ID_WARSTWY": "F19_STAN_PNT_OPIS",
    "ISDP_FID": "GDB$G_EOZ_ARCHEOLOGIA_EOZ_A.4d9eef0c-e162-557a-e055-000000000001",
    "ISTNIEJE": "",
    "KARTA_MAPY": "",
    "LOKALIZACJ": "",
    "MATERIAL": "",
    "NAZWA": "",
    "NUMER": "",
    "NUMER_EWID": "",
    "NUMER_REJ_": "",
    "OBREB": "",
    "REJESTR_TA": "EW_ARCHEOLOGIA",
    "RODZAJE_ZA": "",
    "RODZAJ_OBI": "",
    "RODZAJ_WLA": "",
    "STAN_ZACHO": "",
    "STATUS": "",
    "STYL_OBIEK": "",
    "SYMBOL_EWI": "",
    "SYMBOL_REJ": "",
    "UWAGI": "",
    "WIEK_CZ_PO": "",
    "WIEK_POWST": "",
    "WYDRUK_LIN": "",
    "ZAJETA_NA_": 1,
    "ZALACZNIKI": "http://172.16.11.22:8085/SOWA2-services/doc/print/65362499/0147.pdf",
    "ZDJECIE_1": "",
    "ZDJECIE_2": "",
    "ZDJECIE_3": "",
    "ZDJECIE_4": "",
    "ZDJECIE_5": "",
    "ZDJECIE_6": "",
    "ZDJECIE_7": "",
    "ZDJECIE_8": "",
    "ZWERYFIKOW": "",
    "ZWIAZANA_Z": 0
   },
   "type": "Feature"
  },
  {
   "geometry": {
    "coordinates": [
     19.942077,
     50.059593
    ],
    "type": "Point"
   },
   "id": 241,
   "properties": {
    "ADRES": "",
    "ATRYBUTY_O": "Nr stanowiska: 149",
    "BUDOWNICZY": "",
    "CHARAKTER": "",
    "DATA_WPISU": null,
    "DATA_WZNIE": "",
    "DZIELNICA": "",
    "FID": 241,
    "FUNKCJA_OB": "",
    "FUNKCJA_PI": "",
    "GDB_AREA": 0,
    "GDB_PRM": 0,
    "GDB_PRMEX": 0,
    "GPT_DATE": null,
    "GPT_USER": "",
    "ID": 31739,
    "IDENT_OBIE": "67874749",
    "ID_ISDP": 0,
    "ID_SPRAWY": 80590949,
    "ID_WARSTWY": "F19_STAN_PNT_OPIS",
    "ISDP_FID": "GDB$G_EOZ_ARCHEOLOGIA_EOZ_A.4d9eef0c-e163-557a-e055-000000000001",
    "ISTNIEJE": "",
    "KARTA_MAPY": "",
    "LOKALIZACJ": "",
    "MATERIAL": "",
    "NAZWA": "",
    "NUMER": "",
    "NUMER_EWID": "",
    "NUMER_REJ_": "",
    "OBREB": "",
    "REJESTR_TA": "EW_ARCHEOLOGIA",
    "RODZAJE_ZA": "",
    "RODZAJ_OBI": "",
    "RODZAJ_WLA": "",
    "STAN_ZACHO": "",
    "STATUS": "",
    "STYL_OBIEK": "",
    "SYMBOL_EWI": "",
    "SYMBOL_REJ": "",
    "UWAGI": "",
    "WIEK_CZ_PO": "",
    "WIEK_POWST": "",
    "WYDRUK_LIN": "",
    "ZAJETA_NA_": 1,
    "ZALACZNIKI": "http://172.16.11.22:8085/SOWA2-services/doc/print/65362599/0149.pdf",
    "ZDJECIE_1": "",
    "ZDJECIE_2": "",
    "ZDJECIE_3": "",
    "ZDJECIE_4": "",
    "ZDJECIE_5": "",
    "ZDJECIE_6": "",
    "ZDJECIE_7": "",
    "ZDJECIE_8": "",
    "ZWERYFIKOW": "",
    "ZWIAZANA_Z": 0
   },
   "type": "Feature"
  },
  {
   "geometry": {
    "coordinates": [
     19.944233,
     50.060793
    ],
    "type": "Point"
   },
   "id": 242,
   "properties": {
    "ADRES": "",
    "ATRYBUTY_O": "Nr stanowiska: 151",
    "BUDOWNICZY": "",
    "CHARAKTER": "",
    "DATA_WPISU": null,
    "DATA_WZNIE": "",
    "DZIELNICA": "",
    "FID": 242,
    "FUNKCJA_OB": "",
    "FUNKCJA_PI": "",
    "GDB_AREA": 0,
    "GDB_PRM": 0,
    "GDB_PRMEX": 0,
    "GPT_DATE": null,
    "GPT_USER": "",
    "ID": 31737,
    "IDENT_OBIE": "67874649",
    "ID_ISDP": 0,
    "ID_SPRAWY": 80590849,
    "ID_WARSTWY": "F19_STAN_PNT_OPIS",
    "ISDP_FID": "GDB$G_EOZ_ARCHEOLOGIA_EOZ_A.4d9eef0c-e164-557a-e055-000000000001",
    "ISTNIEJE": "",
    "KARTA_MAPY": "",
    "LOKALIZACJ": "",
    "MATERIAL": "",
    "NAZWA": "",
    "NUMER": "",
    "NUMER_EWID": "",
    "NUMER_REJ_": "",
    "OBREB": "",
    "REJESTR_TA": "EW_ARCHEOLOGIA",
    "RODZAJE_ZA": "",
    "RODZAJ_OBI": "",
    "RODZAJ_WLA": "",
    "STAN_ZACHO": "",
    "STATUS": "",
    "STYL_OBIEK": "",
    "SYMBOL_EWI": "",
    "SYMBOL_REJ": "",
    "UWAGI": "",
    "WIEK_CZ_PO": "",
    "WIEK_POWST": "",
    "WYDRUK_LIN": "",
    "ZAJETA_NA_": 1,
    "ZALACZNIKI": "http://172.16.11.22:8085/SOWA2-services/doc/print/65362699/0151.pdf",
    "ZDJECIE_1": "",
    "ZDJECIE_2": "",
    "ZDJECIE_3": "",
    "ZDJECIE_4": "",
    "ZDJECIE_5": "",
    "ZDJECIE_6": "",
    "ZDJECIE_7": "",
    "ZDJECIE_8": "",
    "ZWERYFIKOW": "",
    "ZWIAZANA_Z": 0
   },
   "type": "Feature"
  },
  {
   "geometry": {
    "coordinates": [
     19.941465,
     50.052283
    ],
    "type": "Point"
   },
   "id": 243,
   "properties": {
    "ADRES": "",
    "ATRYBUTY_O": "Nr stanowiska: 156",
    "BUDOWNICZY": "",
    "CHARAKTER": "",
    "DATA_WPISU": null,
    "DATA_WZNIE": "",
    "DZIELNICA": "",
    "FID": 243,
    "FUNKCJA_OB": "",
    "FUNKCJA_PI": "",
    "GDB_AREA": 0,
    "GDB_PRM": 0,
    "GDB_PRMEX": 0,
    "GPT_DATE": null,
    "GPT_USER": "",
    "ID": 31685,
    "IDENT_OBIE": "67872049",
    "ID_ISDP": 0,
    "ID_SPRAWY": 80586149,
    "ID_WARSTWY": "F19_STAN_PNT_OPIS",
    "ISDP_FID": "GDB$G_EOZ_ARCHEOLOGIA_EOZ_A.4d9eef0c-e165-557a-e055-000000000001",
    "ISTNIEJE": "",
    "KARTA_MAPY": "",
    "LOKALIZACJ": "",
    "MATERIAL": "",
    "NAZWA": "",
    "NUMER": "",
    "NUMER_EWID": "",
    "NUMER_REJ_": "",
    "OBREB": "",
    "REJESTR_TA": "EW_ARCHEOLOGIA",
    "RODZAJE_ZA": "",
    "RODZAJ_OBI": "",
    "RODZAJ_WLA": "",
    "STAN_ZACHO": "",
    "STATUS": "",
    "STYL_OBIEK": "",
    "SYMBOL_EWI": "",
    "SYMBOL_REJ": "",
    "UWAGI": "",
    "WIEK_CZ_PO": "",
    "WIEK_POWST": "",
    "WYDRUK_LIN": "",
    "ZAJETA_NA_": 1,
    "ZALACZNIKI": "http://172.16.11.22:8085/SOWA2-services/doc/print/65362949/0156.pdf",
    "ZDJECIE_1": "",
    "ZDJECIE_2": "",
    "ZDJECIE_3": "",
    "ZDJECIE_4": "",
    "ZDJECIE_5": "",
    "ZDJECIE_6": "",
    "ZDJECIE_7": "",
    "ZDJECIE_8": "",
    "ZWERYFIKOW": "",
    "ZWIAZANA_Z": 0
   },
   "type": "Feature"
  },
  {
   "geometry": {
    "coordinates": [
     19.938798,
     50.052477
    ],
    "type": "Point"
   },
   "id": 244,
   "properties": {
    "ADRES": "",
    "ATRYBUTY_O": "Nr stanowiska: 158",
    "BUDOWNICZY": "",
    "CHARAKTER": "",
    "DATA_WPISU": null,
    "DATA_WZNIE": "",
    "DZIELNICA": "",
    "FID": 244,
    "FUNKCJA_OB": "",
    "FUNKCJA_PI": "",
    "GDB_AREA": 0,
    "GDB_PRM": 0,
    "GDB_PRMEX": 0,
    "GPT_DATE": null,
    "GPT_USER": "",
    "ID": 31683,
    "IDENT_OBIE": "67871949",
    "ID_ISDP": 0,
    "ID_SPRAWY": 80586049,
    "ID_WARSTWY": "F19_STAN_PNT_OPIS",
    "ISDP_FID": "GDB$G_EOZ_ARCHEOLOGIA_EOZ_A.4d9eef0c-e166-557a-e055-000000000001",
    "ISTNIEJE": "",
    "KARTA_MAPY": "",
    "LOKALIZACJ": "",
    "MATERIAL": "",
    "NAZWA": "",
    "NUMER": "",
    "NUMER_EWID": "",
    "NUMER_REJ_": "",
    "OBREB": "",
    "REJESTR_TA": "EW_ARCHEOLOGIA",
    "RODZAJE_ZA": "",
    "RODZAJ_OBI": "",
    "RODZAJ_WLA": "",
    "STAN_ZACHO": "",
    "STATUS": "",
    "STYL_OBIEK": "",
    "SYMBOL_EWI": "",
    "SYMBOL_REJ": "",
    "UWAGI": "",
    "WIEK_CZ_PO": "",
    "WIEK_POWST": "",
    "WYDRUK_LIN": "",
    "ZAJETA_NA_": 1,
    "ZALACZNIKI": "http://172.16.11.22:8085/SOWA2-services/doc/print/65363049/0158.pdf",
    "ZDJECIE_1": "",
    "ZDJECIE_2": "",
    "ZDJECIE_3": "",
    "ZDJECIE_4": "",
    "ZDJECIE_5": "",
    "ZDJECIE_6": "",
    "ZDJECIE_7": "",
    "ZDJECIE_8": "",
    "ZWERYFIKOW": "",
    "ZWIAZANA_Z": 0
   },
   "type": "Feature"
  },
  {
   "geometry": {
    "coordinates": [
     19.935776,
     50.04983
    ],
    "type": "Point"
   },
   "id": 245,
   "properties": {
    "ADRES": "",
    "ATRYBUTY_O": "Nr stanowiska: 161",
    "BUDOWNICZY": "",
    "CHARAKTER": "",
    "DATA_WPISU": null,
    "DATA_WZNIE": "",
    "DZIELNICA": "",
    "FID": 245,
    "FUNKCJA_OB": "",
    "FUNKCJA_PI": "",
    "GDB_AREA": 0,
    "GDB_PRM": 0,
    "GDB_PRMEX": 0,
    "GPT_DATE": null,
    "GPT_USER": "",
    "ID": 31450,
    "IDENT_OBIE": "67860299",
    "ID_ISDP": 0,
    "ID_SPRAWY": 80560999,
    "ID_WARSTWY": "F19_STAN_PNT_OPIS",
    "ISDP_FID": "GDB$G_EOZ_ARCHEOLOGIA_EOZ_A.4d9eef0c-e167-557a-e055-000000000001",
    "ISTNIEJE": "",
    "KARTA_MAPY": "",
    "LOKALIZACJ": "",
    "MATERIAL": "",
    "NAZWA": "",
    "NUMER": "",
    "NUMER_EWID": "",
    "NUMER_REJ_": "",
    "OBREB": "",
    "REJESTR_TA": "EW_ARCHEOLOGIA",
    "RODZAJE_ZA": "",
    "RODZAJ_OBI": "",
    "RODZAJ_WLA": "",
    "STAN_ZACHO": "",
    "STATUS": "",
    "STYL_OBIEK": "",
    "SYMBOL_EWI": "",
    "SYMBOL_REJ": "",
    "UWAGI": "",
    "WIEK_CZ_PO": "",
    "WIEK_POWST": "",
    "WYDRUK_LIN": "",
    "ZAJETA_NA_": 1,
    "ZALACZNIKI": "http://172.16.11.22:8085/SOWA2-services/doc/print/65363099/0161.pdf",
    "ZDJECIE_1": "",
    "ZDJECIE_2": "",
    "ZDJECIE_3": "",
    "ZDJECIE_4": "",
    "ZDJECIE_5": "",
    "ZDJECIE_6": "",
    "ZDJECIE_7": "",
    "ZDJECIE_8": "",
    "ZWERYFIKOW": "",
    "ZWIAZANA_Z": 0
   },
   "type": "Feature"
  },
  {
   "geometry": {
    "coordinates": [
     19.950664,
     50.049267
    ],
    "type": "Point"
   },
   "id": 246,
   "properties": {
    "ADRES": "",
    "ATRYBUTY_O": "Nr stanowiska: 163",
    "BUDOWNICZY": "",
    "CHARAKTER": "",
    "DATA_WPISU": null,
    "DATA_WZNIE": "",
    "DZIELNICA": "",
    "FID": 246,
    "FUNKCJA_OB": "",
    "FUNKCJA_PI": "",
    "GDB_AREA": 0,
    "GDB_PRM": 0,
    "GDB_PRMEX": 0,
    "GPT_DATE": null,
    "GPT_USER": "",
    "ID": 31448,
    "IDENT_OBIE": "67860199",
    "ID_ISDP": 0,
    "ID_SPRAWY": 80560899,
    "ID_WARSTWY": "F19_STAN_PNT_OPIS",
    "ISDP_FID": "GDB$G_EOZ_ARCHEOLOGIA_EOZ_A.4d9eef0c-e168-557a-e055-000000000001",
    "ISTNIEJE": "",
    "KARTA_MAPY": "",
    "LOKALIZACJ": "",
    "MATERIAL": "",
    "NAZWA": "",
    "NUMER": "",
    "NUMER_EWID": "",
    "NUMER_REJ_": "",
    "OBREB": "",
    "REJESTR_TA": "EW_ARCHEOLOGIA",
    "RODZAJE_ZA": "",
    "RODZAJ_OBI": "",
    "RODZAJ_WLA": "",
    "STAN_ZACHO": "",
    "STATUS": "",
    "STYL_OBIEK": "",
    "SYMBOL_EWI": "",
    "SYMBOL_REJ": "",
    "UWAGI": "",
    "WIEK_CZ_PO": "",
    "WIEK_POWST": "",
    "WYDRUK_LIN": "",
    "ZAJETA_NA_": 1,
    "ZALACZNIKI": "http://172.16.11.22:8085/SOWA2-services/doc/print/65363199/0163.pdf",
    "ZDJECIE_1": "",
    "ZDJECIE_2": "",
    "ZDJECIE_3": "",
    "ZDJECIE_4": "",
    "ZDJECIE_5": "",
    "ZDJECIE_6": "",
    "ZDJECIE_7": "",
    "ZDJECIE_8": "",
    "ZWERYFIKOW": "",
    "ZWIAZANA_Z": 0
   },
   "type": "Feature"
  },
  {
   "geometry": {
    "coordinates": [
     19.933878,
     50.063958
    ],
    "type": "Point"
   },
   "id": 247,
   "properties": {
    "ADRES": "",
    "ATRYBUTY_O": "Nr stanowiska: 171",
    "BUDOWNICZY": "",
    "CHARAKTER": "",
    "DATA_WPISU": null,
    "DATA_WZNIE": "",
    "DZIELNICA": "",
    "FID": 247,
    "FUNKCJA_OB": "",
    "FUNKCJA_PI": "",
    "GDB_AREA": 0,
    "GDB_PRM": 0,
    "GDB_PRMEX": 0,
    "GPT_DATE": null,
    "GPT_USER": "",
    "ID": 31680,
    "IDENT_OBIE": "67871799",
    "ID_ISDP": 0,
    "ID_SPRAWY": 80585849,
    "ID_WARSTWY": "F19_STAN_PNT_OPIS",
    "ISDP_FID": "GDB$G_EOZ_ARCHEOLOGIA_EOZ_A.4d9eef0c-e169-557a-e055-000000000001",
    "ISTNIEJE": "",
    "KARTA_MAPY": "",
    "LOKALIZACJ": "",
    "MATERIAL": "",
    "NAZWA": "",
    "NUMER": "",
    "NUMER_EWID": "",
    "NUMER_REJ_": "",
    "OBREB": "",
    "REJESTR_TA": "EW_ARCHEOLOGIA",
    "RODZAJE_ZA": "",
    "RODZAJ_OBI": "",
    "RODZAJ_WLA": "",
    "STAN_ZACHO": "",
    "STATUS": "",
    "STYL_OBIEK": "",
    "SYMBOL_EWI": "",
    "SYMBOL_REJ": "",
    "UWAGI": "",
    "WIEK_CZ_PO": "",
    "WIEK_POWST": "",
    "WYDRUK_LIN": "",
    "ZAJETA_NA_": 1,
    "ZALACZNIKI": "http://172.16.11.22:8085/SOWA2-services/doc/print/65363349/0171.pdf",
    "ZDJECIE_1": "",
    "ZDJECIE_2": "",
    "ZDJECIE_3": "",
    "ZDJECIE_4": "",
    "ZDJECIE_5": "",
    "ZDJECIE_6": "",
    "ZDJECIE_7": "",
    "ZDJECIE_8": "",
    "ZWERYFIKOW": "",
    "ZWIAZANA_Z": 0
   },
   "type": "Feature"
  },
  {
   "geometry": {
    "coordinates": [
     19.870004,
     50.075535
    ],
    "type": "Point"
   },
   "id": 248,
   "properties": {
    "ADRES": "",
    "ATRYBUTY_O": "Nr stanowiska: 173",
    "BUDOWNICZY": "",
    "CHARAKTER": "",
    "DATA_WPISU": null,
    "DATA_WZNIE": "",
    "DZIELNICA": "",
    "FID": 248,
    "FUNKCJA_OB": "",
    "FUNKCJA_PI": "",
    "GDB_AREA": 0,
    "GDB_PRM": 0,
    "GDB_PRMEX": 0,
    "GPT_DATE": null,
    "GPT_USER": "",
    "ID": 31406,
    "IDENT_OBIE": "67858099",
    "ID_ISDP": 0,
    "ID_SPRAWY": 80556499,
    "ID_WARSTWY": "F19_STAN_PNT_OPIS",
    "ISDP_FID": "GDB$G_EOZ_ARCHEOLOGIA_EOZ_A.4d9eef0c-e16a-557a-e055-000000000001",
    "ISTNIEJE": "",
    "KARTA_MAPY": "",
    "LOKALIZACJ": "",
    "MATERIAL": "",
    "NAZWA": "",
    "NUMER": "",
    "NUMER_EWID": "",
    "NUMER_REJ_": "",
    "OBREB": "",
    "REJESTR_TA": "EW_ARCHEOLOGIA",
    "RODZAJE_ZA": "",
    "RODZAJ_OBI": "",
    "RODZAJ_WLA": "",
    "STAN_ZACHO": "",
    "STATUS": "",
    "STYL_OBIEK": "",
    "SYMBOL_EWI": "",
    "SYMBOL_REJ": "",
    "UWAGI": "",
    "WIEK_CZ_PO": "",
    "WIEK_POWST": "",
    "WYDRUK_LIN": "",
    "ZAJETA_NA_": 1,
    "ZALACZNIKI": "http://172.16.11.22:8085/SOWA2-services/doc/print/65363449/0173.pdf",
    "ZDJECIE_1": "",
    "ZDJECIE_2": "",
    "ZDJECIE_3": "",
    "ZDJECIE_4": "",
    "ZDJECIE_5": "",
    "ZDJECIE_6": "",
    "ZDJECIE_7": "",
    "ZDJECIE_8": "",
    "ZWERYFIKOW": "",
    "ZWIAZANA_Z": 0
   },
   "type": "Feature"
  },
  {
   "geometry": {
    "coordinates": [
     19.885782,
     50.085943
    ],
    "type": "Point"
   },
   "id": 249,
   "properties": {
    "ADRES": "",
    "ATRYBUTY_O": "Nr stanowiska: 180",
    "BUDOWNICZY": "",
    "CHARAKTER": "",
    "DATA_WPISU": null,
    "DATA_WZNIE": "",
    "DZIELNICA": "",
    "FID": 249,
    "FUNKCJA_OB": "",
    "FUNKCJA_PI": "",
    "GDB_AREA": 0,
    "GDB_PRM": 0,
    "GDB_PRMEX": 0,
    "GPT_DATE": null,
    "GPT_USER": "",
    "ID": 31409,
    "IDENT_OBIE": "67858249",
    "ID_ISDP": 0,
    "ID_SPRAWY": 80556899,
    "ID_WARSTWY": "F19_STAN_PNT_OPIS",
    "ISDP_FID": "GDB$G_EOZ_ARCHEOLOGIA_EOZ_A.4d9eef0c-e16b-557a-e055-000000000001",
    "ISTNIEJE": "",
    "KARTA_MAPY": "",
    "LOKALIZACJ": "",
    "MATERIAL": "",
    "NAZWA": "",
    "NUMER": "",
    "NUMER_EWID": "",
    "NUMER_REJ_": "",
    "OBREB": "",
    "REJESTR_TA": "EW_ARCHEOLOGIA",
    "RODZAJE_ZA": "",
    "RODZAJ_OBI": "",
    "RODZAJ_WLA": "",
    "STAN_ZACHO": "",
    "STATUS": "",
    "STYL_OBIEK": "",
    "SYMBOL_EWI": "",
    "SYMBOL_REJ": "",
    "UWAGI": "",
    "WIEK_CZ_PO": "",
    "WIEK_POWST": "",
    "WYDRUK_LIN": "",
    "ZAJETA_NA_": 1,
    "ZALACZNIKI": "http://172.16.11.22:8085/SOWA2-services/doc/print/65363599/0180.pdf",
    "ZDJECIE_1": "",
    "ZDJECIE_2": "",
    "ZDJECIE_3": "",
    "ZDJECIE_4": "",
    "ZDJECIE_5": "",
    "ZDJECIE_6": "",
    "ZDJECIE_7": "",
    "ZDJECIE_8": "",
    "ZWERYFIKOW": "",
    "ZWIAZANA_Z": 0
   },
   "type": "Feature"
  },
  {
   "geometry": {
    "coordinates": [
     19.871959,
     50.086467
    ],
    "type": "Point"
   },
   "id": 250,
   "properties": {
    "ADRES": "",
    "ATRYBUTY_O": "Nr stanowiska: 185",
    "BUDOWNICZY": "",
    "CHARAKTER": "",
    "DATA_WPISU": null,
    "DATA_WZNIE": "",
    "DZIELNICA": "",
    "FID": 250,
    "FUNKCJA_OB": "",
    "FUNKCJA_PI": "",
    "GDB_AREA": 0,
    "GDB_PRM": 0,
    "GDB_PRMEX": 0,
    "GPT_DATE": null,
    "GPT_USER": "",
    "ID": 31411,
    "IDENT_OBIE": "67858349",
    "ID_ISDP": 0,
    "ID_SPRAWY": 80557149,
    "ID_WARSTWY": "F19_STAN_PNT_OPIS",
    "ISDP_FID": "GDB$G_EOZ_ARCHEOLOGIA_EOZ_A.4d9eef0c-e16c-557a-e055-000000000001",
    "ISTNIEJE": "",
    "KARTA_MAPY": "",
    "LOKALIZACJ": "",
    "MATERIAL": "",
    "NAZWA": "",
    "NUMER": "",
    "NUMER_EWID": "",
    "NUMER_REJ_": "",
    "OBREB": "",
    "REJESTR_TA": "EW_ARCHEOLOGIA",
    "RODZAJE_ZA": "",
    "RODZAJ_OBI": "",
    "RODZAJ_WLA": "",
    "STAN_ZACHO": "",
    "STATUS": "",
    "STYL_OBIEK": "",
    "SYMBOL_EWI": "",
    "SYMBOL_REJ": "",
    "UWAGI": "",
    "WIEK_CZ_PO": "",
    "WIEK_POWST": "",
    "WYDRUK_LIN": "",
    "ZAJETA_NA_": 1,
    "ZALACZNIKI": "http://172.16.11.22:8085/SOWA2-services/doc/print/65363699/0185.pdf",
    "ZDJECIE_1": "",
    "ZDJECIE_2": "",
    "ZDJECIE_3": "",
    "ZDJECIE_4": "",
    "ZDJECIE_5": "",
    "ZDJECIE_6": "",
    "ZDJECIE_7": "",
    "ZDJECIE_8": "",
    "ZWERYFIKOW": "",
    "ZWIAZANA_Z": 0
   },
   "type": "Feature"
  },
  {
   "geometry": {
    "coordinates": [
     19.888451,
     50.096022
    ],
    "type": "Point"
   },
   "id": 251,
   "properties": {
    "ADRES": "",
    "ATRYBUTY_O": "Nr stanowiska: 195",
    "BUDOWNICZY": "",
    "CHARAKTER": "",
    "DATA_WPISU": null,
    "DATA_WZNIE": "",
    "DZIELNICA": "",
    "FID": 251,
    "FUNKCJA_OB": "",
    "FUNKCJA_PI": "",
    "GDB_AREA": 0,
    "GDB_PRM": 0,
    "GDB_PRMEX": 0,
    "GPT_DATE": null,
    "GPT_USER": "",
    "ID": 31416,
    "IDENT_OBIE": "67858599",
    "ID_ISDP": 0,
    "ID_SPRAWY": 80557749,
    "ID_WARSTWY": "F19_STAN_PNT_OPIS",
    "ISDP_FID": "GDB$G_EOZ_ARCHEOLOGIA_EOZ_A.4d9eef0c-e16d-557a-e055-000000000001",
    "ISTNIEJE": "",
    "KARTA_MAPY": "",
    "LOKALIZACJ": "",
    "MATERIAL": "",
    "NAZWA": "",
    "NUMER": "",
    "NUMER_EWID": "",
    "NUMER_REJ_": "",
    "OBREB": "",
    "REJESTR_TA": "EW_ARCHEOLOGIA",
    "RODZAJE_ZA": "",
    "RODZAJ_OBI": "",
    "RODZAJ_WLA": "",
    "STAN_ZACHO": "",
    "STATUS": "",
    "STYL_OBIEK": "",
    "SYMBOL_EWI": "",
    "SYMBOL_REJ": "",
    "UWAGI": "",
    "WIEK_CZ_PO": "",
    "WIEK_POWST": "",
    "WYDRUK_LIN": "",
    "ZAJETA_NA_": 1,
    "ZALACZNIKI": "http://172.16.11.22:8085/SOWA2-services/doc/print/65363799/0195.pdf",
    "ZDJECIE_1": "",
    "ZDJECIE_2": "",
    "ZDJECIE_3": "",
    "ZDJECIE_4": "",
    "ZDJECIE_5": "",
    "ZDJECIE_6": "",
    "ZDJECIE_7": "",
    "ZDJECIE_8": "",
    "ZWERYFIKOW": "",
    "ZWIAZANA_Z": 0
   },
   "type": "Feature"
  },
  {
   "geometry": {
    "coordinates": [
     19.893761,
     50.089742
    ],
    "type": "Point"
   },
   "id": 252,
   "properties": {
    "ADRES": "",
    "ATRYBUTY_O": "Nr stanowiska: 198",
    "BUDOWNICZY": "",
    "CHARAKTER": "",
    "DATA_WPISU": null,
    "DATA_WZNIE": "",
    "DZIELNICA": "",
    "FID": 252,
    "FUNKCJA_OB": "",
    "FUNKCJA_PI": "",
    "GDB_AREA": 0,
    "GDB_PRM": 0,
    "GDB_PRMEX": 0,
    "GPT_DATE": null,
    "GPT_USER": "",
    "ID": 31419,
    "IDENT_OBIE": "67858749",
    "ID_ISDP": 0,
    "ID_SPRAWY": 80557949,
    "ID_WARSTWY": "F19_STAN_PNT_OPIS",
    "ISDP_FID": "GDB$G_EOZ_ARCHEOLOGIA_EOZ_A.4d9eef0c-e16e-557a-e055-000000000001",
    "ISTNIEJE": "",
    "KARTA_MAPY": "",
    "LOKALIZACJ": "",
    "MATERIAL": "",
    "NAZWA": "",
    "NUMER": "",
    "NUMER_EWID": "",
    "NUMER_REJ_": "",
    "OBREB": "",
    "REJESTR_TA": "EW_ARCHEOLOGIA",
    "RODZAJE_ZA": "",
    "RODZAJ_OBI": "",
    "RODZAJ_WLA": "",
    "STAN_ZACHO": "",
    "STATUS": "",
    "STYL_OBIEK": "",
    "SYMBOL_EWI": "",
    "SYMBOL_REJ": "",
    "UWAGI": "",
    "WIEK_CZ_PO": "",
    "WIEK_POWST": "",
    "WYDRUK_LIN": "",
    "ZAJETA_NA_": 1,
    "ZALACZNIKI": "http://172.16.11.22:8085/SOWA2-services/doc/print/65363949/0198.pdf",
    "ZDJECIE_1": "",
    "ZDJECIE_2": "",
    "ZDJECIE_3": "",
    "ZDJECIE_4": "",
    "ZDJECIE_5": "",
    "ZDJECIE_6": "",
    "ZDJECIE_7": "",
    "ZDJECIE_8": "",
    "ZWERYFIKOW": "",
    "ZWIAZANA_Z": 0
   },
   "type": "Feature"
  },
  {
   "geometry": {
    "coordinates": [
     19.877932,
     50.095746
    ],
    "type": "Point"
   },
   "id": 253,
   "properties": {
    "ADRES": "",
    "ATRYBUTY_O": "Nr stanowiska: 201",
    "BUDOWNICZY": "",
    "CHARAKTER": "",
    "DATA_WPISU": null,
    "DATA_WZNIE": "",
    "DZIELNICA": "",
    "FID": 253,
    "FUNKCJA_OB": "",
    "FUNKCJA_PI": "",
    "GDB_AREA": 0,
    "GDB_PRM": 0,
    "GDB_PRMEX": 0,
    "GPT_DATE": null,
    "GPT_USER": "",
    "ID": 31423,
    "IDENT_OBIE": "67858949",
    "ID_ISDP": 0,
    "ID_SPRAWY": 80558299,
    "ID_WARSTWY": "F19_STAN_PNT_OPIS",
    "ISDP_FID": "GDB$G_EOZ_ARCHEOLOGIA_EOZ_A.4d9eef0c-e16f-557a-e055-000000000001",
    "ISTNIEJE": "",
    "KARTA_MAPY": "",
    "LOKALIZACJ": "",
    "MATERIAL": "",
    "NAZWA": "",
    "NUMER": "",
    "NUMER_EWID": "",
    "NUMER_REJ_": "",
    "OBREB": "",
    "REJESTR_TA": "EW_ARCHEOLOGIA",
    "RODZAJE_ZA": "",
    "RODZAJ_OBI": "",
    "RODZAJ_WLA": "",
    "STAN_ZACHO": "",
    "STATUS": "",
    "STYL_OBIEK": "",
    "SYMBOL_EWI": "",
    "SYMBOL_REJ": "",
    "UWAGI": "",
    "WIEK_CZ_PO": "",
    "WIEK_POWST": "",
    "WYDRUK_LIN": "",
    "ZAJETA_NA_": 1,
    "ZALACZNIKI": "http://172.16.11.22:8085/SOWA2-services/doc/print/65364049/0201.pdf",
    "ZDJECIE_1": "",
    "ZDJECIE_2": "",
    "ZDJECIE_3": "",
    "ZDJECIE_4": "",
    "ZDJECIE_5": "",
    "ZDJECIE_6": "",
    "ZDJECIE_7": "",
    "ZDJECIE_8": "",
    "ZWERYFIKOW": "",
    "ZWIAZANA_Z": 0
   },
   "type": "Feature"
  },
  {
   "geometry": {
    "coordinates": [
     19.93914,
     50.072396
    ],
    "type": "Point"
   },
   "id": 254,
   "properties": {
    "ADRES": "",
    "ATRYBUTY_O": "Nr stanowiska: 216",
    "BUDOWNICZY": "",
    "CHARAKTER": "",
    "DATA_WPISU": null,
    "DATA_WZNIE": "",
    "DZIELNICA": "",
    "FID": 254,
    "FUNKCJA_OB": "",
    "FUNKCJA_PI": "",
    "GDB_AREA": 0,
    "GDB_PRM": 0,
    "GDB_PRMEX": 0,
    "GPT_DATE": null,
    "GPT_USER": "",
    "ID": 31452,
    "IDENT_OBIE": "67860399",
    "ID_ISDP": 0,
    "ID_SPRAWY": 80561399,
    "ID_WARSTWY": "F19_STAN_PNT_OPIS",
    "ISDP_FID": "GDB$G_EOZ_ARCHEOLOGIA_EOZ_A.4d9eef0c-e170-557a-e055-000000000001",
    "ISTNIEJE": "",
    "KARTA_MAPY": "",
    "LOKALIZACJ": "",
    "MATERIAL": "",
    "NAZWA": "",
    "NUMER": "",
    "NUMER_EWID": "",
    "NUMER_REJ_": "",
    "OBREB": "",
    "REJESTR_TA": "EW_ARCHEOLOGIA",
    "RODZAJE_ZA": "",
    "RODZAJ_OBI": "",
    "RODZAJ_WLA": "",
    "STAN_ZACHO": "",
    "STATUS": "",
    "STYL_OBIEK": "",
    "SYMBOL_EWI": "",
    "SYMBOL_REJ": "",
    "UWAGI": "",
    "WIEK_CZ_PO": "",
    "WIEK_POWST": "",
    "WYDRUK_LIN": "",
    "ZAJETA_NA_": 1,
    "ZALACZNIKI": "http://172.16.11.22:8085/SOWA2-services/doc/print/65364149/0216.pdf",
    "ZDJECIE_1": "",
    "ZDJECIE_2": "",
    "ZDJECIE_3": "",
    "ZDJECIE_4": "",
    "ZDJECIE_5": "",
    "ZDJECIE_6": "",
    "ZDJECIE_7": "",
    "ZDJECIE_8": "",
    "ZWERYFIKOW": "",
    "ZWIAZANA_Z": 0
   },
   "type": "Feature"
  },
  {
   "geometry": {
    "coordinates": [
     19.927081,
     50.059929
    ],
    "type": "Point"
   },
   "id": 255,
   "properties": {
    "ADRES": "",
    "ATRYBUTY_O": "Nr stanowiska: 226",
    "BUDOWNICZY": "",
    "CHARAKTER": "",
    "DATA_WPISU": null,
    "DATA_WZNIE": "",
    "DZIELNICA": "",
    "FID": 255,
    "FUNKCJA_OB": "",
    "FUNKCJA_PI": "",
    "GDB_AREA": 0,
    "GDB_PRM": 0,
    "GDB_PRMEX": 0,
    "GPT_DATE": null,
    "GPT_USER": "",
    "ID": 31596,
    "IDENT_OBIE": "67867599",
    "ID_ISDP": 0,
    "ID_SPRAWY": 80576499,
    "ID_WARSTWY": "F19_STAN_PNT_OPIS",
    "ISDP_FID": "GDB$G_EOZ_ARCHEOLOGIA_EOZ_A.4d9eef0c-e171-557a-e055-000000000001",
    "ISTNIEJE": "",
    "KARTA_MAPY": "",
    "LOKALIZACJ": "",
    "MATERIAL": "",
    "NAZWA": "",
    "NUMER": "",
    "NUMER_EWID": "",
    "NUMER_REJ_": "",
    "OBREB": "",
    "REJESTR_TA": "EW_ARCHEOLOGIA",
    "RODZAJE_ZA": "",
    "RODZAJ_OBI": "",
    "RODZAJ_WLA": "",
    "STAN_ZACHO": "",
    "STATUS": "",
    "STYL_OBIEK": "",
    "SYMBOL_EWI": "",
    "SYMBOL_REJ": "",
    "UWAGI": "",
    "WIEK_CZ_PO": "",
    "WIEK_POWST": "",
    "WYDRUK_LIN": "",
    "ZAJETA_NA_": 1,
    "ZALACZNIKI": "http://172.16.11.22:8085/SOWA2-services/doc/print/65364549/0226.pdf",
    "ZDJECIE_1": "",
    "ZDJECIE_2": "",
    "ZDJECIE_3": "",
    "ZDJECIE_4": "",
    "ZDJECIE_5": "",
    "ZDJECIE_6": "",
    "ZDJECIE_7": "",
    "ZDJECIE_8": "",
    "ZWERYFIKOW": "",
    "ZWIAZANA_Z": 0
   },
   "type": "Feature"
  },
  {
   "geometry": {
    "coordinates": [
     19.92798,
     50.055687
    ],
    "type": "Point"
   },
   "id": 256,
   "properties": {
    "ADRES": "",
    "ATRYBUTY_O": "Nr stanowiska: 231",
    "BUDOWNICZY": "",
    "CHARAKTER": "",
    "DATA_WPISU": null,
    "DATA_WZNIE": "",
    "DZIELNICA": "",
    "FID": 256,
    "FUNKCJA_OB": "",
    "FUNKCJA_PI": "",
    "GDB_AREA": 0,
    "GDB_PRM": 0,
    "GDB_PRMEX": 0,
    "GPT_DATE": null,
    "GPT_USER": "",
    "ID": 31561,
    "IDENT_OBIE": "67865849",
    "ID_ISDP": 0,
    "ID_SPRAWY": 80573649,
    "ID_WARSTWY": "F19_STAN_PNT_OPIS",
    "ISDP_FID": "GDB$G_EOZ_ARCHEOLOGIA_EOZ_A.4d9eef0c-e172-557a-e055-000000000001",
    "ISTNIEJE": "",
    "KARTA_MAPY": "",
    "LOKALIZACJ": "",
    "MATERIAL": "",
    "NAZWA": "",
    "NUMER": "",
    "NUMER_EWID": "",
    "NUMER_REJ_": "",
    "OBREB": "",
    "REJESTR_TA": "EW_ARCHEOLOGIA",
    "RODZAJE_ZA": "",
    "RODZAJ_OBI": "",
    "RODZAJ_WLA": "",
    "STAN_ZACHO": "",
    "STATUS": "",
    "STYL_OBIEK": "",
    "SYMBOL_EWI": "",
    "SYMBOL_REJ": "",
    "UWAGI": "",
    "WIEK_CZ_PO": "",
    "WIEK_POWST": "",
    "WYDRUK_LIN": "",
    "ZAJETA_NA_": 1,
    "ZALACZNIKI": "http://172.16.11.22:8085/SOWA2-services/doc/print/65364799/0231.pdf",
    "ZDJECIE_1": "",
    "ZDJECIE_2": "",
    "ZDJECIE_3": "",
    "ZDJECIE_4": "",
    "ZDJECIE_5": "",
    "ZDJECIE_6": "",
    "ZDJECIE_7": "",
    "ZDJECIE_8": "",
    "ZWERYFIKOW": "",
    "ZWIAZANA_Z": 0
   },
   "type": "Feature"
  },
  {
   "geometry": {
    "coordinates": [
     19.916103,
     50.052931
    ],
    "type": "Point"
   },
   "id": 257,
   "properties": {
    "ADRES": "",
    "ATRYBUTY_O": "Nr stanowiska: 233",
    "BUDOWNICZY": "",
    "CHARAKTER": "",
    "DATA_WPISU": null,
    "DATA_WZNIE": "",
    "DZIELNICA": "",
    "FID": 257,
    "FUNKCJA_OB": "",
    "FUNKCJA_PI": "",
    "GDB_AREA": 0,
    "GDB_PRM": 0,
    "GDB_PRMEX": 0,
    "GPT_DATE": null,
    "GPT_USER": "",
    "ID": 31608,
    "IDENT_OBIE": "67868199",
    "ID_ISDP": 0,
    "ID_SPRAWY": 80577649,
    "ID_WARSTWY": "F19_STAN_PNT_OPIS",
    "ISDP_FID": "GDB$G_EOZ_ARCHEOLOGIA_EOZ_A.4d9eef0c-e173-557a-e055-000000000001",
    "ISTNIEJE": "",
    "KARTA_MAPY": "",
    "LOKALIZACJ": "",
    "MATERIAL": "",
    "NAZWA": "",
    "NUMER": "",
    "NUMER_EWID": "",
    "NUMER_REJ_": "",
    "OBREB": "",
    "REJESTR_TA": "EW_ARCHEOLOGIA",
    "RODZAJE_ZA": "",
    "RODZAJ_OBI": "",
    "RODZAJ_WLA": "",
    "STAN_ZACHO": "",
    "STATUS": "",
    "STYL_OBIEK": "",
    "SYMBOL_EWI": "",
    "SYMBOL_REJ": "",
    "UWAGI": "",
    "WIEK_CZ_PO": "",
    "WIEK_POWST": "",
    "WYDRUK_LIN": "",
    "ZAJETA_NA_": 1,
    "ZALACZNIKI": "http://172.16.11.22:8085/SOWA2-services/doc/print/65364899/0233.pdf",
    "ZDJECIE_1": "",
    "ZDJECIE_2": "",
    "ZDJECIE_3": "",
    "ZDJECIE_4": "",
    "ZDJECIE_5": "",
    "ZDJECIE_6": "",
    "ZDJECIE_7": "",
    "ZDJECIE_8": "",
    "ZWERYFIKOW": "",
    "ZWIAZANA_Z": 0
   },
   "type": "Feature"
  },
  {
   "geometry": {
    "coordinates": [
     19.922383,
     50.053875
    ],
    "type": "Point"
   },
   "id": 258,
   "properties": {
    "ADRES": "",
    "ATRYBUTY_O": "Nr stanowiska: 235",
    "BUDOWNICZY": "",
    "CHARAKTER": "",
    "DATA_WPISU": null,
    "DATA_WZNIE": "",
    "DZIELNICA": "",
    "FID": 258,
    "FUNKCJA_OB": "",
    "FUNKCJA_PI": "",
    "GDB_AREA": 0,
    "GDB_PRM": 0,
    "GDB_PRMEX": 0,
    "GPT_DATE": null,
    "GPT_USER": "",
    "ID": 31610,
    "IDENT_OBIE": "67868299",
    "ID_ISDP": 0,
    "ID_SPRAWY": 80577749,
    "ID_WARSTWY": "F19_STAN_PNT_OPIS",
    "ISDP_FID": "GDB$G_EOZ_ARCHEOLOGIA_EOZ_A.4d9eef0c-e174-557a-e055-000000000001",
    "ISTNIEJE": "",
    "KARTA_MAPY": "",
    "LOKALIZACJ": "",
    "MATERIAL": "",
    "NAZWA": "",
    "NUMER": "",
    "NUMER_EWID": "",
    "NUMER_REJ_": "",
    "OBREB": "",
    "REJESTR_TA": "EW_ARCHEOLOGIA",
    "RODZAJE_ZA": "",
    "RODZAJ_OBI": "",
    "RODZAJ_WLA": "",
    "STAN_ZACHO": "",
    "STATUS": "",
    "STYL_OBIEK": "",
    "SYMBOL_EWI": "",
    "SYMBOL_REJ": "",
    "UWAGI": "",
    "WIEK_CZ_PO": "",
    "WIEK_POWST": "",
    "WYDRUK_LIN": "",
    "ZAJETA_NA_": 1,
    "ZALACZNIKI": "http://172.16.11.22:8085/SOWA2-services/doc/print/65364999/0235.pdf",
    "ZDJECIE_1": "",
    "ZDJECIE_2": "",
    "ZDJECIE_3": "",
    "ZDJECIE_4": "",
    "ZDJECIE_5": "",
    "ZDJECIE_6": "",
    "ZDJECIE_7": "",
    "ZDJECIE_8": "",
    "ZWERYFIKOW": "",
    "ZWIAZANA_Z": 0
   },
   "type": "Feature"
  },
  {
   "geometry": {
    "coordinates": [
     19.919303,
     50.064658
    ],
    "type": "Point"
   },
   "id": 259,
   "properties": {
    "ADRES": "",
    "ATRYBUTY_O": "Nr stanowiska: 239",
    "BUDOWNICZY": "",
    "CHARAKTER": "",
    "DATA_WPISU": null,
    "DATA_WZNIE": "",
    "DZIELNICA": "",
    "FID": 259,
    "FUNKCJA_OB": "",
    "FUNKCJA_PI": "",
    "GDB_AREA": 0,
    "GDB_PRM": 0,
    "GDB_PRMEX": 0,
    "GPT_DATE": null,
    "GPT_USER": "",
    "ID": 31435,
    "IDENT_OBIE": "67859549",
    "ID_ISDP": 0,
    "ID_SPRAWY": 80559649,
    "ID_WARSTWY": "F19_STAN_PNT_OPIS",
    "ISDP_FID": "GDB$G_EOZ_ARCHEOLOGIA_EOZ_A.4d9eef0c-e175-557a-e055-000000000001",
    "ISTNIEJE": "",
    "KARTA_MAPY": "",
    "LOKALIZACJ": "",
    "MATERIAL": "",
    "NAZWA": "",
    "NUMER": "",
    "NUMER_EWID": "",
    "NUMER_REJ_": "",
    "OBREB": "",
    "REJESTR_TA": "EW_ARCHEOLOGIA",
    "RODZAJE_ZA": "",
    "RODZAJ_OBI": "",
    "RODZAJ_WLA": "",
    "STAN_ZACHO": "",
    "STATUS": "",
    "STYL_OBIEK": "",
    "SYMBOL_EWI": "",
    "SYMBOL_REJ": "",
    "UWAGI": "",
    "WIEK_CZ_PO": "",
    "WIEK_POWST": "",
    "WYDRUK_LIN": "",
    "ZAJETA_NA_": 1,
    "ZALACZNIKI": "http://172.16.11.22:8085/SOWA2-services/doc/print/65365199/0239.pdf",
    "ZDJECIE_1": "",
    "ZDJECIE_2": "",
    "ZDJECIE_3": "",
    "ZDJECIE_4": "",
    "ZDJECIE_5": "",
    "ZDJECIE_6": "",
    "ZDJECIE_7": "",
    "ZDJECIE_8": "",
    "ZWERYFIKOW": "",
    "ZWIAZANA_Z": 0
   },
   "type": "Feature"
  },
  {
   "geometry": {
    "coordinates": [
     19.926598,
     50.07105
    ],
    "type": "Point"
   },
   "id": 260,
   "properties": {
    "ADRES": "",
    "ATRYBUTY_O": "Nr stanowiska: 240",
    "BUDOWNICZY": "",
    "CHARAKTER": "",
    "DATA_WPISU": null,
    "DATA_WZNIE": "",
    "DZIELNICA": "",
    "FID": 260,
    "FUNKCJA_OB": "",
    "FUNKCJA_PI": "",
    "GDB_AREA": 0,
    "GDB_PRM": 0,
    "GDB_PRMEX": 0,
    "GPT_DATE": null,
    "GPT_USER": "",
    "ID": 31554,
    "IDENT_OBIE": "67865499",
    "ID_ISDP": 0,
    "ID_SPRAWY": 80573299,
    "ID_WARSTWY": "F19_STAN_PNT_OPIS",
    "ISDP_FID": "GDB$G_EOZ_ARCHEOLOGIA_EOZ_A.4d9eef0c-e176-557a-e055-000000000001",
    "ISTNIEJE": "",
    "KARTA_MAPY": "",
    "LOKALIZACJ": "",
    "MATERIAL": "",
    "NAZWA": "",
    "NUMER": "",
    "NUMER_EWID": "",
    "NUMER_REJ_": "",
    "OBREB": "",
    "REJESTR_TA": "EW_ARCHEOLOGIA",
    "RODZAJE_ZA": "",
    "RODZAJ_OBI": "",
    "RODZAJ_WLA": "",
    "STAN_ZACHO": "",
    "STATUS": "",
    "STYL_OBIEK": "",
    "SYMBOL_EWI": "",
    "SYMBOL_REJ": "",
    "UWAGI": "",
    "WIEK_CZ_PO": "",
    "WIEK_POWST": "",
    "WYDRUK_LIN": "",
    "ZAJETA_NA_": 1,
    "ZALACZNIKI": "http://172.16.11.22:8085/SOWA2-services/doc/print/65365249/0240.pdf",
    "ZDJECIE_1": "",
    "ZDJECIE_2": "",
    "ZDJECIE_3": "",
    "ZDJECIE_4": "",
    "ZDJECIE_5": "",
    "ZDJECIE_6": "",
    "ZDJECIE_7": "",
    "ZDJECIE_8": "",
    "ZWERYFIKOW": "",
    "ZWIAZANA_Z": 0
   },
   "type": "Feature"
  },
  {
   "geometry": {
    "coordinates": [
     19.880384,
     50.009267
    ],
    "type": "Point"
   },
   "id": 261,
   "properties": {
    "ADRES": "",
    "ATRYBUTY_O": "Nr stanowiska: 396",
    "BUDOWNICZY": "",
    "CHARAKTER": "",
    "DATA_WPISU": null,
    "DATA_WZNIE": "",
    "DZIELNICA": "",
    "FID": 261,
    "FUNKCJA_OB": "",
    "FUNKCJA_PI": "",
    "GDB_AREA": 0,
    "GDB_PRM": 0,
    "GDB_PRMEX": 0,
    "GPT_DATE": null,
    "GPT_USER": "",
    "ID": 31669,
    "IDENT_OBIE": "67871249",
    "ID_ISDP": 0,
    "ID_SPRAWY": 80584449,
    "ID_WARSTWY": "F19_STAN_PNT_OPIS",
    "ISDP_FID": "GDB$G_EOZ_ARCHEOLOGIA_EOZ_A.4d9eef0c-e23d-557a-e055-000000000001",
    "ISTNIEJE": "",
    "KARTA_MAPY": "",
    "LOKALIZACJ": "",
    "MATERIAL": "",
    "NAZWA": "",
    "NUMER": "",
    "NUMER_EWID": "",
    "NUMER_REJ_": "",
    "OBREB": "",
    "REJESTR_TA": "EW_ARCHEOLOGIA",
    "RODZAJE_ZA": "",
    "RODZAJ_OBI": "",
    "RODZAJ_WLA": "",
    "STAN_ZACHO": "",
    "STATUS": "",
    "STYL_OBIEK": "",
    "SYMBOL_EWI": "",
    "SYMBOL_REJ": "",
    "UWAGI": "",
    "WIEK_CZ_PO": "",
    "WIEK_POWST": "",
    "WYDRUK_LIN": "",
    "ZAJETA_NA_": 1,
    "ZALACZNIKI": "http://172.16.11.22:8085/SOWA2-services/doc/print/65369599/0396.pdf",
    "ZDJECIE_1": "",
    "ZDJECIE_2": "",
    "ZDJECIE_3": "",
    "ZDJECIE_4": "",
    "ZDJECIE_5": "",
    "ZDJECIE_6": "",
    "ZDJECIE_7": "",
    "ZDJECIE_8": "",
    "ZWERYFIKOW": "",
    "ZWIAZANA_Z": 0
   },
   "type": "Feature"
  },
  {
   "geometry": {
    "coordinates": [
     19.872694,
     50.001674
    ],
    "type": "Point"
   },
   "id": 262,
   "properties": {
    "ADRES": "",
    "ATRYBUTY_O": "Nr stanowiska: 394",
    "BUDOWNICZY": "",
    "CHARAKTER": "",
    "DATA_WPISU": null,
    "DATA_WZNIE": "",
    "DZIELNICA": "",
    "FID": 262,
    "FUNKCJA_OB": "",
    "FUNKCJA_PI": "",
    "GDB_AREA": 0,
    "GDB_PRM": 0,
    "GDB_PRMEX": 0,
    "GPT_DATE": null,
    "GPT_USER": "",
    "ID": 31671,
    "IDENT_OBIE": "67871349",
    "ID_ISDP": 0,
    "ID_SPRAWY": 80584549,
    "ID_WARSTWY": "F19_STAN_PNT_OPIS",
    "ISDP_FID": "GDB$G_EOZ_ARCHEOLOGIA_EOZ_A.4d9eef0c-e23e-557a-e055-000000000001",
    "ISTNIEJE": "",
    "KARTA_MAPY": "",
    "LOKALIZACJ": "",
    "MATERIAL": "",
    "NAZWA": "",
    "NUMER": "",
    "NUMER_EWID": "",
    "NUMER_REJ_": "",
    "OBREB": "",
    "REJESTR_TA": "EW_ARCHEOLOGIA",
    "RODZAJE_ZA": "",
    "RODZAJ_OBI": "",
    "RODZAJ_WLA": "",
    "STAN_ZACHO": "",
    "STATUS": "",
    "STYL_OBIEK": "",
    "SYMBOL_EWI": "",
    "SYMBOL_REJ": "",
    "UWAGI": "",
    "WIEK_CZ_PO": "",
    "WIEK_POWST": "",
    "WYDRUK_LIN": "",
    "ZAJETA_NA_": 1,
    "ZALACZNIKI": "http://172.16.11.22:8085/SOWA2-services/doc/print/65369499/0394.pdf",
    "ZDJECIE_1": "",
    "ZDJECIE_2": "",
    "ZDJECIE_3": "",
    "ZDJECIE_4": "",
    "ZDJECIE_5": "",
    "ZDJECIE_6": "",
    "ZDJECIE_7": "",
    "ZDJECIE_8": "",
    "ZWERYFIKOW": "",
    "ZWIAZANA_Z": 0
   },
   "type": "Feature"
  },
  {
   "geometry": {
    "coordinates": [
     19.853911,
     50.002887
    ],
    "type": "Point"
   },
   "id": 263,
   "properties": {
    "ADRES": "",
    "ATRYBUTY_O": "Nr stanowiska: 367",
    "BUDOWNICZY": "",
    "CHARAKTER": "",
    "DATA_WPISU": null,
    "DATA_WZNIE": "",
    "DZIELNICA": "",
    "FID": 263,
    "FUNKCJA_OB": "",
    "FUNKCJA_PI": "",
    "GDB_AREA": 0,
    "GDB_PRM": 0,
    "GDB_PRMEX": 0,
    "GPT_DATE": null,
    "GPT_USER": "",
    "ID": 31673,
    "IDENT_OBIE": "67871449",
    "ID_ISDP": 0,
    "ID_SPRAWY": 80584699,
    "ID_WARSTWY": "F19_STAN_PNT_OPIS",
    "ISDP_FID": "GDB$G_EOZ_ARCHEOLOGIA_EOZ_A.4d9eef0c-e23f-557a-e055-000000000001",
    "ISTNIEJE": "",
    "KARTA_MAPY": "",
    "LOKALIZACJ": "",
    "MATERIAL": "",
    "NAZWA": "",
    "NUMER": "",
    "NUMER_EWID": "",
    "NUMER_REJ_": "",
    "OBREB": "",
    "REJESTR_TA": "EW_ARCHEOLOGIA",
    "RODZAJE_ZA": "",
    "RODZAJ_OBI": "",
    "RODZAJ_WLA": "",
    "STAN_ZACHO": "",
    "STATUS": "",
    "STYL_OBIEK": "",
    "SYMBOL_EWI": "",
    "SYMBOL_REJ": "",
    "UWAGI": "",
    "WIEK_CZ_PO": "",
    "WIEK_POWST": "",
    "WYDRUK_LIN": "",
    "ZAJETA_NA_": 1,
    "ZALACZNIKI": "http://172.16.11.22:8085/SOWA2-services/doc/print/65368799/0367.pdf",
    "ZDJECIE_1": "",
    "ZDJECIE_2": "",
    "ZDJECIE_3": "",
    "ZDJECIE_4": "",
    "ZDJECIE_5": "",
    "ZDJECIE_6": "",
    "ZDJECIE_7": "",
    "ZDJECIE_8": "",
    "ZWERYFIKOW": "",
    "ZWIAZANA_Z": 0
   },
   "type": "Feature"
  },
  {
   "geometry": {
    "coordinates": [
     19.854942,
     50.004035
    ],
    "type": "Point"
   },
   "id": 264,
   "properties": {
    "ADRES": "",
    "ATRYBUTY_O": "Nr stanowiska: 370",
    "BUDOWNICZY": "",
    "CHARAKTER": "",
    "DATA_WPISU": null,
    "DATA_WZNIE": "",
    "DZIELNICA": "",
    "FID": 264,
    "FUNKCJA_OB": "",
    "FUNKCJA_PI": "",
    "GDB_AREA": 0,
    "GDB_PRM": 0,
    "GDB_PRMEX": 0,
    "GPT_DATE": null,
    "GPT_USER": "",
    "ID": 31674,
    "IDENT_OBIE": "67871499",
    "ID_ISDP": 0,
    "ID_SPRAWY": 80584749,
    "ID_WARSTWY": "F19_STAN_PNT_OPIS",
    "ISDP_FID": "GDB$G_EOZ_ARCHEOLOGIA_EOZ_A.4d9eef0c-e240-557a-e055-000000000001",
    "ISTNIEJE": "",
    "KARTA_MAPY": "",
    "LOKALIZACJ": "",
    "MATERIAL": "",
    "NAZWA": "",
    "NUMER": "",
    "NUMER_EWID": "",
    "NUMER_REJ_": "",
    "OBREB": "",
    "REJESTR_TA": "EW_ARCHEOLOGIA",
    "RODZAJE_ZA": "",
    "RODZAJ_OBI": "",
    "RODZAJ_WLA": "",
    "STAN_ZACHO": "",
    "STATUS": "",
    "STYL_OBIEK": "",
    "SYMBOL_EWI": "",
    "SYMBOL_REJ": "",
    "UWAGI": "",
    "WIEK_CZ_PO": "",
    "WIEK_POWST": "",
    "WYDRUK_LIN": "",
    "ZAJETA_NA_": 1,
    "ZALACZNIKI": "http://172.16.11.22:8085/SOWA2-services/doc/print/65368949/0370.pdf",
    "ZDJECIE_1": "",
    "ZDJECIE_2": "",
    "ZDJECIE_3": "",
    "ZDJECIE_4": "",
    "ZDJECIE_5": "",
    "ZDJECIE_6": "",
    "ZDJECIE_7": "",
    "ZDJECIE_8": "",
    "ZWERYFIKOW": "",
    "ZWIAZANA_Z": 0
   },
   "type": "Feature"
  },
  {
   "geometry": {
    "coordinates": [
     19.913069,
     50.07754
    ],
    "type": "Point"
   },
   "id": 265,
   "properties": {
    "ADRES": "",
    "ATRYBUTY_O": "Nr stanowiska: 53",
    "BUDOWNICZY": "",
    "CHARAKTER": "",
    "DATA_WPISU": null,
    "DATA_WZNIE": "",
    "DZIELNICA": "",
    "FID": 265,
    "FUNKCJA_OB": "",
    "FUNKCJA_PI": "",
    "GDB_AREA": 0,
    "GDB_PRM": 0,
    "GDB_PRMEX": 0,
    "GPT_DATE": null,
    "GPT_USER": "",
    "ID": 31496,
    "IDENT_OBIE": "67862599",
    "ID_ISDP": 0,
    "ID_SPRAWY": 80565899,
    "ID_WARSTWY": "F19_STAN_PNT_OPIS",
    "ISDP_FID": "GDB$G_EOZ_ARCHEOLOGIA_EOZ_A.4d9eef0c-e1d1-557a-e055-000000000001",
    "ISTNIEJE": "",
    "KARTA_MAPY": "",
    "LOKALIZACJ": "",
    "MATERIAL": "",
    "NAZWA": "",
    "NUMER": "",
    "NUMER_EWID": "",
    "NUMER_REJ_": "",
    "OBREB": "",
    "REJESTR_TA": "EW_ARCHEOLOGIA",
    "RODZAJE_ZA": "",
    "RODZAJ_OBI": "",
    "RODZAJ_WLA": "",
    "STAN_ZACHO": "",
    "STATUS": "",
    "STYL_OBIEK": "",
    "SYMBOL_EWI": "",
    "SYMBOL_REJ": "",
    "UWAGI": "",
    "WIEK_CZ_PO": "",
    "WIEK_POWST": "",
    "WYDRUK_LIN": "",
    "ZAJETA_NA_": 1,
    "ZALACZNIKI": "http://172.16.11.22:8085/SOWA2-services/doc/print/65358649/0053.pdf",
    "ZDJECIE_1": "",
    "ZDJECIE_2": "",
    "ZDJECIE_3": "",
    "ZDJECIE_4": "",
    "ZDJECIE_5": "",
    "ZDJECIE_6": "",
    "ZDJECIE_7": "",
    "ZDJECIE_8": "",
    "ZWERYFIKOW": "",
    "ZWIAZANA_Z": 0
   },
   "type": "Feature"
  },
  {
   "geometry": {
    "coordinates": [
     19.906669,
     50.073734
    ],
    "type": "Point"
   },
   "id": 266,
   "properties": {
    "ADRES": "",
    "ATRYBUTY_O": "Nr stanowiska: 54",
    "BUDOWNICZY": "",
    "CHARAKTER": "",
    "DATA_WPISU": null,
    "DATA_WZNIE": "",
    "DZIELNICA": "",
    "FID": 266,
    "FUNKCJA_OB": "",
    "FUNKCJA_PI": "",
    "GDB_AREA": 0,
    "GDB_PRM": 0,
    "GDB_PRMEX": 0,
    "GPT_DATE": null,
    "GPT_USER": "",
    "ID": 31497,
    "IDENT_OBIE": "67862649",
    "ID_ISDP": 0,
    "ID_SPRAWY": 80565949,
    "ID_WARSTWY": "F19_STAN_PNT_OPIS",
    "ISDP_FID": "GDB$G_EOZ_ARCHEOLOGIA_EOZ_A.4d9eef0c-e1d2-557a-e055-000000000001",
    "ISTNIEJE": "",
    "KARTA_MAPY": "",
    "LOKALIZACJ": "",
    "MATERIAL": "",
    "NAZWA": "",
    "NUMER": "",
    "NUMER_EWID": "",
    "NUMER_REJ_": "",
    "OBREB": "",
    "REJESTR_TA": "EW_ARCHEOLOGIA",
    "RODZAJE_ZA": "",
    "RODZAJ_OBI": "",
    "RODZAJ_WLA": "",
    "STAN_ZACHO": "",
    "STATUS": "",
    "STYL_OBIEK": "",
    "SYMBOL_EWI": "",
    "SYMBOL_REJ": "",
    "UWAGI": "",
    "WIEK_CZ_PO": "",
    "WIEK_POWST": "",
    "WYDRUK_LIN": "",
    "ZAJETA_NA_": 1,
    "ZALACZNIKI": "http://172.16.11.22:8085/SOWA2-services/doc/print/65358699/0054.pdf",
    "ZDJECIE_1": "",
    "ZDJECIE_2": "",
    "ZDJECIE_3": "",
    "ZDJECIE_4": "",
    "ZDJECIE_5": "",
    "ZDJECIE_6": "",
    "ZDJECIE_7": "",
    "ZDJECIE_8": "",
    "ZWERYFIKOW": "",
    "ZWIAZANA_Z": 0
   },
   "type": "Feature"
  },
  {
   "geometry": {
    "coordinates": [
     19.904027,
     50.071182
    ],
    "type": "Point"
   },
   "id": 267,
   "properties": {
    "ADRES": "",
    "ATRYBUTY_O": "Nr stanowiska: 55",
    "BUDOWNICZY": "",
    "CHARAKTER": "",
    "DATA_WPISU": null,
    "DATA_WZNIE": "",
    "DZIELNICA": "",
    "FID": 267,
    "FUNKCJA_OB": "",
    "FUNKCJA_PI": "",
    "GDB_AREA": 0,
    "GDB_PRM": 0,
    "GDB_PRMEX": 0,
    "GPT_DATE": null,
    "GPT_USER": "",
    "ID": 31498,
    "IDENT_OBIE": "67862699",
    "ID_ISDP": 0,
    "ID_SPRAWY": 80566049,
    "ID_WARSTWY": "F19_STAN_PNT_OPIS",
    "ISDP_FID": "GDB$G_EOZ_ARCHEOLOGIA_EOZ_A.4d9eef0c-e1d3-557a-e055-000000000001",
    "ISTNIEJE": "",
    "KARTA_MAPY": "",
    "LOKALIZACJ": "",
    "MATERIAL": "",
    "NAZWA": "",
    "NUMER": "",
    "NUMER_EWID": "",
    "NUMER_REJ_": "",
    "OBREB": "",
    "REJESTR_TA": "EW_ARCHEOLOGIA",
    "RODZAJE_ZA": "",
    "RODZAJ_OBI": "",
    "RODZAJ_WLA": "",
    "STAN_ZACHO": "",
    "STATUS": "",
    "STYL_OBIEK": "",
    "SYMBOL_EWI": "",
    "SYMBOL_REJ": "",
    "UWAGI": "",
    "WIEK_CZ_PO": "",
    "WIEK_POWST": "",
    "WYDRUK_LIN": "",
    "ZAJETA_NA_": 1,
    "ZALACZNIKI": "http://172.16.11.22:8085/SOWA2-services/doc/print/65358749/0055.pdf",
    "ZDJECIE_1": "",
    "ZDJECIE_2": "",
    "ZDJECIE_3": "",
    "ZDJECIE_4": "",
    "ZDJECIE_5": "",
    "ZDJECIE_6": "",
    "ZDJECIE_7": "",
    "ZDJECIE_8": "",
    "ZWERYFIKOW": "",
    "ZWIAZANA_Z": 0
   },
   "type": "Feature"
  },
  {
   "geometry": {
    "coordinates": [
     19.888983,
     50.068437
    ],
    "type": "Point"
   },
   "id": 268,
   "properties": {
    "ADRES": "",
    "ATRYBUTY_O": "Nr stanowiska: 56",
    "BUDOWNICZY": "",
    "CHARAKTER": "",
    "DATA_WPISU": null,
    "DATA_WZNIE": "",
    "DZIELNICA": "",
    "FID": 268,
    "FUNKCJA_OB": "",
    "FUNKCJA_PI": "",
    "GDB_AREA": 0,
    "GDB_PRM": 0,
    "GDB_PRMEX": 0,
    "GPT_DATE": null,
    "GPT_USER": "",
    "ID": 31499,
    "IDENT_OBIE": "67862749",
    "ID_ISDP": 0,
    "ID_SPRAWY": 80566099,
    "ID_WARSTWY": "F19_STAN_PNT_OPIS",
    "ISDP_FID": "GDB$G_EOZ_ARCHEOLOGIA_EOZ_A.4d9eef0c-e1d4-557a-e055-000000000001",
    "ISTNIEJE": "",
    "KARTA_MAPY": "",
    "LOKALIZACJ": "",
    "MATERIAL": "",
    "NAZWA": "",
    "NUMER": "",
    "NUMER_EWID": "",
    "NUMER_REJ_": "",
    "OBREB": "",
    "REJESTR_TA": "EW_ARCHEOLOGIA",
    "RODZAJE_ZA": "",
    "RODZAJ_OBI": "",
    "RODZAJ_WLA": "",
    "STAN_ZACHO": "",
    "STATUS": "",
    "STYL_OBIEK": "",
    "SYMBOL_EWI": "",
    "SYMBOL_REJ": "",
    "UWAGI": "",
    "WIEK_CZ_PO": "",
    "WIEK_POWST": "",
    "WYDRUK_LIN": "",
    "ZAJETA_NA_": 1,
    "ZALACZNIKI": "http://172.16.11.22:8085/SOWA2-services/doc/print/65358799/0056.pdf",
    "ZDJECIE_1": "",
    "ZDJECIE_2": "",
    "ZDJECIE_3": "",
    "ZDJECIE_4": "",
    "ZDJECIE_5": "",
    "ZDJECIE_6": "",
    "ZDJECIE_7": "",
    "ZDJECIE_8": "",
    "ZWERYFIKOW": "",
    "ZWIAZANA_Z": 0
   },
   "type": "Feature"
  },
  {
   "geometry": {
    "coordinates": [
     19.849413,
     50.086597
    ],
    "type": "Point"
   },
   "id": 269,
   "properties": {
    "ADRES": "",
    "ATRYBUTY_O": "Nr stanowiska: 289",
    "BUDOWNICZY": "",
    "CHARAKTER": "",
    "DATA_WPISU": null,
    "DATA_WZNIE": "",
    "DZIELNICA": "",
    "FID": 269,
    "FUNKCJA_OB": "",
    "FUNKCJA_PI": "",
    "GDB_AREA": 0,
    "GDB_PRM": 0,
    "GDB_PRMEX": 0,
    "GPT_DATE": null,
    "GPT_USER": "",
    "ID": 31500,
    "IDENT_OBIE": "67862799",
    "ID_ISDP": 0,
    "ID_SPRAWY": 80566199,
    "ID_WARSTWY": "F19_STAN_PNT_OPIS",
    "ISDP_FID": "GDB$G_EOZ_ARCHEOLOGIA_EOZ_A.4d9eef0c-e1d5-557a-e055-000000000001",
    "ISTNIEJE": "",
    "KARTA_MAPY": "",
    "LOKALIZACJ": "",
    "MATERIAL": "",
    "NAZWA": "",
    "NUMER": "",
    "NUMER_EWID": "",
    "NUMER_REJ_": "",
    "OBREB": "",
    "REJESTR_TA": "EW_ARCHEOLOGIA",
    "RODZAJE_ZA": "",
    "RODZAJ_OBI": "",
    "RODZAJ_WLA": "",
    "STAN_ZACHO": "",
    "STATUS": "",
    "STYL_OBIEK": "",
    "SYMBOL_EWI": "",
    "SYMBOL_REJ": "",
    "UWAGI": "",
    "WIEK_CZ_PO": "",
    "WIEK_POWST": "",
    "WYDRUK_LIN": "",
    "ZAJETA_NA_": 1,
    "ZALACZNIKI": "http://172.16.11.22:8085/SOWA2-services/doc/print/65366799/0289.pdf",
    "ZDJECIE_1": "",
    "ZDJECIE_2": "",
    "ZDJECIE_3": "",
    "ZDJECIE_4": "",
    "ZDJECIE_5": "",
    "ZDJECIE_6": "",
    "ZDJECIE_7": "",
    "ZDJECIE_8": "",
    "ZWERYFIKOW": "",
    "ZWIAZANA_Z": 0
   },
   "type": "Feature"
  },
  {
   "geometry": {
    "coordinates": [
     19.85981,
     50.091775
    ],
    "type": "Point"
   },
   "id": 270,
   "properties": {
    "ADRES": "",
    "ATRYBUTY_O": "Nr stanowiska: 291",
    "BUDOWNICZY": "",
    "CHARAKTER": "",
    "DATA_WPISU": null,
    "DATA_WZNIE": "",
    "DZIELNICA": "",
    "FID": 270,
    "FUNKCJA_OB": "",
    "FUNKCJA_PI": "",
    "GDB_AREA": 0,
    "GDB_PRM": 0,
    "GDB_PRMEX": 0,
    "GPT_DATE": null,
    "GPT_USER": "",
    "ID": 31503,
    "IDENT_OBIE": "67862949",
    "ID_ISDP": 0,
    "ID_SPRAWY": 80566599,
    "ID_WARSTWY": "F19_STAN_PNT_OPIS",
    "ISDP_FID": "GDB$G_EOZ_ARCHEOLOGIA_EOZ_A.4d9eef0c-e1d6-557a-e055-000000000001",
    "ISTNIEJE": "",
    "KARTA_MAPY": "",
    "LOKALIZACJ": "",
    "MATERIAL": "",
    "NAZWA": "",
    "NUMER": "",
    "NUMER_EWID": "",
    "NUMER_REJ_": "",
    "OBREB": "",
    "REJESTR_TA": "EW_ARCHEOLOGIA",
    "RODZAJE_ZA": "",
    "RODZAJ_OBI": "",
    "RODZAJ_WLA": "",
    "STAN_ZACHO": "",
    "STATUS": "",
    "STYL_OBIEK": "",
    "SYMBOL_EWI": "",
    "SYMBOL_REJ": "",
    "UWAGI": "",
    "WIEK_CZ_PO": "",
    "WIEK_POWST": "",
    "WYDRUK_LIN": "",
    "ZAJETA_NA_": 1,
    "ZALACZNIKI": "http://172.16.11.22:8085/SOWA2-services/doc/print/65366899/0291.pdf",
    "ZDJECIE_1": "",
    "ZDJECIE_2": "",
    "ZDJECIE_3": "",
    "ZDJECIE_4": "",
    "ZDJECIE_5": "",
    "ZDJECIE_6": "",
    "ZDJECIE_7": "",
    "ZDJECIE_8": "",
    "ZWERYFIKOW": "",
    "ZWIAZANA_Z": 0
   },
   "type": "Feature"
  },
  {
   "geometry": {
    "coordinates": [
     19.854122,
     50.086925
    ],
    "type": "Point"
   },
   "id": 271,
   "properties": {
    "ADRES": "",
    "ATRYBUTY_O": "Nr stanowiska: 294",
    "BUDOWNICZY": "",
    "CHARAKTER": "",
    "DATA_WPISU": null,
    "DATA_WZNIE": "",
    "DZIELNICA": "",
    "FID": 271,
    "FUNKCJA_OB": "",
    "FUNKCJA_PI": "",
    "GDB_AREA": 0,
    "GDB_PRM": 0,
    "GDB_PRMEX": 0,
    "GPT_DATE": null,
    "GPT_USER": "",
    "ID": 31504,
    "IDENT_OBIE": "67862999",
    "ID_ISDP": 0,
    "ID_SPRAWY": 80566649,
    "ID_WARSTWY": "F19_STAN_PNT_OPIS",
    "ISDP_FID": "GDB$G_EOZ_ARCHEOLOGIA_EOZ_A.4d9eef0c-e1d7-557a-e055-000000000001",
    "ISTNIEJE": "",
    "KARTA_MAPY": "",
    "LOKALIZACJ": "",
    "MATERIAL": "",
    "NAZWA": "",
    "NUMER": "",
    "NUMER_EWID": "",
    "NUMER_REJ_": "",
    "OBREB": "",
    "REJESTR_TA": "EW_ARCHEOLOGIA",
    "RODZAJE_ZA": "",
    "RODZAJ_OBI": "",
    "RODZAJ_WLA": "",
    "STAN_ZACHO": "",
    "STATUS": "",
    "STYL_OBIEK": "",
    "SYMBOL_EWI": "",
    "SYMBOL_REJ": "",
    "UWAGI": "",
    "WIEK_CZ_PO": "",
    "WIEK_POWST": "",
    "WYDRUK_LIN": "",
    "ZAJETA_NA_": 1,
    "ZALACZNIKI": "http://172.16.11.22:8085/SOWA2-services/doc/print/65367049/0294.pdf",
    "ZDJECIE_1": "",
    "ZDJECIE_2": "",
    "ZDJECIE_3": "",
    "ZDJECIE_4": "",
    "ZDJECIE_5": "",
    "ZDJECIE_6": "",
    "ZDJECIE_7": "",
    "ZDJECIE_8": "",
    "ZWERYFIKOW": "",
    "ZWIAZANA_Z": 0
   },
   "type": "Feature"
  },
  {
   "geometry": {
    "coordinates": [
     19.857856,
     50.083199
    ],
    "type": "Point"
   },
   "id": 272,
   "properties": {
    "ADRES": "",
    "ATRYBUTY_O": "Nr stanowiska: 293",
    "BUDOWNICZY": "",
    "CHARAKTER": "",
    "DATA_WPISU": null,
    "DATA_WZNIE": "",
    "DZIELNICA": "",
    "FID": 272,
    "FUNKCJA_OB": "",
    "FUNKCJA_PI": "",
    "GDB_AREA": 0,
    "GDB_PRM": 0,
    "GDB_PRMEX": 0,
    "GPT_DATE": null,
    "GPT_USER": "",
    "ID": 31505,
    "IDENT_OBIE": "67863049",
    "ID_ISDP": 0,
    "ID_SPRAWY": 80566699,
    "ID_WARSTWY": "F19_STAN_PNT_OPIS",
    "ISDP_FID": "GDB$G_EOZ_ARCHEOLOGIA_EOZ_A.4d9eef0c-e1d8-557a-e055-000000000001",
    "ISTNIEJE": "",
    "KARTA_MAPY": "",
    "LOKALIZACJ": "",
    "MATERIAL": "",
    "NAZWA": "",
    "NUMER": "",
    "NUMER_EWID": "",
    "NUMER_REJ_": "",
    "OBREB": "",
    "REJESTR_TA": "EW_ARCHEOLOGIA",
    "RODZAJE_ZA": "",
    "RODZAJ_OBI": "",
    "RODZAJ_WLA": "",
    "STAN_ZACHO": "",
    "STATUS": "",
    "STYL_OBIEK": "",
    "SYMBOL_EWI": "",
    "SYMBOL_REJ": "",
    "UWAGI": "",
    "WIEK_CZ_PO": "",
    "WIEK_POWST": "",
    "WYDRUK_LIN": "",
    "ZAJETA_NA_": 1,
    "ZALACZNIKI": "http://172.16.11.22:8085/SOWA2-services/doc/print/65366999/0293.pdf",
    "ZDJECIE_1": "",
    "ZDJECIE_2": "",
    "ZDJECIE_3": "",
    "ZDJECIE_4": "",
    "ZDJECIE_5": "",
    "ZDJECIE_6": "",
    "ZDJECIE_7": "",
    "ZDJECIE_8": "",
    "ZWERYFIKOW": "",
    "ZWIAZANA_Z": 0
   },
   "type": "Feature"
  },
  {
   "geometry": {
    "coordinates": [
     20.181182,
     50.101655
    ],
    "type": "Point"
   },
   "id": 273,
   "properties": {
    "ADRES": "",
    "ATRYBUTY_O": "Nr stanowiska: 780",
    "BUDOWNICZY": "",
    "CHARAKTER": "",
    "DATA_WPISU": null,
    "DATA_WZNIE": "",
    "DZIELNICA": "",
    "FID": 273,
    "FUNKCJA_OB": "",
    "FUNKCJA_PI": "",
    "GDB_AREA": 0,
    "GDB_PRM": 0,
    "GDB_PRMEX": 0,
    "GPT_DATE": null,
    "GPT_USER": "",
    "ID": 31508,
    "IDENT_OBIE": "67863199",
    "ID_ISDP": 0,
    "ID_SPRAWY": 80566899,
    "ID_WARSTWY": "F19_STAN_PNT_OPIS",
    "ISDP_FID": "GDB$G_EOZ_ARCHEOLOGIA_EOZ_A.4d9eef0c-e1d9-557a-e055-000000000001",
    "ISTNIEJE": "",
    "KARTA_MAPY": "",
    "LOKALIZACJ": "",
    "MATERIAL": "",
    "NAZWA": "",
    "NUMER": "",
    "NUMER_EWID": "",
    "NUMER_REJ_": "",
    "OBREB": "",
    "REJESTR_TA": "EW_ARCHEOLOGIA",
    "RODZAJE_ZA": "",
    "RODZAJ_OBI": "",
    "RODZAJ_WLA": "",
    "STAN_ZACHO": "",
    "STATUS": "",
    "STYL_OBIEK": "",
    "SYMBOL_EWI": "",
    "SYMBOL_REJ": "",
    "UWAGI": "",
    "WIEK_CZ_PO": "",
    "WIEK_POWST": "",
    "WYDRUK_LIN": "",
    "ZAJETA_NA_": 1,
    "ZALACZNIKI": "http://172.16.11.22:8085/SOWA2-services/doc/print/65376099/0780.pdf",
    "ZDJECIE_1": "",
    "ZDJECIE_2": "",
    "ZDJECIE_3": "",
    "ZDJECIE_4": "",
    "ZDJECIE_5": "",
    "ZDJECIE_6": "",
    "ZDJECIE_7": "",
    "ZDJECIE_8": "",
    "ZWERYFIKOW": "",
    "ZWIAZANA_Z": 0
   },
   "type": "Feature"
  },
  {
   "geometry": {
    "coordinates": [
     20.037956,
     50.084872
    ],
    "type": "Point"
   },
   "id": 274,
   "properties": {
    "ADRES": "",
    "ATRYBUTY_O": "Nr stanowiska: 685",
    "BUDOWNICZY": "",
    "CHARAKTER": "",
    "DATA_WPISU": null,
    "DATA_WZNIE": "",
    "DZIELNICA": "",
    "FID": 274,
    "FUNKCJA_OB": "",
    "FUNKCJA_PI": "",
    "GDB_AREA": 0,
    "GDB_PRM": 0,
    "GDB_PRMEX": 0,
    "GPT_DATE": null,
    "GPT_USER": "",
    "ID": 31510,
    "IDENT_OBIE": "67863299",
    "ID_ISDP": 0,
    "ID_SPRAWY": 80567099,
    "ID_WARSTWY": "F19_STAN_PNT_OPIS",
    "ISDP_FID": "GDB$G_EOZ_ARCHEOLOGIA_EOZ_A.4d9eef0c-e1da-557a-e055-000000000001",
    "ISTNIEJE": "",
    "KARTA_MAPY": "",
    "LOKALIZACJ": "",
    "MATERIAL": "",
    "NAZWA": "",
    "NUMER": "",
    "NUMER_EWID": "",
    "NUMER_REJ_": "",
    "OBREB": "",
    "REJESTR_TA": "EW_ARCHEOLOGIA",
    "RODZAJE_ZA": "",
    "RODZAJ_OBI": "",
    "RODZAJ_WLA": "",
    "STAN_ZACHO": "",
    "STATUS": "",
    "STYL_OBIEK": "",
    "SYMBOL_EWI": "",
    "SYMBOL_REJ": "",
    "UWAGI": "",
    "WIEK_CZ_PO": "",
    "WIEK_POWST": "",
    "WYDRUK_LIN": "",
    "ZAJETA_NA_": 1,
    "ZALACZNIKI": "http://172.16.11.22:8085/SOWA2-services/doc/print/65375449/0685.pdf",
    "ZDJECIE_1": "",
    "ZDJECIE_2": "",
    "ZDJECIE_3": "",
    "ZDJECIE_4": "",
    "ZDJECIE_5": "",
    "ZDJECIE_6": "",
    "ZDJECIE_7": "",
    "ZDJECIE_8": "",
    "ZWERYFIKOW": "",
    "ZWIAZANA_Z": 0
   },
   "type": "Feature"
  },
  {
   "geometry": {
    "coordinates": [
     20.171696,
     50.107664
    ],
    "type": "Point"
   },
   "id": 275,
   "properties": {
    "ADRES": "",
    "ATRYBUTY_O": "Nr stanowiska: 851",
    "BUDOWNICZY": "",
    "CHARAKTER": "",
    "DATA_WPISU": null,
    "DATA_WZNIE": "",
    "DZIELNICA": "",
    "FID": 275,
    "FUNKCJA_OB": "",
    "FUNKCJA_PI": "",
    "GDB_AREA": 0,
    "GDB_PRM": 0,
    "GDB_PRMEX": 0,
    "GPT_DATE": null,
    "GPT_USER": "",
    "ID": 31511,
    "IDENT_OBIE": "67863349",
    "ID_ISDP": 0,
    "ID_SPRAWY": 80567549,
    "ID_WARSTWY": "F19_STAN_PNT_OPIS",
    "ISDP_FID": "GDB$G_EOZ_ARCHEOLOGIA_EOZ_A.4d9eef0c-e1db-557a-e055-000000000001",
    "ISTNIEJE": "",
    "KARTA_MAPY": "",
    "LOKALIZACJ": "",
    "MATERIAL": "",
    "NAZWA": "",
    "NUMER": "",
    "NUMER_EWID": "",
    "NUMER_REJ_": "",
    "OBREB": "",
    "REJESTR_TA": "EW_ARCHEOLOGIA",
    "RODZAJE_ZA": "",
    "RODZAJ_OBI": "",
    "RODZAJ_WLA": "",
    "STAN_ZACHO": "",
    "STATUS": "",
    "STYL_OBIEK": "",
    "SYMBOL_EWI": "",
    "SYMBOL_REJ": "",
    "UWAGI": "",
    "WIEK_CZ_PO": "",
    "WIEK_POWST": "",
    "WYDRUK_LIN": "",
    "ZAJETA_NA_": 1,
    "ZALACZNIKI": "http://172.16.11.22:8085/SOWA2-services/doc/print/65377999/0851.pdf",
    "ZDJECIE_1": "",
    "ZDJECIE_2": "",
    "ZDJECIE_3": "",
    "ZDJECIE_4": "",
    "ZDJECIE_5": "",
    "ZDJECIE_6": "",
    "ZDJECIE_7": "",
    "ZDJECIE_8": "",
    "ZWERYFIKOW": "",
    "ZWIAZANA_Z": 0
   },
   "type": "Feature"
  },
  {
   "geometry": {
    "coordinates": [
     20.171046,
     50.111995
    ],
    "type": "Point"
   },
   "id": 276,
   "properties": {
    "ADRES": "",
    "ATRYBUTY_O": "Nr stanowiska: 796",
    "BUDOWNICZY": "",
    "CHARAKTER": "",
    "DATA_WPISU": null,
    "DATA_WZNIE": "",
    "DZIELNICA": "",
    "FID": 276,
    "FUNKCJA_OB": "",
    "FUNKCJA_PI": "",
    "GDB_AREA": 0,
    "GDB_PRM": 0,
    "GDB_PRMEX": 0,
    "GPT_DATE": null,
    "GPT_USER": "",
    "ID": 31514,
    "IDENT_OBIE": "67863499",
    "ID_ISDP": 0,
    "ID_SPRAWY": 80567799,
    "ID_WARSTWY": "F19_STAN_PNT_OPIS",
    "ISDP_FID": "GDB$G_EOZ_ARCHEOLOGIA_EOZ_A.4d9eef0c-e1dc-557a-e055-000000000001",
    "ISTNIEJE": "",
    "KARTA_MAPY": "",
    "LOKALIZACJ": "",
    "MATERIAL": "",
    "NAZWA": "",
    "NUMER": "",
    "NUMER_EWID": "",
    "NUMER_REJ_": "",
    "OBREB": "",
    "REJESTR_TA": "EW_ARCHEOLOGIA",
    "RODZAJE_ZA": "",
    "RODZAJ_OBI": "",
    "RODZAJ_WLA": "",
    "STAN_ZACHO": "",
    "STATUS": "",
    "STYL_OBIEK": "",
    "SYMBOL_EWI": "",
    "SYMBOL_REJ": "",
    "UWAGI": "",
    "WIEK_CZ_PO": "",
    "WIEK_POWST": "",
    "WYDRUK_LIN": "",
    "ZAJETA_NA_": 1,
    "ZALACZNIKI": "http://172.16.11.22:8085/SOWA2-services/doc/print/65376399/0796.pdf",
    "ZDJECIE_1": "",
    "ZDJECIE_2": "",
    "ZDJECIE_3": "",
    "ZDJECIE_4": "",
    "ZDJECIE_5": "",
    "ZDJECIE_6": "",
    "ZDJECIE_7": "",
    "ZDJECIE_8": "",
    "ZWERYFIKOW": "",
    "ZWIAZANA_Z": 0
   },
   "type": "Feature"
  },
  {
   "geometry": {
    "coordinates": [
     20.174386,
     50.106472
    ],
    "type": "Point"
   },
   "id": 277,
   "properties": {
    "ADRES": "",
    "ATRYBUTY_O": "Nr stanowiska: 798",
    "BUDOWNICZY": "",
    "CHARAKTER": "",
    "DATA_WPISU": null,
    "DATA_WZNIE": "",
    "DZIELNICA": "",
    "FID": 277,
    "FUNKCJA_OB": "",
    "FUNKCJA_PI": "",
    "GDB_AREA": 0,
    "GDB_PRM": 0,
    "GDB_PRMEX": 0,
    "GPT_DATE": null,
    "GPT_USER": "",
    "ID": 31516,
    "IDENT_OBIE": "67863599",
    "ID_ISDP": 0,
    "ID_SPRAWY": 80567899,
    "ID_WARSTWY": "F19_STAN_PNT_OPIS",
    "ISDP_FID": "GDB$G_EOZ_ARCHEOLOGIA_EOZ_A.4d9eef0c-e1dd-557a-e055-000000000001",
    "ISTNIEJE": "",
    "KARTA_MAPY": "",
    "LOKALIZACJ": "",
    "MATERIAL": "",
    "NAZWA": "",
    "NUMER": "",
    "NUMER_EWID": "",
    "NUMER_REJ_": "",
    "OBREB": "",
    "REJESTR_TA": "EW_ARCHEOLOGIA",
    "RODZAJE_ZA": "",
    "RODZAJ_OBI": "",
    "RODZAJ_WLA": "",
    "STAN_ZACHO": "",
    "STATUS": "",
    "STYL_OBIEK": "",
    "SYMBOL_EWI": "",
    "SYMBOL_REJ": "",
    "UWAGI": "",
    "WIEK_CZ_PO": "",
    "WIEK_POWST": "",
    "WYDRUK_LIN": "",
    "ZAJETA_NA_": 1,
    "ZALACZNIKI": "http://172.16.11.22:8085/SOWA2-services/doc/print/65376499/0798.pdf",
    "ZDJECIE_1": "",
    "ZDJECIE_2": "",
    "ZDJECIE_3": "",
    "ZDJECIE_4": "",
    "ZDJECIE_5": "",
    "ZDJECIE_6": "",
    "ZDJECIE_7": "",
    "ZDJECIE_8": "",
    "ZWERYFIKOW": "",
    "ZWIAZANA_Z": 0
   },
   "type": "Feature"
  },
  {
   "geometry": {
    "coordinates": [
     20.167881,
     50.098079
    ],
    "type": "Point"
   },
   "id": 278,
   "properties": {
    "ADRES": "",
    "ATRYBUTY_O": "Nr stanowiska: 778",
    "BUDOWNICZY": "",
    "CHARAKTER": "",
    "DATA_WPISU": null,
    "DATA_WZNIE": "",
    "DZIELNICA": "",
    "FID": 278,
    "FUNKCJA_OB": "",
    "FUNKCJA_PI": "",
    "GDB_AREA": 0,
    "GDB_PRM": 0,
    "GDB_PRMEX": 0,
    "GPT_DATE": null,
    "GPT_USER": "",
    "ID": 31518,
    "IDENT_OBIE": "67863699",
    "ID_ISDP": 0,
    "ID_SPRAWY": 80568099,
    "ID_WARSTWY": "F19_STAN_PNT_OPIS",
    "ISDP_FID": "GDB$G_EOZ_ARCHEOLOGIA_EOZ_A.4d9eef0c-e1de-557a-e055-000000000001",
    "ISTNIEJE": "",
    "KARTA_MAPY": "",
    "LOKALIZACJ": "",
    "MATERIAL": "",
    "NAZWA": "",
    "NUMER": "",
    "NUMER_EWID": "",
    "NUMER_REJ_": "",
    "OBREB": "",
    "REJESTR_TA": "EW_ARCHEOLOGIA",
    "RODZAJE_ZA": "",
    "RODZAJ_OBI": "",
    "RODZAJ_WLA": "",
    "STAN_ZACHO": "",
    "STATUS": "",
    "STYL_OBIEK": "",
    "SYMBOL_EWI": "",
    "SYMBOL_REJ": "",
    "UWAGI": "",
    "WIEK_CZ_PO": "",
    "WIEK_POWST": "",
    "WYDRUK_LIN": "",
    "ZAJETA_NA_": 1,
    "ZALACZNIKI": "http://172.16.11.22:8085/SOWA2-services/doc/print/65375999/0778.pdf",
    "ZDJECIE_1": "",
    "ZDJECIE_2": "",
    "ZDJECIE_3": "",
    "ZDJECIE_4": "",
    "ZDJECIE_5": "",
    "ZDJECIE_6": "",
    "ZDJECIE_7": "",
    "ZDJECIE_8": "",
    "ZWERYFIKOW": "",
    "ZWIAZANA_Z": 0
   },
   "type": "Feature"
  },
  {
   "geometry": {
    "coordinates": [
     20.163923,
     50.106531
    ],
    "type": "Point"
   },
   "id": 279,
   "properties": {
    "ADRES": "",
    "ATRYBUTY_O": "Nr stanowiska: 793",
    "BUDOWNICZY": "",
    "CHARAKTER": "",
    "DATA_WPISU": null,
    "DATA_WZNIE": "",
    "DZIELNICA": "",
    "FID": 279,
    "FUNKCJA_OB": "",
    "FUNKCJA_PI": "",
    "GDB_AREA": 0,
    "GDB_PRM": 0,
    "GDB_PRMEX": 0,
    "GPT_DATE": null,
    "GPT_USER": "",
    "ID": 31519,
    "IDENT_OBIE": "67863749",
    "ID_ISDP": 0,
    "ID_SPRAWY": 80568199,
    "ID_WARSTWY": "F19_STAN_PNT_OPIS",
    "ISDP_FID": "GDB$G_EOZ_ARCHEOLOGIA_EOZ_A.4d9eef0c-e1df-557a-e055-000000000001",
    "ISTNIEJE": "",
    "KARTA_MAPY": "",
    "LOKALIZACJ": "",
    "MATERIAL": "",
    "NAZWA": "",
    "NUMER": "",
    "NUMER_EWID": "",
    "NUMER_REJ_": "",
    "OBREB": "",
    "REJESTR_TA": "EW_ARCHEOLOGIA",
    "RODZAJE_ZA": "",
    "RODZAJ_OBI": "",
    "RODZAJ_WLA": "",
    "STAN_ZACHO": "",
    "STATUS": "",
    "STYL_OBIEK": "",
    "SYMBOL_EWI": "",
    "SYMBOL_REJ": "",
    "UWAGI": "",
    "WIEK_CZ_PO": "",
    "WIEK_POWST": "",
    "WYDRUK_LIN": "",
    "ZAJETA_NA_": 1,
    "ZALACZNIKI": "http://172.16.11.22:8085/SOWA2-services/doc/print/65376249/0793.pdf",
    "ZDJECIE_1": "",
    "ZDJECIE_2": "",
    "ZDJECIE_3": "",
    "ZDJECIE_4": "",
    "ZDJECIE_5": "",
    "ZDJECIE_6": "",
    "ZDJECIE_7": "",
    "ZDJECIE_8": "",
    "ZWERYFIKOW": "",
    "ZWIAZANA_Z": 0
   },
   "type": "Feature"
  },
  {
   "geometry": {
    "coordinates": [
     20.162616,
     50.105001
    ],
    "type": "Point"
   },
   "id": 280,
   "properties": {
    "ADRES": "",
    "ATRYBUTY_O": "Nr stanowiska: 794",
    "BUDOWNICZY": "",
    "CHARAKTER": "",
    "DATA_WPISU": null,
    "DATA_WZNIE": "",
    "DZIELNICA": "",
    "FID": 280,
    "FUNKCJA_OB": "",
    "FUNKCJA_PI": "",
    "GDB_AREA": 0,
    "GDB_PRM": 0,
    "GDB_PRMEX": 0,
    "GPT_DATE": null,
    "GPT_USER": "",
    "ID": 31521,
    "IDENT_OBIE": "67863849",
    "ID_ISDP": 0,
    "ID_SPRAWY": 80568299,
    "ID_WARSTWY": "F19_STAN_PNT_OPIS",
    "ISDP_FID": "GDB$G_EOZ_ARCHEOLOGIA_EOZ_A.4d9eef0c-e1e0-557a-e055-000000000001",
    "ISTNIEJE": "",
    "KARTA_MAPY": "",
    "LOKALIZACJ": "",
    "MATERIAL": "",
    "NAZWA": "",
    "NUMER": "",
    "NUMER_EWID": "",
    "NUMER_REJ_": "",
    "OBREB": "",
    "REJESTR_TA": "EW_ARCHEOLOGIA",
    "RODZAJE_ZA": "",
    "RODZAJ_OBI": "",
    "RODZAJ_WLA": "",
    "STAN_ZACHO": "",
    "STATUS": "",
    "STYL_OBIEK": "",
    "SYMBOL_EWI": "",
    "SYMBOL_REJ": "",
    "UWAGI": "",
    "WIEK_CZ_PO": "",
    "WIEK_POWST": "",
    "WYDRUK_LIN": "",
    "ZAJETA_NA_": 1,
    "ZALACZNIKI": "http://172.16.11.22:8085/SOWA2-services/doc/print/65376299/0794.pdf",
    "ZDJECIE_1": "",
    "ZDJECIE_2": "",
    "ZDJECIE_3": "",
    "ZDJECIE_4": "",
    "ZDJECIE_5": "",
    "ZDJECIE_6": "",
    "ZDJECIE_7": "",
    "ZDJECIE_8": "",
    "ZWERYFIKOW": "",
    "ZWIAZANA_Z": 0
   },
   "type": "Feature"
  },
  {
   "geometry": {
    "coordinates": [
     20.180138,
     50.107843
    ],
    "type": "Point"
   },
   "id": 281,
   "properties": {
    "ADRES": "",
    "ATRYBUTY_O": "Nr stanowiska: 800",
    "BUDOWNICZY": "",
    "CHARAKTER": "",
    "DATA_WPISU": null,
    "DATA_WZNIE": "",
    "DZIELNICA": "",
    "FID": 281,
    "FUNKCJA_OB": "",
    "FUNKCJA_PI": "",
    "GDB_AREA": 0,
    "GDB_PRM": 0,
    "GDB_PRMEX": 0,
    "GPT_DATE": null,
    "GPT_USER": "",
    "ID": 31523,
    "IDENT_OBIE": "67863949",
    "ID_ISDP": 0,
    "ID_SPRAWY": 80568399,
    "ID_WARSTWY": "F19_STAN_PNT_OPIS",
    "ISDP_FID": "GDB$G_EOZ_ARCHEOLOGIA_EOZ_A.4d9eef0c-e1e1-557a-e055-000000000001",
    "ISTNIEJE": "",
    "KARTA_MAPY": "",
    "LOKALIZACJ": "",
    "MATERIAL": "",
    "NAZWA": "",
    "NUMER": "",
    "NUMER_EWID": "",
    "NUMER_REJ_": "",
    "OBREB": "",
    "REJESTR_TA": "EW_ARCHEOLOGIA",
    "RODZAJE_ZA": "",
    "RODZAJ_OBI": "",
    "RODZAJ_WLA": "",
    "STAN_ZACHO": "",
    "STATUS": "",
    "STYL_OBIEK": "",
    "SYMBOL_EWI": "",
    "SYMBOL_REJ": "",
    "UWAGI": "",
    "WIEK_CZ_PO": "",
    "WIEK_POWST": "",
    "WYDRUK_LIN": "",
    "ZAJETA_NA_": 1,
    "ZALACZNIKI": "http://172.16.11.22:8085/SOWA2-services/doc/print/65376599/0800.pdf",
    "ZDJECIE_1": "",
    "ZDJECIE_2": "",
    "ZDJECIE_3": "",
    "ZDJECIE_4": "",
    "ZDJECIE_5": "",
    "ZDJECIE_6": "",
    "ZDJECIE_7": "",
    "ZDJECIE_8": "",
    "ZWERYFIKOW": "",
    "ZWIAZANA_Z": 0
   },
   "type": "Feature"
  },
  {
   "geometry": {
    "coordinates": [
     20.173741,
     50.091681
    ],
    "type": "Point"
   },
   "id": 282,
   "properties": {
    "ADRES": "",
    "ATRYBUTY_O": "Nr stanowiska: 854",
    "BUDOWNICZY": "",
    "CHARAKTER": "",
    "DATA_WPISU": null,
    "DATA_WZNIE": "",
    "DZIELNICA": "",
    "FID": 282,
    "FUNKCJA_OB": "",
    "FUNKCJA_PI": "",
    "GDB_AREA": 0,
    "GDB_PRM": 0,
    "GDB_PRMEX": 0,
    "GPT_DATE": null,
    "GPT_USER": "",
    "ID": 31525,
    "IDENT_OBIE": "67864049",
    "ID_ISDP": 0,
    "ID_SPRAWY": 80568749,
    "ID_WARSTWY": "F19_STAN_PNT_OPIS",
    "ISDP_FID": "GDB$G_EOZ_ARCHEOLOGIA_EOZ_A.4d9eef0c-e1e2-557a-e055-000000000001",
    "ISTNIEJE": "",
    "KARTA_MAPY": "",
    "LOKALIZACJ": "",
    "MATERIAL": "",
    "NAZWA": "",
    "NUMER": "",
    "NUMER_EWID": "",
    "NUMER_REJ_": "",
    "OBREB": "",
    "REJESTR_TA": "EW_ARCHEOLOGIA",
    "RODZAJE_ZA": "",
    "RODZAJ_OBI": "",
    "RODZAJ_WLA": "",
    "STAN_ZACHO": "",
    "STATUS": "",
    "STYL_OBIEK": "",
    "SYMBOL_EWI": "",
    "SYMBOL_REJ": "",
    "UWAGI": "",
    "WIEK_CZ_PO": "",
    "WIEK_POWST": "",
    "WYDRUK_LIN": "",
    "ZAJETA_NA_": 1,
    "ZALACZNIKI": "http://172.16.11.22:8085/SOWA2-services/doc/print/65378099/0854.pdf",
    "ZDJECIE_1": "",
    "ZDJECIE_2": "",
    "ZDJECIE_3": "",
    "ZDJECIE_4": "",
    "ZDJECIE_5": "",
    "ZDJECIE_6": "",
    "ZDJECIE_7": "",
    "ZDJECIE_8": "",
    "ZWERYFIKOW": "",
    "ZWIAZANA_Z": 0
   },
   "type": "Feature"
  },
  {
   "geometry": {
    "coordinates": [
     20.045824,
     50.092082
    ],
    "type": "Point"
   },
   "id": 283,
   "properties": {
    "ADRES": "",
    "ATRYBUTY_O": "Nr stanowiska: 708",
    "BUDOWNICZY": "",
    "CHARAKTER": "",
    "DATA_WPISU": null,
    "DATA_WZNIE": "",
    "DZIELNICA": "",
    "FID": 283,
    "FUNKCJA_OB": "",
    "FUNKCJA_PI": "",
    "GDB_AREA": 0,
    "GDB_PRM": 0,
    "GDB_PRMEX": 0,
    "GPT_DATE": null,
    "GPT_USER": "",
    "ID": 31526,
    "IDENT_OBIE": "67864099",
    "ID_ISDP": 0,
    "ID_SPRAWY": 80568849,
    "ID_WARSTWY": "F19_STAN_PNT_OPIS",
    "ISDP_FID": "GDB$G_EOZ_ARCHEOLOGIA_EOZ_A.4d9eef0c-e1e3-557a-e055-000000000001",
    "ISTNIEJE": "",
    "KARTA_MAPY": "",
    "LOKALIZACJ": "",
    "MATERIAL": "",
    "NAZWA": "",
    "NUMER": "",
    "NUMER_EWID": "",
    "NUMER_REJ_": "",
    "OBREB": "",
    "REJESTR_TA": "EW_ARCHEOLOGIA",
    "RODZAJE_ZA": "",
    "RODZAJ_OBI": "",
    "RODZAJ_WLA": "",
    "STAN_ZACHO": "",
    "STATUS": "",
    "STYL_OBIEK": "",
    "SYMBOL_EWI": "",
    "SYMBOL_REJ": "",
    "UWAGI": "",
    "WIEK_CZ_PO": "",
    "WIEK_POWST": "",
    "WYDRUK_LIN": "",
    "ZAJETA_NA_": 1,
    "ZALACZNIKI": "http://172.16.11.22:8085/SOWA2-services/doc/print/65375699/0708.pdf",
    "ZDJECIE_1": "",
    "ZDJECIE_2": "",
    "ZDJECIE_3": "",
    "ZDJECIE_4": "",
    "ZDJECIE_5": "",
    "ZDJECIE_6": "",
    "ZDJECIE_7": "",
    "ZDJECIE_8": "",
    "ZWERYFIKOW": "",
    "ZWIAZANA_Z": 0
   },
   "type": "Feature"
  },
  {
   "geometry": {
    "coordinates": [
     20.046843,
     50.086974
    ],
    "type": "Point"
   },
   "id": 284,
   "properties": {
    "ADRES": "",
    "ATRYBUTY_O": "Nr stanowiska: 807",
    "BUDOWNICZY": "",
    "CHARAKTER": "",
    "DATA_WPISU": null,
    "DATA_WZNIE": "",
    "DZIELNICA": "",
    "FID": 284,
    "FUNKCJA_OB": "",
    "FUNKCJA_PI": "",
    "GDB_AREA": 0,
    "GDB_PRM": 0,
    "GDB_PRMEX": 0,
    "GPT_DATE": null,
    "GPT_USER": "",
    "ID": 31527,
    "IDENT_OBIE": "67864149",
    "ID_ISDP": 0,
    "ID_SPRAWY": 80568899,
    "ID_WARSTWY": "F19_STAN_PNT_OPIS",
    "ISDP_FID": "GDB$G_EOZ_ARCHEOLOGIA_EOZ_A.4d9eef0c-e1e4-557a-e055-000000000001",
    "ISTNIEJE": "",
    "KARTA_MAPY": "",
    "LOKALIZACJ": "",
    "MATERIAL": "",
    "NAZWA": "",
    "NUMER": "",
    "NUMER_EWID": "",
    "NUMER_REJ_": "",
    "OBREB": "",
    "REJESTR_TA": "EW_ARCHEOLOGIA",
    "RODZAJE_ZA": "",
    "RODZAJ_OBI": "",
    "RODZAJ_WLA": "",
    "STAN_ZACHO": "",
    "STATUS": "",
    "STYL_OBIEK": "",
    "SYMBOL_EWI": "",
    "SYMBOL_REJ": "",
    "UWAGI": "",
    "WIEK_CZ_PO": "",
    "WIEK_POWST": "",
    "WYDRUK_LIN": "",
    "ZAJETA_NA_": 1,
    "ZALACZNIKI": "http://172.16.11.22:8085/SOWA2-services/doc/print/65376799/0807.pdf",
    "ZDJECIE_1": "",
    "ZDJECIE_2": "",
    "ZDJECIE_3": "",
    "ZDJECIE_4": "",
    "ZDJECIE_5": "",
    "ZDJECIE_6": "",
    "ZDJECIE_7": "",
    "ZDJECIE_8": "",
    "ZWERYFIKOW": "",
    "ZWIAZANA_Z": 0
   },
   "type": "Feature"
  },
  {
   "geometry": {
    "coordinates": [
     20.044034,
     50.093313
    ],
    "type": "Point"
   },
   "id": 285,
   "properties": {
    "ADRES": "",
    "ATRYBUTY_O": "Nr stanowiska: 713",
    "BUDOWNICZY": "",
    "CHARAKTER": "",
    "DATA_WPISU": null,
    "DATA_WZNIE": "",
    "DZIELNICA": "",
    "FID": 285,
    "FUNKCJA_OB": "",
    "FUNKCJA_PI": "",
    "GDB_AREA": 0,
    "GDB_PRM": 0,
    "GDB_PRMEX": 0,
    "GPT_DATE": null,
    "GPT_USER": "",
    "ID": 31528,
    "IDENT_OBIE": "67864199",
    "ID_ISDP": 0,
    "ID_SPRAWY": 80569199,
    "ID_WARSTWY": "F19_STAN_PNT_OPIS",
    "ISDP_FID": "GDB$G_EOZ_ARCHEOLOGIA_EOZ_A.4d9eef0c-e1e5-557a-e055-000000000001",
    "ISTNIEJE": "",
    "KARTA_MAPY": "",
    "LOKALIZACJ": "",
    "MATERIAL": "",
    "NAZWA": "",
    "NUMER": "",
    "NUMER_EWID": "",
    "NUMER_REJ_": "",
    "OBREB": "",
    "REJESTR_TA": "EW_ARCHEOLOGIA",
    "RODZAJE_ZA": "",
    "RODZAJ_OBI": "",
    "RODZAJ_WLA": "",
    "STAN_ZACHO": "",
    "STATUS": "",
    "STYL_OBIEK": "",
    "SYMBOL_EWI": "",
    "SYMBOL_REJ": "",
    "UWAGI": "",
    "WIEK_CZ_PO": "",
    "WIEK_POWST": "",
    "WYDRUK_LIN": "",
    "ZAJETA_NA_": 1,
    "ZALACZNIKI": "http://172.16.11.22:8085/SOWA2-services/doc/print/65375749/0713.pdf",
    "ZDJECIE_1": "",
    "ZDJECIE_2": "",
    "ZDJECIE_3": "",
    "ZDJECIE_4": "",
    "ZDJECIE_5": "",
    "ZDJECIE_6": "",
    "ZDJECIE_7": "",
    "ZDJECIE_8": "",
    "ZWERYFIKOW": "",
    "ZWIAZANA_Z": 0
   },
   "type": "Feature"
  },
  {
   "geometry": {
    "coordinates": [
     20.061385,
     50.09508
    ],
    "type": "Point"
   },
   "id": 286,
   "properties": {
    "ADRES": "",
    "ATRYBUTY_O": "Nr stanowiska: 811",
    "BUDOWNICZY": "",
    "CHARAKTER": "",
    "DATA_WPISU": null,
    "DATA_WZNIE": "",
    "DZIELNICA": "",
    "FID": 286,
    "FUNKCJA_OB": "",
    "FUNKCJA_PI": "",
    "GDB_AREA": 0,
    "GDB_PRM": 0,
    "GDB_PRMEX": 0,
    "GPT_DATE": null,
    "GPT_USER": "",
    "ID": 31529,
    "IDENT_OBIE": "67864249",
    "ID_ISDP": 0,
    "ID_SPRAWY": 80569249,
    "ID_WARSTWY": "F19_STAN_PNT_OPIS",
    "ISDP_FID": "GDB$G_EOZ_ARCHEOLOGIA_EOZ_A.4d9eef0c-e1e6-557a-e055-000000000001",
    "ISTNIEJE": "",
    "KARTA_MAPY": "",
    "LOKALIZACJ": "",
    "MATERIAL": "",
    "NAZWA": "",
    "NUMER": "",
    "NUMER_EWID": "",
    "NUMER_REJ_": "",
    "OBREB": "",
    "REJESTR_TA": "EW_ARCHEOLOGIA",
    "RODZAJE_ZA": "",
    "RODZAJ_OBI": "",
    "RODZAJ_WLA": "",
    "STAN_ZACHO": "",
    "STATUS": "",
    "STYL_OBIEK": "",
    "SYMBOL_EWI": "",
    "SYMBOL_REJ": "",
    "UWAGI": "",
    "WIEK_CZ_PO": "",
    "WIEK_POWST": "",
    "WYDRUK_LIN": "",
    "ZAJETA_NA_": 1,
    "ZALACZNIKI": "http://172.16.11.22:8085/SOWA2-services/doc/print/65376899/0811.pdf",
    "ZDJECIE_1": "",
    "ZDJECIE_2": "",
    "ZDJECIE_3": "",
    "ZDJECIE_4": "",
    "ZDJECIE_5": "",
    "ZDJECIE_6": "",
    "ZDJECIE_7": "",
    "ZDJECIE_8": "",
    "ZWERYFIKOW": "",
    "ZWIAZANA_Z": 0
   },
   "type": "Feature"
  },
  {
   "geometry": {
    "coordinates": [
     20.055983,
     50.092944
    ],
    "type": "Point"
   },
   "id": 287,
   "properties": {
    "ADRES": "",
    "ATRYBUTY_O": "Nr stanowiska: 808",
    "BUDOWNICZY": "",
    "CHARAKTER": "",
    "DATA_WPISU": null,
    "DATA_WZNIE": "",
    "DZIELNICA": "",
    "FID": 287,
    "FUNKCJA_OB": "",
    "FUNKCJA_PI": "",
    "GDB_AREA": 0,
    "GDB_PRM": 0,
    "GDB_PRMEX": 0,
    "GPT_DATE": null,
    "GPT_USER": "",
    "ID": 31530,
    "IDENT_OBIE": "67864299",
    "ID_ISDP": 0,
    "ID_SPRAWY": 80569299,
    "ID_WARSTWY": "F19_STAN_PNT_OPIS",
    "ISDP_FID": "GDB$G_EOZ_ARCHEOLOGIA_EOZ_A.4d9eef0c-e1e7-557a-e055-000000000001",
    "ISTNIEJE": "",
    "KARTA_MAPY": "",
    "LOKALIZACJ": "",
    "MATERIAL": "",
    "NAZWA": "",
    "NUMER": "",
    "NUMER_EWID": "",
    "NUMER_REJ_": "",
    "OBREB": "",
    "REJESTR_TA": "EW_ARCHEOLOGIA",
    "RODZAJE_ZA": "",
    "RODZAJ_OBI": "",
    "RODZAJ_WLA": "",
    "STAN_ZACHO": "",
    "STATUS": "",
    "STYL_OBIEK": "",
    "SYMBOL_EWI": "",
    "SYMBOL_REJ": "",
    "UWAGI": "",
    "WIEK_CZ_PO": "",
    "WIEK_POWST": "",
    "WYDRUK_LIN": "",
    "ZAJETA_NA_": 1,
    "ZALACZNIKI": "http://172.16.11.22:8085/SOWA2-services/doc/print/65376849/0808.pdf",
    "ZDJECIE_1": "",
    "ZDJECIE_2": "",
    "ZDJECIE_3": "",
    "ZDJECIE_4": "",
    "ZDJECIE_5": "",
    "ZDJECIE_6": "",
    "ZDJECIE_7": "",
    "ZDJECIE_8": "",
    "ZWERYFIKOW": "",
    "ZWIAZANA_Z": 0
   },
   "type": "Feature"
  },
  {
   "geometry": {
    "coordinates": [
     20.086088,
     50.1007
    ],
    "type": "Point"
   },
   "id": 288,
   "properties": {
    "ADRES": "",
    "ATRYBUTY_O": "Nr stanowiska: 819",
    "BUDOWNICZY": "",
    "CHARAKTER": "",
    "DATA_WPISU": null,
    "DATA_WZNIE": "",
    "DZIELNICA": "",
    "FID": 288,
    "FUNKCJA_OB": "",
    "FUNKCJA_PI": "",
    "GDB_AREA": 0,
    "GDB_PRM": 0,
    "GDB_PRMEX": 0,
    "GPT_DATE": null,
    "GPT_USER": "",
    "ID": 31531,
    "IDENT_OBIE": "67864349",
    "ID_ISDP": 0,
    "ID_SPRAWY": 80569399,
    "ID_WARSTWY": "F19_STAN_PNT_OPIS",
    "ISDP_FID": "GDB$G_EOZ_ARCHEOLOGIA_EOZ_A.4d9eef0c-e1e8-557a-e055-000000000001",
    "ISTNIEJE": "",
    "KARTA_MAPY": "",
    "LOKALIZACJ": "",
    "MATERIAL": "",
    "NAZWA": "",
    "NUMER": "",
    "NUMER_EWID": "",
    "NUMER_REJ_": "",
    "OBREB": "",
    "REJESTR_TA": "EW_ARCHEOLOGIA",
    "RODZAJE_ZA": "",
    "RODZAJ_OBI": "",
    "RODZAJ_WLA": "",
    "STAN_ZACHO": "",
    "STATUS": "",
    "STYL_OBIEK": "",
    "SYMBOL_EWI": "",
    "SYMBOL_REJ": "",
    "UWAGI": "",
    "WIEK_CZ_PO": "",
    "WIEK_POWST": "",
    "WYDRUK_LIN": "",
    "ZAJETA_NA_": 1,
    "ZALACZNIKI": "http://172.16.11.22:8085/SOWA2-services/doc/print/65376999/0819.pdf",
    "ZDJECIE_1": "",
    "ZDJECIE_2": "",
    "ZDJECIE_3": "",
    "ZDJECIE_4": "",
    "ZDJECIE_5": "",
    "ZDJECIE_6": "",
    "ZDJECIE_7": "",
    "ZDJECIE_8": "",
    "ZWERYFIKOW": "",
    "ZWIAZANA_Z": 0
   },
   "type": "Feature"
  },
  {
   "geometry": {
    "coordinates": [
     20.099093,
     50.109414
    ],
    "type": "Point"
   },
   "id": 289,
   "properties": {
    "ADRES": "",
    "ATRYBUTY_O": "Nr stanowiska: 824",
    "BUDOWNICZY": "",
    "CHARAKTER": "",
    "DATA_WPISU": null,
    "DATA_WZNIE": "",
    "DZIELNICA": "",
    "FID": 289,
    "FUNKCJA_OB": "",
    "FUNKCJA_PI": "",
    "GDB_AREA": 0,
    "GDB_PRM": 0,
    "GDB_PRMEX": 0,
    "GPT_DATE": null,
    "GPT_USER": "",
    "ID": 31533,
    "IDENT_OBIE": "67864449",
    "ID_ISDP": 0,
    "ID_SPRAWY": 80569649,
    "ID_WARSTWY": "F19_STAN_PNT_OPIS",
    "ISDP_FID": "GDB$G_EOZ_ARCHEOLOGIA_EOZ_A.4d9eef0c-e1e9-557a-e055-000000000001",
    "ISTNIEJE": "",
    "KARTA_MAPY": "",
    "LOKALIZACJ": "",
    "MATERIAL": "",
    "NAZWA": "",
    "NUMER": "",
    "NUMER_EWID": "",
    "NUMER_REJ_": "",
    "OBREB": "",
    "REJESTR_TA": "EW_ARCHEOLOGIA",
    "RODZAJE_ZA": "",
    "RODZAJ_OBI": "",
    "RODZAJ_WLA": "",
    "STAN_ZACHO": "",
    "STATUS": "",
    "STYL_OBIEK": "",
    "SYMBOL_EWI": "",
    "SYMBOL_REJ": "",
    "UWAGI": "",
    "WIEK_CZ_PO": "",
    "WIEK_POWST": "",
    "WYDRUK_LIN": "",
    "ZAJETA_NA_": 1,
    "ZALACZNIKI": "http://172.16.11.22:8085/SOWA2-services/doc/print/65377249/0824.pdf",
    "ZDJECIE_1": "",
    "ZDJECIE_2": "",
    "ZDJECIE_3": "",
    "ZDJECIE_4": "",
    "ZDJECIE_5": "",
    "ZDJECIE_6": "",
    "ZDJECIE_7": "",
    "ZDJECIE_8": "",
    "ZWERYFIKOW": "",
    "ZWIAZANA_Z": 0
   },
   "type": "Feature"
  },
  {
   "geometry": {
    "coordinates": [
     20.104036,
     50.111571
    ],
    "type": "Point"
   },
   "id": 290,
   "properties": {
    "ADRES": "",
    "ATRYBUTY_O": "Nr stanowiska: 825",
    "BUDOWNICZY": "",
    "CHARAKTER": "",
    "DATA_WPISU": null,
    "DATA_WZNIE": "",
    "DZIELNICA": "",
    "FID": 290,
    "FUNKCJA_OB": "",
    "FUNKCJA_PI": "",
    "GDB_AREA": 0,
    "GDB_PRM": 0,
    "GDB_PRMEX": 0,
    "GPT_DATE": null,
    "GPT_USER": "",
    "ID": 31534,
    "IDENT_OBIE": "67864499",
    "ID_ISDP": 0,
    "ID_SPRAWY": 80569699,
    "ID_WARSTWY": "F19_STAN_PNT_OPIS",
    "ISDP_FID": "GDB$G_EOZ_ARCHEOLOGIA_EOZ_A.4d9eef0c-e1ea-557a-e055-000000000001",
    "ISTNIEJE": "",
    "KARTA_MAPY": "",
    "LOKALIZACJ": "",
    "MATERIAL": "",
    "NAZWA": "",
    "NUMER": "",
    "NUMER_EWID": "",
    "NUMER_REJ_": "",
    "OBREB": "",
    "REJESTR_TA": "EW_ARCHEOLOGIA",
    "RODZAJE_ZA": "",
    "RODZAJ_OBI": "",
    "RODZAJ_WLA": "",
    "STAN_ZACHO": "",
    "STATUS": "",
    "STYL_OBIEK": "",
    "SYMBOL_EWI": "",
    "SYMBOL_REJ": "",
    "UWAGI": "",
    "WIEK_CZ_PO": "",
    "WIEK_POWST": "",
    "WYDRUK_LIN": "",
    "ZAJETA_NA_": 1,
    "ZALACZNIKI": "http://172.16.11.22:8085/SOWA2-services/doc/print/65377299/0825.pdf",
    "ZDJECIE_1": "",
    "ZDJECIE_2": "",
    "ZDJECIE_3": "",
    "ZDJECIE_4": "",
    "ZDJECIE_5": "",
    "ZDJECIE_6": "",
    "ZDJECIE_7": "",
    "ZDJECIE_8": "",
    "ZWERYFIKOW": "",
    "ZWIAZANA_Z": 0
   },
   "type": "Feature"
  },
  {
   "geometry": {
    "coordinates": [
     20.116,
     50.116386
    ],
    "type": "Point"
   },
   "id": 291,
   "properties": {
    "ADRES": "",
    "ATRYBUTY_O": "Nr stanowiska: 822",
    "BUDOWNICZY": "",
    "CHARAKTER": "",
    "DATA_WPISU": null,
    "DATA_WZNIE": "",
    "DZIELNICA": "",
    "FID": 291,
    "FUNKCJA_OB": "",
    "FUNKCJA_PI": "",
    "GDB_AREA": 0,
    "GDB_PRM": 0,
    "GDB_PRMEX": 0,
    "GPT_DATE": null,
    "GPT_USER": "",
    "ID": 31535,
    "IDENT_OBIE": "67864549",
    "ID_ISDP": 0,
    "ID_SPRAWY": 80569749,
    "ID_WARSTWY": "F19_STAN_PNT_OPIS",
    "ISDP_FID": "GDB$G_EOZ_ARCHEOLOGIA_EOZ_A.4d9eef0c-e1eb-557a-e055-000000000001",
    "ISTNIEJE": "",
    "KARTA_MAPY": "",
    "LOKALIZACJ": "",
    "MATERIAL": "",
    "NAZWA": "",
    "NUMER": "",
    "NUMER_EWID": "",
    "NUMER_REJ_": "",
    "OBREB": "",
    "REJESTR_TA": "EW_ARCHEOLOGIA",
    "RODZAJE_ZA": "",
    "RODZAJ_OBI": "",
    "RODZAJ_WLA": "",
    "STAN_ZACHO": "",
    "STATUS": "",
    "STYL_OBIEK": "",
    "SYMBOL_EWI": "",
    "SYMBOL_REJ": "",
    "UWAGI": "",
    "WIEK_CZ_PO": "",
    "WIEK_POWST": "",
    "WYDRUK_LIN": "",
    "ZAJETA_NA_": 1,
    "ZALACZNIKI": "http://172.16.11.22:8085/SOWA2-services/doc/print/65377149/0822.pdf",
    "ZDJECIE_1": "",
    "ZDJECIE_2": "",
    "ZDJECIE_3": "",
    "ZDJECIE_4": "",
    "ZDJECIE_5": "",
    "ZDJECIE_6": "",
    "ZDJECIE_7": "",
    "ZDJECIE_8": "",
    "ZWERYFIKOW": "",
    "ZWIAZANA_Z": 0
   },
   "type": "Feature"
  },
  {
   "geometry": {
    "coordinates": [
     20.109707,
     50.112335
    ],
    "type": "Point"
   },
   "id": 292,
   "properties": {
    "ADRES": "",
    "ATRYBUTY_O": "Nr stanowiska: 827",
    "BUDOWNICZY": "",
    "CHARAKTER": "",
    "DATA_WPISU": null,
    "DATA_WZNIE": "",
    "DZIELNICA": "",
    "FID": 292,
    "FUNKCJA_OB": "",
    "FUNKCJA_PI": "",
    "GDB_AREA": 0,
    "GDB_PRM": 0,
    "GDB_PRMEX": 0,
    "GPT_DATE": null,
    "GPT_USER": "",
    "ID": 31538,
    "IDENT_OBIE": "67864699",
    "ID_ISDP": 0,
    "ID_SPRAWY": 80569899,
    "ID_WARSTWY": "F19_STAN_PNT_OPIS",
    "ISDP_FID": "GDB$G_EOZ_ARCHEOLOGIA_EOZ_A.4d9eef0c-e1ec-557a-e055-000000000001",
    "ISTNIEJE": "",
    "KARTA_MAPY": "",
    "LOKALIZACJ": "",
    "MATERIAL": "",
    "NAZWA": "",
    "NUMER": "",
    "NUMER_EWID": "",
    "NUMER_REJ_": "",
    "OBREB": "",
    "REJESTR_TA": "EW_ARCHEOLOGIA",
    "RODZAJE_ZA": "",
    "RODZAJ_OBI": "",
    "RODZAJ_WLA": "",
    "STAN_ZACHO": "",
    "STATUS": "",
    "STYL_OBIEK": "",
    "SYMBOL_EWI": "",
    "SYMBOL_REJ": "",
    "UWAGI": "",
    "WIEK_CZ_PO": "",
    "WIEK_POWST": "",
    "WYDRUK_LIN": "",
    "ZAJETA_NA_": 1,
    "ZALACZNIKI": "http://172.16.11.22:8085/SOWA2-services/doc/print/65377399/0827.pdf",
    "ZDJECIE_1": "",
    "ZDJECIE_2": "",
    "ZDJECIE_3": "",
    "ZDJECIE_4": "",
    "ZDJECIE_5": "",
    "ZDJECIE_6": "",
    "ZDJECIE_7": "",
    "ZDJECIE_8": "",
    "ZWERYFIKOW": "",
    "ZWIAZANA_Z": 0
   },
   "type": "Feature"
  },
  {
   "geometry": {
    "coordinates": [
     20.101382,
     50.113325
    ],
    "type": "Point"
   },
   "id": 293,
   "properties": {
    "ADRES": "",
    "ATRYBUTY_O": "Nr stanowiska: 829",
    "BUDOWNICZY": "",
    "CHARAKTER": "",
    "DATA_WPISU": null,
    "DATA_WZNIE": "",
    "DZIELNICA": "",
    "FID": 293,
    "FUNKCJA_OB": "",
    "FUNKCJA_PI": "",
    "GDB_AREA": 0,
    "GDB_PRM": 0,
    "GDB_PRMEX": 0,
    "GPT_DATE": null,
    "GPT_USER": "",
    "ID": 31540,
    "IDENT_OBIE": "67864799",
    "ID_ISDP": 0,
    "ID_SPRAWY": 80569999,
    "ID_WARSTWY": "F19_STAN_PNT_OPIS",
    "ISDP_FID": "GDB$G_EOZ_ARCHEOLOGIA_EOZ_A.4d9eef0c-e1ed-557a-e055-000000000001",
    "ISTNIEJE": "",
    "KARTA_MAPY": "",
    "LOKALIZACJ": "",
    "MATERIAL": "",
    "NAZWA": "",
    "NUMER": "",
    "NUMER_EWID": "",
    "NUMER_REJ_": "",
    "OBREB": "",
    "REJESTR_TA": "EW_ARCHEOLOGIA",
    "RODZAJE_ZA": "",
    "RODZAJ_OBI": "",
    "RODZAJ_WLA": "",
    "STAN_ZACHO": "",
    "STATUS": "",
    "STYL_OBIEK": "",
    "SYMBOL_EWI": "",
    "SYMBOL_REJ": "",
    "UWAGI": "",
    "WIEK_CZ_PO": "",
    "WIEK_POWST": "",
    "WYDRUK_LIN": "",
    "ZAJETA_NA_": 1,
    "ZALACZNIKI": "http://172.16.11.22:8085/SOWA2-services/doc/print/65377499/0829.pdf",
    "ZDJECIE_1": "",
    "ZDJECIE_2": "",
    "ZDJECIE_3": "",
    "ZDJECIE_4": "",
    "ZDJECIE_5": "",
    "ZDJECIE_6": "",
    "ZDJECIE_7": "",
    "ZDJECIE_8": "",
    "ZWERYFIKOW": "",
    "ZWIAZANA_Z": 0
   },
   "type": "Feature"
  },
  {
   "geometry": {
    "coordinates": [
     20.056786,
     50.062703
    ],
    "type": "Point"
   },
   "id": 294,
   "properties": {
    "ADRES": "",
    "ATRYBUTY_O": "Nr stanowiska: 695",
    "BUDOWNICZY": "",
    "CHARAKTER": "",
    "DATA_WPISU": null,
    "DATA_WZNIE": "",
    "DZIELNICA": "",
    "FID": 294,
    "FUNKCJA_OB": "",
    "FUNKCJA_PI": "",
    "GDB_AREA": 0,
    "GDB_PRM": 0,
    "GDB_PRMEX": 0,
    "GPT_DATE": null,
    "GPT_USER": "",
    "ID": 31542,
    "IDENT_OBIE": "67864899",
    "ID_ISDP": 0,
    "ID_SPRAWY": 80570549,
    "ID_WARSTWY": "F19_STAN_PNT_OPIS",
    "ISDP_FID": "GDB$G_EOZ_ARCHEOLOGIA_EOZ_A.4d9eef0c-e1ee-557a-e055-000000000001",
    "ISTNIEJE": "",
    "KARTA_MAPY": "",
    "LOKALIZACJ": "",
    "MATERIAL": "",
    "NAZWA": "",
    "NUMER": "",
    "NUMER_EWID": "",
    "NUMER_REJ_": "",
    "OBREB": "",
    "REJESTR_TA": "EW_ARCHEOLOGIA",
    "RODZAJE_ZA": "",
    "RODZAJ_OBI": "",
    "RODZAJ_WLA": "",
    "STAN_ZACHO": "",
    "STATUS": "",
    "STYL_OBIEK": "",
    "SYMBOL_EWI": "",
    "SYMBOL_REJ": "",
    "UWAGI": "",
    "WIEK_CZ_PO": "",
    "WIEK_POWST": "",
    "WYDRUK_LIN": "",
    "ZAJETA_NA_": 1,
    "ZALACZNIKI": "http://172.16.11.22:8085/SOWA2-services/doc/print/65375599/0695.pdf",
    "ZDJECIE_1": "",
    "ZDJECIE_2": "",
    "ZDJECIE_3": "",
    "ZDJECIE_4": "",
    "ZDJECIE_5": "",
    "ZDJECIE_6": "",
    "ZDJECIE_7": "",
    "ZDJECIE_8": "",
    "ZWERYFIKOW": "",
    "ZWIAZANA_Z": 0
   },
   "type": "Feature"
  },
  {
   "geometry": {
    "coordinates": [
     20.08802,
     50.065438
    ],
    "type": "Point"
   },
   "id": 295,
   "properties": {
    "ADRES": "",
    "ATRYBUTY_O": "Nr stanowiska: 732",
    "BUDOWNICZY": "",
    "CHARAKTER": "",
    "DATA_WPISU": null,
    "DATA_WZNIE": "",
    "DZIELNICA": "",
    "FID": 295,
    "FUNKCJA_OB": "",
    "FUNKCJA_PI": "",
    "GDB_AREA": 0,
    "GDB_PRM": 0,
    "GDB_PRMEX": 0,
    "GPT_DATE": null,
    "GPT_USER": "",
    "ID": 31544,
    "IDENT_OBIE": "67864999",
    "ID_ISDP": 0,
    "ID_SPRAWY": 80571049,
    "ID_WARSTWY": "F19_STAN_PNT_OPIS",
    "ISDP_FID": "GDB$G_EOZ_ARCHEOLOGIA_EOZ_A.4d9eef0c-e1ef-557a-e055-000000000001",
    "ISTNIEJE": "",
    "KARTA_MAPY": "",
    "LOKALIZACJ": "",
    "MATERIAL": "",
    "NAZWA": "",
    "NUMER": "",
    "NUMER_EWID": "",
    "NUMER_REJ_": "",
    "OBREB": "",
    "REJESTR_TA": "EW_ARCHEOLOGIA",
    "RODZAJE_ZA": "",
    "RODZAJ_OBI": "",
    "RODZAJ_WLA": "",
    "STAN_ZACHO": "",
    "STATUS": "",
    "STYL_OBIEK": "",
    "SYMBOL_EWI": "",
    "SYMBOL_REJ": "",
    "UWAGI": "",
    "WIEK_CZ_PO": "",
    "WIEK_POWST": "",
    "WYDRUK_LIN": "",
    "ZAJETA_NA_": 1,
    "ZALACZNIKI": "http://172.16.11.22:8085/SOWA2-services/doc/print/65375849/0732.pdf",
    "ZDJECIE_1": "",
    "ZDJECIE_2": "",
    "ZDJECIE_3": "",
    "ZDJECIE_4": "",
    "ZDJECIE_5": "",
    "ZDJECIE_6": "",
    "ZDJECIE_7": "",
    "ZDJECIE_8": "",
    "ZWERYFIKOW": "",
    "ZWIAZANA_Z": 0
   },
   "type": "Feature"
  },
  {
   "geometry": {
    "coordinates": [
     20.042939,
     50.081087
    ],
    "type": "Point"
   },
   "id": 296,
   "properties": {
    "ADRES": "",
    "ATRYBUTY_O": "Nr stanowiska: 688",
    "BUDOWNICZY": "",
    "CHARAKTER": "",
    "DATA_WPISU": null,
    "DATA_WZNIE": "",
    "DZIELNICA": "",
    "FID": 296,
    "FUNKCJA_OB": "",
    "FUNKCJA_PI": "",
    "GDB_AREA": 0,
    "GDB_PRM": 0,
    "GDB_PRMEX": 0,
    "GPT_DATE": null,
    "GPT_USER": "",
    "ID": 31546,
    "IDENT_OBIE": "67865099",
    "ID_ISDP": 0,
    "ID_SPRAWY": 80571299,
    "ID_WARSTWY": "F19_STAN_PNT_OPIS",
    "ISDP_FID": "GDB$G_EOZ_ARCHEOLOGIA_EOZ_A.4d9eef0c-e1f0-557a-e055-000000000001",
    "ISTNIEJE": "",
    "KARTA_MAPY": "",
    "LOKALIZACJ": "",
    "MATERIAL": "",
    "NAZWA": "",
    "NUMER": "",
    "NUMER_EWID": "",
    "NUMER_REJ_": "",
    "OBREB": "",
    "REJESTR_TA": "EW_ARCHEOLOGIA",
    "RODZAJE_ZA": "",
    "RODZAJ_OBI": "",
    "RODZAJ_WLA": "",
    "STAN_ZACHO": "",
    "STATUS": "",
    "STYL_OBIEK": "",
    "SYMBOL_EWI": "",
    "SYMBOL_REJ": "",
    "UWAGI": "",
    "WIEK_CZ_PO": "",
    "WIEK_POWST": "",
    "WYDRUK_LIN": "",
    "ZAJETA_NA_": 1,
    "ZALACZNIKI": "http://172.16.11.22:8085/SOWA2-services/doc/print/65375499/0688.pdf",
    "ZDJECIE_1": "",
    "ZDJECIE_2": "",
    "ZDJECIE_3": "",
    "ZDJECIE_4": "",
    "ZDJECIE_5": "",
    "ZDJECIE_6": "",
    "ZDJECIE_7": "",
    "ZDJECIE_8": "",
    "ZWERYFIKOW": "",
    "ZWIAZANA_Z": 0
   },
   "type": "Feature"
  },
  {
   "geometry": {
    "coordinates": [
     20.146554,
     50.088242
    ],
    "type": "Point"
   },
   "id": 297,
   "properties": {
    "ADRES": "",
    "ATRYBUTY_O": "Nr stanowiska: 781",
    "BUDOWNICZY": "",
    "CHARAKTER": "",
    "DATA_WPISU": null,
    "DATA_WZNIE": "",
    "DZIELNICA": "",
    "FID": 297,
    "FUNKCJA_OB": "",
    "FUNKCJA_PI": "",
    "GDB_AREA": 0,
    "GDB_PRM": 0,
    "GDB_PRMEX": 0,
    "GPT_DATE": null,
    "GPT_USER": "",
    "ID": 31547,
    "IDENT_OBIE": "67865149",
    "ID_ISDP": 0,
    "ID_SPRAWY": 80571999,
    "ID_WARSTWY": "F19_STAN_PNT_OPIS",
    "ISDP_FID": "GDB$G_EOZ_ARCHEOLOGIA_EOZ_A.4d9eef0c-e1f1-557a-e055-000000000001",
    "ISTNIEJE": "",
    "KARTA_MAPY": "",
    "LOKALIZACJ": "",
    "MATERIAL": "",
    "NAZWA": "",
    "NUMER": "",
    "NUMER_EWID": "",
    "NUMER_REJ_": "",
    "OBREB": "",
    "REJESTR_TA": "EW_ARCHEOLOGIA",
    "RODZAJE_ZA": "",
    "RODZAJ_OBI": "",
    "RODZAJ_WLA": "",
    "STAN_ZACHO": "",
    "STATUS": "",
    "STYL_OBIEK": "",
    "SYMBOL_EWI": "",
    "SYMBOL_REJ": "",
    "UWAGI": "",
    "WIEK_CZ_PO": "",
    "WIEK_POWST": "",
    "WYDRUK_LIN": "",
    "ZAJETA_NA_": 1,
    "ZALACZNIKI": "http://172.16.11.22:8085/SOWA2-services/doc/print/65376149/0781.pdf",
    "ZDJECIE_1": "",
    "ZDJECIE_2": "",
    "ZDJECIE_3": "",
    "ZDJECIE_4": "",
    "ZDJECIE_5": "",
    "ZDJECIE_6": "",
    "ZDJECIE_7": "",
    "ZDJECIE_8": "",
    "ZWERYFIKOW": "",
    "ZWIAZANA_Z": 0
   },
   "type": "Feature"
  },
  {
   "geometry": {
    "coordinates": [
     20.113606,
     50.102724
    ],
    "type": "Point"
   },
   "id": 298,
   "properties": {
    "ADRES": "",
    "ATRYBUTY_O": "Nr stanowiska: 805",
    "BUDOWNICZY": "",
    "CHARAKTER": "",
    "DATA_WPISU": null,
    "DATA_WZNIE": "",
    "DZIELNICA": "",
    "FID": 298,
    "FUNKCJA_OB": "",
    "FUNKCJA_PI": "",
    "GDB_AREA": 0,
    "GDB_PRM": 0,
    "GDB_PRMEX": 0,
    "GPT_DATE": null,
    "GPT_USER": "",
    "ID": 31549,
    "IDENT_OBIE": "67865249",
    "ID_ISDP": 0,
    "ID_SPRAWY": 80572299,
    "ID_WARSTWY": "F19_STAN_PNT_OPIS",
    "ISDP_FID": "GDB$G_EOZ_ARCHEOLOGIA_EOZ_A.4d9eef0c-e1f2-557a-e055-000000000001",
    "ISTNIEJE": "",
    "KARTA_MAPY": "",
    "LOKALIZACJ": "",
    "MATERIAL": "",
    "NAZWA": "",
    "NUMER": "",
    "NUMER_EWID": "",
    "NUMER_REJ_": "",
    "OBREB": "",
    "REJESTR_TA": "EW_ARCHEOLOGIA",
    "RODZAJE_ZA": "",
    "RODZAJ_OBI": "",
    "RODZAJ_WLA": "",
    "STAN_ZACHO": "",
    "STATUS": "",
    "STYL_OBIEK": "",
    "SYMBOL_EWI": "",
    "SYMBOL_REJ": "",
    "UWAGI": "",
    "WIEK_CZ_PO": "",
    "WIEK_POWST": "",
    "WYDRUK_LIN": "",
    "ZAJETA_NA_": 1,
    "ZALACZNIKI": "http://172.16.11.22:8085/SOWA2-services/doc/print/65376699/0805.pdf",
    "ZDJECIE_1": "",
    "ZDJECIE_2": "",
    "ZDJECIE_3": "",
    "ZDJECIE_4": "",
    "ZDJECIE_5": "",
    "ZDJECIE_6": "",
    "ZDJECIE_7": "",
    "ZDJECIE_8": "",
    "ZWERYFIKOW": "",
    "ZWIAZANA_Z": 0
   },
   "type": "Feature"
  },
  {
   "geometry": {
    "coordinates": [
     20.07541,
     50.068009
    ],
    "type": "Point"
   },
   "id": 299,
   "properties": {
    "ADRES": "",
    "ATRYBUTY_O": "Nr stanowiska: 715",
    "BUDOWNICZY": "",
    "CHARAKTER": "",
    "DATA_WPISU": null,
    "DATA_WZNIE": "",
    "DZIELNICA": "",
    "FID": 299,
    "FUNKCJA_OB": "",
    "FUNKCJA_PI": "",
    "GDB_AREA": 0,
    "GDB_PRM": 0,
    "GDB_PRMEX": 0,
    "GPT_DATE": null,
    "GPT_USER": "",
    "ID": 31553,
    "IDENT_OBIE": "67865449",
    "ID_ISDP": 0,
    "ID_SPRAWY": 80573149,
    "ID_WARSTWY": "F19_STAN_PNT_OPIS",
    "ISDP_FID": "GDB$G_EOZ_ARCHEOLOGIA_EOZ_A.4d9eef0c-e1f3-557a-e055-000000000001",
    "ISTNIEJE": "",
    "KARTA_MAPY": "",
    "LOKALIZACJ": "",
    "MATERIAL": "",
    "NAZWA": "",
    "NUMER": "",
    "NUMER_EWID": "",
    "NUMER_REJ_": "",
    "OBREB": "",
    "REJESTR_TA": "EW_ARCHEOLOGIA",
    "RODZAJE_ZA": "",
    "RODZAJ_OBI": "",
    "RODZAJ_WLA": "",
    "STAN_ZACHO": "",
    "STATUS": "",
    "STYL_OBIEK": "",
    "SYMBOL_EWI": "",
    "SYMBOL_REJ": "",
    "UWAGI": "",
    "WIEK_CZ_PO": "",
    "WIEK_POWST": "",
    "WYDRUK_LIN": "",
    "ZAJETA_NA_": 1,
    "ZALACZNIKI": "http://172.16.11.22:8085/SOWA2-services/doc/print/65375799/0715.pdf",
    "ZDJECIE_1": "",
    "ZDJECIE_2": "",
    "ZDJECIE_3": "",
    "ZDJECIE_4": "",
    "ZDJECIE_5": "",
    "ZDJECIE_6": "",
    "ZDJECIE_7": "",
    "ZDJECIE_8": "",
    "ZWERYFIKOW": "",
    "ZWIAZANA_Z": 0
   },
   "type": "Feature"
  },
  {
   "geometry": {
    "coordinates": [
     19.928822,
     50.072022
    ],
    "type": "Point"
   },
   "id": 300,
   "properties": {
    "ADRES": "",
    "ATRYBUTY_O": "Nr stanowiska: 241",
    "BUDOWNICZY": "",
    "CHARAKTER": "",
    "DATA_WPISU": null,
    "DATA_WZNIE": "",
    "DZIELNICA": "",
    "FID": 300,
    "FUNKCJA_OB": "",
    "FUNKCJA_PI": "",
    "GDB_AREA": 0,
    "GDB_PRM": 0,
    "GDB_PRMEX": 0,
    "GPT_DATE": null,
    "GPT_USER": "",
    "ID": 31556,
    "IDENT_OBIE": "67865599",
    "ID_ISDP": 0,
    "ID_SPRAWY": 80573399,
    "ID_WARSTWY": "F19_STAN_PNT_OPIS",
    "ISDP_FID": "GDB$G_EOZ_ARCHEOLOGIA_EOZ_A.4d9eef0c-e1f4-557a-e055-000000000001",
    "ISTNIEJE": "",
    "KARTA_MAPY": "",
    "LOKALIZACJ": "",
    "MATERIAL": "",
    "NAZWA": "",
    "NUMER": "",
    "NUMER_EWID": "",
    "NUMER_REJ_": "",
    "OBREB": "",
    "REJESTR_TA": "EW_ARCHEOLOGIA",
    "RODZAJE_ZA": "",
    "RODZAJ_OBI": "",
    "RODZAJ_WLA": "",
    "STAN_ZACHO": "",
    "STATUS": "",
    "STYL_OBIEK": "",
    "SYMBOL_EWI": "",
    "SYMBOL_REJ": "",
    "UWAGI": "",
    "WIEK_CZ_PO": "",
    "WIEK_POWST": "",
    "WYDRUK_LIN": "",
    "ZAJETA_NA_": 1,
    "ZALACZNIKI": "http://172.16.11.22:8085/SOWA2-services/doc/print/65365299/0241.pdf",
    "ZDJECIE_1": "",
    "ZDJECIE_2": "",
    "ZDJECIE_3": "",
    "ZDJECIE_4": "",
    "ZDJECIE_5": "",
    "ZDJECIE_6": "",
    "ZDJECIE_7": "",
    "ZDJECIE_8": "",
    "ZWERYFIKOW": "",
    "ZWIAZANA_Z": 0
   },
   "type": "Feature"
  },
  {
   "geometry": {
    "coordinates": [
     19.929645,
     50.058678
    ],
    "type": "Point"
   },
   "id": 301,
   "properties": {
    "ADRES": "",
    "ATRYBUTY_O": "Nr stanowiska: 227",
    "BUDOWNICZY": "",
    "CHARAKTER": "",
    "DATA_WPISU": null,
    "DATA_WZNIE": "",
    "DZIELNICA": "",
    "FID": 301,
    "FUNKCJA_OB": "",
    "FUNKCJA_PI": "",
    "GDB_AREA": 0,
    "GDB_PRM": 0,
    "GDB_PRMEX": 0,
    "GPT_DATE": null,
    "GPT_USER": "",
    "ID": 31557,
    "IDENT_OBIE": "67865649",
    "ID_ISDP": 0,
    "ID_SPRAWY": 80573449,
    "ID_WARSTWY": "F19_STAN_PNT_OPIS",
    "ISDP_FID": "GDB$G_EOZ_ARCHEOLOGIA_EOZ_A.4d9eef0c-e1f5-557a-e055-000000000001",
    "ISTNIEJE": "",
    "KARTA_MAPY": "",
    "LOKALIZACJ": "",
    "MATERIAL": "",
    "NAZWA": "",
    "NUMER": "",
    "NUMER_EWID": "",
    "NUMER_REJ_": "",
    "OBREB": "",
    "REJESTR_TA": "EW_ARCHEOLOGIA",
    "RODZAJE_ZA": "",
    "RODZAJ_OBI": "",
    "RODZAJ_WLA": "",
    "STAN_ZACHO": "",
    "STATUS": "",
    "STYL_OBIEK": "",
    "SYMBOL_EWI": "",
    "SYMBOL_REJ": "",
    "UWAGI": "",
    "WIEK_CZ_PO": "",
    "WIEK_POWST": "",
    "WYDRUK_LIN": "",
    "ZAJETA_NA_": 1,
    "ZALACZNIKI": "http://172.16.11.22:8085/SOWA2-services/doc/print/65364599/0227.pdf",
    "ZDJECIE_1": "",
    "ZDJECIE_2": "",
    "ZDJECIE_3": "",
    "ZDJECIE_4": "",
    "ZDJECIE_5": "",
    "ZDJECIE_6": "",
    "ZDJECIE_7": "",
    "ZDJECIE_8": "",
    "ZWERYFIKOW": "",
    "ZWIAZANA_Z": 0
   },
   "type": "Feature"
  },
  {
   "geometry": {
    "coordinates": [
     19.93302,
     50.058309
    ],
    "type": "Point"
   },
   "id": 302,
   "properties": {
    "ADRES": "",
    "ATRYBUTY_O": "Nr stanowiska: 228",
    "BUDOWNICZY": "",
    "CHARAKTER": "",
    "DATA_WPISU": null,
    "DATA_WZNIE": "",
    "DZIELNICA": "",
    "FID": 302,
    "FUNKCJA_OB": "",
    "FUNKCJA_PI": "",
    "GDB_AREA": 0,
    "GDB_PRM": 0,
    "GDB_PRMEX": 0,
    "GPT_DATE": null,
    "GPT_USER": "",
    "ID": 31558,
    "IDENT_OBIE": "67865699",
    "ID_ISDP": 0,
    "ID_SPRAWY": 80573499,
    "ID_WARSTWY": "F19_STAN_PNT_OPIS",
    "ISDP_FID": "GDB$G_EOZ_ARCHEOLOGIA_EOZ_A.4d9eef0c-e1f6-557a-e055-000000000001",
    "ISTNIEJE": "",
    "KARTA_MAPY": "",
    "LOKALIZACJ": "",
    "MATERIAL": "",
    "NAZWA": "",
    "NUMER": "",
    "NUMER_EWID": "",
    "NUMER_REJ_": "",
    "OBREB": "",
    "REJESTR_TA": "EW_ARCHEOLOGIA",
    "RODZAJE_ZA": "",
    "RODZAJ_OBI": "",
    "RODZAJ_WLA": "",
    "STAN_ZACHO": "",
    "STATUS": "",
    "STYL_OBIEK": "",
    "SYMBOL_EWI": "",
    "SYMBOL_REJ": "",
    "UWAGI": "",
    "WIEK_CZ_PO": "",
    "WIEK_POWST": "",
    "WYDRUK_LIN": "",
    "ZAJETA_NA_": 1,
    "ZALACZNIKI": "http://172.16.11.22:8085/SOWA2-services/doc/print/65364649/0228.pdf",
    "ZDJECIE_1": "",
    "ZDJECIE_2": "",
    "ZDJECIE_3": "",
    "ZDJECIE_4": "",
    "ZDJECIE_5": "",
    "ZDJECIE_6": "",
    "ZDJECIE_7": "",
    "ZDJECIE_8": "",
    "ZWERYFIKOW": "",
    "ZWIAZANA_Z": 0
   },
   "type": "Feature"
  },
  {
   "geometry": {
    "coordinates": [
     19.933892,
     50.056263
    ],
    "type": "Point"
   },
   "id": 303,
   "properties": {
    "ADRES": "",
    "ATRYBUTY_O": "Nr stanowiska: 229",
    "BUDOWNICZY": "",
    "CHARAKTER": "",
    "DATA_WPISU": null,
    "DATA_WZNIE": "",
    "DZIELNICA": "",
    "FID": 303,
    "FUNKCJA_OB": "",
    "FUNKCJA_PI": "",
    "GDB_AREA": 0,
    "GDB_PRM": 0,
    "GDB_PRMEX": 0,
    "GPT_DATE": null,
    "GPT_USER": "",
    "ID": 31559,
    "IDENT_OBIE": "67865749",
    "ID_ISDP": 0,
    "ID_SPRAWY": 80573549,
    "ID_WARSTWY": "F19_STAN_PNT_OPIS",
    "ISDP_FID": "GDB$G_EOZ_ARCHEOLOGIA_EOZ_A.4d9eef0c-e1f7-557a-e055-000000000001",
    "ISTNIEJE": "",
    "KARTA_MAPY": "",
    "LOKALIZACJ": "",
    "MATERIAL": "",
    "NAZWA": "",
    "NUMER": "",
    "NUMER_EWID": "",
    "NUMER_REJ_": "",
    "OBREB": "",
    "REJESTR_TA": "EW_ARCHEOLOGIA",
    "RODZAJE_ZA": "",
    "RODZAJ_OBI": "",
    "RODZAJ_WLA": "",
    "STAN_ZACHO": "",
    "STATUS": "",
    "STYL_OBIEK": "",
    "SYMBOL_EWI": "",
    "SYMBOL_REJ": "",
    "UWAGI": "",
    "WIEK_CZ_PO": "",
    "WIEK_POWST": "",
    "WYDRUK_LIN": "",
    "ZAJETA_NA_": 1,
    "ZALACZNIKI": "http://172.16.11.22:8085/SOWA2-services/doc/print/65364699/0229.pdf",
    "ZDJECIE_1": "",
    "ZDJECIE_2": "",
    "ZDJECIE_3": "",
    "ZDJECIE_4": "",
    "ZDJECIE_5": "",
    "ZDJECIE_6": "",
    "ZDJECIE_7": "",
    "ZDJECIE_8": "",
    "ZWERYFIKOW": "",
    "ZWIAZANA_Z": 0
   },
   "type": "Feature"
  },
  {
   "geometry": {
    "coordinates": [
     19.928644,
     50.05706
    ],
    "type": "Point"
   },
   "id": 304,
   "properties": {
    "ADRES": "",
    "ATRYBUTY_O": "Nr stanowiska: 230",
    "BUDOWNICZY": "",
    "CHARAKTER": "",
    "DATA_WPISU": null,
    "DATA_WZNIE": "",
    "DZIELNICA": "",
    "FID": 304,
    "FUNKCJA_OB": "",
    "FUNKCJA_PI": "",
    "GDB_AREA": 0,
    "GDB_PRM": 0,
    "GDB_PRMEX": 0,
    "GPT_DATE": null,
    "GPT_USER": "",
    "ID": 31560,
    "IDENT_OBIE": "67865799",
    "ID_ISDP": 0,
    "ID_SPRAWY": 80573599,
    "ID_WARSTWY": "F19_STAN_PNT_OPIS",
    "ISDP_FID": "GDB$G_EOZ_ARCHEOLOGIA_EOZ_A.4d9eef0c-e1f8-557a-e055-000000000001",
    "ISTNIEJE": "",
    "KARTA_MAPY": "",
    "LOKALIZACJ": "",
    "MATERIAL": "",
    "NAZWA": "",
    "NUMER": "",
    "NUMER_EWID": "",
    "NUMER_REJ_": "",
    "OBREB": "",
    "REJESTR_TA": "EW_ARCHEOLOGIA",
    "RODZAJE_ZA": "",
    "RODZAJ_OBI": "",
    "RODZAJ_WLA": "",
    "STAN_ZACHO": "",
    "STATUS": "",
    "STYL_OBIEK": "",
    "SYMBOL_EWI": "",
    "SYMBOL_REJ": "",
    "UWAGI": "",
    "WIEK_CZ_PO": "",
    "WIEK_POWST": "",
    "WYDRUK_LIN": "",
    "ZAJETA_NA_": 1,
    "ZALACZNIKI": "http://172.16.11.22:8085/SOWA2-services/doc/print/65364749/0230.pdf",
    "ZDJECIE_1": "",
    "ZDJECIE_2": "",
    "ZDJECIE_3": "",
    "ZDJECIE_4": "",
    "ZDJECIE_5": "",
    "ZDJECIE_6": "",
    "ZDJECIE_7": "",
    "ZDJECIE_8": "",
    "ZWERYFIKOW": "",
    "ZWIAZANA_Z": 0
   },
   "type": "Feature"
  },
  {
   "geometry": {
    "coordinates": [
     19.931751,
     50.054881
    ],
    "type": "Point"
   },
   "id": 305,
   "properties": {
    "ADRES": "",
    "ATRYBUTY_O": "Nr stanowiska: 232",
    "BUDOWNICZY": "",
    "CHARAKTER": "",
    "DATA_WPISU": null,
    "DATA_WZNIE": "",
    "DZIELNICA": "",
    "FID": 305,
    "FUNKCJA_OB": "",
    "FUNKCJA_PI": "",
    "GDB_AREA": 0,
    "GDB_PRM": 0,
    "GDB_PRMEX": 0,
    "GPT_DATE": null,
    "GPT_USER": "",
    "ID": 31562,
    "IDENT_OBIE": "67865899",
    "ID_ISDP": 0,
    "ID_SPRAWY": 80573699,
    "ID_WARSTWY": "F19_STAN_PNT_OPIS",
    "ISDP_FID": "GDB$G_EOZ_ARCHEOLOGIA_EOZ_A.4d9eef0c-e1f9-557a-e055-000000000001",
    "ISTNIEJE": "",
    "KARTA_MAPY": "",
    "LOKALIZACJ": "",
    "MATERIAL": "",
    "NAZWA": "",
    "NUMER": "",
    "NUMER_EWID": "",
    "NUMER_REJ_": "",
    "OBREB": "",
    "REJESTR_TA": "EW_ARCHEOLOGIA",
    "RODZAJE_ZA": "",
    "RODZAJ_OBI": "",
    "RODZAJ_WLA": "",
    "STAN_ZACHO": "",
    "STATUS": "",
    "STYL_OBIEK": "",
    "SYMBOL_EWI": "",
    "SYMBOL_REJ": "",
    "UWAGI": "",
    "WIEK_CZ_PO": "",
    "WIEK_POWST": "",
    "WYDRUK_LIN": "",
    "ZAJETA_NA_": 1,
    "ZALACZNIKI": "http://172.16.11.22:8085/SOWA2-services/doc/print/65364849/0232.pdf",
    "ZDJECIE_1": "",
    "ZDJECIE_2": "",
    "ZDJECIE_3": "",
    "ZDJECIE_4": "",
    "ZDJECIE_5": "",
    "ZDJECIE_6": "",
    "ZDJECIE_7": "",
    "ZDJECIE_8": "",
    "ZWERYFIKOW": "",
    "ZWIAZANA_Z": 0
   },
   "type": "Feature"
  },
  {
   "geometry": {
    "coordinates": [
     19.957721,
     50.074152
    ],
    "type": "Point"
   },
   "id": 306,
   "properties": {
    "ADRES": "",
    "ATRYBUTY_O": "Nr stanowiska: 69",
    "BUDOWNICZY": "",
    "CHARAKTER": "",
    "DATA_WPISU": null,
    "DATA_WZNIE": "",
    "DZIELNICA": "",
    "FID": 306,
    "FUNKCJA_OB": "",
    "FUNKCJA_PI": "",
    "GDB_AREA": 0,
    "GDB_PRM": 0,
    "GDB_PRMEX": 0,
    "GPT_DATE": null,
    "GPT_USER": "",
    "ID": 31563,
    "IDENT_OBIE": "67865949",
    "ID_ISDP": 0,
    "ID_SPRAWY": 80573799,
    "ID_WARSTWY": "F19_STAN_PNT_OPIS",
    "ISDP_FID": "GDB$G_EOZ_ARCHEOLOGIA_EOZ_A.4d9eef0c-e1fa-557a-e055-000000000001",
    "ISTNIEJE": "",
    "KARTA_MAPY": "",
    "LOKALIZACJ": "",
    "MATERIAL": "",
    "NAZWA": "",
    "NUMER": "",
    "NUMER_EWID": "",
    "NUMER_REJ_": "",
    "OBREB": "",
    "REJESTR_TA": "EW_ARCHEOLOGIA",
    "RODZAJE_ZA": "",
    "RODZAJ_OBI": "",
    "RODZAJ_WLA": "",
    "STAN_ZACHO": "",
    "STATUS": "",
    "STYL_OBIEK": "",
    "SYMBOL_EWI": "",
    "SYMBOL_REJ": "",
    "UWAGI": "",
    "WIEK_CZ_PO": "",
    "WIEK_POWST": "",
    "WYDRUK_LIN": "",
    "ZAJETA_NA_": 1,
    "ZALACZNIKI": "http://172.16.11.22:8085/SOWA2-services/doc/print/65359449/0069.pdf",
    "ZDJECIE_1": "",
    "ZDJECIE_2": "",
    "ZDJECIE_3": "",
    "ZDJECIE_4": "",
    "ZDJECIE_5": "",
    "ZDJECIE_6": "",
    "ZDJECIE_7": "",
    "ZDJECIE_8": "",
    "ZWERYFIKOW": "",
    "ZWIAZANA_Z": 0
   },
   "type": "Feature"
  },
  {
   "geometry": {
    "coordinates": [
     19.841201,
     50.07187
    ],
    "type": "Point"
   },
   "id": 307,
   "properties": {
    "ADRES": "",
    "ATRYBUTY_O": "Nr stanowiska: 246",
    "BUDOWNICZY": "",
    "CHARAKTER": "",
    "DATA_WPISU": null,
    "DATA_WZNIE": "",
    "DZIELNICA": "",
    "FID": 307,
    "FUNKCJA_OB": "",
    "FUNKCJA_PI": "",
    "GDB_AREA": 0,
    "GDB_PRM": 0,
    "GDB_PRMEX": 0,
    "GPT_DATE": null,
    "GPT_USER": "",
    "ID": 31564,
    "IDENT_OBIE": "67865999",
    "ID_ISDP": 0,
    "ID_SPRAWY": 80574149,
    "ID_WARSTWY": "F19_STAN_PNT_OPIS",
    "ISDP_FID": "GDB$G_EOZ_ARCHEOLOGIA_EOZ_A.4d9eef0c-e1fb-557a-e055-000000000001",
    "ISTNIEJE": "",
    "KARTA_MAPY": "",
    "LOKALIZACJ": "",
    "MATERIAL": "",
    "NAZWA": "",
    "NUMER": "",
    "NUMER_EWID": "",
    "NUMER_REJ_": "",
    "OBREB": "",
    "REJESTR_TA": "EW_ARCHEOLOGIA",
    "RODZAJE_ZA": "",
    "RODZAJ_OBI": "",
    "RODZAJ_WLA": "",
    "STAN_ZACHO": "",
    "STATUS": "",
    "STYL_OBIEK": "",
    "SYMBOL_EWI": "",
    "SYMBOL_REJ": "",
    "UWAGI": "",
    "WIEK_CZ_PO": "",
    "WIEK_POWST": "",
    "WYDRUK_LIN": "",
    "ZAJETA_NA_": 1,
    "ZALACZNIKI": "http://172.16.11.22:8085/SOWA2-services/doc/print/65365349/0246.pdf",
    "ZDJECIE_1": "",
    "ZDJECIE_2": "",
    "ZDJECIE_3": "",
    "ZDJECIE_4": "",
    "ZDJECIE_5": "",
    "ZDJECIE_6": "",
    "ZDJECIE_7": "",
    "ZDJECIE_8": "",
    "ZWERYFIKOW": "",
    "ZWIAZANA_Z": 0
   },
   "type": "Feature"
  },
  {
   "geometry": {
    "coordinates": [
     19.834999,
     50.076414
    ],
    "type": "Point"
   },
   "id": 308,
   "properties": {
    "ADRES": "",
    "ATRYBUTY_O": "Nr stanowiska: 248",
    "BUDOWNICZY": "",
    "CHARAKTER": "",
    "DATA_WPISU": null,
    "DATA_WZNIE": "",
    "DZIELNICA": "",
    "FID": 308,
    "FUNKCJA_OB": "",
    "FUNKCJA_PI": "",
    "GDB_AREA": 0,
    "GDB_PRM": 0,
    "GDB_PRMEX": 0,
    "GPT_DATE": null,
    "GPT_USER": "",
    "ID": 31565,
    "IDENT_OBIE": "67866049",
    "ID_ISDP": 0,
    "ID_SPRAWY": 80574249,
    "ID_WARSTWY": "F19_STAN_PNT_OPIS",
    "ISDP_FID": "GDB$G_EOZ_ARCHEOLOGIA_EOZ_A.4d9eef0c-e1fc-557a-e055-000000000001",
    "ISTNIEJE": "",
    "KARTA_MAPY": "",
    "LOKALIZACJ": "",
    "MATERIAL": "",
    "NAZWA": "",
    "NUMER": "",
    "NUMER_EWID": "",
    "NUMER_REJ_": "",
    "OBREB": "",
    "REJESTR_TA": "EW_ARCHEOLOGIA",
    "RODZAJE_ZA": "",
    "RODZAJ_OBI": "",
    "RODZAJ_WLA": "",
    "STAN_ZACHO": "",
    "STATUS": "",
    "STYL_OBIEK": "",
    "SYMBOL_EWI": "",
    "SYMBOL_REJ": "",
    "UWAGI": "",
    "WIEK_CZ_PO": "",
    "WIEK_POWST": "",
    "WYDRUK_LIN": "",
    "ZAJETA_NA_": 1,
    "ZALACZNIKI": "http://172.16.11.22:8085/SOWA2-services/doc/print/65365399/0248.pdf",
    "ZDJECIE_1": "",
    "ZDJECIE_2": "",
    "ZDJECIE_3": "",
    "ZDJECIE_4": "",
    "ZDJECIE_5": "",
    "ZDJECIE_6": "",
    "ZDJECIE_7": "",
    "ZDJECIE_8": "",
    "ZWERYFIKOW": "",
    "ZWIAZANA_Z": 0
   },
   "type": "Feature"
  },
  {
   "geometry": {
    "coordinates": [
     19.832908,
     50.080241
    ],
    "type": "Point"
   },
   "id": 309,
   "properties": {
    "ADRES": "",
    "ATRYBUTY_O": "Nr stanowiska: 250",
    "BUDOWNICZY": "",
    "CHARAKTER": "",
    "DATA_WPISU": null,
    "DATA_WZNIE": "",
    "DZIELNICA": "",
    "FID": 309,
    "FUNKCJA_OB": "",
    "FUNKCJA_PI": "",
    "GDB_AREA": 0,
    "GDB_PRM": 0,
    "GDB_PRMEX": 0,
    "GPT_DATE": null,
    "GPT_USER": "",
    "ID": 31567,
    "IDENT_OBIE": "67866149",
    "ID_ISDP": 0,
    "ID_SPRAWY": 80574349,
    "ID_WARSTWY": "F19_STAN_PNT_OPIS",
    "ISDP_FID": "GDB$G_EOZ_ARCHEOLOGIA_EOZ_A.4d9eef0c-e1fd-557a-e055-000000000001",
    "ISTNIEJE": "",
    "KARTA_MAPY": "",
    "LOKALIZACJ": "",
    "MATERIAL": "",
    "NAZWA": "",
    "NUMER": "",
    "NUMER_EWID": "",
    "NUMER_REJ_": "",
    "OBREB": "",
    "REJESTR_TA": "EW_ARCHEOLOGIA",
    "RODZAJE_ZA": "",
    "RODZAJ_OBI": "",
    "RODZAJ_WLA": "",
    "STAN_ZACHO": "",
    "STATUS": "",
    "STYL_OBIEK": "",
    "SYMBOL_EWI": "",
    "SYMBOL_REJ": "",
    "UWAGI": "",
    "WIEK_CZ_PO": "",
    "WIEK_POWST": "",
    "WYDRUK_LIN": "",
    "ZAJETA_NA_": 1,
    "ZALACZNIKI": "http://172.16.11.22:8085/SOWA2-services/doc/print/65365499/0250.pdf",
    "ZDJECIE_1": "",
    "ZDJECIE_2": "",
    "ZDJECIE_3": "",
    "ZDJECIE_4": "",
    "ZDJECIE_5": "",
    "ZDJECIE_6": "",
    "ZDJECIE_7": "",
    "ZDJECIE_8": "",
    "ZWERYFIKOW": "",
    "ZWIAZANA_Z": 0
   },
   "type": "Feature"
  },
  {
   "geometry": {
    "coordinates": [
     19.828977,
     50.081212
    ],
    "type": "Point"
   },
   "id": 310,
   "properties": {
    "ADRES": "",
    "ATRYBUTY_O": "Nr stanowiska: 251",
    "BUDOWNICZY": "",
    "CHARAKTER": "",
    "DATA_WPISU": null,
    "DATA_WZNIE": "",
    "DZIELNICA": "",
    "FID": 310,
    "FUNKCJA_OB": "",
    "FUNKCJA_PI": "",
    "GDB_AREA": 0,
    "GDB_PRM": 0,
    "GDB_PRMEX": 0,
    "GPT_DATE": null,
    "GPT_USER": "",
    "ID": 31568,
    "IDENT_OBIE": "67866199",
    "ID_ISDP": 0,
    "ID_SPRAWY": 80574399,
    "ID_WARSTWY": "F19_STAN_PNT_OPIS",
    "ISDP_FID": "GDB$G_EOZ_ARCHEOLOGIA_EOZ_A.4d9eef0c-e1fe-557a-e055-000000000001",
    "ISTNIEJE": "",
    "KARTA_MAPY": "",
    "LOKALIZACJ": "",
    "MATERIAL": "",
    "NAZWA": "",
    "NUMER": "",
    "NUMER_EWID": "",
    "NUMER_REJ_": "",
    "OBREB": "",
    "REJESTR_TA": "EW_ARCHEOLOGIA",
    "RODZAJE_ZA": "",
    "RODZAJ_OBI": "",
    "RODZAJ_WLA": "",
    "STAN_ZACHO": "",
    "STATUS": "",
    "STYL_OBIEK": "",
    "SYMBOL_EWI": "",
    "SYMBOL_REJ": "",
    "UWAGI": "",
    "WIEK_CZ_PO": "",
    "WIEK_POWST": "",
    "WYDRUK_LIN": "",
    "ZAJETA_NA_": 1,
    "ZALACZNIKI": "http://172.16.11.22:8085/SOWA2-services/doc/print/65365549/0251.pdf",
    "ZDJECIE_1": "",
    "ZDJECIE_2": "",
    "ZDJECIE_3": "",
    "ZDJECIE_4": "",
    "ZDJECIE_5": "",
    "ZDJECIE_6": "",
    "ZDJECIE_7": "",
    "ZDJECIE_8": "",
    "ZWERYFIKOW": "",
    "ZWIAZANA_Z": 0
   },
   "type": "Feature"
  },
  {
   "geometry": {
    "coordinates": [
     19.814103,
     50.074773
    ],
    "type": "Point"
   },
   "id": 311,
   "properties": {
    "ADRES": "",
    "ATRYBUTY_O": "Nr stanowiska: 254",
    "BUDOWNICZY": "",
    "CHARAKTER": "",
    "DATA_WPISU": null,
    "DATA_WZNIE": "",
    "DZIELNICA": "",
    "FID": 311,
    "FUNKCJA_OB": "",
    "FUNKCJA_PI": "",
    "GDB_AREA": 0,
    "GDB_PRM": 0,
    "GDB_PRMEX": 0,
    "GPT_DATE": null,
    "GPT_USER": "",
    "ID": 31570,
    "IDENT_OBIE": "67866299",
    "ID_ISDP": 0,
    "ID_SPRAWY": 80574549,
    "ID_WARSTWY": "F19_STAN_PNT_OPIS",
    "ISDP_FID": "GDB$G_EOZ_ARCHEOLOGIA_EOZ_A.4d9eef0c-e1ff-557a-e055-000000000001",
    "ISTNIEJE": "",
    "KARTA_MAPY": "",
    "LOKALIZACJ": "",
    "MATERIAL": "",
    "NAZWA": "",
    "NUMER": "",
    "NUMER_EWID": "",
    "NUMER_REJ_": "",
    "OBREB": "",
    "REJESTR_TA": "EW_ARCHEOLOGIA",
    "RODZAJE_ZA": "",
    "RODZAJ_OBI": "",
    "RODZAJ_WLA": "",
    "STAN_ZACHO": "",
    "STATUS": "",
    "STYL_OBIEK": "",
    "SYMBOL_EWI": "",
    "SYMBOL_REJ": "",
    "UWAGI": "",
    "WIEK_CZ_PO": "",
    "WIEK_POWST": "",
    "WYDRUK_LIN": "",
    "ZAJETA_NA_": 1,
    "ZALACZNIKI": "http://172.16.11.22:8085/SOWA2-services/doc/print/65365649/0254.pdf",
    "ZDJECIE_1": "",
    "ZDJECIE_2": "",
    "ZDJECIE_3": "",
    "ZDJECIE_4": "",
    "ZDJECIE_5": "",
    "ZDJECIE_6": "",
    "ZDJECIE_7": "",
    "ZDJECIE_8": "",
    "ZWERYFIKOW": "",
    "ZWIAZANA_Z": 0
   },
   "type": "Feature"
  },
  {
   "geometry": {
    "coordinates": [
     19.812192,
     50.071384
    ],
    "type": "Point"
   },
   "id": 312,
   "properties": {
    "ADRES": "",
    "ATRYBUTY_O": "Nr stanowiska: 258",
    "BUDOWNICZY": "",
    "CHARAKTER": "",
    "DATA_WPISU": null,
    "DATA_WZNIE": "",
    "DZIELNICA": "",
    "FID": 312,
    "FUNKCJA_OB": "",
    "FUNKCJA_PI": "",
    "GDB_AREA": 0,
    "GDB_PRM": 0,
    "GDB_PRMEX": 0,
    "GPT_DATE": null,
    "GPT_USER": "",
    "ID": 31572,
    "IDENT_OBIE": "67866399",
    "ID_ISDP": 0,
    "ID_SPRAWY": 80574699,
    "ID_WARSTWY": "F19_STAN_PNT_OPIS",
    "ISDP_FID": "GDB$G_EOZ_ARCHEOLOGIA_EOZ_A.4d9eef0c-e200-557a-e055-000000000001",
    "ISTNIEJE": "",
    "KARTA_MAPY": "",
    "LOKALIZACJ": "",
    "MATERIAL": "",
    "NAZWA": "",
    "NUMER": "",
    "NUMER_EWID": "",
    "NUMER_REJ_": "",
    "OBREB": "",
    "REJESTR_TA": "EW_ARCHEOLOGIA",
    "RODZAJE_ZA": "",
    "RODZAJ_OBI": "",
    "RODZAJ_WLA": "",
    "STAN_ZACHO": "",
    "STATUS": "",
    "STYL_OBIEK": "",
    "SYMBOL_EWI": "",
    "SYMBOL_REJ": "",
    "UWAGI": "",
    "WIEK_CZ_PO": "",
    "WIEK_POWST": "",
    "WYDRUK_LIN": "",
    "ZAJETA_NA_": 1,
    "ZALACZNIKI": "http://172.16.11.22:8085/SOWA2-services/doc/print/65365749/0258.pdf",
    "ZDJECIE_1": "",
    "ZDJECIE_2": "",
    "ZDJECIE_3": "",
    "ZDJECIE_4": "",
    "ZDJECIE_5": "",
    "ZDJECIE_6": "",
    "ZDJECIE_7": "",
    "ZDJECIE_8": "",
    "ZWERYFIKOW": "",
    "ZWIAZANA_Z": 0
   },
   "type": "Feature"
  },
  {
   "geometry": {
    "coordinates": [
     19.814622,
     50.061579
    ],
    "type": "Point"
   },
   "id": 313,
   "properties": {
    "ADRES": "",
    "ATRYBUTY_O": "Nr stanowiska: 262",
    "BUDOWNICZY": "",
    "CHARAKTER": "",
    "DATA_WPISU": null,
    "DATA_WZNIE": "",
    "DZIELNICA": "",
    "FID": 313,
    "FUNKCJA_OB": "",
    "FUNKCJA_PI": "",
    "GDB_AREA": 0,
    "GDB_PRM": 0,
    "GDB_PRMEX": 0,
    "GPT_DATE": null,
    "GPT_USER": "",
    "ID": 31573,
    "IDENT_OBIE": "67866449",
    "ID_ISDP": 0,
    "ID_SPRAWY": 80574849,
    "ID_WARSTWY": "F19_STAN_PNT_OPIS",
    "ISDP_FID": "GDB$G_EOZ_ARCHEOLOGIA_EOZ_A.4d9eef0c-e201-557a-e055-000000000001",
    "ISTNIEJE": "",
    "KARTA_MAPY": "",
    "LOKALIZACJ": "",
    "MATERIAL": "",
    "NAZWA": "",
    "NUMER": "",
    "NUMER_EWID": "",
    "NUMER_REJ_": "",
    "OBREB": "",
    "REJESTR_TA": "EW_ARCHEOLOGIA",
    "RODZAJE_ZA": "",
    "RODZAJ_OBI": "",
    "RODZAJ_WLA": "",
    "STAN_ZACHO": "",
    "STATUS": "",
    "STYL_OBIEK": "",
    "SYMBOL_EWI": "",
    "SYMBOL_REJ": "",
    "UWAGI": "",
    "WIEK_CZ_PO": "",
    "WIEK_POWST": "",
    "WYDRUK_LIN": "",
    "ZAJETA_NA_": 1,
    "ZALACZNIKI": "http://172.16.11.22:8085/SOWA2-services/doc/print/65365949/0262.pdf",
    "ZDJECIE_1": "",
    "ZDJECIE_2": "",
    "ZDJECIE_3": "",
    "ZDJECIE_4": "",
    "ZDJECIE_5": "",
    "ZDJECIE_6": "",
    "ZDJECIE_7": "",
    "ZDJECIE_8": "",
    "ZWERYFIKOW": "",
    "ZWIAZANA_Z": 0
   },
   "type": "Feature"
  },
  {
   "geometry": {
    "coordinates": [
     19.816606,
     50.059761
    ],
    "type": "Point"
   },
   "id": 314,
   "properties": {
    "ADRES": "",
    "ATRYBUTY_O": "Nr stanowiska: 264",
    "BUDOWNICZY": "",
    "CHARAKTER": "",
    "DATA_WPISU": null,
    "DATA_WZNIE": "",
    "DZIELNICA": "",
    "FID": 314,
    "FUNKCJA_OB": "",
    "FUNKCJA_PI": "",
    "GDB_AREA": 0,
    "GDB_PRM": 0,
    "GDB_PRMEX": 0,
    "GPT_DATE": null,
    "GPT_USER": "",
    "ID": 31574,
    "IDENT_OBIE": "67866499",
    "ID_ISDP": 0,
    "ID_SPRAWY": 80574899,
    "ID_WARSTWY": "F19_STAN_PNT_OPIS",
    "ISDP_FID": "GDB$G_EOZ_ARCHEOLOGIA_EOZ_A.4d9eef0c-e202-557a-e055-000000000001",
    "ISTNIEJE": "",
    "KARTA_MAPY": "",
    "LOKALIZACJ": "",
    "MATERIAL": "",
    "NAZWA": "",
    "NUMER": "",
    "NUMER_EWID": "",
    "NUMER_REJ_": "",
    "OBREB": "",
    "REJESTR_TA": "EW_ARCHEOLOGIA",
    "RODZAJE_ZA": "",
    "RODZAJ_OBI": "",
    "RODZAJ_WLA": "",
    "STAN_ZACHO": "",
    "STATUS": "",
    "STYL_OBIEK": "",
    "SYMBOL_EWI": "",
    "SYMBOL_REJ": "",
    "UWAGI": "",
    "WIEK_CZ_PO": "",
    "WIEK_POWST": "",
    "WYDRUK_LIN": "",
    "ZAJETA_NA_": 1,
    "ZALACZNIKI": "http://172.16.11.22:8085/SOWA2-services/doc/print/65365999/0264.pdf",
    "ZDJECIE_1": "",
    "ZDJECIE_2": "",
    "ZDJECIE_3": "",
    "ZDJECIE_4": "",
    "ZDJECIE_5": "",
    "ZDJECIE_6": "",
    "ZDJECIE_7": "",
    "ZDJECIE_8": "",
    "ZWERYFIKOW": "",
    "ZWIAZANA_Z": 0
   },
   "type": "Feature"
  },
  {
   "geometry": {
    "coordinates": [
     19.826554,
     50.063937
    ],
    "type": "Point"
   },
   "id": 315,
   "properties": {
    "ADRES": "",
    "ATRYBUTY_O": "Nr stanowiska: 260",
    "BUDOWNICZY": "",
    "CHARAKTER": "",
    "DATA_WPISU": null,
    "DATA_WZNIE": "",
    "DZIELNICA": "",
    "FID": 315,
    "FUNKCJA_OB": "",
    "FUNKCJA_PI": "",
    "GDB_AREA": 0,
    "GDB_PRM": 0,
    "GDB_PRMEX": 0,
    "GPT_DATE": null,
    "GPT_USER": "",
    "ID": 31576,
    "IDENT_OBIE": "67866599",
    "ID_ISDP": 0,
    "ID_SPRAWY": 80574999,
    "ID_WARSTWY": "F19_STAN_PNT_OPIS",
    "ISDP_FID": "GDB$G_EOZ_ARCHEOLOGIA_EOZ_A.4d9eef0c-e203-557a-e055-000000000001",
    "ISTNIEJE": "",
    "KARTA_MAPY": "",
    "LOKALIZACJ": "",
    "MATERIAL": "",
    "NAZWA": "",
    "NUMER": "",
    "NUMER_EWID": "",
    "NUMER_REJ_": "",
    "OBREB": "",
    "REJESTR_TA": "EW_ARCHEOLOGIA",
    "RODZAJE_ZA": "",
    "RODZAJ_OBI": "",
    "RODZAJ_WLA": "",
    "STAN_ZACHO": "",
    "STATUS": "",
    "STYL_OBIEK": "",
    "SYMBOL_EWI": "",
    "SYMBOL_REJ": "",
    "UWAGI": "",
    "WIEK_CZ_PO": "",
    "WIEK_POWST": "",
    "WYDRUK_LIN": "",
    "ZAJETA_NA_": 1,
    "ZALACZNIKI": "http://172.16.11.22:8085/SOWA2-services/doc/print/65365849/0260.pdf",
    "ZDJECIE_1": "",
    "ZDJECIE_2": "",
    "ZDJECIE_3": "",
    "ZDJECIE_4": "",
    "ZDJECIE_5": "",
    "ZDJECIE_6": "",
    "ZDJECIE_7": "",
    "ZDJECIE_8": "",
    "ZWERYFIKOW": "",
    "ZWIAZANA_Z": 0
   },
   "type": "Feature"
  },
  {
   "geometry": {
    "coordinates": [
     19.919502,
     49.986697
    ],
    "type": "Point"
   },
   "id": 316,
   "properties": {
    "ADRES": "",
    "ATRYBUTY_O": "Nr stanowiska: 587",
    "BUDOWNICZY": "",
    "CHARAKTER": "",
    "DATA_WPISU": null,
    "DATA_WZNIE": "",
    "DZIELNICA": "",
    "FID": 316,
    "FUNKCJA_OB": "",
    "FUNKCJA_PI": "",
    "GDB_AREA": 0,
    "GDB_PRM": 0,
    "GDB_PRMEX": 0,
    "GPT_DATE": null,
    "GPT_USER": "",
    "ID": 31579,
    "IDENT_OBIE": "67866749",
    "ID_ISDP": 0,
    "ID_SPRAWY": 80575299,
    "ID_WARSTWY": "F19_STAN_PNT_OPIS",
    "ISDP_FID": "GDB$G_EOZ_ARCHEOLOGIA_EOZ_A.4d9eef0c-e204-557a-e055-000000000001",
    "ISTNIEJE": "",
    "KARTA_MAPY": "",
    "LOKALIZACJ": "",
    "MATERIAL": "",
    "NAZWA": "",
    "NUMER": "",
    "NUMER_EWID": "",
    "NUMER_REJ_": "",
    "OBREB": "",
    "REJESTR_TA": "EW_ARCHEOLOGIA",
    "RODZAJE_ZA": "",
    "RODZAJ_OBI": "",
    "RODZAJ_WLA": "",
    "STAN_ZACHO": "",
    "STATUS": "",
    "STYL_OBIEK": "",
    "SYMBOL_EWI": "",
    "SYMBOL_REJ": "",
    "UWAGI": "",
    "WIEK_CZ_PO": "",
    "WIEK_POWST": "",
    "WYDRUK_LIN": "",
    "ZAJETA_NA_": 1,
    "ZALACZNIKI": "http://172.16.11.22:8085/SOWA2-services/doc/print/65374449/0587.pdf",
    "ZDJECIE_1": "",
    "ZDJECIE_2": "",
    "ZDJECIE_3": "",
    "ZDJECIE_4": "",
    "ZDJECIE_5": "",
    "ZDJECIE_6": "",
    "ZDJECIE_7": "",
    "ZDJECIE_8": "",
    "ZWERYFIKOW": "",
    "ZWIAZANA_Z": 0
   },
   "type": "Feature"
  },
  {
   "geometry": {
    "coordinates": [
     19.927606,
     49.984499
    ],
    "type": "Point"
   },
   "id": 317,
   "properties": {
    "ADRES": "",
    "ATRYBUTY_O": "Nr stanowiska: 589",
    "BUDOWNICZY": "",
    "CHARAKTER": "",
    "DATA_WPISU": null,
    "DATA_WZNIE": "",
    "DZIELNICA": "",
    "FID": 317,
    "FUNKCJA_OB": "",
    "FUNKCJA_PI": "",
    "GDB_AREA": 0,
    "GDB_PRM": 0,
    "GDB_PRMEX": 0,
    "GPT_DATE": null,
    "GPT_USER": "",
    "ID": 31581,
    "IDENT_OBIE": "67866849",
    "ID_ISDP": 0,
    "ID_SPRAWY": 80575399,
    "ID_WARSTWY": "F19_STAN_PNT_OPIS",
    "ISDP_FID": "GDB$G_EOZ_ARCHEOLOGIA_EOZ_A.4d9eef0c-e205-557a-e055-000000000001",
    "ISTNIEJE": "",
    "KARTA_MAPY": "",
    "LOKALIZACJ": "",
    "MATERIAL": "",
    "NAZWA": "",
    "NUMER": "",
    "NUMER_EWID": "",
    "NUMER_REJ_": "",
    "OBREB": "",
    "REJESTR_TA": "EW_ARCHEOLOGIA",
    "RODZAJE_ZA": "",
    "RODZAJ_OBI": "",
    "RODZAJ_WLA": "",
    "STAN_ZACHO": "",
    "STATUS": "",
    "STYL_OBIEK": "",
    "SYMBOL_EWI": "",
    "SYMBOL_REJ": "",
    "UWAGI": "",
    "WIEK_CZ_PO": "",
    "WIEK_POWST": "",
    "WYDRUK_LIN": "",
    "ZAJETA_NA_": 1,
    "ZALACZNIKI": "http://172.16.11.22:8085/SOWA2-services/doc/print/65374549/0589.pdf",
    "ZDJECIE_1": "",
    "ZDJECIE_2": "",
    "ZDJECIE_3": "",
    "ZDJECIE_4": "",
    "ZDJECIE_5": "",
    "ZDJECIE_6": "",
    "ZDJECIE_7": "",
    "ZDJECIE_8": "",
    "ZWERYFIKOW": "",
    "ZWIAZANA_Z": 0
   },
   "type": "Feature"
  },
  {
   "geometry": {
    "coordinates": [
     19.917394,
     49.995153
    ],
    "type": "Point"
   },
   "id": 318,
   "properties": {
    "ADRES": "",
    "ATRYBUTY_O": "Nr stanowiska: 594",
    "BUDOWNICZY": "",
    "CHARAKTER": "",
    "DATA_WPISU": null,
    "DATA_WZNIE": "",
    "DZIELNICA": "",
    "FID": 318,
    "FUNKCJA_OB": "",
    "FUNKCJA_PI": "",
    "GDB_AREA": 0,
    "GDB_PRM": 0,
    "GDB_PRMEX": 0,
    "GPT_DATE": null,
    "GPT_USER": "",
    "ID": 31583,
    "IDENT_OBIE": "67866949",
    "ID_ISDP": 0,
    "ID_SPRAWY": 80575599,
    "ID_WARSTWY": "F19_STAN_PNT_OPIS",
    "ISDP_FID": "GDB$G_EOZ_ARCHEOLOGIA_EOZ_A.4d9eef0c-e206-557a-e055-000000000001",
    "ISTNIEJE": "",
    "KARTA_MAPY": "",
    "LOKALIZACJ": "",
    "MATERIAL": "",
    "NAZWA": "",
    "NUMER": "",
    "NUMER_EWID": "",
    "NUMER_REJ_": "",
    "OBREB": "",
    "REJESTR_TA": "EW_ARCHEOLOGIA",
    "RODZAJE_ZA": "",
    "RODZAJ_OBI": "",
    "RODZAJ_WLA": "",
    "STAN_ZACHO": "",
    "STATUS": "",
    "STYL_OBIEK": "",
    "SYMBOL_EWI": "",
    "SYMBOL_REJ": "",
    "UWAGI": "",
    "WIEK_CZ_PO": "",
    "WIEK_POWST": "",
    "WYDRUK_LIN": "",
    "ZAJETA_NA_": 1,
    "ZALACZNIKI": "http://172.16.11.22:8085/SOWA2-services/doc/print/65374649/0594.pdf",
    "ZDJECIE_1": "",
    "ZDJECIE_2": "",
    "ZDJECIE_3": "",
    "ZDJECIE_4": "",
    "ZDJECIE_5": "",
    "ZDJECIE_6": "",
    "ZDJECIE_7": "",
    "ZDJECIE_8": "",
    "ZWERYFIKOW": "",
    "ZWIAZANA_Z": 0
   },
   "type": "Feature"
  },
  {
   "geometry": {
    "coordinates": [
     19.915071,
     49.996123
    ],
    "type": "Point"
   },
   "id": 319,
   "properties": {
    "ADRES": "",
    "ATRYBUTY_O": "Nr stanowiska: 595",
    "BUDOWNICZY": "",
    "CHARAKTER": "",
    "DATA_WPISU": null,
    "DATA_WZNIE": "",
    "DZIELNICA": "",
    "FID": 319,
    "FUNKCJA_OB": "",
    "FUNKCJA_PI": "",
    "GDB_AREA": 0,
    "GDB_PRM": 0,
    "GDB_PRMEX": 0,
    "GPT_DATE": null,
    "GPT_USER": "",
    "ID": 31584,
    "IDENT_OBIE": "67866999",
    "ID_ISDP": 0,
    "ID_SPRAWY": 80575649,
    "ID_WARSTWY": "F19_STAN_PNT_OPIS",
    "ISDP_FID": "GDB$G_EOZ_ARCHEOLOGIA_EOZ_A.4d9eef0c-e207-557a-e055-000000000001",
    "ISTNIEJE": "",
    "KARTA_MAPY": "",
    "LOKALIZACJ": "",
    "MATERIAL": "",
    "NAZWA": "",
    "NUMER": "",
    "NUMER_EWID": "",
    "NUMER_REJ_": "",
    "OBREB": "",
    "REJESTR_TA": "EW_ARCHEOLOGIA",
    "RODZAJE_ZA": "",
    "RODZAJ_OBI": "",
    "RODZAJ_WLA": "",
    "STAN_ZACHO": "",
    "STATUS": "",
    "STYL_OBIEK": "",
    "SYMBOL_EWI": "",
    "SYMBOL_REJ": "",
    "UWAGI": "",
    "WIEK_CZ_PO": "",
    "WIEK_POWST": "",
    "WYDRUK_LIN": "",
    "ZAJETA_NA_": 1,
    "ZALACZNIKI": "http://172.16.11.22:8085/SOWA2-services/doc/print/65374699/0595.pdf",
    "ZDJECIE_1": "",
    "ZDJECIE_2": "",
    "ZDJECIE_3": "",
    "ZDJECIE_4": "",
    "ZDJECIE_5": "",
    "ZDJECIE_6": "",
    "ZDJECIE_7": "",
    "ZDJECIE_8": "",
    "ZWERYFIKOW": "",
    "ZWIAZANA_Z": 0
   },
   "type": "Feature"
  },
  {
   "geometry": {
    "coordinates": [
     19.906372,
     49.996568
    ],
    "type": "Point"
   },
   "id": 320,
   "properties": {
    "ADRES": "",
    "ATRYBUTY_O": "Nr stanowiska: 597",
    "BUDOWNICZY": "",
    "CHARAKTER": "",
    "DATA_WPISU": null,
    "DATA_WZNIE": "",
    "DZIELNICA": "",
    "FID": 320,
    "FUNKCJA_OB": "",
    "FUNKCJA_PI": "",
    "GDB_AREA": 0,
    "GDB_PRM": 0,
    "GDB_PRMEX": 0,
    "GPT_DATE": null,
    "GPT_USER": "",
    "ID": 31586,
    "IDENT_OBIE": "67867099",
    "ID_ISDP": 0,
    "ID_SPRAWY": 80575749,
    "ID_WARSTWY": "F19_STAN_PNT_OPIS",
    "ISDP_FID": "GDB$G_EOZ_ARCHEOLOGIA_EOZ_A.4d9eef0c-e208-557a-e055-000000000001",
    "ISTNIEJE": "",
    "KARTA_MAPY": "",
    "LOKALIZACJ": "",
    "MATERIAL": "",
    "NAZWA": "",
    "NUMER": "",
    "NUMER_EWID": "",
    "NUMER_REJ_": "",
    "OBREB": "",
    "REJESTR_TA": "EW_ARCHEOLOGIA",
    "RODZAJE_ZA": "",
    "RODZAJ_OBI": "",
    "RODZAJ_WLA": "",
    "STAN_ZACHO": "",
    "STATUS": "",
    "STYL_OBIEK": "",
    "SYMBOL_EWI": "",
    "SYMBOL_REJ": "",
    "UWAGI": "",
    "WIEK_CZ_PO": "",
    "WIEK_POWST": "",
    "WYDRUK_LIN": "",
    "ZAJETA_NA_": 1,
    "ZALACZNIKI": "http://172.16.11.22:8085/SOWA2-services/doc/print/65374799/0597.pdf",
    "ZDJECIE_1": "",
    "ZDJECIE_2": "",
    "ZDJECIE_3": "",
    "ZDJECIE_4": "",
    "ZDJECIE_5": "",
    "ZDJECIE_6": "",
    "ZDJECIE_7": "",
    "ZDJECIE_8": "",
    "ZWERYFIKOW": "",
    "ZWIAZANA_Z": 0
   },
   "type": "Feature"
  },
  {
   "geometry": {
    "coordinates": [
     19.913616,
     49.983216
    ],
    "type": "Point"
   },
   "id": 321,
   "properties": {
    "ADRES": "",
    "ATRYBUTY_O": "Nr stanowiska: 601",
    "BUDOWNICZY": "",
    "CHARAKTER": "",
    "DATA_WPISU": null,
    "DATA_WZNIE": "",
    "DZIELNICA": "",
    "FID": 321,
    "FUNKCJA_OB": "",
    "FUNKCJA_PI": "",
    "GDB_AREA": 0,
    "GDB_PRM": 0,
    "GDB_PRMEX": 0,
    "GPT_DATE": null,
    "GPT_USER": "",
    "ID": 31588,
    "IDENT_OBIE": "67867199",
    "ID_ISDP": 0,
    "ID_SPRAWY": 80575949,
    "ID_WARSTWY": "F19_STAN_PNT_OPIS",
    "ISDP_FID": "GDB$G_EOZ_ARCHEOLOGIA_EOZ_A.4d9eef0c-e209-557a-e055-000000000001",
    "ISTNIEJE": "",
    "KARTA_MAPY": "",
    "LOKALIZACJ": "",
    "MATERIAL": "",
    "NAZWA": "",
    "NUMER": "",
    "NUMER_EWID": "",
    "NUMER_REJ_": "",
    "OBREB": "",
    "REJESTR_TA": "EW_ARCHEOLOGIA",
    "RODZAJE_ZA": "",
    "RODZAJ_OBI": "",
    "RODZAJ_WLA": "",
    "STAN_ZACHO": "",
    "STATUS": "",
    "STYL_OBIEK": "",
    "SYMBOL_EWI": "",
    "SYMBOL_REJ": "",
    "UWAGI": "",
    "WIEK_CZ_PO": "",
    "WIEK_POWST": "",
    "WYDRUK_LIN": "",
    "ZAJETA_NA_": 1,
    "ZALACZNIKI": "http://172.16.11.22:8085/SOWA2-services/doc/print/65374899/0601.pdf",
    "ZDJECIE_1": "",
    "ZDJECIE_2": "",
    "ZDJECIE_3": "",
    "ZDJECIE_4": "",
    "ZDJECIE_5": "",
    "ZDJECIE_6": "",
    "ZDJECIE_7": "",
    "ZDJECIE_8": "",
    "ZWERYFIKOW": "",
    "ZWIAZANA_Z": 0
   },
   "type": "Feature"
  },
  {
   "geometry": {
    "coordinates": [
     19.933273,
     50.064239
    ],
    "type": "Point"
   },
   "id": 322,
   "properties": {
    "ADRES": "",
    "ATRYBUTY_O": "Nr stanowiska: 220",
    "BUDOWNICZY": "",
    "CHARAKTER": "",
    "DATA_WPISU": null,
    "DATA_WZNIE": "",
    "DZIELNICA": "",
    "FID": 322,
    "FUNKCJA_OB": "",
    "FUNKCJA_PI": "",
    "GDB_AREA": 0,
    "GDB_PRM": 0,
    "GDB_PRMEX": 0,
    "GPT_DATE": null,
    "GPT_USER": "",
    "ID": 31590,
    "IDENT_OBIE": "67867299",
    "ID_ISDP": 0,
    "ID_SPRAWY": 80576199,
    "ID_WARSTWY": "F19_STAN_PNT_OPIS",
    "ISDP_FID": "GDB$G_EOZ_ARCHEOLOGIA_EOZ_A.4d9eef0c-e20a-557a-e055-000000000001",
    "ISTNIEJE": "",
    "KARTA_MAPY": "",
    "LOKALIZACJ": "",
    "MATERIAL": "",
    "NAZWA": "",
    "NUMER": "",
    "NUMER_EWID": "",
    "NUMER_REJ_": "",
    "OBREB": "",
    "REJESTR_TA": "EW_ARCHEOLOGIA",
    "RODZAJE_ZA": "",
    "RODZAJ_OBI": "",
    "RODZAJ_WLA": "",
    "STAN_ZACHO": "",
    "STATUS": "",
    "STYL_OBIEK": "",
    "SYMBOL_EWI": "",
    "SYMBOL_REJ": "",
    "UWAGI": "",
    "WIEK_CZ_PO": "",
    "WIEK_POWST": "",
    "WYDRUK_LIN": "",
    "ZAJETA_NA_": 1,
    "ZALACZNIKI": "http://172.16.11.22:8085/SOWA2-services/doc/print/65364249/0220.pdf",
    "ZDJECIE_1": "",
    "ZDJECIE_2": "",
    "ZDJECIE_3": "",
    "ZDJECIE_4": "",
    "ZDJECIE_5": "",
    "ZDJECIE_6": "",
    "ZDJECIE_7": "",
    "ZDJECIE_8": "",
    "ZWERYFIKOW": "",
    "ZWIAZANA_Z": 0
   },
   "type": "Feature"
  },
  {
   "geometry": {
    "coordinates": [
     19.936576,
     50.06829
    ],
    "type": "Point"
   },
   "id": 323,
   "properties": {
    "ADRES": "",
    "ATRYBUTY_O": "Nr stanowiska: 221",
    "BUDOWNICZY": "",
    "CHARAKTER": "",
    "DATA_WPISU": null,
    "DATA_WZNIE": "",
    "DZIELNICA": "",
    "FID": 323,
    "FUNKCJA_OB": "",
    "FUNKCJA_PI": "",
    "GDB_AREA": 0,
    "GDB_PRM": 0,
    "GDB_PRMEX": 0,
    "GPT_DATE": null,
    "GPT_USER": "",
    "ID": 31591,
    "IDENT_OBIE": "67867349",
    "ID_ISDP": 0,
    "ID_SPRAWY": 80576249,
    "ID_WARSTWY": "F19_STAN_PNT_OPIS",
    "ISDP_FID": "GDB$G_EOZ_ARCHEOLOGIA_EOZ_A.4d9eef0c-e20b-557a-e055-000000000001",
    "ISTNIEJE": "",
    "KARTA_MAPY": "",
    "LOKALIZACJ": "",
    "MATERIAL": "",
    "NAZWA": "",
    "NUMER": "",
    "NUMER_EWID": "",
    "NUMER_REJ_": "",
    "OBREB": "",
    "REJESTR_TA": "EW_ARCHEOLOGIA",
    "RODZAJE_ZA": "",
    "RODZAJ_OBI": "",
    "RODZAJ_WLA": "",
    "STAN_ZACHO": "",
    "STATUS": "",
    "STYL_OBIEK": "",
    "SYMBOL_EWI": "",
    "SYMBOL_REJ": "",
    "UWAGI": "",
    "WIEK_CZ_PO": "",
    "WIEK_POWST": "",
    "WYDRUK_LIN": "",
    "ZAJETA_NA_": 1,
    "ZALACZNIKI": "http://172.16.11.22:8085/SOWA2-services/doc/print/65364299/0221.pdf",
    "ZDJECIE_1": "",
    "ZDJECIE_2": "",
    "ZDJECIE_3": "",
    "ZDJECIE_4": "",
    "ZDJECIE_5": "",
    "ZDJECIE_6": "",
    "ZDJECIE_7": "",
    "ZDJECIE_8": "",
    "ZWERYFIKOW": "",
    "ZWIAZANA_Z": 0
   },
   "type": "Feature"
  },
  {
   "geometry": {
    "coordinates": [
     19.933688,
     50.067681
    ],
    "type": "Point"
   },
   "id": 324,
   "properties": {
    "ADRES": "",
    "ATRYBUTY_O": "Nr stanowiska: 222",
    "BUDOWNICZY": "",
    "CHARAKTER": "",
    "DATA_WPISU": null,
    "DATA_WZNIE": "",
    "DZIELNICA": "",
    "FID": 324,
    "FUNKCJA_OB": "",
    "FUNKCJA_PI": "",
    "GDB_AREA": 0,
    "GDB_PRM": 0,
    "GDB_PRMEX": 0,
    "GPT_DATE": null,
    "GPT_USER": "",
    "ID": 31592,
    "IDENT_OBIE": "67867399",
    "ID_ISDP": 0,
    "ID_SPRAWY": 80576299,
    "ID_WARSTWY": "F19_STAN_PNT_OPIS",
    "ISDP_FID": "GDB$G_EOZ_ARCHEOLOGIA_EOZ_A.4d9eef0c-e20c-557a-e055-000000000001",
    "ISTNIEJE": "",
    "KARTA_MAPY": "",
    "LOKALIZACJ": "",
    "MATERIAL": "",
    "NAZWA": "",
    "NUMER": "",
    "NUMER_EWID": "",
    "NUMER_REJ_": "",
    "OBREB": "",
    "REJESTR_TA": "EW_ARCHEOLOGIA",
    "RODZAJE_ZA": "",
    "RODZAJ_OBI": "",
    "RODZAJ_WLA": "",
    "STAN_ZACHO": "",
    "STATUS": "",
    "STYL_OBIEK": "",
    "SYMBOL_EWI": "",
    "SYMBOL_REJ": "",
    "UWAGI": "",
    "WIEK_CZ_PO": "",
    "WIEK_POWST": "",
    "WYDRUK_LIN": "",
    "ZAJETA_NA_": 1,
    "ZALACZNIKI": "http://172.16.11.22:8085/SOWA2-services/doc/print/65364349/0222.pdf",
    "ZDJECIE_1": "",
    "ZDJECIE_2": "",
    "ZDJECIE_3": "",
    "ZDJECIE_4": "",
    "ZDJECIE_5": "",
    "ZDJECIE_6": "",
    "ZDJECIE_7": "",
    "ZDJECIE_8": "",
    "ZWERYFIKOW": "",
    "ZWIAZANA_Z": 0
   },
   "type": "Feature"
  },
  {
   "geometry": {
    "coordinates": [
     19.928871,
     50.07062
    ],
    "type": "Point"
   },
   "id": 325,
   "properties": {
    "ADRES": "",
    "ATRYBUTY_O": "Nr stanowiska: 223",
    "BUDOWNICZY": "",
    "CHARAKTER": "",
    "DATA_WPISU": null,
    "DATA_WZNIE": "",
    "DZIELNICA": "",
    "FID": 325,
    "FUNKCJA_OB": "",
    "FUNKCJA_PI": "",
    "GDB_AREA": 0,
    "GDB_PRM": 0,
    "GDB_PRMEX": 0,
    "GPT_DATE": null,
    "GPT_USER": "",
    "ID": 31593,
    "IDENT_OBIE": "67867449",
    "ID_ISDP": 0,
    "ID_SPRAWY": 80576349,
    "ID_WARSTWY": "F19_STAN_PNT_OPIS",
    "ISDP_FID": "GDB$G_EOZ_ARCHEOLOGIA_EOZ_A.4d9eef0c-e20d-557a-e055-000000000001",
    "ISTNIEJE": "",
    "KARTA_MAPY": "",
    "LOKALIZACJ": "",
    "MATERIAL": "",
    "NAZWA": "",
    "NUMER": "",
    "NUMER_EWID": "",
    "NUMER_REJ_": "",
    "OBREB": "",
    "REJESTR_TA": "EW_ARCHEOLOGIA",
    "RODZAJE_ZA": "",
    "RODZAJ_OBI": "",
    "RODZAJ_WLA": "",
    "STAN_ZACHO": "",
    "STATUS": "",
    "STYL_OBIEK": "",
    "SYMBOL_EWI": "",
    "SYMBOL_REJ": "",
    "UWAGI": "",
    "WIEK_CZ_PO": "",
    "WIEK_POWST": "",
    "WYDRUK_LIN": "",
    "ZAJETA_NA_": 1,
    "ZALACZNIKI": "http://172.16.11.22:8085/SOWA2-services/doc/print/65364399/0223.pdf",
    "ZDJECIE_1": "",
    "ZDJECIE_2": "",
    "ZDJECIE_3": "",
    "ZDJECIE_4": "",
    "ZDJECIE_5": "",
    "ZDJECIE_6": "",
    "ZDJECIE_7": "",
    "ZDJECIE_8": "",
    "ZWERYFIKOW": "",
    "ZWIAZANA_Z": 0
   },
   "type": "Feature"
  },
  {
   "geometry": {
    "coordinates": [
     19.926665,
     50.066432
    ],
    "type": "Point"
   },
   "id": 326,
   "properties": {
    "ADRES": "",
    "ATRYBUTY_O": "Nr stanowiska: 224",
    "BUDOWNICZY": "",
    "CHARAKTER": "",
    "DATA_WPISU": null,
    "DATA_WZNIE": "",
    "DZIELNICA": "",
    "FID": 326,
    "FUNKCJA_OB": "",
    "FUNKCJA_PI": "",
    "GDB_AREA": 0,
    "GDB_PRM": 0,
    "GDB_PRMEX": 0,
    "GPT_DATE": null,
    "GPT_USER": "",
    "ID": 31594,
    "IDENT_OBIE": "67867499",
    "ID_ISDP": 0,
    "ID_SPRAWY": 80576399,
    "ID_WARSTWY": "F19_STAN_PNT_OPIS",
    "ISDP_FID": "GDB$G_EOZ_ARCHEOLOGIA_EOZ_A.4d9eef0c-e20e-557a-e055-000000000001",
    "ISTNIEJE": "",
    "KARTA_MAPY": "",
    "LOKALIZACJ": "",
    "MATERIAL": "",
    "NAZWA": "",
    "NUMER": "",
    "NUMER_EWID": "",
    "NUMER_REJ_": "",
    "OBREB": "",
    "REJESTR_TA": "EW_ARCHEOLOGIA",
    "RODZAJE_ZA": "",
    "RODZAJ_OBI": "",
    "RODZAJ_WLA": "",
    "STAN_ZACHO": "",
    "STATUS": "",
    "STYL_OBIEK": "",
    "SYMBOL_EWI": "",
    "SYMBOL_REJ": "",
    "UWAGI": "",
    "WIEK_CZ_PO": "",
    "WIEK_POWST": "",
    "WYDRUK_LIN": "",
    "ZAJETA_NA_": 1,
    "ZALACZNIKI": "http://172.16.11.22:8085/SOWA2-services/doc/print/65364449/0224.pdf",
    "ZDJECIE_1": "",
    "ZDJECIE_2": "",
    "ZDJECIE_3": "",
    "ZDJECIE_4": "",
    "ZDJECIE_5": "",
    "ZDJECIE_6": "",
    "ZDJECIE_7": "",
    "ZDJECIE_8": "",
    "ZWERYFIKOW": "",
    "ZWIAZANA_Z": 0
   },
   "type": "Feature"
  },
  {
   "geometry": {
    "coordinates": [
     19.926181,
     50.063667
    ],
    "type": "Point"
   },
   "id": 327,
   "properties": {
    "ADRES": "",
    "ATRYBUTY_O": "Nr stanowiska: 225",
    "BUDOWNICZY": "",
    "CHARAKTER": "",
    "DATA_WPISU": null,
    "DATA_WZNIE": "",
    "DZIELNICA": "",
    "FID": 327,
    "FUNKCJA_OB": "",
    "FUNKCJA_PI": "",
    "GDB_AREA": 0,
    "GDB_PRM": 0,
    "GDB_PRMEX": 0,
    "GPT_DATE": null,
    "GPT_USER": "",
    "ID": 31595,
    "IDENT_OBIE": "67867549",
    "ID_ISDP": 0,
    "ID_SPRAWY": 80576449,
    "ID_WARSTWY": "F19_STAN_PNT_OPIS",
    "ISDP_FID": "GDB$G_EOZ_ARCHEOLOGIA_EOZ_A.4d9eef0c-e20f-557a-e055-000000000001",
    "ISTNIEJE": "",
    "KARTA_MAPY": "",
    "LOKALIZACJ": "",
    "MATERIAL": "",
    "NAZWA": "",
    "NUMER": "",
    "NUMER_EWID": "",
    "NUMER_REJ_": "",
    "OBREB": "",
    "REJESTR_TA": "EW_ARCHEOLOGIA",
    "RODZAJE_ZA": "",
    "RODZAJ_OBI": "",
    "RODZAJ_WLA": "",
    "STAN_ZACHO": "",
    "STATUS": "",
    "STYL_OBIEK": "",
    "SYMBOL_EWI": "",
    "SYMBOL_REJ": "",
    "UWAGI": "",
    "WIEK_CZ_PO": "",
    "WIEK_POWST": "",
    "WYDRUK_LIN": "",
    "ZAJETA_NA_": 1,
    "ZALACZNIKI": "http://172.16.11.22:8085/SOWA2-services/doc/print/65364499/0225.pdf",
    "ZDJECIE_1": "",
    "ZDJECIE_2": "",
    "ZDJECIE_3": "",
    "ZDJECIE_4": "",
    "ZDJECIE_5": "",
    "ZDJECIE_6": "",
    "ZDJECIE_7": "",
    "ZDJECIE_8": "",
    "ZWERYFIKOW": "",
    "ZWIAZANA_Z": 0
   },
   "type": "Feature"
  },
  {
   "geometry": {
    "coordinates": [
     19.958321,
     50.038226
    ],
    "type": "Point"
   },
   "id": 328,
   "properties": {
    "ADRES": "",
    "ATRYBUTY_O": "Nr stanowiska: 419",
    "BUDOWNICZY": "",
    "CHARAKTER": "",
    "DATA_WPISU": null,
    "DATA_WZNIE": "",
    "DZIELNICA": "",
    "FID": 328,
    "FUNKCJA_OB": "",
    "FUNKCJA_PI": "",
    "GDB_AREA": 0,
    "GDB_PRM": 0,
    "GDB_PRMEX": 0,
    "GPT_DATE": null,
    "GPT_USER": "",
    "ID": 31597,
    "IDENT_OBIE": "67867649",
    "ID_ISDP": 0,
    "ID_SPRAWY": 80576699,
    "ID_WARSTWY": "F19_STAN_PNT_OPIS",
    "ISDP_FID": "GDB$G_EOZ_ARCHEOLOGIA_EOZ_A.4d9eef0c-e210-557a-e055-000000000001",
    "ISTNIEJE": "",
    "KARTA_MAPY": "",
    "LOKALIZACJ": "",
    "MATERIAL": "",
    "NAZWA": "",
    "NUMER": "",
    "NUMER_EWID": "",
    "NUMER_REJ_": "",
    "OBREB": "",
    "REJESTR_TA": "EW_ARCHEOLOGIA",
    "RODZAJE_ZA": "",
    "RODZAJ_OBI": "",
    "RODZAJ_WLA": "",
    "STAN_ZACHO": "",
    "STATUS": "",
    "STYL_OBIEK": "",
    "SYMBOL_EWI": "",
    "SYMBOL_REJ": "",
    "UWAGI": "",
    "WIEK_CZ_PO": "",
    "WIEK_POWST": "",
    "WYDRUK_LIN": "",
    "ZAJETA_NA_": 1,
    "ZALACZNIKI": "http://172.16.11.22:8085/SOWA2-services/doc/print/65370099/0419.pdf",
    "ZDJECIE_1": "",
    "ZDJECIE_2": "",
    "ZDJECIE_3": "",
    "ZDJECIE_4": "",
    "ZDJECIE_5": "",
    "ZDJECIE_6": "",
    "ZDJECIE_7": "",
    "ZDJECIE_8": "",
    "ZWERYFIKOW": "",
    "ZWIAZANA_Z": 0
   },
   "type": "Feature"
  },
  {
   "geometry": {
    "coordinates": [
     19.95736,
     50.043281
    ],
    "type": "Point"
   },
   "id": 329,
   "properties": {
    "ADRES": "",
    "ATRYBUTY_O": "Nr stanowiska: 421",
    "BUDOWNICZY": "",
    "CHARAKTER": "",
    "DATA_WPISU": null,
    "DATA_WZNIE": "",
    "DZIELNICA": "",
    "FID": 329,
    "FUNKCJA_OB": "",
    "FUNKCJA_PI": "",
    "GDB_AREA": 0,
    "GDB_PRM": 0,
    "GDB_PRMEX": 0,
    "GPT_DATE": null,
    "GPT_USER": "",
    "ID": 31599,
    "IDENT_OBIE": "67867749",
    "ID_ISDP": 0,
    "ID_SPRAWY": 80576849,
    "ID_WARSTWY": "F19_STAN_PNT_OPIS",
    "ISDP_FID": "GDB$G_EOZ_ARCHEOLOGIA_EOZ_A.4d9eef0c-e211-557a-e055-000000000001",
    "ISTNIEJE": "",
    "KARTA_MAPY": "",
    "LOKALIZACJ": "",
    "MATERIAL": "",
    "NAZWA": "",
    "NUMER": "",
    "NUMER_EWID": "",
    "NUMER_REJ_": "",
    "OBREB": "",
    "REJESTR_TA": "EW_ARCHEOLOGIA",
    "RODZAJE_ZA": "",
    "RODZAJ_OBI": "",
    "RODZAJ_WLA": "",
    "STAN_ZACHO": "",
    "STATUS": "",
    "STYL_OBIEK": "",
    "SYMBOL_EWI": "",
    "SYMBOL_REJ": "",
    "UWAGI": "",
    "WIEK_CZ_PO": "",
    "WIEK_POWST": "",
    "WYDRUK_LIN": "",
    "ZAJETA_NA_": 1,
    "ZALACZNIKI": "http://172.16.11.22:8085/SOWA2-services/doc/print/65370199/0421.pdf",
    "ZDJECIE_1": "",
    "ZDJECIE_2": "",
    "ZDJECIE_3": "",
    "ZDJECIE_4": "",
    "ZDJECIE_5": "",
    "ZDJECIE_6": "",
    "ZDJECIE_7": "",
    "ZDJECIE_8": "",
    "ZWERYFIKOW": "",
    "ZWIAZANA_Z": 0
   },
   "type": "Feature"
  },
  {
   "geometry": {
    "coordinates": [
     19.953437,
     50.042207
    ],
    "type": "Point"
   },
   "id": 330,
   "properties": {
    "ADRES": "",
    "ATRYBUTY_O": "Nr stanowiska: 422",
    "BUDOWNICZY": "",
    "CHARAKTER": "",
    "DATA_WPISU": null,
    "DATA_WZNIE": "",
    "DZIELNICA": "",
    "FID": 330,
    "FUNKCJA_OB": "",
    "FUNKCJA_PI": "",
    "GDB_AREA": 0,
    "GDB_PRM": 0,
    "GDB_PRMEX": 0,
    "GPT_DATE": null,
    "GPT_USER": "",
    "ID": 31600,
    "IDENT_OBIE": "67867799",
    "ID_ISDP": 0,
    "ID_SPRAWY": 80576949,
    "ID_WARSTWY": "F19_STAN_PNT_OPIS",
    "ISDP_FID": "GDB$G_EOZ_ARCHEOLOGIA_EOZ_A.4d9eef0c-e212-557a-e055-000000000001",
    "ISTNIEJE": "",
    "KARTA_MAPY": "",
    "LOKALIZACJ": "",
    "MATERIAL": "",
    "NAZWA": "",
    "NUMER": "",
    "NUMER_EWID": "",
    "NUMER_REJ_": "",
    "OBREB": "",
    "REJESTR_TA": "EW_ARCHEOLOGIA",
    "RODZAJE_ZA": "",
    "RODZAJ_OBI": "",
    "RODZAJ_WLA": "",
    "STAN_ZACHO": "",
    "STATUS": "",
    "STYL_OBIEK": "",
    "SYMBOL_EWI": "",
    "SYMBOL_REJ": "",
    "UWAGI": "",
    "WIEK_CZ_PO": "",
    "WIEK_POWST": "",
    "WYDRUK_LIN": "",
    "ZAJETA_NA_": 1,
    "ZALACZNIKI": "http://172.16.11.22:8085/SOWA2-services/doc/print/65370249/0422.pdf",
    "ZDJECIE_1": "",
    "ZDJECIE_2": "",
    "ZDJECIE_3": "",
    "ZDJECIE_4": "",
    "ZDJECIE_5": "",
    "ZDJECIE_6": "",
    "ZDJECIE_7": "",
    "ZDJECIE_8": "",
    "ZWERYFIKOW": "",
    "ZWIAZANA_Z": 0
   },
   "type": "Feature"
  },
  {
   "geometry": {
    "coordinates": [
     19.957729,
     50.038015
    ],
    "type": "Point"
   },
   "id": 331,
   "properties": {
    "ADRES": "",
    "ATRYBUTY_O": "Nr stanowiska: 390",
    "BUDOWNICZY": "",
    "CHARAKTER": "",
    "DATA_WPISU": null,
    "DATA_WZNIE": "",
    "DZIELNICA": "",
    "FID": 331,
    "FUNKCJA_OB": "",
    "FUNKCJA_PI": "",
    "GDB_AREA": 0,
    "GDB_PRM": 0,
    "GDB_PRMEX": 0,
    "GPT_DATE": null,
    "GPT_USER": "",
    "ID": 31603,
    "IDENT_OBIE": "67867949",
    "ID_ISDP": 0,
    "ID_SPRAWY": 80577149,
    "ID_WARSTWY": "F19_STAN_PNT_OPIS",
    "ISDP_FID": "GDB$G_EOZ_ARCHEOLOGIA_EOZ_A.4d9eef0c-e213-557a-e055-000000000001",
    "ISTNIEJE": "",
    "KARTA_MAPY": "",
    "LOKALIZACJ": "",
    "MATERIAL": "",
    "NAZWA": "",
    "NUMER": "",
    "NUMER_EWID": "",
    "NUMER_REJ_": "",
    "OBREB": "",
    "REJESTR_TA": "EW_ARCHEOLOGIA",
    "RODZAJE_ZA": "",
    "RODZAJ_OBI": "",
    "RODZAJ_WLA": "",
    "STAN_ZACHO": "",
    "STATUS": "",
    "STYL_OBIEK": "",
    "SYMBOL_EWI": "",
    "SYMBOL_REJ": "",
    "UWAGI": "",
    "WIEK_CZ_PO": "",
    "WIEK_POWST": "",
    "WYDRUK_LIN": "",
    "ZAJETA_NA_": 1,
    "ZALACZNIKI": "http://172.16.11.22:8085/SOWA2-services/doc/print/65369349/0390.pdf",
    "ZDJECIE_1": "",
    "ZDJECIE_2": "",
    "ZDJECIE_3": "",
    "ZDJECIE_4": "",
    "ZDJECIE_5": "",
    "ZDJECIE_6": "",
    "ZDJECIE_7": "",
    "ZDJECIE_8": "",
    "ZWERYFIKOW": "",
    "ZWIAZANA_Z": 0
   },
   "type": "Feature"
  },
  {
   "geometry": {
    "coordinates": [
     19.952747,
     50.046853
    ],
    "type": "Point"
   },
   "id": 332,
   "properties": {
    "ADRES": "",
    "ATRYBUTY_O": "Nr stanowiska: 316",
    "BUDOWNICZY": "",
    "CHARAKTER": "",
    "DATA_WPISU": null,
    "DATA_WZNIE": "",
    "DZIELNICA": "",
    "FID": 332,
    "FUNKCJA_OB": "",
    "FUNKCJA_PI": "",
    "GDB_AREA": 0,
    "GDB_PRM": 0,
    "GDB_PRMEX": 0,
    "GPT_DATE": null,
    "GPT_USER": "",
    "ID": 31605,
    "IDENT_OBIE": "67868049",
    "ID_ISDP": 0,
    "ID_SPRAWY": 80577399,
    "ID_WARSTWY": "F19_STAN_PNT_OPIS",
    "ISDP_FID": "GDB$G_EOZ_ARCHEOLOGIA_EOZ_A.4d9eef0c-e214-557a-e055-000000000001",
    "ISTNIEJE": "",
    "KARTA_MAPY": "",
    "LOKALIZACJ": "",
    "MATERIAL": "",
    "NAZWA": "",
    "NUMER": "",
    "NUMER_EWID": "",
    "NUMER_REJ_": "",
    "OBREB": "",
    "REJESTR_TA": "EW_ARCHEOLOGIA",
    "RODZAJE_ZA": "",
    "RODZAJ_OBI": "",
    "RODZAJ_WLA": "",
    "STAN_ZACHO": "",
    "STATUS": "",
    "STYL_OBIEK": "",
    "SYMBOL_EWI": "",
    "SYMBOL_REJ": "",
    "UWAGI": "",
    "WIEK_CZ_PO": "",
    "WIEK_POWST": "",
    "WYDRUK_LIN": "",
    "ZAJETA_NA_": 1,
    "ZALACZNIKI": "http://172.16.11.22:8085/SOWA2-services/doc/print/65367549/0316.pdf",
    "ZDJECIE_1": "",
    "ZDJECIE_2": "",
    "ZDJECIE_3": "",
    "ZDJECIE_4": "",
    "ZDJECIE_5": "",
    "ZDJECIE_6": "",
    "ZDJECIE_7": "",
    "ZDJECIE_8": "",
    "ZWERYFIKOW": "",
    "ZWIAZANA_Z": 0
   },
   "type": "Feature"
  },
  {
   "geometry": {
    "coordinates": [
     19.95759,
     50.047459
    ],
    "type": "Point"
   },
   "id": 333,
   "properties": {
    "ADRES": "",
    "ATRYBUTY_O": "Nr stanowiska: 317",
    "BUDOWNICZY": "",
    "CHARAKTER": "",
    "DATA_WPISU": null,
    "DATA_WZNIE": "",
    "DZIELNICA": "",
    "FID": 333,
    "FUNKCJA_OB": "",
    "FUNKCJA_PI": "",
    "GDB_AREA": 0,
    "GDB_PRM": 0,
    "GDB_PRMEX": 0,
    "GPT_DATE": null,
    "GPT_USER": "",
    "ID": 31606,
    "IDENT_OBIE": "67868099",
    "ID_ISDP": 0,
    "ID_SPRAWY": 80577449,
    "ID_WARSTWY": "F19_STAN_PNT_OPIS",
    "ISDP_FID": "GDB$G_EOZ_ARCHEOLOGIA_EOZ_A.4d9eef0c-e215-557a-e055-000000000001",
    "ISTNIEJE": "",
    "KARTA_MAPY": "",
    "LOKALIZACJ": "",
    "MATERIAL": "",
    "NAZWA": "",
    "NUMER": "",
    "NUMER_EWID": "",
    "NUMER_REJ_": "",
    "OBREB": "",
    "REJESTR_TA": "EW_ARCHEOLOGIA",
    "RODZAJE_ZA": "",
    "RODZAJ_OBI": "",
    "RODZAJ_WLA": "",
    "STAN_ZACHO": "",
    "STATUS": "",
    "STYL_OBIEK": "",
    "SYMBOL_EWI": "",
    "SYMBOL_REJ": "",
    "UWAGI": "",
    "WIEK_CZ_PO": "",
    "WIEK_POWST": "",
    "WYDRUK_LIN": "",
    "ZAJETA_NA_": 1,
    "ZALACZNIKI": "http://172.16.11.22:8085/SOWA2-services/doc/print/65367599/0317.pdf",
    "ZDJECIE_1": "",
    "ZDJECIE_2": "",
    "ZDJECIE_3": "",
    "ZDJECIE_4": "",
    "ZDJECIE_5": "",
    "ZDJECIE_6": "",
    "ZDJECIE_7": "",
    "ZDJECIE_8": "",
    "ZWERYFIKOW": "",
    "ZWIAZANA_Z": 0
   },
   "type": "Feature"
  },
  {
   "geometry": {
    "coordinates": [
     19.952965,
     50.048953
    ],
    "type": "Point"
   },
   "id": 334,
   "properties": {
    "ADRES": "",
    "ATRYBUTY_O": "Nr stanowiska: 74",
    "BUDOWNICZY": "",
    "CHARAKTER": "",
    "DATA_WPISU": null,
    "DATA_WZNIE": "",
    "DZIELNICA": "",
    "FID": 334,
    "FUNKCJA_OB": "",
    "FUNKCJA_PI": "",
    "GDB_AREA": 0,
    "GDB_PRM": 0,
    "GDB_PRMEX": 0,
    "GPT_DATE": null,
    "GPT_USER": "",
    "ID": 31607,
    "IDENT_OBIE": "67868149",
    "ID_ISDP": 0,
    "ID_SPRAWY": 80577549,
    "ID_WARSTWY": "F19_STAN_PNT_OPIS",
    "ISDP_FID": "GDB$G_EOZ_ARCHEOLOGIA_EOZ_A.4d9eef0c-e216-557a-e055-000000000001",
    "ISTNIEJE": "",
    "KARTA_MAPY": "",
    "LOKALIZACJ": "",
    "MATERIAL": "",
    "NAZWA": "",
    "NUMER": "",
    "NUMER_EWID": "",
    "NUMER_REJ_": "",
    "OBREB": "",
    "REJESTR_TA": "EW_ARCHEOLOGIA",
    "RODZAJE_ZA": "",
    "RODZAJ_OBI": "",
    "RODZAJ_WLA": "",
    "STAN_ZACHO": "",
    "STATUS": "",
    "STYL_OBIEK": "",
    "SYMBOL_EWI": "",
    "SYMBOL_REJ": "",
    "UWAGI": "",
    "WIEK_CZ_PO": "",
    "WIEK_POWST": "",
    "WYDRUK_LIN": "",
    "ZAJETA_NA_": 1,
    "ZALACZNIKI": "http://172.16.11.22:8085/SOWA2-services/doc/print/65359699/0074.pdf",
    "ZDJECIE_1": "",
    "ZDJECIE_2": "",
    "ZDJECIE_3": "",
    "ZDJECIE_4": "",
    "ZDJECIE_5": "",
    "ZDJECIE_6": "",
    "ZDJECIE_7": "",
    "ZDJECIE_8": "",
    "ZWERYFIKOW": "",
    "ZWIAZANA_Z": 0
   },
   "type": "Feature"
  },
  {
   "geometry": {
    "coordinates": [
     19.922174,
     50.05299
    ],
    "type": "Point"
   },
   "id": 335,
   "properties": {
    "ADRES": "",
    "ATRYBUTY_O": "Nr stanowiska: 234",
    "BUDOWNICZY": "",
    "CHARAKTER": "",
    "DATA_WPISU": null,
    "DATA_WZNIE": "",
    "DZIELNICA": "",
    "FID": 335,
    "FUNKCJA_OB": "",
    "FUNKCJA_PI": "",
    "GDB_AREA": 0,
    "GDB_PRM": 0,
    "GDB_PRMEX": 0,
    "GPT_DATE": null,
    "GPT_USER": "",
    "ID": 31609,
    "IDENT_OBIE": "67868249",
    "ID_ISDP": 0,
    "ID_SPRAWY": 80577699,
    "ID_WARSTWY": "F19_STAN_PNT_OPIS",
    "ISDP_FID": "GDB$G_EOZ_ARCHEOLOGIA_EOZ_A.4d9eef0c-e217-557a-e055-000000000001",
    "ISTNIEJE": "",
    "KARTA_MAPY": "",
    "LOKALIZACJ": "",
    "MATERIAL": "",
    "NAZWA": "",
    "NUMER": "",
    "NUMER_EWID": "",
    "NUMER_REJ_": "",
    "OBREB": "",
    "REJESTR_TA": "EW_ARCHEOLOGIA",
    "RODZAJE_ZA": "",
    "RODZAJ_OBI": "",
    "RODZAJ_WLA": "",
    "STAN_ZACHO": "",
    "STATUS": "",
    "STYL_OBIEK": "",
    "SYMBOL_EWI": "",
    "SYMBOL_REJ": "",
    "UWAGI": "",
    "WIEK_CZ_PO": "",
    "WIEK_POWST": "",
    "WYDRUK_LIN": "",
    "ZAJETA_NA_": 1,
    "ZALACZNIKI": "http://172.16.11.22:8085/SOWA2-services/doc/print/65364949/0234.pdf",
    "ZDJECIE_1": "",
    "ZDJECIE_2": "",
    "ZDJECIE_3": "",
    "ZDJECIE_4": "",
    "ZDJECIE_5": "",
    "ZDJECIE_6": "",
    "ZDJECIE_7": "",
    "ZDJECIE_8": "",
    "ZWERYFIKOW": "",
    "ZWIAZANA_Z": 0
   },
   "type": "Feature"
  },
  {
   "geometry": {
    "coordinates": [
     19.925111,
     50.056339
    ],
    "type": "Point"
   },
   "id": 336,
   "properties": {
    "ADRES": "",
    "ATRYBUTY_O": "Nr stanowiska: 236",
    "BUDOWNICZY": "",
    "CHARAKTER": "",
    "DATA_WPISU": null,
    "DATA_WZNIE": "",
    "DZIELNICA": "",
    "FID": 336,
    "FUNKCJA_OB": "",
    "FUNKCJA_PI": "",
    "GDB_AREA": 0,
    "GDB_PRM": 0,
    "GDB_PRMEX": 0,
    "GPT_DATE": null,
    "GPT_USER": "",
    "ID": 31611,
    "IDENT_OBIE": "67868349",
    "ID_ISDP": 0,
    "ID_SPRAWY": 80577799,
    "ID_WARSTWY": "F19_STAN_PNT_OPIS",
    "ISDP_FID": "GDB$G_EOZ_ARCHEOLOGIA_EOZ_A.4d9eef0c-e218-557a-e055-000000000001",
    "ISTNIEJE": "",
    "KARTA_MAPY": "",
    "LOKALIZACJ": "",
    "MATERIAL": "",
    "NAZWA": "",
    "NUMER": "",
    "NUMER_EWID": "",
    "NUMER_REJ_": "",
    "OBREB": "",
    "REJESTR_TA": "EW_ARCHEOLOGIA",
    "RODZAJE_ZA": "",
    "RODZAJ_OBI": "",
    "RODZAJ_WLA": "",
    "STAN_ZACHO": "",
    "STATUS": "",
    "STYL_OBIEK": "",
    "SYMBOL_EWI": "",
    "SYMBOL_REJ": "",
    "UWAGI": "",
    "WIEK_CZ_PO": "",
    "WIEK_POWST": "",
    "WYDRUK_LIN": "",
    "ZAJETA_NA_": 1,
    "ZALACZNIKI": "http://172.16.11.22:8085/SOWA2-services/doc/print/65365049/0236.pdf",
    "ZDJECIE_1": "",
    "ZDJECIE_2": "",
    "ZDJECIE_3": "",
    "ZDJECIE_4": "",
    "ZDJECIE_5": "",
    "ZDJECIE_6": "",
    "ZDJECIE_7": "",
    "ZDJECIE_8": "",
    "ZWERYFIKOW": "",
    "ZWIAZANA_Z": 0
   },
   "type": "Feature"
  },
  {
   "geometry": {
    "coordinates": [
     19.913465,
     50.056135
    ],
    "type": "Point"
   },
   "id": 337,
   "properties": {
    "ADRES": "",
    "ATRYBUTY_O": "Nr stanowiska: 237",
    "BUDOWNICZY": "",
    "CHARAKTER": "",
    "DATA_WPISU": null,
    "DATA_WZNIE": "",
    "DZIELNICA": "",
    "FID": 337,
    "FUNKCJA_OB": "",
    "FUNKCJA_PI": "",
    "GDB_AREA": 0,
    "GDB_PRM": 0,
    "GDB_PRMEX": 0,
    "GPT_DATE": null,
    "GPT_USER": "",
    "ID": 31612,
    "IDENT_OBIE": "67868399",
    "ID_ISDP": 0,
    "ID_SPRAWY": 80577849,
    "ID_WARSTWY": "F19_STAN_PNT_OPIS",
    "ISDP_FID": "GDB$G_EOZ_ARCHEOLOGIA_EOZ_A.4d9eef0c-e219-557a-e055-000000000001",
    "ISTNIEJE": "",
    "KARTA_MAPY": "",
    "LOKALIZACJ": "",
    "MATERIAL": "",
    "NAZWA": "",
    "NUMER": "",
    "NUMER_EWID": "",
    "NUMER_REJ_": "",
    "OBREB": "",
    "REJESTR_TA": "EW_ARCHEOLOGIA",
    "RODZAJE_ZA": "",
    "RODZAJ_OBI": "",
    "RODZAJ_WLA": "",
    "STAN_ZACHO": "",
    "STATUS": "",
    "STYL_OBIEK": "",
    "SYMBOL_EWI": "",
    "SYMBOL_REJ": "",
    "UWAGI": "",
    "WIEK_CZ_PO": "",
    "WIEK_POWST": "",
    "WYDRUK_LIN": "",
    "ZAJETA_NA_": 1,
    "ZALACZNIKI": "http://172.16.11.22:8085/SOWA2-services/doc/print/65365099/0237.pdf",
    "ZDJECIE_1": "",
    "ZDJECIE_2": "",
    "ZDJECIE_3": "",
    "ZDJECIE_4": "",
    "ZDJECIE_5": "",
    "ZDJECIE_6": "",
    "ZDJECIE_7": "",
    "ZDJECIE_8": "",
    "ZWERYFIKOW": "",
    "ZWIAZANA_Z": 0
   },
   "type": "Feature"
  },
  {
   "geometry": {
    "coordinates": [
     19.936959,
     50.094904
    ],
    "type": "Point"
   },
   "id": 338,
   "properties": {
    "ADRES": "",
    "ATRYBUTY_O": "Nr stanowiska: 111",
    "BUDOWNICZY": "",
    "CHARAKTER": "",
    "DATA_WPISU": null,
    "DATA_WZNIE": "",
    "DZIELNICA": "",
    "FID": 338,
    "FUNKCJA_OB": "",
    "FUNKCJA_PI": "",
    "GDB_AREA": 0,
    "GDB_PRM": 0,
    "GDB_PRMEX": 0,
    "GPT_DATE": null,
    "GPT_USER": "",
    "ID": 31613,
    "IDENT_OBIE": "67868449",
    "ID_ISDP": 0,
    "ID_SPRAWY": 80577949,
    "ID_WARSTWY": "F19_STAN_PNT_OPIS",
    "ISDP_FID": "GDB$G_EOZ_ARCHEOLOGIA_EOZ_A.4d9eef0c-e21a-557a-e055-000000000001",
    "ISTNIEJE": "",
    "KARTA_MAPY": "",
    "LOKALIZACJ": "",
    "MATERIAL": "",
    "NAZWA": "",
    "NUMER": "",
    "NUMER_EWID": "",
    "NUMER_REJ_": "",
    "OBREB": "",
    "REJESTR_TA": "EW_ARCHEOLOGIA",
    "RODZAJE_ZA": "",
    "RODZAJ_OBI": "",
    "RODZAJ_WLA": "",
    "STAN_ZACHO": "",
    "STATUS": "",
    "STYL_OBIEK": "",
    "SYMBOL_EWI": "",
    "SYMBOL_REJ": "",
    "UWAGI": "",
    "WIEK_CZ_PO": "",
    "WIEK_POWST": "",
    "WYDRUK_LIN": "",
    "ZAJETA_NA_": 1,
    "ZALACZNIKI": "http://172.16.11.22:8085/SOWA2-services/doc/print/65361349/0111.pdf",
    "ZDJECIE_1": "",
    "ZDJECIE_2": "",
    "ZDJECIE_3": "",
    "ZDJECIE_4": "",
    "ZDJECIE_5": "",
    "ZDJECIE_6": "",
    "ZDJECIE_7": "",
    "ZDJECIE_8": "",
    "ZWERYFIKOW": "",
    "ZWIAZANA_Z": 0
   },
   "type": "Feature"
  },
  {
   "geometry": {
    "coordinates": [
     19.930094,
     50.100561
    ],
    "type": "Point"
   },
   "id": 339,
   "properties": {
    "ADRES": "",
    "ATRYBUTY_O": "Nr stanowiska: 3",
    "BUDOWNICZY": "",
    "CHARAKTER": "",
    "DATA_WPISU": null,
    "DATA_WZNIE": "",
    "DZIELNICA": "",
    "FID": 339,
    "FUNKCJA_OB": "",
    "FUNKCJA_PI": "",
    "GDB_AREA": 0,
    "GDB_PRM": 0,
    "GDB_PRMEX": 0,
    "GPT_DATE": null,
    "GPT_USER": "",
    "ID": 31615,
    "IDENT_OBIE": "67868549",
    "ID_ISDP": 0,
    "ID_SPRAWY": 80578049,
    "ID_WARSTWY": "F19_STAN_PNT_OPIS",
    "ISDP_FID": "GDB$G_EOZ_ARCHEOLOGIA_EOZ_A.4d9eef0c-e21b-557a-e055-000000000001",
    "ISTNIEJE": "",
    "KARTA_MAPY": "",
    "LOKALIZACJ": "",
    "MATERIAL": "",
    "NAZWA": "",
    "NUMER": "",
    "NUMER_EWID": "",
    "NUMER_REJ_": "",
    "OBREB": "",
    "REJESTR_TA": "EW_ARCHEOLOGIA",
    "RODZAJE_ZA": "",
    "RODZAJ_OBI": "",
    "RODZAJ_WLA": "",
    "STAN_ZACHO": "",
    "STATUS": "",
    "STYL_OBIEK": "",
    "SYMBOL_EWI": "",
    "SYMBOL_REJ": "",
    "UWAGI": "",
    "WIEK_CZ_PO": "",
    "WIEK_POWST": "",
    "WYDRUK_LIN": "",
    "ZAJETA_NA_": 1,
    "ZALACZNIKI": "http://172.16.11.22:8085/SOWA2-services/doc/print/65357149/0003.pdf",
    "ZDJECIE_1": "",
    "ZDJECIE_2": "",
    "ZDJECIE_3": "",
    "ZDJECIE_4": "",
    "ZDJECIE_5": "",
    "ZDJECIE_6": "",
    "ZDJECIE_7": "",
    "ZDJECIE_8": "",
    "ZWERYFIKOW": "",
    "ZWIAZANA_Z": 0
   },
   "type": "Feature"
  },
  {
   "geometry": {
    "coordinates": [
     19.927767,
     50.103861
    ],
    "type": "Point"
   },
   "id": 340,
   "properties": {
    "ADRES": "",
    "ATRYBUTY_O": "Nr stanowiska: 5",
    "BUDOWNICZY": "",
    "CHARAKTER": "",
    "DATA_WPISU": null,
    "DATA_WZNIE": "",
    "DZIELNICA": "",
    "FID": 340,
    "FUNKCJA_OB": "",
    "FUNKCJA_PI": "",
    "GDB_AREA": 0,
    "GDB_PRM": 0,
    "GDB_PRMEX": 0,
    "GPT_DATE": null,
    "GPT_USER": "",
    "ID": 31616,
    "IDENT_OBIE": "67868599",
    "ID_ISDP": 0,
    "ID_SPRAWY": 80578099,
    "ID_WARSTWY": "F19_STAN_PNT_OPIS",
    "ISDP_FID": "GDB$G_EOZ_ARCHEOLOGIA_EOZ_A.4d9eef0c-e21c-557a-e055-000000000001",
    "ISTNIEJE": "",
    "KARTA_MAPY": "",
    "LOKALIZACJ": "",
    "MATERIAL": "",
    "NAZWA": "",
    "NUMER": "",
    "NUMER_EWID": "",
    "NUMER_REJ_": "",
    "OBREB": "",
    "REJESTR_TA": "EW_ARCHEOLOGIA",
    "RODZAJE_ZA": "",
    "RODZAJ_OBI": "",
    "RODZAJ_WLA": "",
    "STAN_ZACHO": "",
    "STATUS": "",
    "STYL_OBIEK": "",
    "SYMBOL_EWI": "",
    "SYMBOL_REJ": "",
    "UWAGI": "",
    "WIEK_CZ_PO": "",
    "WIEK_POWST": "",
    "WYDRUK_LIN": "",
    "ZAJETA_NA_": 1,
    "ZALACZNIKI": "http://172.16.11.22:8085/SOWA2-services/doc/print/65357249/0005.pdf",
    "ZDJECIE_1": "",
    "ZDJECIE_2": "",
    "ZDJECIE_3": "",
    "ZDJECIE_4": "",
    "ZDJECIE_5": "",
    "ZDJECIE_6": "",
    "ZDJECIE_7": "",
    "ZDJECIE_8": "",
    "ZWERYFIKOW": "",
    "ZWIAZANA_Z": 0
   },
   "type": "Feature"
  },
  {
   "geometry": {
    "coordinates": [
     19.940662,
     50.092803
    ],
    "type": "Point"
   },
   "id": 341,
   "properties": {
    "ADRES": "",
    "ATRYBUTY_O": "Nr stanowiska: 109",
    "BUDOWNICZY": "",
    "CHARAKTER": "",
    "DATA_WPISU": null,
    "DATA_WZNIE": "",
    "DZIELNICA": "",
    "FID": 341,
    "FUNKCJA_OB": "",
    "FUNKCJA_PI": "",
    "GDB_AREA": 0,
    "GDB_PRM": 0,
    "GDB_PRMEX": 0,
    "GPT_DATE": null,
    "GPT_USER": "",
    "ID": 31617,
    "IDENT_OBIE": "67868649",
    "ID_ISDP": 0,
    "ID_SPRAWY": 80578199,
    "ID_WARSTWY": "F19_STAN_PNT_OPIS",
    "ISDP_FID": "GDB$G_EOZ_ARCHEOLOGIA_EOZ_A.4d9eef0c-e21d-557a-e055-000000000001",
    "ISTNIEJE": "",
    "KARTA_MAPY": "",
    "LOKALIZACJ": "",
    "MATERIAL": "",
    "NAZWA": "",
    "NUMER": "",
    "NUMER_EWID": "",
    "NUMER_REJ_": "",
    "OBREB": "",
    "REJESTR_TA": "EW_ARCHEOLOGIA",
    "RODZAJE_ZA": "",
    "RODZAJ_OBI": "",
    "RODZAJ_WLA": "",
    "STAN_ZACHO": "",
    "STATUS": "",
    "STYL_OBIEK": "",
    "SYMBOL_EWI": "",
    "SYMBOL_REJ": "",
    "UWAGI": "",
    "WIEK_CZ_PO": "",
    "WIEK_POWST": "",
    "WYDRUK_LIN": "",
    "ZAJETA_NA_": 1,
    "ZALACZNIKI": "http://172.16.11.22:8085/SOWA2-services/doc/print/65361249/0109.pdf",
    "ZDJECIE_1": "",
    "ZDJECIE_2": "",
    "ZDJECIE_3": "",
    "ZDJECIE_4": "",
    "ZDJECIE_5": "",
    "ZDJECIE_6": "",
    "ZDJECIE_7": "",
    "ZDJECIE_8": "",
    "ZWERYFIKOW": "",
    "ZWIAZANA_Z": 0
   },
   "type": "Feature"
  },
  {
   "geometry": {
    "coordinates": [
     19.944055,
     50.090256
    ],
    "type": "Point"
   },
   "id": 342,
   "properties": {
    "ADRES": "",
    "ATRYBUTY_O": "Nr stanowiska: 101",
    "BUDOWNICZY": "",
    "CHARAKTER": "",
    "DATA_WPISU": null,
    "DATA_WZNIE": "",
    "DZIELNICA": "",
    "FID": 342,
    "FUNKCJA_OB": "",
    "FUNKCJA_PI": "",
    "GDB_AREA": 0,
    "GDB_PRM": 0,
    "GDB_PRMEX": 0,
    "GPT_DATE": null,
    "GPT_USER": "",
    "ID": 31619,
    "IDENT_OBIE": "67868749",
    "ID_ISDP": 0,
    "ID_SPRAWY": 80578299,
    "ID_WARSTWY": "F19_STAN_PNT_OPIS",
    "ISDP_FID": "GDB$G_EOZ_ARCHEOLOGIA_EOZ_A.4d9eef0c-e21e-557a-e055-000000000001",
    "ISTNIEJE": "",
    "KARTA_MAPY": "",
    "LOKALIZACJ": "",
    "MATERIAL": "",
    "NAZWA": "",
    "NUMER": "",
    "NUMER_EWID": "",
    "NUMER_REJ_": "",
    "OBREB": "",
    "REJESTR_TA": "EW_ARCHEOLOGIA",
    "RODZAJE_ZA": "",
    "RODZAJ_OBI": "",
    "RODZAJ_WLA": "",
    "STAN_ZACHO": "",
    "STATUS": "",
    "STYL_OBIEK": "",
    "SYMBOL_EWI": "",
    "SYMBOL_REJ": "",
    "UWAGI": "",
    "WIEK_CZ_PO": "",
    "WIEK_POWST": "",
    "WYDRUK_LIN": "",
    "ZAJETA_NA_": 1,
    "ZALACZNIKI": "http://172.16.11.22:8085/SOWA2-services/doc/print/65360899/0101.pdf",
    "ZDJECIE_1": "",
    "ZDJECIE_2": "",
    "ZDJECIE_3": "",
    "ZDJECIE_4": "",
    "ZDJECIE_5": "",
    "ZDJECIE_6": "",
    "ZDJECIE_7": "",
    "ZDJECIE_8": "",
    "ZWERYFIKOW": "",
    "ZWIAZANA_Z": 0
   },
   "type": "Feature"
  },
  {
   "geometry": {
    "coordinates": [
     19.967757,
     50.091841
    ],
    "type": "Point"
   },
   "id": 343,
   "properties": {
    "ADRES": "",
    "ATRYBUTY_O": "Nr stanowiska: 102",
    "BUDOWNICZY": "",
    "CHARAKTER": "",
    "DATA_WPISU": null,
    "DATA_WZNIE": "",
    "DZIELNICA": "",
    "FID": 343,
    "FUNKCJA_OB": "",
    "FUNKCJA_PI": "",
    "GDB_AREA": 0,
    "GDB_PRM": 0,
    "GDB_PRMEX": 0,
    "GPT_DATE": null,
    "GPT_USER": "",
    "ID": 31620,
    "IDENT_OBIE": "67868799",
    "ID_ISDP": 0,
    "ID_SPRAWY": 80578499,
    "ID_WARSTWY": "F19_STAN_PNT_OPIS",
    "ISDP_FID": "GDB$G_EOZ_ARCHEOLOGIA_EOZ_A.4d9eef0c-e21f-557a-e055-000000000001",
    "ISTNIEJE": "",
    "KARTA_MAPY": "",
    "LOKALIZACJ": "",
    "MATERIAL": "",
    "NAZWA": "",
    "NUMER": "",
    "NUMER_EWID": "",
    "NUMER_REJ_": "",
    "OBREB": "",
    "REJESTR_TA": "EW_ARCHEOLOGIA",
    "RODZAJE_ZA": "",
    "RODZAJ_OBI": "",
    "RODZAJ_WLA": "",
    "STAN_ZACHO": "",
    "STATUS": "",
    "STYL_OBIEK": "",
    "SYMBOL_EWI": "",
    "SYMBOL_REJ": "",
    "UWAGI": "",
    "WIEK_CZ_PO": "",
    "WIEK_POWST": "",
    "WYDRUK_LIN": "",
    "ZAJETA_NA_": 1,
    "ZALACZNIKI": "http://172.16.11.22:8085/SOWA2-services/doc/print/65360949/0102.pdf",
    "ZDJECIE_1": "",
    "ZDJECIE_2": "",
    "ZDJECIE_3": "",
    "ZDJECIE_4": "",
    "ZDJECIE_5": "",
    "ZDJECIE_6": "",
    "ZDJECIE_7": "",
    "ZDJECIE_8": "",
    "ZWERYFIKOW": "",
    "ZWIAZANA_Z": 0
   },
   "type": "Feature"
  },
  {
   "geometry": {
    "coordinates": [
     19.967014,
     50.101176
    ],
    "type": "Point"
   },
   "id": 344,
   "properties": {
    "ADRES": "",
    "ATRYBUTY_O": "Nr stanowiska: 4",
    "BUDOWNICZY": "",
    "CHARAKTER": "",
    "DATA_WPISU": null,
    "DATA_WZNIE": "",
    "DZIELNICA": "",
    "FID": 344,
    "FUNKCJA_OB": "",
    "FUNKCJA_PI": "",
    "GDB_AREA": 0,
    "GDB_PRM": 0,
    "GDB_PRMEX": 0,
    "GPT_DATE": null,
    "GPT_USER": "",
    "ID": 31622,
    "IDENT_OBIE": "67868899",
    "ID_ISDP": 0,
    "ID_SPRAWY": 80578599,
    "ID_WARSTWY": "F19_STAN_PNT_OPIS",
    "ISDP_FID": "GDB$G_EOZ_ARCHEOLOGIA_EOZ_A.4d9eef0c-e220-557a-e055-000000000001",
    "ISTNIEJE": "",
    "KARTA_MAPY": "",
    "LOKALIZACJ": "",
    "MATERIAL": "",
    "NAZWA": "",
    "NUMER": "",
    "NUMER_EWID": "",
    "NUMER_REJ_": "",
    "OBREB": "",
    "REJESTR_TA": "EW_ARCHEOLOGIA",
    "RODZAJE_ZA": "",
    "RODZAJ_OBI": "",
    "RODZAJ_WLA": "",
    "STAN_ZACHO": "",
    "STATUS": "",
    "STYL_OBIEK": "",
    "SYMBOL_EWI": "",
    "SYMBOL_REJ": "",
    "UWAGI": "",
    "WIEK_CZ_PO": "",
    "WIEK_POWST": "",
    "WYDRUK_LIN": "",
    "ZAJETA_NA_": 1,
    "ZALACZNIKI": "http://172.16.11.22:8085/SOWA2-services/doc/print/65357199/0004.pdf",
    "ZDJECIE_1": "",
    "ZDJECIE_2": "",
    "ZDJECIE_3": "",
    "ZDJECIE_4": "",
    "ZDJECIE_5": "",
    "ZDJECIE_6": "",
    "ZDJECIE_7": "",
    "ZDJECIE_8": "",
    "ZWERYFIKOW": "",
    "ZWIAZANA_Z": 0
   },
   "type": "Feature"
  },
  {
   "geometry": {
    "coordinates": [
     19.983437,
     50.096646
    ],
    "type": "Point"
   },
   "id": 345,
   "properties": {
    "ADRES": "",
    "ATRYBUTY_O": "Nr stanowiska: 299",
    "BUDOWNICZY": "",
    "CHARAKTER": "",
    "DATA_WPISU": null,
    "DATA_WZNIE": "",
    "DZIELNICA": "",
    "FID": 345,
    "FUNKCJA_OB": "",
    "FUNKCJA_PI": "",
    "GDB_AREA": 0,
    "GDB_PRM": 0,
    "GDB_PRMEX": 0,
    "GPT_DATE": null,
    "GPT_USER": "",
    "ID": 31623,
    "IDENT_OBIE": "67868949",
    "ID_ISDP": 0,
    "ID_SPRAWY": 80578699,
    "ID_WARSTWY": "F19_STAN_PNT_OPIS",
    "ISDP_FID": "GDB$G_EOZ_ARCHEOLOGIA_EOZ_A.4d9eef0c-e221-557a-e055-000000000001",
    "ISTNIEJE": "",
    "KARTA_MAPY": "",
    "LOKALIZACJ": "",
    "MATERIAL": "",
    "NAZWA": "",
    "NUMER": "",
    "NUMER_EWID": "",
    "NUMER_REJ_": "",
    "OBREB": "",
    "REJESTR_TA": "EW_ARCHEOLOGIA",
    "RODZAJE_ZA": "",
    "RODZAJ_OBI": "",
    "RODZAJ_WLA": "",
    "STAN_ZACHO": "",
    "STATUS": "",
    "STYL_OBIEK": "",
    "SYMBOL_EWI": "",
    "SYMBOL_REJ": "",
    "UWAGI": "",
    "WIEK_CZ_PO": "",
    "WIEK_POWST": "",
    "WYDRUK_LIN": "",
    "ZAJETA_NA_": 1,
    "ZALACZNIKI": "http://172.16.11.22:8085/SOWA2-services/doc/print/65367299/0299.pdf",
    "ZDJECIE_1": "",
    "ZDJECIE_2": "",
    "ZDJECIE_3": "",
    "ZDJECIE_4": "",
    "ZDJECIE_5": "",
    "ZDJECIE_6": "",
    "ZDJECIE_7": "",
    "ZDJECIE_8": "",
    "ZWERYFIKOW": "",
    "ZWIAZANA_Z": 0
   },
   "type": "Feature"
  },
  {
   "geometry": {
    "coordinates": [
     19.877951,
     50.048696
    ],
    "type": "Point"
   },
   "id": 346,
   "properties": {
    "ADRES": "",
    "ATRYBUTY_O": "Nr stanowiska: 117",
    "BUDOWNICZY": "",
    "CHARAKTER": "",
    "DATA_WPISU": null,
    "DATA_WZNIE": "",
    "DZIELNICA": "",
    "FID": 346,
    "FUNKCJA_OB": "",
    "FUNKCJA_PI": "",
    "GDB_AREA": 0,
    "GDB_PRM": 0,
    "GDB_PRMEX": 0,
    "GPT_DATE": null,
    "GPT_USER": "",
    "ID": 31625,
    "IDENT_OBIE": "67869049",
    "ID_ISDP": 0,
    "ID_SPRAWY": 80579149,
    "ID_WARSTWY": "F19_STAN_PNT_OPIS",
    "ISDP_FID": "GDB$G_EOZ_ARCHEOLOGIA_EOZ_A.4d9eef0c-e222-557a-e055-000000000001",
    "ISTNIEJE": "",
    "KARTA_MAPY": "",
    "LOKALIZACJ": "",
    "MATERIAL": "",
    "NAZWA": "",
    "NUMER": "",
    "NUMER_EWID": "",
    "NUMER_REJ_": "",
    "OBREB": "",
    "REJESTR_TA": "EW_ARCHEOLOGIA",
    "RODZAJE_ZA": "",
    "RODZAJ_OBI": "",
    "RODZAJ_WLA": "",
    "STAN_ZACHO": "",
    "STATUS": "",
    "STYL_OBIEK": "",
    "SYMBOL_EWI": "",
    "SYMBOL_REJ": "",
    "UWAGI": "",
    "WIEK_CZ_PO": "",
    "WIEK_POWST": "",
    "WYDRUK_LIN": "",
    "ZAJETA_NA_": 1,
    "ZALACZNIKI": "http://172.16.11.22:8085/SOWA2-services/doc/print/65361449/0117.pdf",
    "ZDJECIE_1": "",
    "ZDJECIE_2": "",
    "ZDJECIE_3": "",
    "ZDJECIE_4": "",
    "ZDJECIE_5": "",
    "ZDJECIE_6": "",
    "ZDJECIE_7": "",
    "ZDJECIE_8": "",
    "ZWERYFIKOW": "",
    "ZWIAZANA_Z": 0
   },
   "type": "Feature"
  },
  {
   "geometry": {
    "coordinates": [
     19.873677,
     50.051511
    ],
    "type": "Point"
   },
   "id": 347,
   "properties": {
    "ADRES": "",
    "ATRYBUTY_O": "Nr stanowiska: 121",
    "BUDOWNICZY": "",
    "CHARAKTER": "",
    "DATA_WPISU": null,
    "DATA_WZNIE": "",
    "DZIELNICA": "",
    "FID": 347,
    "FUNKCJA_OB": "",
    "FUNKCJA_PI": "",
    "GDB_AREA": 0,
    "GDB_PRM": 0,
    "GDB_PRMEX": 0,
    "GPT_DATE": null,
    "GPT_USER": "",
    "ID": 31627,
    "IDENT_OBIE": "67869149",
    "ID_ISDP": 0,
    "ID_SPRAWY": 80579349,
    "ID_WARSTWY": "F19_STAN_PNT_OPIS",
    "ISDP_FID": "GDB$G_EOZ_ARCHEOLOGIA_EOZ_A.4d9eef0c-e223-557a-e055-000000000001",
    "ISTNIEJE": "",
    "KARTA_MAPY": "",
    "LOKALIZACJ": "",
    "MATERIAL": "",
    "NAZWA": "",
    "NUMER": "",
    "NUMER_EWID": "",
    "NUMER_REJ_": "",
    "OBREB": "",
    "REJESTR_TA": "EW_ARCHEOLOGIA",
    "RODZAJE_ZA": "",
    "RODZAJ_OBI": "",
    "RODZAJ_WLA": "",
    "STAN_ZACHO": "",
    "STATUS": "",
    "STYL_OBIEK": "",
    "SYMBOL_EWI": "",
    "SYMBOL_REJ": "",
    "UWAGI": "",
    "WIEK_CZ_PO": "",
    "WIEK_POWST": "",
    "WYDRUK_LIN": "",
    "ZAJETA_NA_": 1,
    "ZALACZNIKI": "http://172.16.11.22:8085/SOWA2-services/doc/print/65361549/0121.pdf",
    "ZDJECIE_1": "",
    "ZDJECIE_2": "",
    "ZDJECIE_3": "",
    "ZDJECIE_4": "",
    "ZDJECIE_5": "",
    "ZDJECIE_6": "",
    "ZDJECIE_7": "",
    "ZDJECIE_8": "",
    "ZWERYFIKOW": "",
    "ZWIAZANA_Z": 0
   },
   "type": "Feature"
  },
  {
   "geometry": {
    "coordinates": [
     19.897053,
     50.037978
    ],
    "type": "Point"
   },
   "id": 348,
   "properties": {
    "ADRES": "",
    "ATRYBUTY_O": "Nr stanowiska: 411",
    "BUDOWNICZY": "",
    "CHARAKTER": "",
    "DATA_WPISU": null,
    "DATA_WZNIE": "",
    "DZIELNICA": "",
    "FID": 348,
    "FUNKCJA_OB": "",
    "FUNKCJA_PI": "",
    "GDB_AREA": 0,
    "GDB_PRM": 0,
    "GDB_PRMEX": 0,
    "GPT_DATE": null,
    "GPT_USER": "",
    "ID": 31628,
    "IDENT_OBIE": "67869199",
    "ID_ISDP": 0,
    "ID_SPRAWY": 80580099,
    "ID_WARSTWY": "F19_STAN_PNT_OPIS",
    "ISDP_FID": "GDB$G_EOZ_ARCHEOLOGIA_EOZ_A.4d9eef0c-e224-557a-e055-000000000001",
    "ISTNIEJE": "",
    "KARTA_MAPY": "",
    "LOKALIZACJ": "",
    "MATERIAL": "",
    "NAZWA": "",
    "NUMER": "",
    "NUMER_EWID": "",
    "NUMER_REJ_": "",
    "OBREB": "",
    "REJESTR_TA": "EW_ARCHEOLOGIA",
    "RODZAJE_ZA": "",
    "RODZAJ_OBI": "",
    "RODZAJ_WLA": "",
    "STAN_ZACHO": "",
    "STATUS": "",
    "STYL_OBIEK": "",
    "SYMBOL_EWI": "",
    "SYMBOL_REJ": "",
    "UWAGI": "",
    "WIEK_CZ_PO": "",
    "WIEK_POWST": "",
    "WYDRUK_LIN": "",
    "ZAJETA_NA_": 1,
    "ZALACZNIKI": "http://172.16.11.22:8085/SOWA2-services/doc/print/65369749/0411.pdf",
    "ZDJECIE_1": "",
    "ZDJECIE_2": "",
    "ZDJECIE_3": "",
    "ZDJECIE_4": "",
    "ZDJECIE_5": "",
    "ZDJECIE_6": "",
    "ZDJECIE_7": "",
    "ZDJECIE_8": "",
    "ZWERYFIKOW": "",
    "ZWIAZANA_Z": 0
   },
   "type": "Feature"
  },
  {
   "geometry": {
    "coordinates": [
     19.971337,
     49.984983
    ],
    "type": "Point"
   },
   "id": 349,
   "properties": {
    "ADRES": "",
    "ATRYBUTY_O": "Nr stanowiska: 522",
    "BUDOWNICZY": "",
    "CHARAKTER": "",
    "DATA_WPISU": null,
    "DATA_WZNIE": "",
    "DZIELNICA": "",
    "FID": 349,
    "FUNKCJA_OB": "",
    "FUNKCJA_PI": "",
    "GDB_AREA": 0,
    "GDB_PRM": 0,
    "GDB_PRMEX": 0,
    "GPT_DATE": null,
    "GPT_USER": "",
    "ID": 31630,
    "IDENT_OBIE": "67869299",
    "ID_ISDP": 0,
    "ID_SPRAWY": 80580199,
    "ID_WARSTWY": "F19_STAN_PNT_OPIS",
    "ISDP_FID": "GDB$G_EOZ_ARCHEOLOGIA_EOZ_A.4d9eef0c-e225-557a-e055-000000000001",
    "ISTNIEJE": "",
    "KARTA_MAPY": "",
    "LOKALIZACJ": "",
    "MATERIAL": "",
    "NAZWA": "",
    "NUMER": "",
    "NUMER_EWID": "",
    "NUMER_REJ_": "",
    "OBREB": "",
    "REJESTR_TA": "EW_ARCHEOLOGIA",
    "RODZAJE_ZA": "",
    "RODZAJ_OBI": "",
    "RODZAJ_WLA": "",
    "STAN_ZACHO": "",
    "STATUS": "",
    "STYL_OBIEK": "",
    "SYMBOL_EWI": "",
    "SYMBOL_REJ": "",
    "UWAGI": "",
    "WIEK_CZ_PO": "",
    "WIEK_POWST": "",
    "WYDRUK_LIN": "",
    "ZAJETA_NA_": 1,
    "ZALACZNIKI": "http://172.16.11.22:8085/SOWA2-services/doc/print/65373049/0522.pdf",
    "ZDJECIE_1": "",
    "ZDJECIE_2": "",
    "ZDJECIE_3": "",
    "ZDJECIE_4": "",
    "ZDJECIE_5": "",
    "ZDJECIE_6": "",
    "ZDJECIE_7": "",
    "ZDJECIE_8": "",
    "ZWERYFIKOW": "",
    "ZWIAZANA_Z": 0
   },
   "type": "Feature"
  },
  {
   "geometry": {
    "coordinates": [
     19.978182,
     49.986482
    ],
    "type": "Point"
   },
   "id": 350,
   "properties": {
    "ADRES": "",
    "ATRYBUTY_O": "Nr stanowiska: 524",
    "BUDOWNICZY": "",
    "CHARAKTER": "",
    "DATA_WPISU": null,
    "DATA_WZNIE": "",
    "DZIELNICA": "",
    "FID": 350,
    "FUNKCJA_OB": "",
    "FUNKCJA_PI": "",
    "GDB_AREA": 0,
    "GDB_PRM": 0,
    "GDB_PRMEX": 0,
    "GPT_DATE": null,
    "GPT_USER": "",
    "ID": 31632,
    "IDENT_OBIE": "67869399",
    "ID_ISDP": 0,
    "ID_SPRAWY": 80580299,
    "ID_WARSTWY": "F19_STAN_PNT_OPIS",
    "ISDP_FID": "GDB$G_EOZ_ARCHEOLOGIA_EOZ_A.4d9eef0c-e226-557a-e055-000000000001",
    "ISTNIEJE": "",
    "KARTA_MAPY": "",
    "LOKALIZACJ": "",
    "MATERIAL": "",
    "NAZWA": "",
    "NUMER": "",
    "NUMER_EWID": "",
    "NUMER_REJ_": "",
    "OBREB": "",
    "REJESTR_TA": "EW_ARCHEOLOGIA",
    "RODZAJE_ZA": "",
    "RODZAJ_OBI": "",
    "RODZAJ_WLA": "",
    "STAN_ZACHO": "",
    "STATUS": "",
    "STYL_OBIEK": "",
    "SYMBOL_EWI": "",
    "SYMBOL_REJ": "",
    "UWAGI": "",
    "WIEK_CZ_PO": "",
    "WIEK_POWST": "",
    "WYDRUK_LIN": "",
    "ZAJETA_NA_": 1,
    "ZALACZNIKI": "http://172.16.11.22:8085/SOWA2-services/doc/print/65373149/0524.pdf",
    "ZDJECIE_1": "",
    "ZDJECIE_2": "",
    "ZDJECIE_3": "",
    "ZDJECIE_4": "",
    "ZDJECIE_5": "",
    "ZDJECIE_6": "",
    "ZDJECIE_7": "",
    "ZDJECIE_8": "",
    "ZWERYFIKOW": "",
    "ZWIAZANA_Z": 0
   },
   "type": "Feature"
  },
  {
   "geometry": {
    "coordinates": [
     19.976874,
     49.988997
    ],
    "type": "Point"
   },
   "id": 351,
   "properties": {
    "ADRES": "",
    "ATRYBUTY_O": "Nr stanowiska: 526",
    "BUDOWNICZY": "",
    "CHARAKTER": "",
    "DATA_WPISU": null,
    "DATA_WZNIE": "",
    "DZIELNICA": "",
    "FID": 351,
    "FUNKCJA_OB": "",
    "FUNKCJA_PI": "",
    "GDB_AREA": 0,
    "GDB_PRM": 0,
    "GDB_PRMEX": 0,
    "GPT_DATE": null,
    "GPT_USER": "",
    "ID": 31634,
    "IDENT_OBIE": "67869499",
    "ID_ISDP": 0,
    "ID_SPRAWY": 80580399,
    "ID_WARSTWY": "F19_STAN_PNT_OPIS",
    "ISDP_FID": "GDB$G_EOZ_ARCHEOLOGIA_EOZ_A.4d9eef0c-e227-557a-e055-000000000001",
    "ISTNIEJE": "",
    "KARTA_MAPY": "",
    "LOKALIZACJ": "",
    "MATERIAL": "",
    "NAZWA": "",
    "NUMER": "",
    "NUMER_EWID": "",
    "NUMER_REJ_": "",
    "OBREB": "",
    "REJESTR_TA": "EW_ARCHEOLOGIA",
    "RODZAJE_ZA": "",
    "RODZAJ_OBI": "",
    "RODZAJ_WLA": "",
    "STAN_ZACHO": "",
    "STATUS": "",
    "STYL_OBIEK": "",
    "SYMBOL_EWI": "",
    "SYMBOL_REJ": "",
    "UWAGI": "",
    "WIEK_CZ_PO": "",
    "WIEK_POWST": "",
    "WYDRUK_LIN": "",
    "ZAJETA_NA_": 1,
    "ZALACZNIKI": "http://172.16.11.22:8085/SOWA2-services/doc/print/65373249/0526.pdf",
    "ZDJECIE_1": "",
    "ZDJECIE_2": "",
    "ZDJECIE_3": "",
    "ZDJECIE_4": "",
    "ZDJECIE_5": "",
    "ZDJECIE_6": "",
    "ZDJECIE_7": "",
    "ZDJECIE_8": "",
    "ZWERYFIKOW": "",
    "ZWIAZANA_Z": 0
   },
   "type": "Feature"
  },
  {
   "geometry": {
    "coordinates": [
     19.971537,
     50.075736
    ],
    "type": "Point"
   },
   "id": 352,
   "properties": {
    "ADRES": "",
    "ATRYBUTY_O": "Nr stanowiska: 297",
    "BUDOWNICZY": "",
    "CHARAKTER": "",
    "DATA_WPISU": null,
    "DATA_WZNIE": "",
    "DZIELNICA": "",
    "FID": 352,
    "FUNKCJA_OB": "",
    "FUNKCJA_PI": "",
    "GDB_AREA": 0,
    "GDB_PRM": 0,
    "GDB_PRMEX": 0,
    "GPT_DATE": null,
    "GPT_USER": "",
    "ID": 31637,
    "IDENT_OBIE": "67869649",
    "ID_ISDP": 0,
    "ID_SPRAWY": 80581049,
    "ID_WARSTWY": "F19_STAN_PNT_OPIS",
    "ISDP_FID": "GDB$G_EOZ_ARCHEOLOGIA_EOZ_A.4d9eef0c-e228-557a-e055-000000000001",
    "ISTNIEJE": "",
    "KARTA_MAPY": "",
    "LOKALIZACJ": "",
    "MATERIAL": "",
    "NAZWA": "",
    "NUMER": "",
    "NUMER_EWID": "",
    "NUMER_REJ_": "",
    "OBREB": "",
    "REJESTR_TA": "EW_ARCHEOLOGIA",
    "RODZAJE_ZA": "",
    "RODZAJ_OBI": "",
    "RODZAJ_WLA": "",
    "STAN_ZACHO": "",
    "STATUS": "",
    "STYL_OBIEK": "",
    "SYMBOL_EWI": "",
    "SYMBOL_REJ": "",
    "UWAGI": "",
    "WIEK_CZ_PO": "",
    "WIEK_POWST": "",
    "WYDRUK_LIN": "",
    "ZAJETA_NA_": 1,
    "ZALACZNIKI": "http://172.16.11.22:8085/SOWA2-services/doc/print/65367199/0297.pdf",
    "ZDJECIE_1": "",
    "ZDJECIE_2": "",
    "ZDJECIE_3": "",
    "ZDJECIE_4": "",
    "ZDJECIE_5": "",
    "ZDJECIE_6": "",
    "ZDJECIE_7": "",
    "ZDJECIE_8": "",
    "ZWERYFIKOW": "",
    "ZWIAZANA_Z": 0
   },
   "type": "Feature"
  },
  {
   "geometry": {
    "coordinates": [
     19.863314,
     49.991876
    ],
    "type": "Point"
   },
   "id": 353,
   "properties": {
    "ADRES": "",
    "ATRYBUTY_O": "Nr stanowiska: 462",
    "BUDOWNICZY": "",
    "CHARAKTER": "",
    "DATA_WPISU": null,
    "DATA_WZNIE": "",
    "DZIELNICA": "",
    "FID": 353,
    "FUNKCJA_OB": "",
    "FUNKCJA_PI": "",
    "GDB_AREA": 0,
    "GDB_PRM": 0,
    "GDB_PRMEX": 0,
    "GPT_DATE": null,
    "GPT_USER": "",
    "ID": 31638,
    "IDENT_OBIE": "67869699",
    "ID_ISDP": 0,
    "ID_SPRAWY": 80581399,
    "ID_WARSTWY": "F19_STAN_PNT_OPIS",
    "ISDP_FID": "GDB$G_EOZ_ARCHEOLOGIA_EOZ_A.4d9eef0c-e229-557a-e055-000000000001",
    "ISTNIEJE": "",
    "KARTA_MAPY": "",
    "LOKALIZACJ": "",
    "MATERIAL": "",
    "NAZWA": "",
    "NUMER": "",
    "NUMER_EWID": "",
    "NUMER_REJ_": "",
    "OBREB": "",
    "REJESTR_TA": "EW_ARCHEOLOGIA",
    "RODZAJE_ZA": "",
    "RODZAJ_OBI": "",
    "RODZAJ_WLA": "",
    "STAN_ZACHO": "",
    "STATUS": "",
    "STYL_OBIEK": "",
    "SYMBOL_EWI": "",
    "SYMBOL_REJ": "",
    "UWAGI": "",
    "WIEK_CZ_PO": "",
    "WIEK_POWST": "",
    "WYDRUK_LIN": "",
    "ZAJETA_NA_": 1,
    "ZALACZNIKI": "http://172.16.11.22:8085/SOWA2-services/doc/print/65371349/0462.pdf",
    "ZDJECIE_1": "",
    "ZDJECIE_2": "",
    "ZDJECIE_3": "",
    "ZDJECIE_4": "",
    "ZDJECIE_5": "",
    "ZDJECIE_6": "",
    "ZDJECIE_7": "",
    "ZDJECIE_8": "",
    "ZWERYFIKOW": "",
    "ZWIAZANA_Z": 0
   },
   "type": "Feature"
  },
  {
   "geometry": {
    "coordinates": [
     19.863121,
     49.990182
    ],
    "type": "Point"
   },
   "id": 354,
   "properties": {
    "ADRES": "",
    "ATRYBUTY_O": "Nr stanowiska: 463",
    "BUDOWNICZY": "",
    "CHARAKTER": "",
    "DATA_WPISU": null,
    "DATA_WZNIE": "",
    "DZIELNICA": "",
    "FID": 354,
    "FUNKCJA_OB": "",
    "FUNKCJA_PI": "",
    "GDB_AREA": 0,
    "GDB_PRM": 0,
    "GDB_PRMEX": 0,
    "GPT_DATE": null,
    "GPT_USER": "",
    "ID": 31639,
    "IDENT_OBIE": "67869749",
    "ID_ISDP": 0,
    "ID_SPRAWY": 80581449,
    "ID_WARSTWY": "F19_STAN_PNT_OPIS",
    "ISDP_FID": "GDB$G_EOZ_ARCHEOLOGIA_EOZ_A.4d9eef0c-e22a-557a-e055-000000000001",
    "ISTNIEJE": "",
    "KARTA_MAPY": "",
    "LOKALIZACJ": "",
    "MATERIAL": "",
    "NAZWA": "",
    "NUMER": "",
    "NUMER_EWID": "",
    "NUMER_REJ_": "",
    "OBREB": "",
    "REJESTR_TA": "EW_ARCHEOLOGIA",
    "RODZAJE_ZA": "",
    "RODZAJ_OBI": "",
    "RODZAJ_WLA": "",
    "STAN_ZACHO": "",
    "STATUS": "",
    "STYL_OBIEK": "",
    "SYMBOL_EWI": "",
    "SYMBOL_REJ": "",
    "UWAGI": "",
    "WIEK_CZ_PO": "",
    "WIEK_POWST": "",
    "WYDRUK_LIN": "",
    "ZAJETA_NA_": 1,
    "ZALACZNIKI": "http://172.16.11.22:8085/SOWA2-services/doc/print/65371399/0463.pdf",
    "ZDJECIE_1": "",
    "ZDJECIE_2": "",
    "ZDJECIE_3": "",
    "ZDJECIE_4": "",
    "ZDJECIE_5": "",
    "ZDJECIE_6": "",
    "ZDJECIE_7": "",
    "ZDJECIE_8": "",
    "ZWERYFIKOW": "",
    "ZWIAZANA_Z": 0
   },
   "type": "Feature"
  },
  {
   "geometry": {
    "coordinates": [
     19.857259,
     49.987884
    ],
    "type": "Point"
   },
   "id": 355,
   "properties": {
    "ADRES": "",
    "ATRYBUTY_O": "Nr stanowiska: 466",
    "BUDOWNICZY": "",
    "CHARAKTER": "",
    "DATA_WPISU": null,
    "DATA_WZNIE": "",
    "DZIELNICA": "",
    "FID": 355,
    "FUNKCJA_OB": "",
    "FUNKCJA_PI": "",
    "GDB_AREA": 0,
    "GDB_PRM": 0,
    "GDB_PRMEX": 0,
    "GPT_DATE": null,
    "GPT_USER": "",
    "ID": 31641,
    "IDENT_OBIE": "67869849",
    "ID_ISDP": 0,
    "ID_SPRAWY": 80581599,
    "ID_WARSTWY": "F19_STAN_PNT_OPIS",
    "ISDP_FID": "GDB$G_EOZ_ARCHEOLOGIA_EOZ_A.4d9eef0c-e22b-557a-e055-000000000001",
    "ISTNIEJE": "",
    "KARTA_MAPY": "",
    "LOKALIZACJ": "",
    "MATERIAL": "",
    "NAZWA": "",
    "NUMER": "",
    "NUMER_EWID": "",
    "NUMER_REJ_": "",
    "OBREB": "",
    "REJESTR_TA": "EW_ARCHEOLOGIA",
    "RODZAJE_ZA": "",
    "RODZAJ_OBI": "",
    "RODZAJ_WLA": "",
    "STAN_ZACHO": "",
    "STATUS": "",
    "STYL_OBIEK": "",
    "SYMBOL_EWI": "",
    "SYMBOL_REJ": "",
    "UWAGI": "",
    "WIEK_CZ_PO": "",
    "WIEK_POWST": "",
    "WYDRUK_LIN": "",
    "ZAJETA_NA_": 1,
    "ZALACZNIKI": "http://172.16.11.22:8085/SOWA2-services/doc/print/65371499/0466.pdf",
    "ZDJECIE_1": "",
    "ZDJECIE_2": "",
    "ZDJECIE_3": "",
    "ZDJECIE_4": "",
    "ZDJECIE_5": "",
    "ZDJECIE_6": "",
    "ZDJECIE_7": "",
    "ZDJECIE_8": "",
    "ZWERYFIKOW": "",
    "ZWIAZANA_Z": 0
   },
   "type": "Feature"
  },
  {
   "geometry": {
    "coordinates": [
     19.861908,
     49.994089
    ],
    "type": "Point"
   },
   "id": 356,
   "properties": {
    "ADRES": "",
    "ATRYBUTY_O": "Nr stanowiska: 468",
    "BUDOWNICZY": "",
    "CHARAKTER": "",
    "DATA_WPISU": null,
    "DATA_WZNIE": "",
    "DZIELNICA": "",
    "FID": 356,
    "FUNKCJA_OB": "",
    "FUNKCJA_PI": "",
    "GDB_AREA": 0,
    "GDB_PRM": 0,
    "GDB_PRMEX": 0,
    "GPT_DATE": null,
    "GPT_USER": "",
    "ID": 31643,
    "IDENT_OBIE": "67869949",
    "ID_ISDP": 0,
    "ID_SPRAWY": 80581749,
    "ID_WARSTWY": "F19_STAN_PNT_OPIS",
    "ISDP_FID": "GDB$G_EOZ_ARCHEOLOGIA_EOZ_A.4d9eef0c-e22c-557a-e055-000000000001",
    "ISTNIEJE": "",
    "KARTA_MAPY": "",
    "LOKALIZACJ": "",
    "MATERIAL": "",
    "NAZWA": "",
    "NUMER": "",
    "NUMER_EWID": "",
    "NUMER_REJ_": "",
    "OBREB": "",
    "REJESTR_TA": "EW_ARCHEOLOGIA",
    "RODZAJE_ZA": "",
    "RODZAJ_OBI": "",
    "RODZAJ_WLA": "",
    "STAN_ZACHO": "",
    "STATUS": "",
    "STYL_OBIEK": "",
    "SYMBOL_EWI": "",
    "SYMBOL_REJ": "",
    "UWAGI": "",
    "WIEK_CZ_PO": "",
    "WIEK_POWST": "",
    "WYDRUK_LIN": "",
    "ZAJETA_NA_": 1,
    "ZALACZNIKI": "http://172.16.11.22:8085/SOWA2-services/doc/print/65371599/0468.pdf",
    "ZDJECIE_1": "",
    "ZDJECIE_2": "",
    "ZDJECIE_3": "",
    "ZDJECIE_4": "",
    "ZDJECIE_5": "",
    "ZDJECIE_6": "",
    "ZDJECIE_7": "",
    "ZDJECIE_8": "",
    "ZWERYFIKOW": "",
    "ZWIAZANA_Z": 0
   },
   "type": "Feature"
  },
  {
   "geometry": {
    "coordinates": [
     19.864193,
     49.987144
    ],
    "type": "Point"
   },
   "id": 357,
   "properties": {
    "ADRES": "",
    "ATRYBUTY_O": "Nr stanowiska: 473",
    "BUDOWNICZY": "",
    "CHARAKTER": "",
    "DATA_WPISU": null,
    "DATA_WZNIE": "",
    "DZIELNICA": "",
    "FID": 357,
    "FUNKCJA_OB": "",
    "FUNKCJA_PI": "",
    "GDB_AREA": 0,
    "GDB_PRM": 0,
    "GDB_PRMEX": 0,
    "GPT_DATE": null,
    "GPT_USER": "",
    "ID": 31644,
    "IDENT_OBIE": "67869999",
    "ID_ISDP": 0,
    "ID_SPRAWY": 80582049,
    "ID_WARSTWY": "F19_STAN_PNT_OPIS",
    "ISDP_FID": "GDB$G_EOZ_ARCHEOLOGIA_EOZ_A.4d9eef0c-e22d-557a-e055-000000000001",
    "ISTNIEJE": "",
    "KARTA_MAPY": "",
    "LOKALIZACJ": "",
    "MATERIAL": "",
    "NAZWA": "",
    "NUMER": "",
    "NUMER_EWID": "",
    "NUMER_REJ_": "",
    "OBREB": "",
    "REJESTR_TA": "EW_ARCHEOLOGIA",
    "RODZAJE_ZA": "",
    "RODZAJ_OBI": "",
    "RODZAJ_WLA": "",
    "STAN_ZACHO": "",
    "STATUS": "",
    "STYL_OBIEK": "",
    "SYMBOL_EWI": "",
    "SYMBOL_REJ": "",
    "UWAGI": "",
    "WIEK_CZ_PO": "",
    "WIEK_POWST": "",
    "WYDRUK_LIN": "",
    "ZAJETA_NA_": 1,
    "ZALACZNIKI": "http://172.16.11.22:8085/SOWA2-services/doc/print/65371649/0473.pdf",
    "ZDJECIE_1": "",
    "ZDJECIE_2": "",
    "ZDJECIE_3": "",
    "ZDJECIE_4": "",
    "ZDJECIE_5": "",
    "ZDJECIE_6": "",
    "ZDJECIE_7": "",
    "ZDJECIE_8": "",
    "ZWERYFIKOW": "",
    "ZWIAZANA_Z": 0
   },
   "type": "Feature"
  },
  {
   "geometry": {
    "coordinates": [
     19.850806,
     49.989565
    ],
    "type": "Point"
   },
   "id": 358,
   "properties": {
    "ADRES": "",
    "ATRYBUTY_O": "Nr stanowiska: 475",
    "BUDOWNICZY": "",
    "CHARAKTER": "",
    "DATA_WPISU": null,
    "DATA_WZNIE": "",
    "DZIELNICA": "",
    "FID": 358,
    "FUNKCJA_OB": "",
    "FUNKCJA_PI": "",
    "GDB_AREA": 0,
    "GDB_PRM": 0,
    "GDB_PRMEX": 0,
    "GPT_DATE": null,
    "GPT_USER": "",
    "ID": 31646,
    "IDENT_OBIE": "67870099",
    "ID_ISDP": 0,
    "ID_SPRAWY": 80582149,
    "ID_WARSTWY": "F19_STAN_PNT_OPIS",
    "ISDP_FID": "GDB$G_EOZ_ARCHEOLOGIA_EOZ_A.4d9eef0c-e22e-557a-e055-000000000001",
    "ISTNIEJE": "",
    "KARTA_MAPY": "",
    "LOKALIZACJ": "",
    "MATERIAL": "",
    "NAZWA": "",
    "NUMER": "",
    "NUMER_EWID": "",
    "NUMER_REJ_": "",
    "OBREB": "",
    "REJESTR_TA": "EW_ARCHEOLOGIA",
    "RODZAJE_ZA": "",
    "RODZAJ_OBI": "",
    "RODZAJ_WLA": "",
    "STAN_ZACHO": "",
    "STATUS": "",
    "STYL_OBIEK": "",
    "SYMBOL_EWI": "",
    "SYMBOL_REJ": "",
    "UWAGI": "",
    "WIEK_CZ_PO": "",
    "WIEK_POWST": "",
    "WYDRUK_LIN": "",
    "ZAJETA_NA_": 1,
    "ZALACZNIKI": "http://172.16.11.22:8085/SOWA2-services/doc/print/65371749/0475.pdf",
    "ZDJECIE_1": "",
    "ZDJECIE_2": "",
    "ZDJECIE_3": "",
    "ZDJECIE_4": "",
    "ZDJECIE_5": "",
    "ZDJECIE_6": "",
    "ZDJECIE_7": "",
    "ZDJECIE_8": "",
    "ZWERYFIKOW": "",
    "ZWIAZANA_Z": 0
   },
   "type": "Feature"
  },
  {
   "geometry": {
    "coordinates": [
     19.865004,
     49.979756
    ],
    "type": "Point"
   },
   "id": 359,
   "properties": {
    "ADRES": "",
    "ATRYBUTY_O": "Nr stanowiska: 483",
    "BUDOWNICZY": "",
    "CHARAKTER": "",
    "DATA_WPISU": null,
    "DATA_WZNIE": "",
    "DZIELNICA": "",
    "FID": 359,
    "FUNKCJA_OB": "",
    "FUNKCJA_PI": "",
    "GDB_AREA": 0,
    "GDB_PRM": 0,
    "GDB_PRMEX": 0,
    "GPT_DATE": null,
    "GPT_USER": "",
    "ID": 31648,
    "IDENT_OBIE": "67870199",
    "ID_ISDP": 0,
    "ID_SPRAWY": 80582249,
    "ID_WARSTWY": "F19_STAN_PNT_OPIS",
    "ISDP_FID": "GDB$G_EOZ_ARCHEOLOGIA_EOZ_A.4d9eef0c-e22f-557a-e055-000000000001",
    "ISTNIEJE": "",
    "KARTA_MAPY": "",
    "LOKALIZACJ": "",
    "MATERIAL": "",
    "NAZWA": "",
    "NUMER": "",
    "NUMER_EWID": "",
    "NUMER_REJ_": "",
    "OBREB": "",
    "REJESTR_TA": "EW_ARCHEOLOGIA",
    "RODZAJE_ZA": "",
    "RODZAJ_OBI": "",
    "RODZAJ_WLA": "",
    "STAN_ZACHO": "",
    "STATUS": "",
    "STYL_OBIEK": "",
    "SYMBOL_EWI": "",
    "SYMBOL_REJ": "",
    "UWAGI": "",
    "WIEK_CZ_PO": "",
    "WIEK_POWST": "",
    "WYDRUK_LIN": "",
    "ZAJETA_NA_": 1,
    "ZALACZNIKI": "http://172.16.11.22:8085/SOWA2-services/doc/print/65372049/0483.pdf",
    "ZDJECIE_1": "",
    "ZDJECIE_2": "",
    "ZDJECIE_3": "",
    "ZDJECIE_4": "",
    "ZDJECIE_5": "",
    "ZDJECIE_6": "",
    "ZDJECIE_7": "",
    "ZDJECIE_8": "",
    "ZWERYFIKOW": "",
    "ZWIAZANA_Z": 0
   },
   "type": "Feature"
  },
  {
   "geometry": {
    "coordinates": [
     19.876176,
     49.999015
    ],
    "type": "Point"
   },
   "id": 360,
   "properties": {
    "ADRES": "",
    "ATRYBUTY_O": "Nr stanowiska: 559",
    "BUDOWNICZY": "",
    "CHARAKTER": "",
    "DATA_WPISU": null,
    "DATA_WZNIE": "",
    "DZIELNICA": "",
    "FID": 360,
    "FUNKCJA_OB": "",
    "FUNKCJA_PI": "",
    "GDB_AREA": 0,
    "GDB_PRM": 0,
    "GDB_PRMEX": 0,
    "GPT_DATE": null,
    "GPT_USER": "",
    "ID": 31649,
    "IDENT_OBIE": "67870249",
    "ID_ISDP": 0,
    "ID_SPRAWY": 80582299,
    "ID_WARSTWY": "F19_STAN_PNT_OPIS",
    "ISDP_FID": "GDB$G_EOZ_ARCHEOLOGIA_EOZ_A.4d9eef0c-e230-557a-e055-000000000001",
    "ISTNIEJE": "",
    "KARTA_MAPY": "",
    "LOKALIZACJ": "",
    "MATERIAL": "",
    "NAZWA": "",
    "NUMER": "",
    "NUMER_EWID": "",
    "NUMER_REJ_": "",
    "OBREB": "",
    "REJESTR_TA": "EW_ARCHEOLOGIA",
    "RODZAJE_ZA": "",
    "RODZAJ_OBI": "",
    "RODZAJ_WLA": "",
    "STAN_ZACHO": "",
    "STATUS": "",
    "STYL_OBIEK": "",
    "SYMBOL_EWI": "",
    "SYMBOL_REJ": "",
    "UWAGI": "",
    "WIEK_CZ_PO": "",
    "WIEK_POWST": "",
    "WYDRUK_LIN": "",
    "ZAJETA_NA_": 1,
    "ZALACZNIKI": "http://172.16.11.22:8085/SOWA2-services/doc/print/65373699/0559.pdf",
    "ZDJECIE_1": "",
    "ZDJECIE_2": "",
    "ZDJECIE_3": "",
    "ZDJECIE_4": "",
    "ZDJECIE_5": "",
    "ZDJECIE_6": "",
    "ZDJECIE_7": "",
    "ZDJECIE_8": "",
    "ZWERYFIKOW": "",
    "ZWIAZANA_Z": 0
   },
   "type": "Feature"
  },
  {
   "geometry": {
    "coordinates": [
     19.871675,
     49.99808
    ],
    "type": "Point"
   },
   "id": 361,
   "properties": {
    "ADRES": "",
    "ATRYBUTY_O": "Nr stanowiska: 560",
    "BUDOWNICZY": "",
    "CHARAKTER": "",
    "DATA_WPISU": null,
    "DATA_WZNIE": "",
    "DZIELNICA": "",
    "FID": 361,
    "FUNKCJA_OB": "",
    "FUNKCJA_PI": "",
    "GDB_AREA": 0,
    "GDB_PRM": 0,
    "GDB_PRMEX": 0,
    "GPT_DATE": null,
    "GPT_USER": "",
    "ID": 31650,
    "IDENT_OBIE": "67870299",
    "ID_ISDP": 0,
    "ID_SPRAWY": 80582349,
    "ID_WARSTWY": "F19_STAN_PNT_OPIS",
    "ISDP_FID": "GDB$G_EOZ_ARCHEOLOGIA_EOZ_A.4d9eef0c-e231-557a-e055-000000000001",
    "ISTNIEJE": "",
    "KARTA_MAPY": "",
    "LOKALIZACJ": "",
    "MATERIAL": "",
    "NAZWA": "",
    "NUMER": "",
    "NUMER_EWID": "",
    "NUMER_REJ_": "",
    "OBREB": "",
    "REJESTR_TA": "EW_ARCHEOLOGIA",
    "RODZAJE_ZA": "",
    "RODZAJ_OBI": "",
    "RODZAJ_WLA": "",
    "STAN_ZACHO": "",
    "STATUS": "",
    "STYL_OBIEK": "",
    "SYMBOL_EWI": "",
    "SYMBOL_REJ": "",
    "UWAGI": "",
    "WIEK_CZ_PO": "",
    "WIEK_POWST": "",
    "WYDRUK_LIN": "",
    "ZAJETA_NA_": 1,
    "ZALACZNIKI": "http://172.16.11.22:8085/SOWA2-services/doc/print/65373749/0560.pdf",
    "ZDJECIE_1": "",
    "ZDJECIE_2": "",
    "ZDJECIE_3": "",
    "ZDJECIE_4": "",
    "ZDJECIE_5": "",
    "ZDJECIE_6": "",
    "ZDJECIE_7": "",
    "ZDJECIE_8": "",
    "ZWERYFIKOW": "",
    "ZWIAZANA_Z": 0
   },
   "type": "Feature"
  },
  {
   "geometry": {
    "coordinates": [
     20.051206,
     50.008499
    ],
    "type": "Point"
   },
   "id": 362,
   "properties": {
    "ADRES": "",
    "ATRYBUTY_O": "Nr stanowiska: 564",
    "BUDOWNICZY": "",
    "CHARAKTER": "",
    "DATA_WPISU": null,
    "DATA_WZNIE": "",
    "DZIELNICA": "",
    "FID": 362,
    "FUNKCJA_OB": "",
    "FUNKCJA_PI": "",
    "GDB_AREA": 0,
    "GDB_PRM": 0,
    "GDB_PRMEX": 0,
    "GPT_DATE": null,
    "GPT_USER": "",
    "ID": 31652,
    "IDENT_OBIE": "67870399",
    "ID_ISDP": 0,
    "ID_SPRAWY": 80582549,
    "ID_WARSTWY": "F19_STAN_PNT_OPIS",
    "ISDP_FID": "GDB$G_EOZ_ARCHEOLOGIA_EOZ_A.4d9eef0c-e232-557a-e055-000000000001",
    "ISTNIEJE": "",
    "KARTA_MAPY": "",
    "LOKALIZACJ": "",
    "MATERIAL": "",
    "NAZWA": "",
    "NUMER": "",
    "NUMER_EWID": "",
    "NUMER_REJ_": "",
    "OBREB": "",
    "REJESTR_TA": "EW_ARCHEOLOGIA",
    "RODZAJE_ZA": "",
    "RODZAJ_OBI": "",
    "RODZAJ_WLA": "",
    "STAN_ZACHO": "",
    "STATUS": "",
    "STYL_OBIEK": "",
    "SYMBOL_EWI": "",
    "SYMBOL_REJ": "",
    "UWAGI": "",
    "WIEK_CZ_PO": "",
    "WIEK_POWST": "",
    "WYDRUK_LIN": "",
    "ZAJETA_NA_": 1,
    "ZALACZNIKI": "http://172.16.11.22:8085/SOWA2-services/doc/print/65373849/0564.pdf",
    "ZDJECIE_1": "",
    "ZDJECIE_2": "",
    "ZDJECIE_3": "",
    "ZDJECIE_4": "",
    "ZDJECIE_5": "",
    "ZDJECIE_6": "",
    "ZDJECIE_7": "",
    "ZDJECIE_8": "",
    "ZWERYFIKOW": "",
    "ZWIAZANA_Z": 0
   },
   "type": "Feature"
  },
  {
   "geometry": {
    "coordinates": [
     19.868956,
     49.990776
    ],
    "type": "Point"
   },
   "id": 363,
   "properties": {
    "ADRES": "",
    "ATRYBUTY_O": "Nr stanowiska: 565",
    "BUDOWNICZY": "",
    "CHARAKTER": "",
    "DATA_WPISU": null,
    "DATA_WZNIE": "",
    "DZIELNICA": "",
    "FID": 363,
    "FUNKCJA_OB": "",
    "FUNKCJA_PI": "",
    "GDB_AREA": 0,
    "GDB_PRM": 0,
    "GDB_PRMEX": 0,
    "GPT_DATE": null,
    "GPT_USER": "",
    "ID": 31653,
    "IDENT_OBIE": "67870449",
    "ID_ISDP": 0,
    "ID_SPRAWY": 80582599,
    "ID_WARSTWY": "F19_STAN_PNT_OPIS",
    "ISDP_FID": "GDB$G_EOZ_ARCHEOLOGIA_EOZ_A.4d9eef0c-e233-557a-e055-000000000001",
    "ISTNIEJE": "",
    "KARTA_MAPY": "",
    "LOKALIZACJ": "",
    "MATERIAL": "",
    "NAZWA": "",
    "NUMER": "",
    "NUMER_EWID": "",
    "NUMER_REJ_": "",
    "OBREB": "",
    "REJESTR_TA": "EW_ARCHEOLOGIA",
    "RODZAJE_ZA": "",
    "RODZAJ_OBI": "",
    "RODZAJ_WLA": "",
    "STAN_ZACHO": "",
    "STATUS": "",
    "STYL_OBIEK": "",
    "SYMBOL_EWI": "",
    "SYMBOL_REJ": "",
    "UWAGI": "",
    "WIEK_CZ_PO": "",
    "WIEK_POWST": "",
    "WYDRUK_LIN": "",
    "ZAJETA_NA_": 1,
    "ZALACZNIKI": "http://172.16.11.22:8085/SOWA2-services/doc/print/65373899/0565.pdf",
    "ZDJECIE_1": "",
    "ZDJECIE_2": "",
    "ZDJECIE_3": "",
    "ZDJECIE_4": "",
    "ZDJECIE_5": "",
    "ZDJECIE_6": "",
    "ZDJECIE_7": "",
    "ZDJECIE_8": "",
    "ZWERYFIKOW": "",
    "ZWIAZANA_Z": 0
   },
   "type": "Feature"
  },
  {
   "geometry": {
    "coordinates": [
     19.876934,
     49.990052
    ],
    "type": "Point"
   },
   "id": 364,
   "properties": {
    "ADRES": "",
    "ATRYBUTY_O": "Nr stanowiska: 567",
    "BUDOWNICZY": "",
    "CHARAKTER": "",
    "DATA_WPISU": null,
    "DATA_WZNIE": "",
    "DZIELNICA": "",
    "FID": 364,
    "FUNKCJA_OB": "",
    "FUNKCJA_PI": "",
    "GDB_AREA": 0,
    "GDB_PRM": 0,
    "GDB_PRMEX": 0,
    "GPT_DATE": null,
    "GPT_USER": "",
    "ID": 31655,
    "IDENT_OBIE": "67870549",
    "ID_ISDP": 0,
    "ID_SPRAWY": 80582699,
    "ID_WARSTWY": "F19_STAN_PNT_OPIS",
    "ISDP_FID": "GDB$G_EOZ_ARCHEOLOGIA_EOZ_A.4d9eef0c-e234-557a-e055-000000000001",
    "ISTNIEJE": "",
    "KARTA_MAPY": "",
    "LOKALIZACJ": "",
    "MATERIAL": "",
    "NAZWA": "",
    "NUMER": "",
    "NUMER_EWID": "",
    "NUMER_REJ_": "",
    "OBREB": "",
    "REJESTR_TA": "EW_ARCHEOLOGIA",
    "RODZAJE_ZA": "",
    "RODZAJ_OBI": "",
    "RODZAJ_WLA": "",
    "STAN_ZACHO": "",
    "STATUS": "",
    "STYL_OBIEK": "",
    "SYMBOL_EWI": "",
    "SYMBOL_REJ": "",
    "UWAGI": "",
    "WIEK_CZ_PO": "",
    "WIEK_POWST": "",
    "WYDRUK_LIN": "",
    "ZAJETA_NA_": 1,
    "ZALACZNIKI": "http://172.16.11.22:8085/SOWA2-services/doc/print/65373999/0567.pdf",
    "ZDJECIE_1": "",
    "ZDJECIE_2": "",
    "ZDJECIE_3": "",
    "ZDJECIE_4": "",
    "ZDJECIE_5": "",
    "ZDJECIE_6": "",
    "ZDJECIE_7": "",
    "ZDJECIE_8": "",
    "ZWERYFIKOW": "",
    "ZWIAZANA_Z": 0
   },
   "type": "Feature"
  },
  {
   "geometry": {
    "coordinates": [
     19.87162,
     49.985815
    ],
    "type": "Point"
   },
   "id": 365,
   "properties": {
    "ADRES": "",
    "ATRYBUTY_O": "Nr stanowiska: 571",
    "BUDOWNICZY": "",
    "CHARAKTER": "",
    "DATA_WPISU": null,
    "DATA_WZNIE": "",
    "DZIELNICA": "",
    "FID": 365,
    "FUNKCJA_OB": "",
    "FUNKCJA_PI": "",
    "GDB_AREA": 0,
    "GDB_PRM": 0,
    "GDB_PRMEX": 0,
    "GPT_DATE": null,
    "GPT_USER": "",
    "ID": 31657,
    "IDENT_OBIE": "67870649",
    "ID_ISDP": 0,
    "ID_SPRAWY": 80582849,
    "ID_WARSTWY": "F19_STAN_PNT_OPIS",
    "ISDP_FID": "GDB$G_EOZ_ARCHEOLOGIA_EOZ_A.4d9eef0c-e235-557a-e055-000000000001",
    "ISTNIEJE": "",
    "KARTA_MAPY": "",
    "LOKALIZACJ": "",
    "MATERIAL": "",
    "NAZWA": "",
    "NUMER": "",
    "NUMER_EWID": "",
    "NUMER_REJ_": "",
    "OBREB": "",
    "REJESTR_TA": "EW_ARCHEOLOGIA",
    "RODZAJE_ZA": "",
    "RODZAJ_OBI": "",
    "RODZAJ_WLA": "",
    "STAN_ZACHO": "",
    "STATUS": "",
    "STYL_OBIEK": "",
    "SYMBOL_EWI": "",
    "SYMBOL_REJ": "",
    "UWAGI": "",
    "WIEK_CZ_PO": "",
    "WIEK_POWST": "",
    "WYDRUK_LIN": "",
    "ZAJETA_NA_": 1,
    "ZALACZNIKI": "http://172.16.11.22:8085/SOWA2-services/doc/print/65374099/0571.pdf",
    "ZDJECIE_1": "",
    "ZDJECIE_2": "",
    "ZDJECIE_3": "",
    "ZDJECIE_4": "",
    "ZDJECIE_5": "",
    "ZDJECIE_6": "",
    "ZDJECIE_7": "",
    "ZDJECIE_8": "",
    "ZWERYFIKOW": "",
    "ZWIAZANA_Z": 0
   },
   "type": "Feature"
  },
  {
   "geometry": {
    "coordinates": [
     19.868052,
     49.98754
    ],
    "type": "Point"
   },
   "id": 366,
   "properties": {
    "ADRES": "",
    "ATRYBUTY_O": "Nr stanowiska: 572",
    "BUDOWNICZY": "",
    "CHARAKTER": "",
    "DATA_WPISU": null,
    "DATA_WZNIE": "",
    "DZIELNICA": "",
    "FID": 366,
    "FUNKCJA_OB": "",
    "FUNKCJA_PI": "",
    "GDB_AREA": 0,
    "GDB_PRM": 0,
    "GDB_PRMEX": 0,
    "GPT_DATE": null,
    "GPT_USER": "",
    "ID": 31658,
    "IDENT_OBIE": "67870699",
    "ID_ISDP": 0,
    "ID_SPRAWY": 80582899,
    "ID_WARSTWY": "F19_STAN_PNT_OPIS",
    "ISDP_FID": "GDB$G_EOZ_ARCHEOLOGIA_EOZ_A.4d9eef0c-e236-557a-e055-000000000001",
    "ISTNIEJE": "",
    "KARTA_MAPY": "",
    "LOKALIZACJ": "",
    "MATERIAL": "",
    "NAZWA": "",
    "NUMER": "",
    "NUMER_EWID": "",
    "NUMER_REJ_": "",
    "OBREB": "",
    "REJESTR_TA": "EW_ARCHEOLOGIA",
    "RODZAJE_ZA": "",
    "RODZAJ_OBI": "",
    "RODZAJ_WLA": "",
    "STAN_ZACHO": "",
    "STATUS": "",
    "STYL_OBIEK": "",
    "SYMBOL_EWI": "",
    "SYMBOL_REJ": "",
    "UWAGI": "",
    "WIEK_CZ_PO": "",
    "WIEK_POWST": "",
    "WYDRUK_LIN": "",
    "ZAJETA_NA_": 1,
    "ZALACZNIKI": "http://172.16.11.22:8085/SOWA2-services/doc/print/65374149/0572.pdf",
    "ZDJECIE_1": "",
    "ZDJECIE_2": "",
    "ZDJECIE_3": "",
    "ZDJECIE_4": "",
    "ZDJECIE_5": "",
    "ZDJECIE_6": "",
    "ZDJECIE_7": "",
    "ZDJECIE_8": "",
    "ZWERYFIKOW": "",
    "ZWIAZANA_Z": 0
   },
   "type": "Feature"
  },
  {
   "geometry": {
    "coordinates": [
     19.871902,
     49.983987
    ],
    "type": "Point"
   },
   "id": 367,
   "properties": {
    "ADRES": "",
    "ATRYBUTY_O": "Nr stanowiska: 576",
    "BUDOWNICZY": "",
    "CHARAKTER": "",
    "DATA_WPISU": null,
    "DATA_WZNIE": "",
    "DZIELNICA": "",
    "FID": 367,
    "FUNKCJA_OB": "",
    "FUNKCJA_PI": "",
    "GDB_AREA": 0,
    "GDB_PRM": 0,
    "GDB_PRMEX": 0,
    "GPT_DATE": null,
    "GPT_USER": "",
    "ID": 31660,
    "IDENT_OBIE": "67870799",
    "ID_ISDP": 0,
    "ID_SPRAWY": 80583099,
    "ID_WARSTWY": "F19_STAN_PNT_OPIS",
    "ISDP_FID": "GDB$G_EOZ_ARCHEOLOGIA_EOZ_A.4d9eef0c-e237-557a-e055-000000000001",
    "ISTNIEJE": "",
    "KARTA_MAPY": "",
    "LOKALIZACJ": "",
    "MATERIAL": "",
    "NAZWA": "",
    "NUMER": "",
    "NUMER_EWID": "",
    "NUMER_REJ_": "",
    "OBREB": "",
    "REJESTR_TA": "EW_ARCHEOLOGIA",
    "RODZAJE_ZA": "",
    "RODZAJ_OBI": "",
    "RODZAJ_WLA": "",
    "STAN_ZACHO": "",
    "STATUS": "",
    "STYL_OBIEK": "",
    "SYMBOL_EWI": "",
    "SYMBOL_REJ": "",
    "UWAGI": "",
    "WIEK_CZ_PO": "",
    "WIEK_POWST": "",
    "WYDRUK_LIN": "",
    "ZAJETA_NA_": 1,
    "ZALACZNIKI": "http://172.16.11.22:8085/SOWA2-services/doc/print/65374249/0576.pdf",
    "ZDJECIE_1": "",
    "ZDJECIE_2": "",
    "ZDJECIE_3": "",
    "ZDJECIE_4": "",
    "ZDJECIE_5": "",
    "ZDJECIE_6": "",
    "ZDJECIE_7": "",
    "ZDJECIE_8": "",
    "ZWERYFIKOW": "",
    "ZWIAZANA_Z": 0
   },
   "type": "Feature"
  },
  {
   "geometry": {
    "coordinates": [
     19.87218,
     49.979578
    ],
    "type": "Point"
   },
   "id": 368,
   "properties": {
    "ADRES": "",
    "ATRYBUTY_O": "Nr stanowiska: 579",
    "BUDOWNICZY": "",
    "CHARAKTER": "",
    "DATA_WPISU": null,
    "DATA_WZNIE": "",
    "DZIELNICA": "",
    "FID": 368,
    "FUNKCJA_OB": "",
    "FUNKCJA_PI": "",
    "GDB_AREA": 0,
    "GDB_PRM": 0,
    "GDB_PRMEX": 0,
    "GPT_DATE": null,
    "GPT_USER": "",
    "ID": 31662,
    "IDENT_OBIE": "67870899",
    "ID_ISDP": 0,
    "ID_SPRAWY": 80583249,
    "ID_WARSTWY": "F19_STAN_PNT_OPIS",
    "ISDP_FID": "GDB$G_EOZ_ARCHEOLOGIA_EOZ_A.4d9eef0c-e238-557a-e055-000000000001",
    "ISTNIEJE": "",
    "KARTA_MAPY": "",
    "LOKALIZACJ": "",
    "MATERIAL": "",
    "NAZWA": "",
    "NUMER": "",
    "NUMER_EWID": "",
    "NUMER_REJ_": "",
    "OBREB": "",
    "REJESTR_TA": "EW_ARCHEOLOGIA",
    "RODZAJE_ZA": "",
    "RODZAJ_OBI": "",
    "RODZAJ_WLA": "",
    "STAN_ZACHO": "",
    "STATUS": "",
    "STYL_OBIEK": "",
    "SYMBOL_EWI": "",
    "SYMBOL_REJ": "",
    "UWAGI": "",
    "WIEK_CZ_PO": "",
    "WIEK_POWST": "",
    "WYDRUK_LIN": "",
    "ZAJETA_NA_": 1,
    "ZALACZNIKI": "http://172.16.11.22:8085/SOWA2-services/doc/print/65374349/0579.pdf",
    "ZDJECIE_1": "",
    "ZDJECIE_2": "",
    "ZDJECIE_3": "",
    "ZDJECIE_4": "",
    "ZDJECIE_5": "",
    "ZDJECIE_6": "",
    "ZDJECIE_7": "",
    "ZDJECIE_8": "",
    "ZWERYFIKOW": "",
    "ZWIAZANA_Z": 0
   },
   "type": "Feature"
  },
  {
   "geometry": {
    "coordinates": [
     20.001191,
     49.99156
    ],
    "type": "Point"
   },
   "id": 369,
   "properties": {
    "ADRES": "",
    "ATRYBUTY_O": "Nr stanowiska: 365",
    "BUDOWNICZY": "",
    "CHARAKTER": "",
    "DATA_WPISU": null,
    "DATA_WZNIE": "",
    "DZIELNICA": "",
    "FID": 369,
    "FUNKCJA_OB": "",
    "FUNKCJA_PI": "",
    "GDB_AREA": 0,
    "GDB_PRM": 0,
    "GDB_PRMEX": 0,
    "GPT_DATE": null,
    "GPT_USER": "",
    "ID": 31664,
    "IDENT_OBIE": "67870999",
    "ID_ISDP": 0,
    "ID_SPRAWY": 80583799,
    "ID_WARSTWY": "F19_STAN_PNT_OPIS",
    "ISDP_FID": "GDB$G_EOZ_ARCHEOLOGIA_EOZ_A.4d9eef0c-e239-557a-e055-000000000001",
    "ISTNIEJE": "",
    "KARTA_MAPY": "",
    "LOKALIZACJ": "",
    "MATERIAL": "",
    "NAZWA": "",
    "NUMER": "",
    "NUMER_EWID": "",
    "NUMER_REJ_": "",
    "OBREB": "",
    "REJESTR_TA": "EW_ARCHEOLOGIA",
    "RODZAJE_ZA": "",
    "RODZAJ_OBI": "",
    "RODZAJ_WLA": "",
    "STAN_ZACHO": "",
    "STATUS": "",
    "STYL_OBIEK": "",
    "SYMBOL_EWI": "",
    "SYMBOL_REJ": "",
    "UWAGI": "",
    "WIEK_CZ_PO": "",
    "WIEK_POWST": "",
    "WYDRUK_LIN": "",
    "ZAJETA_NA_": 1,
    "ZALACZNIKI": "http://172.16.11.22:8085/SOWA2-services/doc/print/65368699/0365.pdf",
    "ZDJECIE_1": "",
    "ZDJECIE_2": "",
    "ZDJECIE_3": "",
    "ZDJECIE_4": "",
    "ZDJECIE_5": "",
    "ZDJECIE_6": "",
    "ZDJECIE_7": "",
    "ZDJECIE_8": "",
    "ZWERYFIKOW": "",
    "ZWIAZANA_Z": 0
   },
   "type": "Feature"
  },
  {
   "geometry": {
    "coordinates": [
     19.860051,
     50.003194
    ],
    "type": "Point"
   },
   "id": 370,
   "properties": {
    "ADRES": "",
    "ATRYBUTY_O": "Nr stanowiska: 366",
    "BUDOWNICZY": "",
    "CHARAKTER": "",
    "DATA_WPISU": null,
    "DATA_WZNIE": "",
    "DZIELNICA": "",
    "FID": 370,
    "FUNKCJA_OB": "",
    "FUNKCJA_PI": "",
    "GDB_AREA": 0,
    "GDB_PRM": 0,
    "GDB_PRMEX": 0,
    "GPT_DATE": null,
    "GPT_USER": "",
    "ID": 31665,
    "IDENT_OBIE": "67871049",
    "ID_ISDP": 0,
    "ID_SPRAWY": 80583849,
    "ID_WARSTWY": "F19_STAN_PNT_OPIS",
    "ISDP_FID": "GDB$G_EOZ_ARCHEOLOGIA_EOZ_A.4d9eef0c-e23a-557a-e055-000000000001",
    "ISTNIEJE": "",
    "KARTA_MAPY": "",
    "LOKALIZACJ": "",
    "MATERIAL": "",
    "NAZWA": "",
    "NUMER": "",
    "NUMER_EWID": "",
    "NUMER_REJ_": "",
    "OBREB": "",
    "REJESTR_TA": "EW_ARCHEOLOGIA",
    "RODZAJE_ZA": "",
    "RODZAJ_OBI": "",
    "RODZAJ_WLA": "",
    "STAN_ZACHO": "",
    "STATUS": "",
    "STYL_OBIEK": "",
    "SYMBOL_EWI": "",
    "SYMBOL_REJ": "",
    "UWAGI": "",
    "WIEK_CZ_PO": "",
    "WIEK_POWST": "",
    "WYDRUK_LIN": "",
    "ZAJETA_NA_": 1,
    "ZALACZNIKI": "http://172.16.11.22:8085/SOWA2-services/doc/print/65368749/0366.pdf",
    "ZDJECIE_1": "",
    "ZDJECIE_2": "",
    "ZDJECIE_3": "",
    "ZDJECIE_4": "",
    "ZDJECIE_5": "",
    "ZDJECIE_6": "",
    "ZDJECIE_7": "",
    "ZDJECIE_8": "",
    "ZWERYFIKOW": "",
    "ZWIAZANA_Z": 0
   },
   "type": "Feature"
  },
  {
   "geometry": {
    "coordinates": [
     19.873859,
     50.014154
    ],
    "type": "Point"
   },
   "id": 371,
   "properties": {
    "ADRES": "",
    "ATRYBUTY_O": "Nr stanowiska: 384",
    "BUDOWNICZY": "",
    "CHARAKTER": "",
    "DATA_WPISU": null,
    "DATA_WZNIE": "",
    "DZIELNICA": "",
    "FID": 371,
    "FUNKCJA_OB": "",
    "FUNKCJA_PI": "",
    "GDB_AREA": 0,
    "GDB_PRM": 0,
    "GDB_PRMEX": 0,
    "GPT_DATE": null,
    "GPT_USER": "",
    "ID": 31666,
    "IDENT_OBIE": "67871099",
    "ID_ISDP": 0,
    "ID_SPRAWY": 80584049,
    "ID_WARSTWY": "F19_STAN_PNT_OPIS",
    "ISDP_FID": "GDB$G_EOZ_ARCHEOLOGIA_EOZ_A.4d9eef0c-e23b-557a-e055-000000000001",
    "ISTNIEJE": "",
    "KARTA_MAPY": "",
    "LOKALIZACJ": "",
    "MATERIAL": "",
    "NAZWA": "",
    "NUMER": "",
    "NUMER_EWID": "",
    "NUMER_REJ_": "",
    "OBREB": "",
    "REJESTR_TA": "EW_ARCHEOLOGIA",
    "RODZAJE_ZA": "",
    "RODZAJ_OBI": "",
    "RODZAJ_WLA": "",
    "STAN_ZACHO": "",
    "STATUS": "",
    "STYL_OBIEK": "",
    "SYMBOL_EWI": "",
    "SYMBOL_REJ": "",
    "UWAGI": "",
    "WIEK_CZ_PO": "",
    "WIEK_POWST": "",
    "WYDRUK_LIN": "",
    "ZAJETA_NA_": 1,
    "ZALACZNIKI": "http://172.16.11.22:8085/SOWA2-services/doc/print/65369249/0384.pdf",
    "ZDJECIE_1": "",
    "ZDJECIE_2": "",
    "ZDJECIE_3": "",
    "ZDJECIE_4": "",
    "ZDJECIE_5": "",
    "ZDJECIE_6": "",
    "ZDJECIE_7": "",
    "ZDJECIE_8": "",
    "ZWERYFIKOW": "",
    "ZWIAZANA_Z": 0
   },
   "type": "Feature"
  },
  {
   "geometry": {
    "coordinates": [
     19.887454,
     50.019217
    ],
    "type": "Point"
   },
   "id": 372,
   "properties": {
    "ADRES": "",
    "ATRYBUTY_O": "Nr stanowiska: 399",
    "BUDOWNICZY": "",
    "CHARAKTER": "",
    "DATA_WPISU": null,
    "DATA_WZNIE": "",
    "DZIELNICA": "",
    "FID": 372,
    "FUNKCJA_OB": "",
    "FUNKCJA_PI": "",
    "GDB_AREA": 0,
    "GDB_PRM": 0,
    "GDB_PRMEX": 0,
    "GPT_DATE": null,
    "GPT_USER": "",
    "ID": 31667,
    "IDENT_OBIE": "67871149",
    "ID_ISDP": 0,
    "ID_SPRAWY": 80584299,
    "ID_WARSTWY": "F19_STAN_PNT_OPIS",
    "ISDP_FID": "GDB$G_EOZ_ARCHEOLOGIA_EOZ_A.4d9eef0c-e23c-557a-e055-000000000001",
    "ISTNIEJE": "",
    "KARTA_MAPY": "",
    "LOKALIZACJ": "",
    "MATERIAL": "",
    "NAZWA": "",
    "NUMER": "",
    "NUMER_EWID": "",
    "NUMER_REJ_": "",
    "OBREB": "",
    "REJESTR_TA": "EW_ARCHEOLOGIA",
    "RODZAJE_ZA": "",
    "RODZAJ_OBI": "",
    "RODZAJ_WLA": "",
    "STAN_ZACHO": "",
    "STATUS": "",
    "STYL_OBIEK": "",
    "SYMBOL_EWI": "",
    "SYMBOL_REJ": "",
    "UWAGI": "",
    "WIEK_CZ_PO": "",
    "WIEK_POWST": "",
    "WYDRUK_LIN": "",
    "ZAJETA_NA_": 1,
    "ZALACZNIKI": "http://172.16.11.22:8085/SOWA2-services/doc/print/65369699/0399.pdf",
    "ZDJECIE_1": "",
    "ZDJECIE_2": "",
    "ZDJECIE_3": "",
    "ZDJECIE_4": "",
    "ZDJECIE_5": "",
    "ZDJECIE_6": "",
    "ZDJECIE_7": "",
    "ZDJECIE_8": "",
    "ZWERYFIKOW": "",
    "ZWIAZANA_Z": 0
   },
   "type": "Feature"
  },
  {
   "geometry": {
    "coordinates": [
     20.103555,
     50.112932
    ],
    "type": "Point"
   },
   "id": 373,
   "properties": {
    "ADRES": "",
    "ATRYBUTY_O": "Nr stanowiska: 828",
    "BUDOWNICZY": "",
    "CHARAKTER": "",
    "DATA_WPISU": null,
    "DATA_WZNIE": "",
    "DZIELNICA": "",
    "FID": 373,
    "FUNKCJA_OB": "",
    "FUNKCJA_PI": "",
    "GDB_AREA": 0,
    "GDB_PRM": 0,
    "GDB_PRMEX": 0,
    "GPT_DATE": null,
    "GPT_USER": "",
    "ID": 31539,
    "IDENT_OBIE": "67864749",
    "ID_ISDP": 0,
    "ID_SPRAWY": 80569949,
    "ID_WARSTWY": "F19_STAN_PNT_OPIS",
    "ISDP_FID": "GDB$G_EOZ_ARCHEOLOGIA_EOZ_A.4d9eef0c-e37b-557a-e055-000000000001",
    "ISTNIEJE": "",
    "KARTA_MAPY": "",
    "LOKALIZACJ": "",
    "MATERIAL": "",
    "NAZWA": "",
    "NUMER": "",
    "NUMER_EWID": "",
    "NUMER_REJ_": "",
    "OBREB": "",
    "REJESTR_TA": "EW_ARCHEOLOGIA",
    "RODZAJE_ZA": "",
    "RODZAJ_OBI": "",
    "RODZAJ_WLA": "",
    "STAN_ZACHO": "",
    "STATUS": "",
    "STYL_OBIEK": "",
    "SYMBOL_EWI": "",
    "SYMBOL_REJ": "",
    "UWAGI": "",
    "WIEK_CZ_PO": "",
    "WIEK_POWST": "",
    "WYDRUK_LIN": "",
    "ZAJETA_NA_": 1,
    "ZALACZNIKI": "http://172.16.11.22:8085/SOWA2-services/doc/print/65377449/0828.pdf",
    "ZDJECIE_1": "",
    "ZDJECIE_2": "",
    "ZDJECIE_3": "",
    "ZDJECIE_4": "",
    "ZDJECIE_5": "",
    "ZDJECIE_6": "",
    "ZDJECIE_7": "",
    "ZDJECIE_8": "",
    "ZWERYFIKOW": "",
    "ZWIAZANA_Z": 0
   },
   "type": "Feature"
  },
  {
   "geometry": {
    "coordinates": [
     20.104354,
     50.114172
    ],
    "type": "Point"
   },
   "id": 374,
   "properties": {
    "ADRES": "",
    "ATRYBUTY_O": "Nr stanowiska: 830",
    "BUDOWNICZY": "",
    "CHARAKTER": "",
    "DATA_WPISU": null,
    "DATA_WZNIE": "",
    "DZIELNICA": "",
    "FID": 374,
    "FUNKCJA_OB": "",
    "FUNKCJA_PI": "",
    "GDB_AREA": 0,
    "GDB_PRM": 0,
    "GDB_PRMEX": 0,
    "GPT_DATE": null,
    "GPT_USER": "",
    "ID": 31541,
    "IDENT_OBIE": "67864849",
    "ID_ISDP": 0,
    "ID_SPRAWY": 80570049,
    "ID_WARSTWY": "F19_STAN_PNT_OPIS",
    "ISDP_FID": "GDB$G_EOZ_ARCHEOLOGIA_EOZ_A.4d9eef0c-e37c-557a-e055-000000000001",
    "ISTNIEJE": "",
    "KARTA_MAPY": "",
    "LOKALIZACJ": "",
    "MATERIAL": "",
    "NAZWA": "",
    "NUMER": "",
    "NUMER_EWID": "",
    "NUMER_REJ_": "",
    "OBREB": "",
    "REJESTR_TA": "EW_ARCHEOLOGIA",
    "RODZAJE_ZA": "",
    "RODZAJ_OBI": "",
    "RODZAJ_WLA": "",
    "STAN_ZACHO": "",
    "STATUS": "",
    "STYL_OBIEK": "",
    "SYMBOL_EWI": "",
    "SYMBOL_REJ": "",
    "UWAGI": "",
    "WIEK_CZ_PO": "",
    "WIEK_POWST": "",
    "WYDRUK_LIN": "",
    "ZAJETA_NA_": 1,
    "ZALACZNIKI": "http://172.16.11.22:8085/SOWA2-services/doc/print/65377549/0830.pdf",
    "ZDJECIE_1": "",
    "ZDJECIE_2": "",
    "ZDJECIE_3": "",
    "ZDJECIE_4": "",
    "ZDJECIE_5": "",
    "ZDJECIE_6": "",
    "ZDJECIE_7": "",
    "ZDJECIE_8": "",
    "ZWERYFIKOW": "",
    "ZWIAZANA_Z": 0
   },
   "type": "Feature"
  },
  {
   "geometry": {
    "coordinates": [
     20.194532,
     50.11373
    ],
    "type": "Point"
   },
   "id": 375,
   "properties": {
    "ADRES": "",
    "ATRYBUTY_O": "Nr stanowiska: 835",
    "BUDOWNICZY": "",
    "CHARAKTER": "",
    "DATA_WPISU": null,
    "DATA_WZNIE": "",
    "DZIELNICA": "",
    "FID": 375,
    "FUNKCJA_OB": "",
    "FUNKCJA_PI": "",
    "GDB_AREA": 0,
    "GDB_PRM": 0,
    "GDB_PRMEX": 0,
    "GPT_DATE": null,
    "GPT_USER": "",
    "ID": 31779,
    "IDENT_OBIE": "67876749",
    "ID_ISDP": 0,
    "ID_SPRAWY": 80594749,
    "ID_WARSTWY": "F19_STAN_PNT_OPIS",
    "ISDP_FID": "GDB$G_EOZ_ARCHEOLOGIA_EOZ_A.4d9eef0c-e37d-557a-e055-000000000001",
    "ISTNIEJE": "",
    "KARTA_MAPY": "",
    "LOKALIZACJ": "",
    "MATERIAL": "",
    "NAZWA": "",
    "NUMER": "",
    "NUMER_EWID": "",
    "NUMER_REJ_": "",
    "OBREB": "",
    "REJESTR_TA": "EW_ARCHEOLOGIA",
    "RODZAJE_ZA": "",
    "RODZAJ_OBI": "",
    "RODZAJ_WLA": "",
    "STAN_ZACHO": "",
    "STATUS": "",
    "STYL_OBIEK": "",
    "SYMBOL_EWI": "",
    "SYMBOL_REJ": "",
    "UWAGI": "",
    "WIEK_CZ_PO": "",
    "WIEK_POWST": "",
    "WYDRUK_LIN": "",
    "ZAJETA_NA_": 1,
    "ZALACZNIKI": "http://172.16.11.22:8085/SOWA2-services/doc/print/65377599/0835.pdf",
    "ZDJECIE_1": "",
    "ZDJECIE_2": "",
    "ZDJECIE_3": "",
    "ZDJECIE_4": "",
    "ZDJECIE_5": "",
    "ZDJECIE_6": "",
    "ZDJECIE_7": "",
    "ZDJECIE_8": "",
    "ZWERYFIKOW": "",
    "ZWIAZANA_Z": 0
   },
   "type": "Feature"
  },
  {
   "geometry": {
    "coordinates": [
     20.180463,
     50.116522
    ],
    "type": "Point"
   },
   "id": 376,
   "properties": {
    "ADRES": "",
    "ATRYBUTY_O": "Nr stanowiska: 841",
    "BUDOWNICZY": "",
    "CHARAKTER": "",
    "DATA_WPISU": null,
    "DATA_WZNIE": "",
    "DZIELNICA": "",
    "FID": 376,
    "FUNKCJA_OB": "",
    "FUNKCJA_PI": "",
    "GDB_AREA": 0,
    "GDB_PRM": 0,
    "GDB_PRMEX": 0,
    "GPT_DATE": null,
    "GPT_USER": "",
    "ID": 31781,
    "IDENT_OBIE": "67876849",
    "ID_ISDP": 0,
    "ID_SPRAWY": 80594999,
    "ID_WARSTWY": "F19_STAN_PNT_OPIS",
    "ISDP_FID": "GDB$G_EOZ_ARCHEOLOGIA_EOZ_A.4d9eef0c-e37e-557a-e055-000000000001",
    "ISTNIEJE": "",
    "KARTA_MAPY": "",
    "LOKALIZACJ": "",
    "MATERIAL": "",
    "NAZWA": "",
    "NUMER": "",
    "NUMER_EWID": "",
    "NUMER_REJ_": "",
    "OBREB": "",
    "REJESTR_TA": "EW_ARCHEOLOGIA",
    "RODZAJE_ZA": "",
    "RODZAJ_OBI": "",
    "RODZAJ_WLA": "",
    "STAN_ZACHO": "",
    "STATUS": "",
    "STYL_OBIEK": "",
    "SYMBOL_EWI": "",
    "SYMBOL_REJ": "",
    "UWAGI": "",
    "WIEK_CZ_PO": "",
    "WIEK_POWST": "",
    "WYDRUK_LIN": "",
    "ZAJETA_NA_": 1,
    "ZALACZNIKI": "http://172.16.11.22:8085/SOWA2-services/doc/print/65377749/0841.pdf",
    "ZDJECIE_1": "",
    "ZDJECIE_2": "",
    "ZDJECIE_3": "",
    "ZDJECIE_4": "",
    "ZDJECIE_5": "",
    "ZDJECIE_6": "",
    "ZDJECIE_7": "",
    "ZDJECIE_8": "",
    "ZWERYFIKOW": "",
    "ZWIAZANA_Z": 0
   },
   "type": "Feature"
  },
  {
   "geometry": {
    "coordinates": [
     20.179508,
     50.111671
    ],
    "type": "Point"
   },
   "id": 377,
   "properties": {
    "ADRES": "",
    "ATRYBUTY_O": "Nr stanowiska: 843",
    "BUDOWNICZY": "",
    "CHARAKTER": "",
    "DATA_WPISU": null,
    "DATA_WZNIE": "",
    "DZIELNICA": "",
    "FID": 377,
    "FUNKCJA_OB": "",
    "FUNKCJA_PI": "",
    "GDB_AREA": 0,
    "GDB_PRM": 0,
    "GDB_PRMEX": 0,
    "GPT_DATE": null,
    "GPT_USER": "",
    "ID": 31783,
    "IDENT_OBIE": "67876949",
    "ID_ISDP": 0,
    "ID_SPRAWY": 80595099,
    "ID_WARSTWY": "F19_STAN_PNT_OPIS",
    "ISDP_FID": "GDB$G_EOZ_ARCHEOLOGIA_EOZ_A.4d9eef0c-e37f-557a-e055-000000000001",
    "ISTNIEJE": "",
    "KARTA_MAPY": "",
    "LOKALIZACJ": "",
    "MATERIAL": "",
    "NAZWA": "",
    "NUMER": "",
    "NUMER_EWID": "",
    "NUMER_REJ_": "",
    "OBREB": "",
    "REJESTR_TA": "EW_ARCHEOLOGIA",
    "RODZAJE_ZA": "",
    "RODZAJ_OBI": "",
    "RODZAJ_WLA": "",
    "STAN_ZACHO": "",
    "STATUS": "",
    "STYL_OBIEK": "",
    "SYMBOL_EWI": "",
    "SYMBOL_REJ": "",
    "UWAGI": "",
    "WIEK_CZ_PO": "",
    "WIEK_POWST": "",
    "WYDRUK_LIN": "",
    "ZAJETA_NA_": 1,
    "ZALACZNIKI": "http://172.16.11.22:8085/SOWA2-services/doc/print/65377849/0843.pdf",
    "ZDJECIE_1": "",
    "ZDJECIE_2": "",
    "ZDJECIE_3": "",
    "ZDJECIE_4": "",
    "ZDJECIE_5": "",
    "ZDJECIE_6": "",
    "ZDJECIE_7": "",
    "ZDJECIE_8": "",
    "ZWERYFIKOW": "",
    "ZWIAZANA_Z": 0
   },
   "type": "Feature"
  },
  {
   "geometry": {
    "coordinates": [
     20.160706,
     50.119826
    ],
    "type": "Point"
   },
   "id": 378,
   "properties": {
    "ADRES": "",
    "ATRYBUTY_O": "Nr stanowiska: 848",
    "BUDOWNICZY": "",
    "CHARAKTER": "",
    "DATA_WPISU": null,
    "DATA_WZNIE": "",
    "DZIELNICA": "",
    "FID": 378,
    "FUNKCJA_OB": "",
    "FUNKCJA_PI": "",
    "GDB_AREA": 0,
    "GDB_PRM": 0,
    "GDB_PRMEX": 0,
    "GPT_DATE": null,
    "GPT_USER": "",
    "ID": 31752,
    "IDENT_OBIE": "67875399",
    "ID_ISDP": 0,
    "ID_SPRAWY": 80591799,
    "ID_WARSTWY": "F19_STAN_PNT_OPIS",
    "ISDP_FID": "GDB$G_EOZ_ARCHEOLOGIA_EOZ_A.4d9eef0c-e380-557a-e055-000000000001",
    "ISTNIEJE": "",
    "KARTA_MAPY": "",
    "LOKALIZACJ": "",
    "MATERIAL": "",
    "NAZWA": "",
    "NUMER": "",
    "NUMER_EWID": "",
    "NUMER_REJ_": "",
    "OBREB": "",
    "REJESTR_TA": "EW_ARCHEOLOGIA",
    "RODZAJE_ZA": "",
    "RODZAJ_OBI": "",
    "RODZAJ_WLA": "",
    "STAN_ZACHO": "",
    "STATUS": "",
    "STYL_OBIEK": "",
    "SYMBOL_EWI": "",
    "SYMBOL_REJ": "",
    "UWAGI": "",
    "WIEK_CZ_PO": "",
    "WIEK_POWST": "",
    "WYDRUK_LIN": "",
    "ZAJETA_NA_": 1,
    "ZALACZNIKI": "http://172.16.11.22:8085/SOWA2-services/doc/print/65377949/0848.pdf",
    "ZDJECIE_1": "",
    "ZDJECIE_2": "",
    "ZDJECIE_3": "",
    "ZDJECIE_4": "",
    "ZDJECIE_5": "",
    "ZDJECIE_6": "",
    "ZDJECIE_7": "",
    "ZDJECIE_8": "",
    "ZWERYFIKOW": "",
    "ZWIAZANA_Z": 0
   },
   "type": "Feature"
  },
  {
   "geometry": {
    "coordinates": [
     20.186263,
     50.106133
    ],
    "type": "Point"
   },
   "id": 379,
   "properties": {
    "ADRES": "",
    "ATRYBUTY_O": "Nr stanowiska: 852",
    "BUDOWNICZY": "",
    "CHARAKTER": "",
    "DATA_WPISU": null,
    "DATA_WZNIE": "",
    "DZIELNICA": "",
    "FID": 379,
    "FUNKCJA_OB": "",
    "FUNKCJA_PI": "",
    "GDB_AREA": 0,
    "GDB_PRM": 0,
    "GDB_PRMEX": 0,
    "GPT_DATE": null,
    "GPT_USER": "",
    "ID": 31507,
    "IDENT_OBIE": "67863149",
    "ID_ISDP": 0,
    "ID_SPRAWY": 80566849,
    "ID_WARSTWY": "F19_STAN_PNT_OPIS",
    "ISDP_FID": "GDB$G_EOZ_ARCHEOLOGIA_EOZ_A.4d9eef0c-e381-557a-e055-000000000001",
    "ISTNIEJE": "",
    "KARTA_MAPY": "",
    "LOKALIZACJ": "",
    "MATERIAL": "",
    "NAZWA": "",
    "NUMER": "",
    "NUMER_EWID": "",
    "NUMER_REJ_": "",
    "OBREB": "",
    "REJESTR_TA": "EW_ARCHEOLOGIA",
    "RODZAJE_ZA": "",
    "RODZAJ_OBI": "",
    "RODZAJ_WLA": "",
    "STAN_ZACHO": "",
    "STATUS": "",
    "STYL_OBIEK": "",
    "SYMBOL_EWI": "",
    "SYMBOL_REJ": "",
    "UWAGI": "",
    "WIEK_CZ_PO": "",
    "WIEK_POWST": "",
    "WYDRUK_LIN": "",
    "ZAJETA_NA_": 1,
    "ZALACZNIKI": "http://172.16.11.22:8085/SOWA2-services/doc/print/65378049/0852.pdf",
    "ZDJECIE_1": "",
    "ZDJECIE_2": "",
    "ZDJECIE_3": "",
    "ZDJECIE_4": "",
    "ZDJECIE_5": "",
    "ZDJECIE_6": "",
    "ZDJECIE_7": "",
    "ZDJECIE_8": "",
    "ZWERYFIKOW": "",
    "ZWIAZANA_Z": 0
   },
   "type": "Feature"
  },
  {
   "geometry": {
    "coordinates": [
     19.990737,
     49.981412
    ],
    "type": "Point"
   },
   "id": 380,
   "properties": {
    "ADRES": "",
    "ATRYBUTY_O": "Nr stanowiska: 855",
    "BUDOWNICZY": "",
    "CHARAKTER": "",
    "DATA_WPISU": null,
    "DATA_WZNIE": "",
    "DZIELNICA": "",
    "FID": 380,
    "FUNKCJA_OB": "",
    "FUNKCJA_PI": "",
    "GDB_AREA": 0,
    "GDB_PRM": 0,
    "GDB_PRMEX": 0,
    "GPT_DATE": null,
    "GPT_USER": "",
    "ID": 31380,
    "IDENT_OBIE": "67856799",
    "ID_ISDP": 0,
    "ID_SPRAWY": 80550799,
    "ID_WARSTWY": "F19_STAN_PNT_OPIS",
    "ISDP_FID": "GDB$G_EOZ_ARCHEOLOGIA_EOZ_A.4d9eef0c-e382-557a-e055-000000000001",
    "ISTNIEJE": "",
    "KARTA_MAPY": "",
    "LOKALIZACJ": "",
    "MATERIAL": "",
    "NAZWA": "",
    "NUMER": "",
    "NUMER_EWID": "",
    "NUMER_REJ_": "",
    "OBREB": "",
    "REJESTR_TA": "EW_ARCHEOLOGIA",
    "RODZAJE_ZA": "",
    "RODZAJ_OBI": "",
    "RODZAJ_WLA": "",
    "STAN_ZACHO": "",
    "STATUS": "",
    "STYL_OBIEK": "",
    "SYMBOL_EWI": "",
    "SYMBOL_REJ": "",
    "UWAGI": "",
    "WIEK_CZ_PO": "",
    "WIEK_POWST": "",
    "WYDRUK_LIN": "",
    "ZAJETA_NA_": 1,
    "ZALACZNIKI": "http://172.16.11.22:8085/SOWA2-services/doc/print/65378149/0855.pdf",
    "ZDJECIE_1": "",
    "ZDJECIE_2": "",
    "ZDJECIE_3": "",
    "ZDJECIE_4": "",
    "ZDJECIE_5": "",
    "ZDJECIE_6": "",
    "ZDJECIE_7": "",
    "ZDJECIE_8": "",
    "ZWERYFIKOW": "",
    "ZWIAZANA_Z": 0
   },
   "type": "Feature"
  },
  {
   "geometry": {
    "coordinates": [
     20.008849,
     49.992439
    ],
    "type": "Point"
   },
   "id": 381,
   "properties": {
    "ADRES": "",
    "ATRYBUTY_O": "Nr stanowiska: 858",
    "BUDOWNICZY": "",
    "CHARAKTER": "",
    "DATA_WPISU": null,
    "DATA_WZNIE": "",
    "DZIELNICA": "",
    "FID": 381,
    "FUNKCJA_OB": "",
    "FUNKCJA_PI": "",
    "GDB_AREA": 0,
    "GDB_PRM": 0,
    "GDB_PRMEX": 0,
    "GPT_DATE": null,
    "GPT_USER": "",
    "ID": 31392,
    "IDENT_OBIE": "67857399",
    "ID_ISDP": 0,
    "ID_SPRAWY": 80551549,
    "ID_WARSTWY": "F19_STAN_PNT_OPIS",
    "ISDP_FID": "GDB$G_EOZ_ARCHEOLOGIA_EOZ_A.4d9eef0c-e383-557a-e055-000000000001",
    "ISTNIEJE": "",
    "KARTA_MAPY": "",
    "LOKALIZACJ": "",
    "MATERIAL": "",
    "NAZWA": "",
    "NUMER": "",
    "NUMER_EWID": "",
    "NUMER_REJ_": "",
    "OBREB": "",
    "REJESTR_TA": "EW_ARCHEOLOGIA",
    "RODZAJE_ZA": "",
    "RODZAJ_OBI": "",
    "RODZAJ_WLA": "",
    "STAN_ZACHO": "",
    "STATUS": "",
    "STYL_OBIEK": "",
    "SYMBOL_EWI": "",
    "SYMBOL_REJ": "",
    "UWAGI": "",
    "WIEK_CZ_PO": "",
    "WIEK_POWST": "",
    "WYDRUK_LIN": "",
    "ZAJETA_NA_": 1,
    "ZALACZNIKI": "http://172.16.11.22:8085/SOWA2-services/doc/print/65378299/0858.pdf",
    "ZDJECIE_1": "",
    "ZDJECIE_2": "",
    "ZDJECIE_3": "",
    "ZDJECIE_4": "",
    "ZDJECIE_5": "",
    "ZDJECIE_6": "",
    "ZDJECIE_7": "",
    "ZDJECIE_8": "",
    "ZWERYFIKOW": "",
    "ZWIAZANA_Z": 0
   },
   "type": "Feature"
  },
  {
   "geometry": {
    "coordinates": [
     20.009692,
     49.986511
    ],
    "type": "Point"
   },
   "id": 382,
   "properties": {
    "ADRES": "",
    "ATRYBUTY_O": "Nr stanowiska: 861",
    "BUDOWNICZY": "",
    "CHARAKTER": "",
    "DATA_WPISU": null,
    "DATA_WZNIE": "",
    "DZIELNICA": "",
    "FID": 382,
    "FUNKCJA_OB": "",
    "FUNKCJA_PI": "",
    "GDB_AREA": 0,
    "GDB_PRM": 0,
    "GDB_PRMEX": 0,
    "GPT_DATE": null,
    "GPT_USER": "",
    "ID": 31385,
    "IDENT_OBIE": "67857049",
    "ID_ISDP": 0,
    "ID_SPRAWY": 80551049,
    "ID_WARSTWY": "F19_STAN_PNT_OPIS",
    "ISDP_FID": "GDB$G_EOZ_ARCHEOLOGIA_EOZ_A.4d9eef0c-e384-557a-e055-000000000001",
    "ISTNIEJE": "",
    "KARTA_MAPY": "",
    "LOKALIZACJ": "",
    "MATERIAL": "",
    "NAZWA": "",
    "NUMER": "",
    "NUMER_EWID": "",
    "NUMER_REJ_": "",
    "OBREB": "",
    "REJESTR_TA": "EW_ARCHEOLOGIA",
    "RODZAJE_ZA": "",
    "RODZAJ_OBI": "",
    "RODZAJ_WLA": "",
    "STAN_ZACHO": "",
    "STATUS": "",
    "STYL_OBIEK": "",
    "SYMBOL_EWI": "",
    "SYMBOL_REJ": "",
    "UWAGI": "",
    "WIEK_CZ_PO": "",
    "WIEK_POWST": "",
    "WYDRUK_LIN": "",
    "ZAJETA_NA_": 1,
    "ZALACZNIKI": "http://172.16.11.22:8085/SOWA2-services/doc/print/65378399/0861.pdf",
    "ZDJECIE_1": "",
    "ZDJECIE_2": "",
    "ZDJECIE_3": "",
    "ZDJECIE_4": "",
    "ZDJECIE_5": "",
    "ZDJECIE_6": "",
    "ZDJECIE_7": "",
    "ZDJECIE_8": "",
    "ZWERYFIKOW": "",
    "ZWIAZANA_Z": 0
   },
   "type": "Feature"
  },
  {
   "geometry": {
    "coordinates": [
     19.999238,
     49.984163
    ],
    "type": "Point"
   },
   "id": 383,
   "properties": {
    "ADRES": "",
    "ATRYBUTY_O": "Nr stanowiska: 864",
    "BUDOWNICZY": "",
    "CHARAKTER": "",
    "DATA_WPISU": null,
    "DATA_WZNIE": "",
    "DZIELNICA": "",
    "FID": 383,
    "FUNKCJA_OB": "",
    "FUNKCJA_PI": "",
    "GDB_AREA": 0,
    "GDB_PRM": 0,
    "GDB_PRMEX": 0,
    "GPT_DATE": null,
    "GPT_USER": "",
    "ID": 31387,
    "IDENT_OBIE": "67857149",
    "ID_ISDP": 0,
    "ID_SPRAWY": 80551199,
    "ID_WARSTWY": "F19_STAN_PNT_OPIS",
    "ISDP_FID": "GDB$G_EOZ_ARCHEOLOGIA_EOZ_A.4d9eef0c-e385-557a-e055-000000000001",
    "ISTNIEJE": "",
    "KARTA_MAPY": "",
    "LOKALIZACJ": "",
    "MATERIAL": "",
    "NAZWA": "",
    "NUMER": "",
    "NUMER_EWID": "",
    "NUMER_REJ_": "",
    "OBREB": "",
    "REJESTR_TA": "EW_ARCHEOLOGIA",
    "RODZAJE_ZA": "",
    "RODZAJ_OBI": "",
    "RODZAJ_WLA": "",
    "STAN_ZACHO": "",
    "STATUS": "",
    "STYL_OBIEK": "",
    "SYMBOL_EWI": "",
    "SYMBOL_REJ": "",
    "UWAGI": "",
    "WIEK_CZ_PO": "",
    "WIEK_POWST": "",
    "WYDRUK_LIN": "",
    "ZAJETA_NA_": 1,
    "ZALACZNIKI": "http://172.16.11.22:8085/SOWA2-services/doc/print/65378549/0864.pdf",
    "ZDJECIE_1": "",
    "ZDJECIE_2": "",
    "ZDJECIE_3": "",
    "ZDJECIE_4": "",
    "ZDJECIE_5": "",
    "ZDJECIE_6": "",
    "ZDJECIE_7": "",
    "ZDJECIE_8": "",
    "ZWERYFIKOW": "",
    "ZWIAZANA_Z": 0
   },
   "type": "Feature"
  },
  {
   "geometry": {
    "coordinates": [
     20.006495,
     49.98681
    ],
    "type": "Point"
   },
   "id": 384,
   "properties": {
    "ADRES": "",
    "ATRYBUTY_O": "Nr stanowiska: 867",
    "BUDOWNICZY": "",
    "CHARAKTER": "",
    "DATA_WPISU": null,
    "DATA_WZNIE": "",
    "DZIELNICA": "",
    "FID": 384,
    "FUNKCJA_OB": "",
    "FUNKCJA_PI": "",
    "GDB_AREA": 0,
    "GDB_PRM": 0,
    "GDB_PRMEX": 0,
    "GPT_DATE": null,
    "GPT_USER": "",
    "ID": 31389,
    "IDENT_OBIE": "67857249",
    "ID_ISDP": 0,
    "ID_SPRAWY": 80551349,
    "ID_WARSTWY": "F19_STAN_PNT_OPIS",
    "ISDP_FID": "GDB$G_EOZ_ARCHEOLOGIA_EOZ_A.4d9eef0c-e386-557a-e055-000000000001",
    "ISTNIEJE": "",
    "KARTA_MAPY": "",
    "LOKALIZACJ": "",
    "MATERIAL": "",
    "NAZWA": "",
    "NUMER": "",
    "NUMER_EWID": "",
    "NUMER_REJ_": "",
    "OBREB": "",
    "REJESTR_TA": "EW_ARCHEOLOGIA",
    "RODZAJE_ZA": "",
    "RODZAJ_OBI": "",
    "RODZAJ_WLA": "",
    "STAN_ZACHO": "",
    "STATUS": "",
    "STYL_OBIEK": "",
    "SYMBOL_EWI": "",
    "SYMBOL_REJ": "",
    "UWAGI": "",
    "WIEK_CZ_PO": "",
    "WIEK_POWST": "",
    "WYDRUK_LIN": "",
    "ZAJETA_NA_": 1,
    "ZALACZNIKI": "http://172.16.11.22:8085/SOWA2-services/doc/print/65378649/0867.pdf",
    "ZDJECIE_1": "",
    "ZDJECIE_2": "",
    "ZDJECIE_3": "",
    "ZDJECIE_4": "",
    "ZDJECIE_5": "",
    "ZDJECIE_6": "",
    "ZDJECIE_7": "",
    "ZDJECIE_8": "",
    "ZWERYFIKOW": "",
    "ZWIAZANA_Z": 0
   },
   "type": "Feature"
  },
  {
   "geometry": {
    "coordinates": [
     20.001067,
     49.988388
    ],
    "type": "Point"
   },
   "id": 385,
   "properties": {
    "ADRES": "",
    "ATRYBUTY_O": "Nr stanowiska: 871",
    "BUDOWNICZY": "",
    "CHARAKTER": "",
    "DATA_WPISU": null,
    "DATA_WZNIE": "",
    "DZIELNICA": "",
    "FID": 385,
    "FUNKCJA_OB": "",
    "FUNKCJA_PI": "",
    "GDB_AREA": 0,
    "GDB_PRM": 0,
    "GDB_PRMEX": 0,
    "GPT_DATE": null,
    "GPT_USER": "",
    "ID": 31390,
    "IDENT_OBIE": "67857299",
    "ID_ISDP": 0,
    "ID_SPRAWY": 80551399,
    "ID_WARSTWY": "F19_STAN_PNT_OPIS",
    "ISDP_FID": "GDB$G_EOZ_ARCHEOLOGIA_EOZ_A.4d9eef0c-e387-557a-e055-000000000001",
    "ISTNIEJE": "",
    "KARTA_MAPY": "",
    "LOKALIZACJ": "",
    "MATERIAL": "",
    "NAZWA": "",
    "NUMER": "",
    "NUMER_EWID": "",
    "NUMER_REJ_": "",
    "OBREB": "",
    "REJESTR_TA": "EW_ARCHEOLOGIA",
    "RODZAJE_ZA": "",
    "RODZAJ_OBI": "",
    "RODZAJ_WLA": "",
    "STAN_ZACHO": "",
    "STATUS": "",
    "STYL_OBIEK": "",
    "SYMBOL_EWI": "",
    "SYMBOL_REJ": "",
    "UWAGI": "",
    "WIEK_CZ_PO": "",
    "WIEK_POWST": "",
    "WYDRUK_LIN": "",
    "ZAJETA_NA_": 1,
    "ZALACZNIKI": "http://172.16.11.22:8085/SOWA2-services/doc/print/65378749/0871.pdf",
    "ZDJECIE_1": "",
    "ZDJECIE_2": "",
    "ZDJECIE_3": "",
    "ZDJECIE_4": "",
    "ZDJECIE_5": "",
    "ZDJECIE_6": "",
    "ZDJECIE_7": "",
    "ZDJECIE_8": "",
    "ZWERYFIKOW": "",
    "ZWIAZANA_Z": 0
   },
   "type": "Feature"
  },
  {
   "geometry": {
    "coordinates": [
     19.938823,
     50.034562
    ],
    "type": "Point"
   },
   "id": 386,
   "properties": {
    "ADRES": "",
    "ATRYBUTY_O": "Nr stanowiska: 872",
    "BUDOWNICZY": "",
    "CHARAKTER": "",
    "DATA_WPISU": null,
    "DATA_WZNIE": "",
    "DZIELNICA": "",
    "FID": 386,
    "FUNKCJA_OB": "",
    "FUNKCJA_PI": "",
    "GDB_AREA": 0,
    "GDB_PRM": 0,
    "GDB_PRMEX": 0,
    "GPT_DATE": null,
    "GPT_USER": "",
    "ID": 31494,
    "IDENT_OBIE": "67862499",
    "ID_ISDP": 0,
    "ID_SPRAWY": 80565799,
    "ID_WARSTWY": "F19_STAN_PNT_OPIS",
    "ISDP_FID": "GDB$G_EOZ_ARCHEOLOGIA_EOZ_A.4d9eef0c-e388-557a-e055-000000000001",
    "ISTNIEJE": "",
    "KARTA_MAPY": "",
    "LOKALIZACJ": "",
    "MATERIAL": "",
    "NAZWA": "",
    "NUMER": "",
    "NUMER_EWID": "",
    "NUMER_REJ_": "",
    "OBREB": "",
    "REJESTR_TA": "EW_ARCHEOLOGIA",
    "RODZAJE_ZA": "",
    "RODZAJ_OBI": "",
    "RODZAJ_WLA": "",
    "STAN_ZACHO": "",
    "STATUS": "",
    "STYL_OBIEK": "",
    "SYMBOL_EWI": "",
    "SYMBOL_REJ": "",
    "UWAGI": "",
    "WIEK_CZ_PO": "",
    "WIEK_POWST": "",
    "WYDRUK_LIN": "",
    "ZAJETA_NA_": 1,
    "ZALACZNIKI": "http://172.16.11.22:8085/SOWA2-services/doc/print/65378799/0872.pdf",
    "ZDJECIE_1": "",
    "ZDJECIE_2": "",
    "ZDJECIE_3": "",
    "ZDJECIE_4": "",
    "ZDJECIE_5": "",
    "ZDJECIE_6": "",
    "ZDJECIE_7": "",
    "ZDJECIE_8": "",
    "ZWERYFIKOW": "",
    "ZWIAZANA_Z": 0
   },
   "type": "Feature"
  },
  {
   "geometry": {
    "coordinates": [
     19.912253,
     50.097271
    ],
    "type": "Point"
   },
   "id": 387,
   "properties": {
    "ADRES": "",
    "ATRYBUTY_O": "Nr stanowiska: 2012",
    "BUDOWNICZY": "",
    "CHARAKTER": "",
    "DATA_WPISU": null,
    "DATA_WZNIE": "",
    "DZIELNICA": "",
    "FID": 387,
    "FUNKCJA_OB": "",
    "FUNKCJA_PI": "",
    "GDB_AREA": 0,
    "GDB_PRM": 0,
    "GDB_PRMEX": 0,
    "GPT_DATE": null,
    "GPT_USER": "",
    "ID": 31700,
    "IDENT_OBIE": "67872799",
    "ID_ISDP": 0,
    "ID_SPRAWY": 80587449,
    "ID_WARSTWY": "F19_STAN_PNT_OPIS",
    "ISDP_FID": "GDB$G_EOZ_ARCHEOLOGIA_EOZ_A.4d9eef0c-e389-557a-e055-000000000001",
    "ISTNIEJE": "",
    "KARTA_MAPY": "",
    "LOKALIZACJ": "",
    "MATERIAL": "",
    "NAZWA": "",
    "NUMER": "",
    "NUMER_EWID": "",
    "NUMER_REJ_": "",
    "OBREB": "",
    "REJESTR_TA": "EW_ARCHEOLOGIA",
    "RODZAJE_ZA": "",
    "RODZAJ_OBI": "",
    "RODZAJ_WLA": "",
    "STAN_ZACHO": "",
    "STATUS": "",
    "STYL_OBIEK": "",
    "SYMBOL_EWI": "",
    "SYMBOL_REJ": "",
    "UWAGI": "",
    "WIEK_CZ_PO": "",
    "WIEK_POWST": "",
    "WYDRUK_LIN": "",
    "ZAJETA_NA_": 1,
    "ZALACZNIKI": "http://172.16.11.22:8085/SOWA2-services/doc/print/65378849/2012.pdf",
    "ZDJECIE_1": "",
    "ZDJECIE_2": "",
    "ZDJECIE_3": "",
    "ZDJECIE_4": "",
    "ZDJECIE_5": "",
    "ZDJECIE_6": "",
    "ZDJECIE_7": "",
    "ZDJECIE_8": "",
    "ZWERYFIKOW": "",
    "ZWIAZANA_Z": 0
   },
   "type": "Feature"
  },
  {
   "geometry": {
    "coordinates": [
     19.933765,
     50.053316
    ],
    "type": "Point"
   },
   "id": 388,
   "properties": {
    "ADRES": "",
    "ATRYBUTY_O": "Nr stanowiska: 308",
    "BUDOWNICZY": "",
    "CHARAKTER": "",
    "DATA_WPISU": null,
    "DATA_WZNIE": "",
    "DZIELNICA": "",
    "FID": 388,
    "FUNKCJA_OB": "",
    "FUNKCJA_PI": "",
    "GDB_AREA": 0,
    "GDB_PRM": 0,
    "GDB_PRMEX": 0,
    "GPT_DATE": null,
    "GPT_USER": "",
    "ID": 31733,
    "IDENT_OBIE": "67874449",
    "ID_ISDP": 0,
    "ID_SPRAWY": 80590649,
    "ID_WARSTWY": "F19_STAN_PNT_OPIS",
    "ISDP_FID": "GDB$G_EOZ_ARCHEOLOGIA_EOZ_A.4d9eef0c-e326-557a-e055-000000000001",
    "ISTNIEJE": "",
    "KARTA_MAPY": "",
    "LOKALIZACJ": "",
    "MATERIAL": "",
    "NAZWA": "",
    "NUMER": "",
    "NUMER_EWID": "",
    "NUMER_REJ_": "",
    "OBREB": "",
    "REJESTR_TA": "EW_ARCHEOLOGIA",
    "RODZAJE_ZA": "",
    "RODZAJ_OBI": "",
    "RODZAJ_WLA": "",
    "STAN_ZACHO": "",
    "STATUS": "",
    "STYL_OBIEK": "",
    "SYMBOL_EWI": "",
    "SYMBOL_REJ": "",
    "UWAGI": "",
    "WIEK_CZ_PO": "",
    "WIEK_POWST": "",
    "WYDRUK_LIN": "",
    "ZAJETA_NA_": 1,
    "ZALACZNIKI": "http://172.16.11.22:8085/SOWA2-services/doc/print/65367399/0308.pdf",
    "ZDJECIE_1": "",
    "ZDJECIE_2": "",
    "ZDJECIE_3": "",
    "ZDJECIE_4": "",
    "ZDJECIE_5": "",
    "ZDJECIE_6": "",
    "ZDJECIE_7": "",
    "ZDJECIE_8": "",
    "ZWERYFIKOW": "",
    "ZWIAZANA_Z": 0
   },
   "type": "Feature"
  },
  {
   "geometry": {
    "coordinates": [
     19.933494,
     50.054053
    ],
    "type": "Point"
   },
   "id": 389,
   "properties": {
    "ADRES": "",
    "ATRYBUTY_O": "Nr stanowiska: 310",
    "BUDOWNICZY": "",
    "CHARAKTER": "",
    "DATA_WPISU": null,
    "DATA_WZNIE": "",
    "DZIELNICA": "",
    "FID": 389,
    "FUNKCJA_OB": "",
    "FUNKCJA_PI": "",
    "GDB_AREA": 0,
    "GDB_PRM": 0,
    "GDB_PRMEX": 0,
    "GPT_DATE": null,
    "GPT_USER": "",
    "ID": 31734,
    "IDENT_OBIE": "67874499",
    "ID_ISDP": 0,
    "ID_SPRAWY": 80590699,
    "ID_WARSTWY": "F19_STAN_PNT_OPIS",
    "ISDP_FID": "GDB$G_EOZ_ARCHEOLOGIA_EOZ_A.4d9eef0c-e327-557a-e055-000000000001",
    "ISTNIEJE": "",
    "KARTA_MAPY": "",
    "LOKALIZACJ": "",
    "MATERIAL": "",
    "NAZWA": "",
    "NUMER": "",
    "NUMER_EWID": "",
    "NUMER_REJ_": "",
    "OBREB": "",
    "REJESTR_TA": "EW_ARCHEOLOGIA",
    "RODZAJE_ZA": "",
    "RODZAJ_OBI": "",
    "RODZAJ_WLA": "",
    "STAN_ZACHO": "",
    "STATUS": "",
    "STYL_OBIEK": "",
    "SYMBOL_EWI": "",
    "SYMBOL_REJ": "",
    "UWAGI": "",
    "WIEK_CZ_PO": "",
    "WIEK_POWST": "",
    "WYDRUK_LIN": "",
    "ZAJETA_NA_": 1,
    "ZALACZNIKI": "http://172.16.11.22:8085/SOWA2-services/doc/print/65367499/0310.pdf",
    "ZDJECIE_1": "",
    "ZDJECIE_2": "",
    "ZDJECIE_3": "",
    "ZDJECIE_4": "",
    "ZDJECIE_5": "",
    "ZDJECIE_6": "",
    "ZDJECIE_7": "",
    "ZDJECIE_8": "",
    "ZWERYFIKOW": "",
    "ZWIAZANA_Z": 0
   },
   "type": "Feature"
  },
  {
   "geometry": {
    "coordinates": [
     19.820175,
     50.011231
    ],
    "type": "Point"
   },
   "id": 390,
   "properties": {
    "ADRES": "",
    "ATRYBUTY_O": "Nr stanowiska: 322",
    "BUDOWNICZY": "",
    "CHARAKTER": "",
    "DATA_WPISU": null,
    "DATA_WZNIE": "",
    "DZIELNICA": "",
    "FID": 390,
    "FUNKCJA_OB": "",
    "FUNKCJA_PI": "",
    "GDB_AREA": 0,
    "GDB_PRM": 0,
    "GDB_PRMEX": 0,
    "GPT_DATE": null,
    "GPT_USER": "",
    "ID": 31714,
    "IDENT_OBIE": "67873499",
    "ID_ISDP": 0,
    "ID_SPRAWY": 80589249,
    "ID_WARSTWY": "F19_STAN_PNT_OPIS",
    "ISDP_FID": "GDB$G_EOZ_ARCHEOLOGIA_EOZ_A.4d9eef0c-e328-557a-e055-000000000001",
    "ISTNIEJE": "",
    "KARTA_MAPY": "",
    "LOKALIZACJ": "",
    "MATERIAL": "",
    "NAZWA": "",
    "NUMER": "",
    "NUMER_EWID": "",
    "NUMER_REJ_": "",
    "OBREB": "",
    "REJESTR_TA": "EW_ARCHEOLOGIA",
    "RODZAJE_ZA": "",
    "RODZAJ_OBI": "",
    "RODZAJ_WLA": "",
    "STAN_ZACHO": "",
    "STATUS": "",
    "STYL_OBIEK": "",
    "SYMBOL_EWI": "",
    "SYMBOL_REJ": "",
    "UWAGI": "",
    "WIEK_CZ_PO": "",
    "WIEK_POWST": "",
    "WYDRUK_LIN": "",
    "ZAJETA_NA_": 1,
    "ZALACZNIKI": "http://172.16.11.22:8085/SOWA2-services/doc/print/65367699/0322.pdf",
    "ZDJECIE_1": "",
    "ZDJECIE_2": "",
    "ZDJECIE_3": "",
    "ZDJECIE_4": "",
    "ZDJECIE_5": "",
    "ZDJECIE_6": "",
    "ZDJECIE_7": "",
    "ZDJECIE_8": "",
    "ZWERYFIKOW": "",
    "ZWIAZANA_Z": 0
   },
   "type": "Feature"
  },
  {
   "geometry": {
    "coordinates": [
     19.82053,
     50.000891
    ],
    "type": "Point"
   },
   "id": 391,
   "properties": {
    "ADRES": "",
    "ATRYBUTY_O": "Nr stanowiska: 328",
    "BUDOWNICZY": "",
    "CHARAKTER": "",
    "DATA_WPISU": null,
    "DATA_WZNIE": "",
    "DZIELNICA": "",
    "FID": 391,
    "FUNKCJA_OB": "",
    "FUNKCJA_PI": "",
    "GDB_AREA": 0,
    "GDB_PRM": 0,
    "GDB_PRMEX": 0,
    "GPT_DATE": null,
    "GPT_USER": "",
    "ID": 31717,
    "IDENT_OBIE": "67873649",
    "ID_ISDP": 0,
    "ID_SPRAWY": 80589549,
    "ID_WARSTWY": "F19_STAN_PNT_OPIS",
    "ISDP_FID": "GDB$G_EOZ_ARCHEOLOGIA_EOZ_A.4d9eef0c-e329-557a-e055-000000000001",
    "ISTNIEJE": "",
    "KARTA_MAPY": "",
    "LOKALIZACJ": "",
    "MATERIAL": "",
    "NAZWA": "",
    "NUMER": "",
    "NUMER_EWID": "",
    "NUMER_REJ_": "",
    "OBREB": "",
    "REJESTR_TA": "EW_ARCHEOLOGIA",
    "RODZAJE_ZA": "",
    "RODZAJ_OBI": "",
    "RODZAJ_WLA": "",
    "STAN_ZACHO": "",
    "STATUS": "",
    "STYL_OBIEK": "",
    "SYMBOL_EWI": "",
    "SYMBOL_REJ": "",
    "UWAGI": "",
    "WIEK_CZ_PO": "",
    "WIEK_POWST": "",
    "WYDRUK_LIN": "",
    "ZAJETA_NA_": 1,
    "ZALACZNIKI": "http://172.16.11.22:8085/SOWA2-services/doc/print/65367849/0328.pdf",
    "ZDJECIE_1": "",
    "ZDJECIE_2": "",
    "ZDJECIE_3": "",
    "ZDJECIE_4": "",
    "ZDJECIE_5": "",
    "ZDJECIE_6": "",
    "ZDJECIE_7": "",
    "ZDJECIE_8": "",
    "ZWERYFIKOW": "",
    "ZWIAZANA_Z": 0
   },
   "type": "Feature"
  },
  {
   "geometry": {
    "coordinates": [
     19.82462,
     50.007509
    ],
    "type": "Point"
   },
   "id": 392,
   "properties": {
    "ADRES": "",
    "ATRYBUTY_O": "Nr stanowiska: 330",
    "BUDOWNICZY": "",
    "CHARAKTER": "",
    "DATA_WPISU": null,
    "DATA_WZNIE": "",
    "DZIELNICA": "",
    "FID": 392,
    "FUNKCJA_OB": "",
    "FUNKCJA_PI": "",
    "GDB_AREA": 0,
    "GDB_PRM": 0,
    "GDB_PRMEX": 0,
    "GPT_DATE": null,
    "GPT_USER": "",
    "ID": 31719,
    "IDENT_OBIE": "67873749",
    "ID_ISDP": 0,
    "ID_SPRAWY": 80589649,
    "ID_WARSTWY": "F19_STAN_PNT_OPIS",
    "ISDP_FID": "GDB$G_EOZ_ARCHEOLOGIA_EOZ_A.4d9eef0c-e32a-557a-e055-000000000001",
    "ISTNIEJE": "",
    "KARTA_MAPY": "",
    "LOKALIZACJ": "",
    "MATERIAL": "",
    "NAZWA": "",
    "NUMER": "",
    "NUMER_EWID": "",
    "NUMER_REJ_": "",
    "OBREB": "",
    "REJESTR_TA": "EW_ARCHEOLOGIA",
    "RODZAJE_ZA": "",
    "RODZAJ_OBI": "",
    "RODZAJ_WLA": "",
    "STAN_ZACHO": "",
    "STATUS": "",
    "STYL_OBIEK": "",
    "SYMBOL_EWI": "",
    "SYMBOL_REJ": "",
    "UWAGI": "",
    "WIEK_CZ_PO": "",
    "WIEK_POWST": "",
    "WYDRUK_LIN": "",
    "ZAJETA_NA_": 1,
    "ZALACZNIKI": "http://172.16.11.22:8085/SOWA2-services/doc/print/65367949/0330.pdf",
    "ZDJECIE_1": "",
    "ZDJECIE_2": "",
    "ZDJECIE_3": "",
    "ZDJECIE_4": "",
    "ZDJECIE_5": "",
    "ZDJECIE_6": "",
    "ZDJECIE_7": "",
    "ZDJECIE_8": "",
    "ZWERYFIKOW": "",
    "ZWIAZANA_Z": 0
   },
   "type": "Feature"
  },
  {
   "geometry": {
    "coordinates": [
     19.822592,
     50.011509
    ],
    "type": "Point"
   },
   "id": 393,
   "properties": {
    "ADRES": "",
    "ATRYBUTY_O": "Nr stanowiska: 333",
    "BUDOWNICZY": "",
    "CHARAKTER": "",
    "DATA_WPISU": null,
    "DATA_WZNIE": "",
    "DZIELNICA": "",
    "FID": 393,
    "FUNKCJA_OB": "",
    "FUNKCJA_PI": "",
    "GDB_AREA": 0,
    "GDB_PRM": 0,
    "GDB_PRMEX": 0,
    "GPT_DATE": null,
    "GPT_USER": "",
    "ID": 31721,
    "IDENT_OBIE": "67873849",
    "ID_ISDP": 0,
    "ID_SPRAWY": 80589799,
    "ID_WARSTWY": "F19_STAN_PNT_OPIS",
    "ISDP_FID": "GDB$G_EOZ_ARCHEOLOGIA_EOZ_A.4d9eef0c-e32b-557a-e055-000000000001",
    "ISTNIEJE": "",
    "KARTA_MAPY": "",
    "LOKALIZACJ": "",
    "MATERIAL": "",
    "NAZWA": "",
    "NUMER": "",
    "NUMER_EWID": "",
    "NUMER_REJ_": "",
    "OBREB": "",
    "REJESTR_TA": "EW_ARCHEOLOGIA",
    "RODZAJE_ZA": "",
    "RODZAJ_OBI": "",
    "RODZAJ_WLA": "",
    "STAN_ZACHO": "",
    "STATUS": "",
    "STYL_OBIEK": "",
    "SYMBOL_EWI": "",
    "SYMBOL_REJ": "",
    "UWAGI": "",
    "WIEK_CZ_PO": "",
    "WIEK_POWST": "",
    "WYDRUK_LIN": "",
    "ZAJETA_NA_": 1,
    "ZALACZNIKI": "http://172.16.11.22:8085/SOWA2-services/doc/print/65368049/0333.pdf",
    "ZDJECIE_1": "",
    "ZDJECIE_2": "",
    "ZDJECIE_3": "",
    "ZDJECIE_4": "",
    "ZDJECIE_5": "",
    "ZDJECIE_6": "",
    "ZDJECIE_7": "",
    "ZDJECIE_8": "",
    "ZWERYFIKOW": "",
    "ZWIAZANA_Z": 0
   },
   "type": "Feature"
  },
  {
   "geometry": {
    "coordinates": [
     19.818699,
     50.017907
    ],
    "type": "Point"
   },
   "id": 394,
   "properties": {
    "ADRES": "",
    "ATRYBUTY_O": "Nr stanowiska: 337",
    "BUDOWNICZY": "",
    "CHARAKTER": "",
    "DATA_WPISU": null,
    "DATA_WZNIE": "",
    "DZIELNICA": "",
    "FID": 394,
    "FUNKCJA_OB": "",
    "FUNKCJA_PI": "",
    "GDB_AREA": 0,
    "GDB_PRM": 0,
    "GDB_PRMEX": 0,
    "GPT_DATE": null,
    "GPT_USER": "",
    "ID": 31724,
    "IDENT_OBIE": "67873999",
    "ID_ISDP": 0,
    "ID_SPRAWY": 80589999,
    "ID_WARSTWY": "F19_STAN_PNT_OPIS",
    "ISDP_FID": "GDB$G_EOZ_ARCHEOLOGIA_EOZ_A.4d9eef0c-e32c-557a-e055-000000000001",
    "ISTNIEJE": "",
    "KARTA_MAPY": "",
    "LOKALIZACJ": "",
    "MATERIAL": "",
    "NAZWA": "",
    "NUMER": "",
    "NUMER_EWID": "",
    "NUMER_REJ_": "",
    "OBREB": "",
    "REJESTR_TA": "EW_ARCHEOLOGIA",
    "RODZAJE_ZA": "",
    "RODZAJ_OBI": "",
    "RODZAJ_WLA": "",
    "STAN_ZACHO": "",
    "STATUS": "",
    "STYL_OBIEK": "",
    "SYMBOL_EWI": "",
    "SYMBOL_REJ": "",
    "UWAGI": "",
    "WIEK_CZ_PO": "",
    "WIEK_POWST": "",
    "WYDRUK_LIN": "",
    "ZAJETA_NA_": 1,
    "ZALACZNIKI": "http://172.16.11.22:8085/SOWA2-services/doc/print/65368199/0337.pdf",
    "ZDJECIE_1": "",
    "ZDJECIE_2": "",
    "ZDJECIE_3": "",
    "ZDJECIE_4": "",
    "ZDJECIE_5": "",
    "ZDJECIE_6": "",
    "ZDJECIE_7": "",
    "ZDJECIE_8": "",
    "ZWERYFIKOW": "",
    "ZWIAZANA_Z": 0
   },
   "type": "Feature"
  },
  {
   "geometry": {
    "coordinates": [
     19.832457,
     50.040227
    ],
    "type": "Point"
   },
   "id": 395,
   "properties": {
    "ADRES": "",
    "ATRYBUTY_O": "Nr stanowiska: 342",
    "BUDOWNICZY": "",
    "CHARAKTER": "",
    "DATA_WPISU": null,
    "DATA_WZNIE": "",
    "DZIELNICA": "",
    "FID": 395,
    "FUNKCJA_OB": "",
    "FUNKCJA_PI": "",
    "GDB_AREA": 0,
    "GDB_PRM": 0,
    "GDB_PRMEX": 0,
    "GPT_DATE": null,
    "GPT_USER": "",
    "ID": 31393,
    "IDENT_OBIE": "67857449",
    "ID_ISDP": 0,
    "ID_SPRAWY": 80552899,
    "ID_WARSTWY": "F19_STAN_PNT_OPIS",
    "ISDP_FID": "GDB$G_EOZ_ARCHEOLOGIA_EOZ_A.4d9eef0c-e32d-557a-e055-000000000001",
    "ISTNIEJE": "",
    "KARTA_MAPY": "",
    "LOKALIZACJ": "",
    "MATERIAL": "",
    "NAZWA": "",
    "NUMER": "",
    "NUMER_EWID": "",
    "NUMER_REJ_": "",
    "OBREB": "",
    "REJESTR_TA": "EW_ARCHEOLOGIA",
    "RODZAJE_ZA": "",
    "RODZAJ_OBI": "",
    "RODZAJ_WLA": "",
    "STAN_ZACHO": "",
    "STATUS": "",
    "STYL_OBIEK": "",
    "SYMBOL_EWI": "",
    "SYMBOL_REJ": "",
    "UWAGI": "",
    "WIEK_CZ_PO": "",
    "WIEK_POWST": "",
    "WYDRUK_LIN": "",
    "ZAJETA_NA_": 1,
    "ZALACZNIKI": "http://172.16.11.22:8085/SOWA2-services/doc/print/65368299/0342.pdf",
    "ZDJECIE_1": "",
    "ZDJECIE_2": "",
    "ZDJECIE_3": "",
    "ZDJECIE_4": "",
    "ZDJECIE_5": "",
    "ZDJECIE_6": "",
    "ZDJECIE_7": "",
    "ZDJECIE_8": "",
    "ZWERYFIKOW": "",
    "ZWIAZANA_Z": 0
   },
   "type": "Feature"
  },
  {
   "geometry": {
    "coordinates": [
     19.817886,
     50.040599
    ],
    "type": "Point"
   },
   "id": 396,
   "properties": {
    "ADRES": "",
    "ATRYBUTY_O": "Nr stanowiska: 347",
    "BUDOWNICZY": "",
    "CHARAKTER": "",
    "DATA_WPISU": null,
    "DATA_WZNIE": "",
    "DZIELNICA": "",
    "FID": 396,
    "FUNKCJA_OB": "",
    "FUNKCJA_PI": "",
    "GDB_AREA": 0,
    "GDB_PRM": 0,
    "GDB_PRMEX": 0,
    "GPT_DATE": null,
    "GPT_USER": "",
    "ID": 31396,
    "IDENT_OBIE": "67857599",
    "ID_ISDP": 0,
    "ID_SPRAWY": 80553249,
    "ID_WARSTWY": "F19_STAN_PNT_OPIS",
    "ISDP_FID": "GDB$G_EOZ_ARCHEOLOGIA_EOZ_A.4d9eef0c-e32e-557a-e055-000000000001",
    "ISTNIEJE": "",
    "KARTA_MAPY": "",
    "LOKALIZACJ": "",
    "MATERIAL": "",
    "NAZWA": "",
    "NUMER": "",
    "NUMER_EWID": "",
    "NUMER_REJ_": "",
    "OBREB": "",
    "REJESTR_TA": "EW_ARCHEOLOGIA",
    "RODZAJE_ZA": "",
    "RODZAJ_OBI": "",
    "RODZAJ_WLA": "",
    "STAN_ZACHO": "",
    "STATUS": "",
    "STYL_OBIEK": "",
    "SYMBOL_EWI": "",
    "SYMBOL_REJ": "",
    "UWAGI": "",
    "WIEK_CZ_PO": "",
    "WIEK_POWST": "",
    "WYDRUK_LIN": "",
    "ZAJETA_NA_": 1,
    "ZALACZNIKI": "http://172.16.11.22:8085/SOWA2-services/doc/print/65368399/0347.pdf",
    "ZDJECIE_1": "",
    "ZDJECIE_2": "",
    "ZDJECIE_3": "",
    "ZDJECIE_4": "",
    "ZDJECIE_5": "",
    "ZDJECIE_6": "",
    "ZDJECIE_7": "",
    "ZDJECIE_8": "",
    "ZWERYFIKOW": "",
    "ZWIAZANA_Z": 0
   },
   "type": "Feature"
  },
  {
   "geometry": {
    "coordinates": [
     19.828771,
     50.042634
    ],
    "type": "Point"
   },
   "id": 397,
   "properties": {
    "ADRES": "",
    "ATRYBUTY_O": "Nr stanowiska: 351",
    "BUDOWNICZY": "",
    "CHARAKTER": "",
    "DATA_WPISU": null,
    "DATA_WZNIE": "",
    "DZIELNICA": "",
    "FID": 397,
    "FUNKCJA_OB": "",
    "FUNKCJA_PI": "",
    "GDB_AREA": 0,
    "GDB_PRM": 0,
    "GDB_PRMEX": 0,
    "GPT_DATE": null,
    "GPT_USER": "",
    "ID": 31398,
    "IDENT_OBIE": "67857699",
    "ID_ISDP": 0,
    "ID_SPRAWY": 80553449,
    "ID_WARSTWY": "F19_STAN_PNT_OPIS",
    "ISDP_FID": "GDB$G_EOZ_ARCHEOLOGIA_EOZ_A.4d9eef0c-e32f-557a-e055-000000000001",
    "ISTNIEJE": "",
    "KARTA_MAPY": "",
    "LOKALIZACJ": "",
    "MATERIAL": "",
    "NAZWA": "",
    "NUMER": "",
    "NUMER_EWID": "",
    "NUMER_REJ_": "",
    "OBREB": "",
    "REJESTR_TA": "EW_ARCHEOLOGIA",
    "RODZAJE_ZA": "",
    "RODZAJ_OBI": "",
    "RODZAJ_WLA": "",
    "STAN_ZACHO": "",
    "STATUS": "",
    "STYL_OBIEK": "",
    "SYMBOL_EWI": "",
    "SYMBOL_REJ": "",
    "UWAGI": "",
    "WIEK_CZ_PO": "",
    "WIEK_POWST": "",
    "WYDRUK_LIN": "",
    "ZAJETA_NA_": 1,
    "ZALACZNIKI": "http://172.16.11.22:8085/SOWA2-services/doc/print/65368499/0351.pdf",
    "ZDJECIE_1": "",
    "ZDJECIE_2": "",
    "ZDJECIE_3": "",
    "ZDJECIE_4": "",
    "ZDJECIE_5": "",
    "ZDJECIE_6": "",
    "ZDJECIE_7": "",
    "ZDJECIE_8": "",
    "ZWERYFIKOW": "",
    "ZWIAZANA_Z": 0
   },
   "type": "Feature"
  },
  {
   "geometry": {
    "coordinates": [
     19.828401,
     50.020805
    ],
    "type": "Point"
   },
   "id": 398,
   "properties": {
    "ADRES": "",
    "ATRYBUTY_O": "Nr stanowiska: 354",
    "BUDOWNICZY": "",
    "CHARAKTER": "",
    "DATA_WPISU": null,
    "DATA_WZNIE": "",
    "DZIELNICA": "",
    "FID": 398,
    "FUNKCJA_OB": "",
    "FUNKCJA_PI": "",
    "GDB_AREA": 0,
    "GDB_PRM": 0,
    "GDB_PRMEX": 0,
    "GPT_DATE": null,
    "GPT_USER": "",
    "ID": 31728,
    "IDENT_OBIE": "67874199",
    "ID_ISDP": 0,
    "ID_SPRAWY": 80590349,
    "ID_WARSTWY": "F19_STAN_PNT_OPIS",
    "ISDP_FID": "GDB$G_EOZ_ARCHEOLOGIA_EOZ_A.4d9eef0c-e330-557a-e055-000000000001",
    "ISTNIEJE": "",
    "KARTA_MAPY": "",
    "LOKALIZACJ": "",
    "MATERIAL": "",
    "NAZWA": "",
    "NUMER": "",
    "NUMER_EWID": "",
    "NUMER_REJ_": "",
    "OBREB": "",
    "REJESTR_TA": "EW_ARCHEOLOGIA",
    "RODZAJE_ZA": "",
    "RODZAJ_OBI": "",
    "RODZAJ_WLA": "",
    "STAN_ZACHO": "",
    "STATUS": "",
    "STYL_OBIEK": "",
    "SYMBOL_EWI": "",
    "SYMBOL_REJ": "",
    "UWAGI": "",
    "WIEK_CZ_PO": "",
    "WIEK_POWST": "",
    "WYDRUK_LIN": "",
    "ZAJETA_NA_": 1,
    "ZALACZNIKI": "http://172.16.11.22:8085/SOWA2-services/doc/print/65368599/0354.pdf",
    "ZDJECIE_1": "",
    "ZDJECIE_2": "",
    "ZDJECIE_3": "",
    "ZDJECIE_4": "",
    "ZDJECIE_5": "",
    "ZDJECIE_6": "",
    "ZDJECIE_7": "",
    "ZDJECIE_8": "",
    "ZWERYFIKOW": "",
    "ZWIAZANA_Z": 0
   },
   "type": "Feature"
  },
  {
   "geometry": {
    "coordinates": [
     20.002554,
     49.984512
    ],
    "type": "Point"
   },
   "id": 399,
   "properties": {
    "ADRES": "",
    "ATRYBUTY_O": "Nr stanowiska: 369",
    "BUDOWNICZY": "",
    "CHARAKTER": "",
    "DATA_WPISU": null,
    "DATA_WZNIE": "",
    "DZIELNICA": "",
    "FID": 399,
    "FUNKCJA_OB": "",
    "FUNKCJA_PI": "",
    "GDB_AREA": 0,
    "GDB_PRM": 0,
    "GDB_PRMEX": 0,
    "GPT_DATE": null,
    "GPT_USER": "",
    "ID": 31726,
    "IDENT_OBIE": "67874099",
    "ID_ISDP": 0,
    "ID_SPRAWY": 80590249,
    "ID_WARSTWY": "F19_STAN_PNT_OPIS",
    "ISDP_FID": "GDB$G_EOZ_ARCHEOLOGIA_EOZ_A.4d9eef0c-e331-557a-e055-000000000001",
    "ISTNIEJE": "",
    "KARTA_MAPY": "",
    "LOKALIZACJ": "",
    "MATERIAL": "",
    "NAZWA": "",
    "NUMER": "",
    "NUMER_EWID": "",
    "NUMER_REJ_": "",
    "OBREB": "",
    "REJESTR_TA": "EW_ARCHEOLOGIA",
    "RODZAJE_ZA": "",
    "RODZAJ_OBI": "",
    "RODZAJ_WLA": "",
    "STAN_ZACHO": "",
    "STATUS": "",
    "STYL_OBIEK": "",
    "SYMBOL_EWI": "",
    "SYMBOL_REJ": "",
    "UWAGI": "",
    "WIEK_CZ_PO": "",
    "WIEK_POWST": "",
    "WYDRUK_LIN": "",
    "ZAJETA_NA_": 1,
    "ZALACZNIKI": "http://172.16.11.22:8085/SOWA2-services/doc/print/65368899/0369.pdf",
    "ZDJECIE_1": "",
    "ZDJECIE_2": "",
    "ZDJECIE_3": "",
    "ZDJECIE_4": "",
    "ZDJECIE_5": "",
    "ZDJECIE_6": "",
    "ZDJECIE_7": "",
    "ZDJECIE_8": "",
    "ZWERYFIKOW": "",
    "ZWIAZANA_Z": 0
   },
   "type": "Feature"
  },
  {
   "geometry": {
    "coordinates": [
     19.807871,
     50.019143
    ],
    "type": "Point"
   },
   "id": 400,
   "properties": {
    "ADRES": "",
    "ATRYBUTY_O": "Nr stanowiska: 375",
    "BUDOWNICZY": "",
    "CHARAKTER": "",
    "DATA_WPISU": null,
    "DATA_WZNIE": "",
    "DZIELNICA": "",
    "FID": 400,
    "FUNKCJA_OB": "",
    "FUNKCJA_PI": "",
    "GDB_AREA": 0,
    "GDB_PRM": 0,
    "GDB_PRMEX": 0,
    "GPT_DATE": null,
    "GPT_USER": "",
    "ID": 31704,
    "IDENT_OBIE": "67872999",
    "ID_ISDP": 0,
    "ID_SPRAWY": 80588199,
    "ID_WARSTWY": "F19_STAN_PNT_OPIS",
    "ISDP_FID": "GDB$G_EOZ_ARCHEOLOGIA_EOZ_A.4d9eef0c-e332-557a-e055-000000000001",
    "ISTNIEJE": "",
    "KARTA_MAPY": "",
    "LOKALIZACJ": "",
    "MATERIAL": "",
    "NAZWA": "",
    "NUMER": "",
    "NUMER_EWID": "",
    "NUMER_REJ_": "",
    "OBREB": "",
    "REJESTR_TA": "EW_ARCHEOLOGIA",
    "RODZAJE_ZA": "",
    "RODZAJ_OBI": "",
    "RODZAJ_WLA": "",
    "STAN_ZACHO": "",
    "STATUS": "",
    "STYL_OBIEK": "",
    "SYMBOL_EWI": "",
    "SYMBOL_REJ": "",
    "UWAGI": "",
    "WIEK_CZ_PO": "",
    "WIEK_POWST": "",
    "WYDRUK_LIN": "",
    "ZAJETA_NA_": 1,
    "ZALACZNIKI": "http://172.16.11.22:8085/SOWA2-services/doc/print/65368999/0375.pdf",
    "ZDJECIE_1": "",
    "ZDJECIE_2": "",
    "ZDJECIE_3": "",
    "ZDJECIE_4": "",
    "ZDJECIE_5": "",
    "ZDJECIE_6": "",
    "ZDJECIE_7": "",
    "ZDJECIE_8": "",
    "ZWERYFIKOW": "",
    "ZWIAZANA_Z": 0
   },
   "type": "Feature"
  },
  {
   "geometry": {
    "coordinates": [
     19.838033,
     50.013759
    ],
    "type": "Point"
   },
   "id": 401,
   "properties": {
    "ADRES": "",
    "ATRYBUTY_O": "Nr stanowiska: 379",
    "BUDOWNICZY": "",
    "CHARAKTER": "",
    "DATA_WPISU": null,
    "DATA_WZNIE": "",
    "DZIELNICA": "",
    "FID": 401,
    "FUNKCJA_OB": "",
    "FUNKCJA_PI": "",
    "GDB_AREA": 0,
    "GDB_PRM": 0,
    "GDB_PRMEX": 0,
    "GPT_DATE": null,
    "GPT_USER": "",
    "ID": 31706,
    "IDENT_OBIE": "67873099",
    "ID_ISDP": 0,
    "ID_SPRAWY": 80588449,
    "ID_WARSTWY": "F19_STAN_PNT_OPIS",
    "ISDP_FID": "GDB$G_EOZ_ARCHEOLOGIA_EOZ_A.4d9eef0c-e333-557a-e055-000000000001",
    "ISTNIEJE": "",
    "KARTA_MAPY": "",
    "LOKALIZACJ": "",
    "MATERIAL": "",
    "NAZWA": "",
    "NUMER": "",
    "NUMER_EWID": "",
    "NUMER_REJ_": "",
    "OBREB": "",
    "REJESTR_TA": "EW_ARCHEOLOGIA",
    "RODZAJE_ZA": "",
    "RODZAJ_OBI": "",
    "RODZAJ_WLA": "",
    "STAN_ZACHO": "",
    "STATUS": "",
    "STYL_OBIEK": "",
    "SYMBOL_EWI": "",
    "SYMBOL_REJ": "",
    "UWAGI": "",
    "WIEK_CZ_PO": "",
    "WIEK_POWST": "",
    "WYDRUK_LIN": "",
    "ZAJETA_NA_": 1,
    "ZALACZNIKI": "http://172.16.11.22:8085/SOWA2-services/doc/print/65369099/0379.pdf",
    "ZDJECIE_1": "",
    "ZDJECIE_2": "",
    "ZDJECIE_3": "",
    "ZDJECIE_4": "",
    "ZDJECIE_5": "",
    "ZDJECIE_6": "",
    "ZDJECIE_7": "",
    "ZDJECIE_8": "",
    "ZWERYFIKOW": "",
    "ZWIAZANA_Z": 0
   },
   "type": "Feature"
  },
  {
   "geometry": {
    "coordinates": [
     19.960989,
     50.036888
    ],
    "type": "Point"
   },
   "id": 402,
   "properties": {
    "ADRES": "",
    "ATRYBUTY_O": "Nr stanowiska: 389",
    "BUDOWNICZY": "",
    "CHARAKTER": "",
    "DATA_WPISU": null,
    "DATA_WZNIE": "",
    "DZIELNICA": "",
    "FID": 402,
    "FUNKCJA_OB": "",
    "FUNKCJA_PI": "",
    "GDB_AREA": 0,
    "GDB_PRM": 0,
    "GDB_PRMEX": 0,
    "GPT_DATE": null,
    "GPT_USER": "",
    "ID": 31604,
    "IDENT_OBIE": "67867999",
    "ID_ISDP": 0,
    "ID_SPRAWY": 80577199,
    "ID_WARSTWY": "F19_STAN_PNT_OPIS",
    "ISDP_FID": "GDB$G_EOZ_ARCHEOLOGIA_EOZ_A.4d9eef0c-e334-557a-e055-000000000001",
    "ISTNIEJE": "",
    "KARTA_MAPY": "",
    "LOKALIZACJ": "",
    "MATERIAL": "",
    "NAZWA": "",
    "NUMER": "",
    "NUMER_EWID": "",
    "NUMER_REJ_": "",
    "OBREB": "",
    "REJESTR_TA": "EW_ARCHEOLOGIA",
    "RODZAJE_ZA": "",
    "RODZAJ_OBI": "",
    "RODZAJ_WLA": "",
    "STAN_ZACHO": "",
    "STATUS": "",
    "STYL_OBIEK": "",
    "SYMBOL_EWI": "",
    "SYMBOL_REJ": "",
    "UWAGI": "",
    "WIEK_CZ_PO": "",
    "WIEK_POWST": "",
    "WYDRUK_LIN": "",
    "ZAJETA_NA_": 1,
    "ZALACZNIKI": "http://172.16.11.22:8085/SOWA2-services/doc/print/65369299/0389.pdf",
    "ZDJECIE_1": "",
    "ZDJECIE_2": "",
    "ZDJECIE_3": "",
    "ZDJECIE_4": "",
    "ZDJECIE_5": "",
    "ZDJECIE_6": "",
    "ZDJECIE_7": "",
    "ZDJECIE_8": "",
    "ZWERYFIKOW": "",
    "ZWIAZANA_Z": 0
   },
   "type": "Feature"
  },
  {
   "geometry": {
    "coordinates": [
     19.942428,
     50.041353
    ],
    "type": "Point"
   },
   "id": 403,
   "properties": {
    "ADRES": "",
    "ATRYBUTY_O": "Nr stanowiska: 391",
    "BUDOWNICZY": "",
    "CHARAKTER": "",
    "DATA_WPISU": null,
    "DATA_WZNIE": "",
    "DZIELNICA": "",
    "FID": 403,
    "FUNKCJA_OB": "",
    "FUNKCJA_PI": "",
    "GDB_AREA": 0,
    "GDB_PRM": 0,
    "GDB_PRMEX": 0,
    "GPT_DATE": null,
    "GPT_USER": "",
    "ID": 31602,
    "IDENT_OBIE": "67867899",
    "ID_ISDP": 0,
    "ID_SPRAWY": 80577099,
    "ID_WARSTWY": "F19_STAN_PNT_OPIS",
    "ISDP_FID": "GDB$G_EOZ_ARCHEOLOGIA_EOZ_A.4d9eef0c-e335-557a-e055-000000000001",
    "ISTNIEJE": "",
    "KARTA_MAPY": "",
    "LOKALIZACJ": "",
    "MATERIAL": "",
    "NAZWA": "",
    "NUMER": "",
    "NUMER_EWID": "",
    "NUMER_REJ_": "",
    "OBREB": "",
    "REJESTR_TA": "EW_ARCHEOLOGIA",
    "RODZAJE_ZA": "",
    "RODZAJ_OBI": "",
    "RODZAJ_WLA": "",
    "STAN_ZACHO": "",
    "STATUS": "",
    "STYL_OBIEK": "",
    "SYMBOL_EWI": "",
    "SYMBOL_REJ": "",
    "UWAGI": "",
    "WIEK_CZ_PO": "",
    "WIEK_POWST": "",
    "WYDRUK_LIN": "",
    "ZAJETA_NA_": 1,
    "ZALACZNIKI": "http://172.16.11.22:8085/SOWA2-services/doc/print/65369399/0391.pdf",
    "ZDJECIE_1": "",
    "ZDJECIE_2": "",
    "ZDJECIE_3": "",
    "ZDJECIE_4": "",
    "ZDJECIE_5": "",
    "ZDJECIE_6": "",
    "ZDJECIE_7": "",
    "ZDJECIE_8": "",
    "ZWERYFIKOW": "",
    "ZWIAZANA_Z": 0
   },
   "type": "Feature"
  },
  {
   "geometry": {
    "coordinates": [
     19.87043,
     50.013224
    ],
    "type": "Point"
   },
   "id": 404,
   "properties": {
    "ADRES": "",
    "ATRYBUTY_O": "Nr stanowiska: 392",
    "BUDOWNICZY": "",
    "CHARAKTER": "",
    "DATA_WPISU": null,
    "DATA_WZNIE": "",
    "DZIELNICA": "",
    "FID": 404,
    "FUNKCJA_OB": "",
    "FUNKCJA_PI": "",
    "GDB_AREA": 0,
    "GDB_PRM": 0,
    "GDB_PRMEX": 0,
    "GPT_DATE": null,
    "GPT_USER": "",
    "ID": 31672,
    "IDENT_OBIE": "67871399",
    "ID_ISDP": 0,
    "ID_SPRAWY": 80584649,
    "ID_WARSTWY": "F19_STAN_PNT_OPIS",
    "ISDP_FID": "GDB$G_EOZ_ARCHEOLOGIA_EOZ_A.4d9eef0c-e336-557a-e055-000000000001",
    "ISTNIEJE": "",
    "KARTA_MAPY": "",
    "LOKALIZACJ": "",
    "MATERIAL": "",
    "NAZWA": "",
    "NUMER": "",
    "NUMER_EWID": "",
    "NUMER_REJ_": "",
    "OBREB": "",
    "REJESTR_TA": "EW_ARCHEOLOGIA",
    "RODZAJE_ZA": "",
    "RODZAJ_OBI": "",
    "RODZAJ_WLA": "",
    "STAN_ZACHO": "",
    "STATUS": "",
    "STYL_OBIEK": "",
    "SYMBOL_EWI": "",
    "SYMBOL_REJ": "",
    "UWAGI": "",
    "WIEK_CZ_PO": "",
    "WIEK_POWST": "",
    "WYDRUK_LIN": "",
    "ZAJETA_NA_": 1,
    "ZALACZNIKI": "http://172.16.11.22:8085/SOWA2-services/doc/print/65369449/0392.pdf",
    "ZDJECIE_1": "",
    "ZDJECIE_2": "",
    "ZDJECIE_3": "",
    "ZDJECIE_4": "",
    "ZDJECIE_5": "",
    "ZDJECIE_6": "",
    "ZDJECIE_7": "",
    "ZDJECIE_8": "",
    "ZWERYFIKOW": "",
    "ZWIAZANA_Z": 0
   },
   "type": "Feature"
  },
  {
   "geometry": {
    "coordinates": [
     19.87442,
     50.003925
    ],
    "type": "Point"
   },
   "id": 405,
   "properties": {
    "ADRES": "",
    "ATRYBUTY_O": "Nr stanowiska: 395",
    "BUDOWNICZY": "",
    "CHARAKTER": "",
    "DATA_WPISU": null,
    "DATA_WZNIE": "",
    "DZIELNICA": "",
    "FID": 405,
    "FUNKCJA_OB": "",
    "FUNKCJA_PI": "",
    "GDB_AREA": 0,
    "GDB_PRM": 0,
    "GDB_PRMEX": 0,
    "GPT_DATE": null,
    "GPT_USER": "",
    "ID": 31670,
    "IDENT_OBIE": "67871299",
    "ID_ISDP": 0,
    "ID_SPRAWY": 80584499,
    "ID_WARSTWY": "F19_STAN_PNT_OPIS",
    "ISDP_FID": "GDB$G_EOZ_ARCHEOLOGIA_EOZ_A.4d9eef0c-e337-557a-e055-000000000001",
    "ISTNIEJE": "",
    "KARTA_MAPY": "",
    "LOKALIZACJ": "",
    "MATERIAL": "",
    "NAZWA": "",
    "NUMER": "",
    "NUMER_EWID": "",
    "NUMER_REJ_": "",
    "OBREB": "",
    "REJESTR_TA": "EW_ARCHEOLOGIA",
    "RODZAJE_ZA": "",
    "RODZAJ_OBI": "",
    "RODZAJ_WLA": "",
    "STAN_ZACHO": "",
    "STATUS": "",
    "STYL_OBIEK": "",
    "SYMBOL_EWI": "",
    "SYMBOL_REJ": "",
    "UWAGI": "",
    "WIEK_CZ_PO": "",
    "WIEK_POWST": "",
    "WYDRUK_LIN": "",
    "ZAJETA_NA_": 1,
    "ZALACZNIKI": "http://172.16.11.22:8085/SOWA2-services/doc/print/65369549/0395.pdf",
    "ZDJECIE_1": "",
    "ZDJECIE_2": "",
    "ZDJECIE_3": "",
    "ZDJECIE_4": "",
    "ZDJECIE_5": "",
    "ZDJECIE_6": "",
    "ZDJECIE_7": "",
    "ZDJECIE_8": "",
    "ZWERYFIKOW": "",
    "ZWIAZANA_Z": 0
   },
   "type": "Feature"
  },
  {
   "geometry": {
    "coordinates": [
     19.880777,
     50.020339
    ],
    "type": "Point"
   },
   "id": 406,
   "properties": {
    "ADRES": "",
    "ATRYBUTY_O": "Nr stanowiska: 398",
    "BUDOWNICZY": "",
    "CHARAKTER": "",
    "DATA_WPISU": null,
    "DATA_WZNIE": "",
    "DZIELNICA": "",
    "FID": 406,
    "FUNKCJA_OB": "",
    "FUNKCJA_PI": "",
    "GDB_AREA": 0,
    "GDB_PRM": 0,
    "GDB_PRMEX": 0,
    "GPT_DATE": null,
    "GPT_USER": "",
    "ID": 31668,
    "IDENT_OBIE": "67871199",
    "ID_ISDP": 0,
    "ID_SPRAWY": 80584349,
    "ID_WARSTWY": "F19_STAN_PNT_OPIS",
    "ISDP_FID": "GDB$G_EOZ_ARCHEOLOGIA_EOZ_A.4d9eef0c-e338-557a-e055-000000000001",
    "ISTNIEJE": "",
    "KARTA_MAPY": "",
    "LOKALIZACJ": "",
    "MATERIAL": "",
    "NAZWA": "",
    "NUMER": "",
    "NUMER_EWID": "",
    "NUMER_REJ_": "",
    "OBREB": "",
    "REJESTR_TA": "EW_ARCHEOLOGIA",
    "RODZAJE_ZA": "",
    "RODZAJ_OBI": "",
    "RODZAJ_WLA": "",
    "STAN_ZACHO": "",
    "STATUS": "",
    "STYL_OBIEK": "",
    "SYMBOL_EWI": "",
    "SYMBOL_REJ": "",
    "UWAGI": "",
    "WIEK_CZ_PO": "",
    "WIEK_POWST": "",
    "WYDRUK_LIN": "",
    "ZAJETA_NA_": 1,
    "ZALACZNIKI": "http://172.16.11.22:8085/SOWA2-services/doc/print/65369649/0398.pdf",
    "ZDJECIE_1": "",
    "ZDJECIE_2": "",
    "ZDJECIE_3": "",
    "ZDJECIE_4": "",
    "ZDJECIE_5": "",
    "ZDJECIE_6": "",
    "ZDJECIE_7": "",
    "ZDJECIE_8": "",
    "ZWERYFIKOW": "",
    "ZWIAZANA_Z": 0
   },
   "type": "Feature"
  },
  {
   "geometry": {
    "coordinates": [
     19.902613,
     50.039147
    ],
    "type": "Point"
   },
   "id": 407,
   "properties": {
    "ADRES": "",
    "ATRYBUTY_O": "Nr stanowiska: 412",
    "BUDOWNICZY": "",
    "CHARAKTER": "",
    "DATA_WPISU": null,
    "DATA_WZNIE": "",
    "DZIELNICA": "",
    "FID": 407,
    "FUNKCJA_OB": "",
    "FUNKCJA_PI": "",
    "GDB_AREA": 0,
    "GDB_PRM": 0,
    "GDB_PRMEX": 0,
    "GPT_DATE": null,
    "GPT_USER": "",
    "ID": 31629,
    "IDENT_OBIE": "67869249",
    "ID_ISDP": 0,
    "ID_SPRAWY": 80580149,
    "ID_WARSTWY": "F19_STAN_PNT_OPIS",
    "ISDP_FID": "GDB$G_EOZ_ARCHEOLOGIA_EOZ_A.4d9eef0c-e339-557a-e055-000000000001",
    "ISTNIEJE": "",
    "KARTA_MAPY": "",
    "LOKALIZACJ": "",
    "MATERIAL": "",
    "NAZWA": "",
    "NUMER": "",
    "NUMER_EWID": "",
    "NUMER_REJ_": "",
    "OBREB": "",
    "REJESTR_TA": "EW_ARCHEOLOGIA",
    "RODZAJE_ZA": "",
    "RODZAJ_OBI": "",
    "RODZAJ_WLA": "",
    "STAN_ZACHO": "",
    "STATUS": "",
    "STYL_OBIEK": "",
    "SYMBOL_EWI": "",
    "SYMBOL_REJ": "",
    "UWAGI": "",
    "WIEK_CZ_PO": "",
    "WIEK_POWST": "",
    "WYDRUK_LIN": "",
    "ZAJETA_NA_": 1,
    "ZALACZNIKI": "http://172.16.11.22:8085/SOWA2-services/doc/print/65369799/0412.pdf",
    "ZDJECIE_1": "",
    "ZDJECIE_2": "",
    "ZDJECIE_3": "",
    "ZDJECIE_4": "",
    "ZDJECIE_5": "",
    "ZDJECIE_6": "",
    "ZDJECIE_7": "",
    "ZDJECIE_8": "",
    "ZWERYFIKOW": "",
    "ZWIAZANA_Z": 0
   },
   "type": "Feature"
  },
  {
   "geometry": {
    "coordinates": [
     19.913844,
     50.042026
    ],
    "type": "Point"
   },
   "id": 408,
   "properties": {
    "ADRES": "",
    "ATRYBUTY_O": "Nr stanowiska: 416",
    "BUDOWNICZY": "",
    "CHARAKTER": "",
    "DATA_WPISU": null,
    "DATA_WZNIE": "",
    "DZIELNICA": "",
    "FID": 408,
    "FUNKCJA_OB": "",
    "FUNKCJA_PI": "",
    "GDB_AREA": 0,
    "GDB_PRM": 0,
    "GDB_PRMEX": 0,
    "GPT_DATE": null,
    "GPT_USER": "",
    "ID": 31788,
    "IDENT_OBIE": "67877199",
    "ID_ISDP": 0,
    "ID_SPRAWY": 80595399,
    "ID_WARSTWY": "F19_STAN_PNT_OPIS",
    "ISDP_FID": "GDB$G_EOZ_ARCHEOLOGIA_EOZ_A.4d9eef0c-e33a-557a-e055-000000000001",
    "ISTNIEJE": "",
    "KARTA_MAPY": "",
    "LOKALIZACJ": "",
    "MATERIAL": "",
    "NAZWA": "",
    "NUMER": "",
    "NUMER_EWID": "",
    "NUMER_REJ_": "",
    "OBREB": "",
    "REJESTR_TA": "EW_ARCHEOLOGIA",
    "RODZAJE_ZA": "",
    "RODZAJ_OBI": "",
    "RODZAJ_WLA": "",
    "STAN_ZACHO": "",
    "STATUS": "",
    "STYL_OBIEK": "",
    "SYMBOL_EWI": "",
    "SYMBOL_REJ": "",
    "UWAGI": "",
    "WIEK_CZ_PO": "",
    "WIEK_POWST": "",
    "WYDRUK_LIN": "",
    "ZAJETA_NA_": 1,
    "ZALACZNIKI": "http://172.16.11.22:8085/SOWA2-services/doc/print/65369949/0416.pdf",
    "ZDJECIE_1": "",
    "ZDJECIE_2": "",
    "ZDJECIE_3": "",
    "ZDJECIE_4": "",
    "ZDJECIE_5": "",
    "ZDJECIE_6": "",
    "ZDJECIE_7": "",
    "ZDJECIE_8": "",
    "ZWERYFIKOW": "",
    "ZWIAZANA_Z": 0
   },
   "type": "Feature"
  },
  {
   "geometry": {
    "coordinates": [
     19.916588,
     50.042574
    ],
    "type": "Point"
   },
   "id": 409,
   "properties": {
    "ADRES": "",
    "ATRYBUTY_O": "Nr stanowiska: 418",
    "BUDOWNICZY": "",
    "CHARAKTER": "",
    "DATA_WPISU": null,
    "DATA_WZNIE": "",
    "DZIELNICA": "",
    "FID": 409,
    "FUNKCJA_OB": "",
    "FUNKCJA_PI": "",
    "GDB_AREA": 0,
    "GDB_PRM": 0,
    "GDB_PRMEX": 0,
    "GPT_DATE": null,
    "GPT_USER": "",
    "ID": 31786,
    "IDENT_OBIE": "67877099",
    "ID_ISDP": 0,
    "ID_SPRAWY": 80595299,
    "ID_WARSTWY": "F19_STAN_PNT_OPIS",
    "ISDP_FID": "GDB$G_EOZ_ARCHEOLOGIA_EOZ_A.4d9eef0c-e33b-557a-e055-000000000001",
    "ISTNIEJE": "",
    "KARTA_MAPY": "",
    "LOKALIZACJ": "",
    "MATERIAL": "",
    "NAZWA": "",
    "NUMER": "",
    "NUMER_EWID": "",
    "NUMER_REJ_": "",
    "OBREB": "",
    "REJESTR_TA": "EW_ARCHEOLOGIA",
    "RODZAJE_ZA": "",
    "RODZAJ_OBI": "",
    "RODZAJ_WLA": "",
    "STAN_ZACHO": "",
    "STATUS": "",
    "STYL_OBIEK": "",
    "SYMBOL_EWI": "",
    "SYMBOL_REJ": "",
    "UWAGI": "",
    "WIEK_CZ_PO": "",
    "WIEK_POWST": "",
    "WYDRUK_LIN": "",
    "ZAJETA_NA_": 1,
    "ZALACZNIKI": "http://172.16.11.22:8085/SOWA2-services/doc/print/65370049/0418.pdf",
    "ZDJECIE_1": "",
    "ZDJECIE_2": "",
    "ZDJECIE_3": "",
    "ZDJECIE_4": "",
    "ZDJECIE_5": "",
    "ZDJECIE_6": "",
    "ZDJECIE_7": "",
    "ZDJECIE_8": "",
    "ZWERYFIKOW": "",
    "ZWIAZANA_Z": 0
   },
   "type": "Feature"
  },
  {
   "geometry": {
    "coordinates": [
     19.965234,
     50.033968
    ],
    "type": "Point"
   },
   "id": 410,
   "properties": {
    "ADRES": "",
    "ATRYBUTY_O": "Nr stanowiska: 420",
    "BUDOWNICZY": "",
    "CHARAKTER": "",
    "DATA_WPISU": null,
    "DATA_WZNIE": "",
    "DZIELNICA": "",
    "FID": 410,
    "FUNKCJA_OB": "",
    "FUNKCJA_PI": "",
    "GDB_AREA": 0,
    "GDB_PRM": 0,
    "GDB_PRMEX": 0,
    "GPT_DATE": null,
    "GPT_USER": "",
    "ID": 31598,
    "IDENT_OBIE": "67867699",
    "ID_ISDP": 0,
    "ID_SPRAWY": 80576749,
    "ID_WARSTWY": "F19_STAN_PNT_OPIS",
    "ISDP_FID": "GDB$G_EOZ_ARCHEOLOGIA_EOZ_A.4d9eef0c-e33c-557a-e055-000000000001",
    "ISTNIEJE": "",
    "KARTA_MAPY": "",
    "LOKALIZACJ": "",
    "MATERIAL": "",
    "NAZWA": "",
    "NUMER": "",
    "NUMER_EWID": "",
    "NUMER_REJ_": "",
    "OBREB": "",
    "REJESTR_TA": "EW_ARCHEOLOGIA",
    "RODZAJE_ZA": "",
    "RODZAJ_OBI": "",
    "RODZAJ_WLA": "",
    "STAN_ZACHO": "",
    "STATUS": "",
    "STYL_OBIEK": "",
    "SYMBOL_EWI": "",
    "SYMBOL_REJ": "",
    "UWAGI": "",
    "WIEK_CZ_PO": "",
    "WIEK_POWST": "",
    "WYDRUK_LIN": "",
    "ZAJETA_NA_": 1,
    "ZALACZNIKI": "http://172.16.11.22:8085/SOWA2-services/doc/print/65370149/0420.pdf",
    "ZDJECIE_1": "",
    "ZDJECIE_2": "",
    "ZDJECIE_3": "",
    "ZDJECIE_4": "",
    "ZDJECIE_5": "",
    "ZDJECIE_6": "",
    "ZDJECIE_7": "",
    "ZDJECIE_8": "",
    "ZWERYFIKOW": "",
    "ZWIAZANA_Z": 0
   },
   "type": "Feature"
  },
  {
   "geometry": {
    "coordinates": [
     19.948628,
     50.039825
    ],
    "type": "Point"
   },
   "id": 411,
   "properties": {
    "ADRES": "",
    "ATRYBUTY_O": "Nr stanowiska: 423",
    "BUDOWNICZY": "",
    "CHARAKTER": "",
    "DATA_WPISU": null,
    "DATA_WZNIE": "",
    "DZIELNICA": "",
    "FID": 411,
    "FUNKCJA_OB": "",
    "FUNKCJA_PI": "",
    "GDB_AREA": 0,
    "GDB_PRM": 0,
    "GDB_PRMEX": 0,
    "GPT_DATE": null,
    "GPT_USER": "",
    "ID": 31601,
    "IDENT_OBIE": "67867849",
    "ID_ISDP": 0,
    "ID_SPRAWY": 80576999,
    "ID_WARSTWY": "F19_STAN_PNT_OPIS",
    "ISDP_FID": "GDB$G_EOZ_ARCHEOLOGIA_EOZ_A.4d9eef0c-e33d-557a-e055-000000000001",
    "ISTNIEJE": "",
    "KARTA_MAPY": "",
    "LOKALIZACJ": "",
    "MATERIAL": "",
    "NAZWA": "",
    "NUMER": "",
    "NUMER_EWID": "",
    "NUMER_REJ_": "",
    "OBREB": "",
    "REJESTR_TA": "EW_ARCHEOLOGIA",
    "RODZAJE_ZA": "",
    "RODZAJ_OBI": "",
    "RODZAJ_WLA": "",
    "STAN_ZACHO": "",
    "STATUS": "",
    "STYL_OBIEK": "",
    "SYMBOL_EWI": "",
    "SYMBOL_REJ": "",
    "UWAGI": "",
    "WIEK_CZ_PO": "",
    "WIEK_POWST": "",
    "WYDRUK_LIN": "",
    "ZAJETA_NA_": 1,
    "ZALACZNIKI": "http://172.16.11.22:8085/SOWA2-services/doc/print/65370299/0423.pdf",
    "ZDJECIE_1": "",
    "ZDJECIE_2": "",
    "ZDJECIE_3": "",
    "ZDJECIE_4": "",
    "ZDJECIE_5": "",
    "ZDJECIE_6": "",
    "ZDJECIE_7": "",
    "ZDJECIE_8": "",
    "ZWERYFIKOW": "",
    "ZWIAZANA_Z": 0
   },
   "type": "Feature"
  },
  {
   "geometry": {
    "coordinates": [
     19.961588,
     50.006053
    ],
    "type": "Point"
   },
   "id": 412,
   "properties": {
    "ADRES": "",
    "ATRYBUTY_O": "Nr stanowiska: 430",
    "BUDOWNICZY": "",
    "CHARAKTER": "",
    "DATA_WPISU": null,
    "DATA_WZNIE": "",
    "DZIELNICA": "",
    "FID": 412,
    "FUNKCJA_OB": "",
    "FUNKCJA_PI": "",
    "GDB_AREA": 0,
    "GDB_PRM": 0,
    "GDB_PRMEX": 0,
    "GPT_DATE": null,
    "GPT_USER": "",
    "ID": 31696,
    "IDENT_OBIE": "67872599",
    "ID_ISDP": 0,
    "ID_SPRAWY": 80587199,
    "ID_WARSTWY": "F19_STAN_PNT_OPIS",
    "ISDP_FID": "GDB$G_EOZ_ARCHEOLOGIA_EOZ_A.4d9eef0c-e33e-557a-e055-000000000001",
    "ISTNIEJE": "",
    "KARTA_MAPY": "",
    "LOKALIZACJ": "",
    "MATERIAL": "",
    "NAZWA": "",
    "NUMER": "",
    "NUMER_EWID": "",
    "NUMER_REJ_": "",
    "OBREB": "",
    "REJESTR_TA": "EW_ARCHEOLOGIA",
    "RODZAJE_ZA": "",
    "RODZAJ_OBI": "",
    "RODZAJ_WLA": "",
    "STAN_ZACHO": "",
    "STATUS": "",
    "STYL_OBIEK": "",
    "SYMBOL_EWI": "",
    "SYMBOL_REJ": "",
    "UWAGI": "",
    "WIEK_CZ_PO": "",
    "WIEK_POWST": "",
    "WYDRUK_LIN": "",
    "ZAJETA_NA_": 1,
    "ZALACZNIKI": "http://172.16.11.22:8085/SOWA2-services/doc/print/65370399/0430.pdf",
    "ZDJECIE_1": "",
    "ZDJECIE_2": "",
    "ZDJECIE_3": "",
    "ZDJECIE_4": "",
    "ZDJECIE_5": "",
    "ZDJECIE_6": "",
    "ZDJECIE_7": "",
    "ZDJECIE_8": "",
    "ZWERYFIKOW": "",
    "ZWIAZANA_Z": 0
   },
   "type": "Feature"
  },
  {
   "geometry": {
    "coordinates": [
     19.965768,
     50.011413
    ],
    "type": "Point"
   },
   "id": 413,
   "properties": {
    "ADRES": "",
    "ATRYBUTY_O": "Nr stanowiska: 433",
    "BUDOWNICZY": "",
    "CHARAKTER": "",
    "DATA_WPISU": null,
    "DATA_WZNIE": "",
    "DZIELNICA": "",
    "FID": 413,
    "FUNKCJA_OB": "",
    "FUNKCJA_PI": "",
    "GDB_AREA": 0,
    "GDB_PRM": 0,
    "GDB_PRMEX": 0,
    "GPT_DATE": null,
    "GPT_USER": "",
    "ID": 31698,
    "IDENT_OBIE": "67872699",
    "ID_ISDP": 0,
    "ID_SPRAWY": 80587299,
    "ID_WARSTWY": "F19_STAN_PNT_OPIS",
    "ISDP_FID": "GDB$G_EOZ_ARCHEOLOGIA_EOZ_A.4d9eef0c-e33f-557a-e055-000000000001",
    "ISTNIEJE": "",
    "KARTA_MAPY": "",
    "LOKALIZACJ": "",
    "MATERIAL": "",
    "NAZWA": "",
    "NUMER": "",
    "NUMER_EWID": "",
    "NUMER_REJ_": "",
    "OBREB": "",
    "REJESTR_TA": "EW_ARCHEOLOGIA",
    "RODZAJE_ZA": "",
    "RODZAJ_OBI": "",
    "RODZAJ_WLA": "",
    "STAN_ZACHO": "",
    "STATUS": "",
    "STYL_OBIEK": "",
    "SYMBOL_EWI": "",
    "SYMBOL_REJ": "",
    "UWAGI": "",
    "WIEK_CZ_PO": "",
    "WIEK_POWST": "",
    "WYDRUK_LIN": "",
    "ZAJETA_NA_": 1,
    "ZALACZNIKI": "http://172.16.11.22:8085/SOWA2-services/doc/print/65370499/0433.pdf",
    "ZDJECIE_1": "",
    "ZDJECIE_2": "",
    "ZDJECIE_3": "",
    "ZDJECIE_4": "",
    "ZDJECIE_5": "",
    "ZDJECIE_6": "",
    "ZDJECIE_7": "",
    "ZDJECIE_8": "",
    "ZWERYFIKOW": "",
    "ZWIAZANA_Z": 0
   },
   "type": "Feature"
  },
  {
   "geometry": {
    "coordinates": [
     19.931124,
     50.002696
    ],
    "type": "Point"
   },
   "id": 414,
   "properties": {
    "ADRES": "",
    "ATRYBUTY_O": "Nr stanowiska: 445",
    "BUDOWNICZY": "",
    "CHARAKTER": "",
    "DATA_WPISU": null,
    "DATA_WZNIE": "",
    "DZIELNICA": "",
    "FID": 414,
    "FUNKCJA_OB": "",
    "FUNKCJA_PI": "",
    "GDB_AREA": 0,
    "GDB_PRM": 0,
    "GDB_PRMEX": 0,
    "GPT_DATE": null,
    "GPT_USER": "",
    "ID": 31447,
    "IDENT_OBIE": "67860149",
    "ID_ISDP": 0,
    "ID_SPRAWY": 80560749,
    "ID_WARSTWY": "F19_STAN_PNT_OPIS",
    "ISDP_FID": "GDB$G_EOZ_ARCHEOLOGIA_EOZ_A.4d9eef0c-e340-557a-e055-000000000001",
    "ISTNIEJE": "",
    "KARTA_MAPY": "",
    "LOKALIZACJ": "",
    "MATERIAL": "",
    "NAZWA": "",
    "NUMER": "",
    "NUMER_EWID": "",
    "NUMER_REJ_": "",
    "OBREB": "",
    "REJESTR_TA": "EW_ARCHEOLOGIA",
    "RODZAJE_ZA": "",
    "RODZAJ_OBI": "",
    "RODZAJ_WLA": "",
    "STAN_ZACHO": "",
    "STATUS": "",
    "STYL_OBIEK": "",
    "SYMBOL_EWI": "",
    "SYMBOL_REJ": "",
    "UWAGI": "",
    "WIEK_CZ_PO": "",
    "WIEK_POWST": "",
    "WYDRUK_LIN": "",
    "ZAJETA_NA_": 1,
    "ZALACZNIKI": "http://172.16.11.22:8085/SOWA2-services/doc/print/65370599/0445.pdf",
    "ZDJECIE_1": "",
    "ZDJECIE_2": "",
    "ZDJECIE_3": "",
    "ZDJECIE_4": "",
    "ZDJECIE_5": "",
    "ZDJECIE_6": "",
    "ZDJECIE_7": "",
    "ZDJECIE_8": "",
    "ZWERYFIKOW": "",
    "ZWIAZANA_Z": 0
   },
   "type": "Feature"
  },
  {
   "geometry": {
    "coordinates": [
     19.906533,
     50.009507
    ],
    "type": "Point"
   },
   "id": 415,
   "properties": {
    "ADRES": "",
    "ATRYBUTY_O": "Nr stanowiska: 447",
    "BUDOWNICZY": "",
    "CHARAKTER": "",
    "DATA_WPISU": null,
    "DATA_WZNIE": "",
    "DZIELNICA": "",
    "FID": 415,
    "FUNKCJA_OB": "",
    "FUNKCJA_PI": "",
    "GDB_AREA": 0,
    "GDB_PRM": 0,
    "GDB_PRMEX": 0,
    "GPT_DATE": null,
    "GPT_USER": "",
    "ID": 31454,
    "IDENT_OBIE": "67860499",
    "ID_ISDP": 0,
    "ID_SPRAWY": 80561549,
    "ID_WARSTWY": "F19_STAN_PNT_OPIS",
    "ISDP_FID": "GDB$G_EOZ_ARCHEOLOGIA_EOZ_A.4d9eef0c-e341-557a-e055-000000000001",
    "ISTNIEJE": "",
    "KARTA_MAPY": "",
    "LOKALIZACJ": "",
    "MATERIAL": "",
    "NAZWA": "",
    "NUMER": "",
    "NUMER_EWID": "",
    "NUMER_REJ_": "",
    "OBREB": "",
    "REJESTR_TA": "EW_ARCHEOLOGIA",
    "RODZAJE_ZA": "",
    "RODZAJ_OBI": "",
    "RODZAJ_WLA": "",
    "STAN_ZACHO": "",
    "STATUS": "",
    "STYL_OBIEK": "",
    "SYMBOL_EWI": "",
    "SYMBOL_REJ": "",
    "UWAGI": "",
    "WIEK_CZ_PO": "",
    "WIEK_POWST": "",
    "WYDRUK_LIN": "",
    "ZAJETA_NA_": 1,
    "ZALACZNIKI": "http://172.16.11.22:8085/SOWA2-services/doc/print/65370649/0447.pdf",
    "ZDJECIE_1": "",
    "ZDJECIE_2": "",
    "ZDJECIE_3": "",
    "ZDJECIE_4": "",
    "ZDJECIE_5": "",
    "ZDJECIE_6": "",
    "ZDJECIE_7": "",
    "ZDJECIE_8": "",
    "ZWERYFIKOW": "",
    "ZWIAZANA_Z": 0
   },
   "type": "Feature"
  },
  {
   "geometry": {
    "coordinates": [
     19.902863,
     50.00905
    ],
    "type": "Point"
   },
   "id": 416,
   "properties": {
    "ADRES": "",
    "ATRYBUTY_O": "Nr stanowiska: 449",
    "BUDOWNICZY": "",
    "CHARAKTER": "",
    "DATA_WPISU": null,
    "DATA_WZNIE": "",
    "DZIELNICA": "",
    "FID": 416,
    "FUNKCJA_OB": "",
    "FUNKCJA_PI": "",
    "GDB_AREA": 0,
    "GDB_PRM": 0,
    "GDB_PRMEX": 0,
    "GPT_DATE": null,
    "GPT_USER": "",
    "ID": 31456,
    "IDENT_OBIE": "67860599",
    "ID_ISDP": 0,
    "ID_SPRAWY": 80561649,
    "ID_WARSTWY": "F19_STAN_PNT_OPIS",
    "ISDP_FID": "GDB$G_EOZ_ARCHEOLOGIA_EOZ_A.4d9eef0c-e342-557a-e055-000000000001",
    "ISTNIEJE": "",
    "KARTA_MAPY": "",
    "LOKALIZACJ": "",
    "MATERIAL": "",
    "NAZWA": "",
    "NUMER": "",
    "NUMER_EWID": "",
    "NUMER_REJ_": "",
    "OBREB": "",
    "REJESTR_TA": "EW_ARCHEOLOGIA",
    "RODZAJE_ZA": "",
    "RODZAJ_OBI": "",
    "RODZAJ_WLA": "",
    "STAN_ZACHO": "",
    "STATUS": "",
    "STYL_OBIEK": "",
    "SYMBOL_EWI": "",
    "SYMBOL_REJ": "",
    "UWAGI": "",
    "WIEK_CZ_PO": "",
    "WIEK_POWST": "",
    "WYDRUK_LIN": "",
    "ZAJETA_NA_": 1,
    "ZALACZNIKI": "http://172.16.11.22:8085/SOWA2-services/doc/print/65370749/0449.pdf",
    "ZDJECIE_1": "",
    "ZDJECIE_2": "",
    "ZDJECIE_3": "",
    "ZDJECIE_4": "",
    "ZDJECIE_5": "",
    "ZDJECIE_6": "",
    "ZDJECIE_7": "",
    "ZDJECIE_8": "",
    "ZWERYFIKOW": "",
    "ZWIAZANA_Z": 0
   },
   "type": "Feature"
  },
  {
   "geometry": {
    "coordinates": [
     19.890061,
     50.008965
    ],
    "type": "Point"
   },
   "id": 417,
   "properties": {
    "ADRES": "",
    "ATRYBUTY_O": "Nr stanowiska: 451",
    "BUDOWNICZY": "",
    "CHARAKTER": "",
    "DATA_WPISU": null,
    "DATA_WZNIE": "",
    "DZIELNICA": "",
    "FID": 417,
    "FUNKCJA_OB": "",
    "FUNKCJA_PI": "",
    "GDB_AREA": 0,
    "GDB_PRM": 0,
    "GDB_PRMEX": 0,
    "GPT_DATE": null,
    "GPT_USER": "",
    "ID": 31458,
    "IDENT_OBIE": "67860699",
    "ID_ISDP": 0,
    "ID_SPRAWY": 80561999,
    "ID_WARSTWY": "F19_STAN_PNT_OPIS",
    "ISDP_FID": "GDB$G_EOZ_ARCHEOLOGIA_EOZ_A.4d9eef0c-e343-557a-e055-000000000001",
    "ISTNIEJE": "",
    "KARTA_MAPY": "",
    "LOKALIZACJ": "",
    "MATERIAL": "",
    "NAZWA": "",
    "NUMER": "",
    "NUMER_EWID": "",
    "NUMER_REJ_": "",
    "OBREB": "",
    "REJESTR_TA": "EW_ARCHEOLOGIA",
    "RODZAJE_ZA": "",
    "RODZAJ_OBI": "",
    "RODZAJ_WLA": "",
    "STAN_ZACHO": "",
    "STATUS": "",
    "STYL_OBIEK": "",
    "SYMBOL_EWI": "",
    "SYMBOL_REJ": "",
    "UWAGI": "",
    "WIEK_CZ_PO": "",
    "WIEK_POWST": "",
    "WYDRUK_LIN": "",
    "ZAJETA_NA_": 1,
    "ZALACZNIKI": "http://172.16.11.22:8085/SOWA2-services/doc/print/65370849/0451.pdf",
    "ZDJECIE_1": "",
    "ZDJECIE_2": "",
    "ZDJECIE_3": "",
    "ZDJECIE_4": "",
    "ZDJECIE_5": "",
    "ZDJECIE_6": "",
    "ZDJECIE_7": "",
    "ZDJECIE_8": "",
    "ZWERYFIKOW": "",
    "ZWIAZANA_Z": 0
   },
   "type": "Feature"
  },
  {
   "geometry": {
    "coordinates": [
     19.89269,
     50.003589
    ],
    "type": "Point"
   },
   "id": 418,
   "properties": {
    "ADRES": "",
    "ATRYBUTY_O": "Nr stanowiska: 454",
    "BUDOWNICZY": "",
    "CHARAKTER": "",
    "DATA_WPISU": null,
    "DATA_WZNIE": "",
    "DZIELNICA": "",
    "FID": 418,
    "FUNKCJA_OB": "",
    "FUNKCJA_PI": "",
    "GDB_AREA": 0,
    "GDB_PRM": 0,
    "GDB_PRMEX": 0,
    "GPT_DATE": null,
    "GPT_USER": "",
    "ID": 31460,
    "IDENT_OBIE": "67860799",
    "ID_ISDP": 0,
    "ID_SPRAWY": 80562149,
    "ID_WARSTWY": "F19_STAN_PNT_OPIS",
    "ISDP_FID": "GDB$G_EOZ_ARCHEOLOGIA_EOZ_A.4d9eef0c-e344-557a-e055-000000000001",
    "ISTNIEJE": "",
    "KARTA_MAPY": "",
    "LOKALIZACJ": "",
    "MATERIAL": "",
    "NAZWA": "",
    "NUMER": "",
    "NUMER_EWID": "",
    "NUMER_REJ_": "",
    "OBREB": "",
    "REJESTR_TA": "EW_ARCHEOLOGIA",
    "RODZAJE_ZA": "",
    "RODZAJ_OBI": "",
    "RODZAJ_WLA": "",
    "STAN_ZACHO": "",
    "STATUS": "",
    "STYL_OBIEK": "",
    "SYMBOL_EWI": "",
    "SYMBOL_REJ": "",
    "UWAGI": "",
    "WIEK_CZ_PO": "",
    "WIEK_POWST": "",
    "WYDRUK_LIN": "",
    "ZAJETA_NA_": 1,
    "ZALACZNIKI": "http://172.16.11.22:8085/SOWA2-services/doc/print/65370949/0454.pdf",
    "ZDJECIE_1": "",
    "ZDJECIE_2": "",
    "ZDJECIE_3": "",
    "ZDJECIE_4": "",
    "ZDJECIE_5": "",
    "ZDJECIE_6": "",
    "ZDJECIE_7": "",
    "ZDJECIE_8": "",
    "ZWERYFIKOW": "",
    "ZWIAZANA_Z": 0
   },
   "type": "Feature"
  },
  {
   "geometry": {
    "coordinates": [
     19.90114,
     50.021919
    ],
    "type": "Point"
   },
   "id": 419,
   "properties": {
    "ADRES": "",
    "ATRYBUTY_O": "Nr stanowiska: 457",
    "BUDOWNICZY": "",
    "CHARAKTER": "",
    "DATA_WPISU": null,
    "DATA_WZNIE": "",
    "DZIELNICA": "",
    "FID": 419,
    "FUNKCJA_OB": "",
    "FUNKCJA_PI": "",
    "GDB_AREA": 0,
    "GDB_PRM": 0,
    "GDB_PRMEX": 0,
    "GPT_DATE": null,
    "GPT_USER": "",
    "ID": 31463,
    "IDENT_OBIE": "67860949",
    "ID_ISDP": 0,
    "ID_SPRAWY": 80562299,
    "ID_WARSTWY": "F19_STAN_PNT_OPIS",
    "ISDP_FID": "GDB$G_EOZ_ARCHEOLOGIA_EOZ_A.4d9eef0c-e345-557a-e055-000000000001",
    "ISTNIEJE": "",
    "KARTA_MAPY": "",
    "LOKALIZACJ": "",
    "MATERIAL": "",
    "NAZWA": "",
    "NUMER": "",
    "NUMER_EWID": "",
    "NUMER_REJ_": "",
    "OBREB": "",
    "REJESTR_TA": "EW_ARCHEOLOGIA",
    "RODZAJE_ZA": "",
    "RODZAJ_OBI": "",
    "RODZAJ_WLA": "",
    "STAN_ZACHO": "",
    "STATUS": "",
    "STYL_OBIEK": "",
    "SYMBOL_EWI": "",
    "SYMBOL_REJ": "",
    "UWAGI": "",
    "WIEK_CZ_PO": "",
    "WIEK_POWST": "",
    "WYDRUK_LIN": "",
    "ZAJETA_NA_": 1,
    "ZALACZNIKI": "http://172.16.11.22:8085/SOWA2-services/doc/print/65371099/0457.pdf",
    "ZDJECIE_1": "",
    "ZDJECIE_2": "",
    "ZDJECIE_3": "",
    "ZDJECIE_4": "",
    "ZDJECIE_5": "",
    "ZDJECIE_6": "",
    "ZDJECIE_7": "",
    "ZDJECIE_8": "",
    "ZWERYFIKOW": "",
    "ZWIAZANA_Z": 0
   },
   "type": "Feature"
  },
  {
   "geometry": {
    "coordinates": [
     19.905036,
     50.023365
    ],
    "type": "Point"
   },
   "id": 420,
   "properties": {
    "ADRES": "",
    "ATRYBUTY_O": "Nr stanowiska: 459",
    "BUDOWNICZY": "",
    "CHARAKTER": "",
    "DATA_WPISU": null,
    "DATA_WZNIE": "",
    "DZIELNICA": "",
    "FID": 420,
    "FUNKCJA_OB": "",
    "FUNKCJA_PI": "",
    "GDB_AREA": 0,
    "GDB_PRM": 0,
    "GDB_PRMEX": 0,
    "GPT_DATE": null,
    "GPT_USER": "",
    "ID": 31465,
    "IDENT_OBIE": "67861049",
    "ID_ISDP": 0,
    "ID_SPRAWY": 80562399,
    "ID_WARSTWY": "F19_STAN_PNT_OPIS",
    "ISDP_FID": "GDB$G_EOZ_ARCHEOLOGIA_EOZ_A.4d9eef0c-e346-557a-e055-000000000001",
    "ISTNIEJE": "",
    "KARTA_MAPY": "",
    "LOKALIZACJ": "",
    "MATERIAL": "",
    "NAZWA": "",
    "NUMER": "",
    "NUMER_EWID": "",
    "NUMER_REJ_": "",
    "OBREB": "",
    "REJESTR_TA": "EW_ARCHEOLOGIA",
    "RODZAJE_ZA": "",
    "RODZAJ_OBI": "",
    "RODZAJ_WLA": "",
    "STAN_ZACHO": "",
    "STATUS": "",
    "STYL_OBIEK": "",
    "SYMBOL_EWI": "",
    "SYMBOL_REJ": "",
    "UWAGI": "",
    "WIEK_CZ_PO": "",
    "WIEK_POWST": "",
    "WYDRUK_LIN": "",
    "ZAJETA_NA_": 1,
    "ZALACZNIKI": "http://172.16.11.22:8085/SOWA2-services/doc/print/65371199/0459.pdf",
    "ZDJECIE_1": "",
    "ZDJECIE_2": "",
    "ZDJECIE_3": "",
    "ZDJECIE_4": "",
    "ZDJECIE_5": "",
    "ZDJECIE_6": "",
    "ZDJECIE_7": "",
    "ZDJECIE_8": "",
    "ZWERYFIKOW": "",
    "ZWIAZANA_Z": 0
   },
   "type": "Feature"
  },
  {
   "geometry": {
    "coordinates": [
     19.862949,
     49.988301
    ],
    "type": "Point"
   },
   "id": 421,
   "properties": {
    "ADRES": "",
    "ATRYBUTY_O": "Nr stanowiska: 464",
    "BUDOWNICZY": "",
    "CHARAKTER": "",
    "DATA_WPISU": null,
    "DATA_WZNIE": "",
    "DZIELNICA": "",
    "FID": 421,
    "FUNKCJA_OB": "",
    "FUNKCJA_PI": "",
    "GDB_AREA": 0,
    "GDB_PRM": 0,
    "GDB_PRMEX": 0,
    "GPT_DATE": null,
    "GPT_USER": "",
    "ID": 31640,
    "IDENT_OBIE": "67869799",
    "ID_ISDP": 0,
    "ID_SPRAWY": 80581499,
    "ID_WARSTWY": "F19_STAN_PNT_OPIS",
    "ISDP_FID": "GDB$G_EOZ_ARCHEOLOGIA_EOZ_A.4d9eef0c-e347-557a-e055-000000000001",
    "ISTNIEJE": "",
    "KARTA_MAPY": "",
    "LOKALIZACJ": "",
    "MATERIAL": "",
    "NAZWA": "",
    "NUMER": "",
    "NUMER_EWID": "",
    "NUMER_REJ_": "",
    "OBREB": "",
    "REJESTR_TA": "EW_ARCHEOLOGIA",
    "RODZAJE_ZA": "",
    "RODZAJ_OBI": "",
    "RODZAJ_WLA": "",
    "STAN_ZACHO": "",
    "STATUS": "",
    "STYL_OBIEK": "",
    "SYMBOL_EWI": "",
    "SYMBOL_REJ": "",
    "UWAGI": "",
    "WIEK_CZ_PO": "",
    "WIEK_POWST": "",
    "WYDRUK_LIN": "",
    "ZAJETA_NA_": 1,
    "ZALACZNIKI": "http://172.16.11.22:8085/SOWA2-services/doc/print/65371449/0464.pdf",
    "ZDJECIE_1": "",
    "ZDJECIE_2": "",
    "ZDJECIE_3": "",
    "ZDJECIE_4": "",
    "ZDJECIE_5": "",
    "ZDJECIE_6": "",
    "ZDJECIE_7": "",
    "ZDJECIE_8": "",
    "ZWERYFIKOW": "",
    "ZWIAZANA_Z": 0
   },
   "type": "Feature"
  },
  {
   "geometry": {
    "coordinates": [
     19.856489,
     49.990002
    ],
    "type": "Point"
   },
   "id": 422,
   "properties": {
    "ADRES": "",
    "ATRYBUTY_O": "Nr stanowiska: 467",
    "BUDOWNICZY": "",
    "CHARAKTER": "",
    "DATA_WPISU": null,
    "DATA_WZNIE": "",
    "DZIELNICA": "",
    "FID": 422,
    "FUNKCJA_OB": "",
    "FUNKCJA_PI": "",
    "GDB_AREA": 0,
    "GDB_PRM": 0,
    "GDB_PRMEX": 0,
    "GPT_DATE": null,
    "GPT_USER": "",
    "ID": 31642,
    "IDENT_OBIE": "67869899",
    "ID_ISDP": 0,
    "ID_SPRAWY": 80581649,
    "ID_WARSTWY": "F19_STAN_PNT_OPIS",
    "ISDP_FID": "GDB$G_EOZ_ARCHEOLOGIA_EOZ_A.4d9eef0c-e348-557a-e055-000000000001",
    "ISTNIEJE": "",
    "KARTA_MAPY": "",
    "LOKALIZACJ": "",
    "MATERIAL": "",
    "NAZWA": "",
    "NUMER": "",
    "NUMER_EWID": "",
    "NUMER_REJ_": "",
    "OBREB": "",
    "REJESTR_TA": "EW_ARCHEOLOGIA",
    "RODZAJE_ZA": "",
    "RODZAJ_OBI": "",
    "RODZAJ_WLA": "",
    "STAN_ZACHO": "",
    "STATUS": "",
    "STYL_OBIEK": "",
    "SYMBOL_EWI": "",
    "SYMBOL_REJ": "",
    "UWAGI": "",
    "WIEK_CZ_PO": "",
    "WIEK_POWST": "",
    "WYDRUK_LIN": "",
    "ZAJETA_NA_": 1,
    "ZALACZNIKI": "http://172.16.11.22:8085/SOWA2-services/doc/print/65371549/0467.pdf",
    "ZDJECIE_1": "",
    "ZDJECIE_2": "",
    "ZDJECIE_3": "",
    "ZDJECIE_4": "",
    "ZDJECIE_5": "",
    "ZDJECIE_6": "",
    "ZDJECIE_7": "",
    "ZDJECIE_8": "",
    "ZWERYFIKOW": "",
    "ZWIAZANA_Z": 0
   },
   "type": "Feature"
  },
  {
   "geometry": {
    "coordinates": [
     19.855053,
     49.986163
    ],
    "type": "Point"
   },
   "id": 423,
   "properties": {
    "ADRES": "",
    "ATRYBUTY_O": "Nr stanowiska: 474",
    "BUDOWNICZY": "",
    "CHARAKTER": "",
    "DATA_WPISU": null,
    "DATA_WZNIE": "",
    "DZIELNICA": "",
    "FID": 423,
    "FUNKCJA_OB": "",
    "FUNKCJA_PI": "",
    "GDB_AREA": 0,
    "GDB_PRM": 0,
    "GDB_PRMEX": 0,
    "GPT_DATE": null,
    "GPT_USER": "",
    "ID": 31645,
    "IDENT_OBIE": "67870049",
    "ID_ISDP": 0,
    "ID_SPRAWY": 80582099,
    "ID_WARSTWY": "F19_STAN_PNT_OPIS",
    "ISDP_FID": "GDB$G_EOZ_ARCHEOLOGIA_EOZ_A.4d9eef0c-e349-557a-e055-000000000001",
    "ISTNIEJE": "",
    "KARTA_MAPY": "",
    "LOKALIZACJ": "",
    "MATERIAL": "",
    "NAZWA": "",
    "NUMER": "",
    "NUMER_EWID": "",
    "NUMER_REJ_": "",
    "OBREB": "",
    "REJESTR_TA": "EW_ARCHEOLOGIA",
    "RODZAJE_ZA": "",
    "RODZAJ_OBI": "",
    "RODZAJ_WLA": "",
    "STAN_ZACHO": "",
    "STATUS": "",
    "STYL_OBIEK": "",
    "SYMBOL_EWI": "",
    "SYMBOL_REJ": "",
    "UWAGI": "",
    "WIEK_CZ_PO": "",
    "WIEK_POWST": "",
    "WYDRUK_LIN": "",
    "ZAJETA_NA_": 1,
    "ZALACZNIKI": "http://172.16.11.22:8085/SOWA2-services/doc/print/65371699/0474.pdf",
    "ZDJECIE_1": "",
    "ZDJECIE_2": "",
    "ZDJECIE_3": "",
    "ZDJECIE_4": "",
    "ZDJECIE_5": "",
    "ZDJECIE_6": "",
    "ZDJECIE_7": "",
    "ZDJECIE_8": "",
    "ZWERYFIKOW": "",
    "ZWIAZANA_Z": 0
   },
   "type": "Feature"
  },
  {
   "geometry": {
    "coordinates": [
     19.850115,
     49.991143
    ],
    "type": "Point"
   },
   "id": 424,
   "properties": {
    "ADRES": "",
    "ATRYBUTY_O": "Nr stanowiska: 476",
    "BUDOWNICZY": "",
    "CHARAKTER": "",
    "DATA_WPISU": null,
    "DATA_WZNIE": "",
    "DZIELNICA": "",
    "FID": 424,
    "FUNKCJA_OB": "",
    "FUNKCJA_PI": "",
    "GDB_AREA": 0,
    "GDB_PRM": 0,
    "GDB_PRMEX": 0,
    "GPT_DATE": null,
    "GPT_USER": "",
    "ID": 31647,
    "IDENT_OBIE": "67870149",
    "ID_ISDP": 0,
    "ID_SPRAWY": 80582199,
    "ID_WARSTWY": "F19_STAN_PNT_OPIS",
    "ISDP_FID": "GDB$G_EOZ_ARCHEOLOGIA_EOZ_A.4d9eef0c-e34a-557a-e055-000000000001",
    "ISTNIEJE": "",
    "KARTA_MAPY": "",
    "LOKALIZACJ": "",
    "MATERIAL": "",
    "NAZWA": "",
    "NUMER": "",
    "NUMER_EWID": "",
    "NUMER_REJ_": "",
    "OBREB": "",
    "REJESTR_TA": "EW_ARCHEOLOGIA",
    "RODZAJE_ZA": "",
    "RODZAJ_OBI": "",
    "RODZAJ_WLA": "",
    "STAN_ZACHO": "",
    "STATUS": "",
    "STYL_OBIEK": "",
    "SYMBOL_EWI": "",
    "SYMBOL_REJ": "",
    "UWAGI": "",
    "WIEK_CZ_PO": "",
    "WIEK_POWST": "",
    "WYDRUK_LIN": "",
    "ZAJETA_NA_": 1,
    "ZALACZNIKI": "http://172.16.11.22:8085/SOWA2-services/doc/print/65371799/0476.pdf",
    "ZDJECIE_1": "",
    "ZDJECIE_2": "",
    "ZDJECIE_3": "",
    "ZDJECIE_4": "",
    "ZDJECIE_5": "",
    "ZDJECIE_6": "",
    "ZDJECIE_7": "",
    "ZDJECIE_8": "",
    "ZWERYFIKOW": "",
    "ZWIAZANA_Z": 0
   },
   "type": "Feature"
  },
  {
   "geometry": {
    "coordinates": [
     19.822442,
     49.997486
    ],
    "type": "Point"
   },
   "id": 425,
   "properties": {
    "ADRES": "",
    "ATRYBUTY_O": "Nr stanowiska: 478",
    "BUDOWNICZY": "",
    "CHARAKTER": "",
    "DATA_WPISU": null,
    "DATA_WZNIE": "",
    "DZIELNICA": "",
    "FID": 425,
    "FUNKCJA_OB": "",
    "FUNKCJA_PI": "",
    "GDB_AREA": 0,
    "GDB_PRM": 0,
    "GDB_PRMEX": 0,
    "GPT_DATE": null,
    "GPT_USER": "",
    "ID": 31711,
    "IDENT_OBIE": "67873349",
    "ID_ISDP": 0,
    "ID_SPRAWY": 80588799,
    "ID_WARSTWY": "F19_STAN_PNT_OPIS",
    "ISDP_FID": "GDB$G_EOZ_ARCHEOLOGIA_EOZ_A.4d9eef0c-e34b-557a-e055-000000000001",
    "ISTNIEJE": "",
    "KARTA_MAPY": "",
    "LOKALIZACJ": "",
    "MATERIAL": "",
    "NAZWA": "",
    "NUMER": "",
    "NUMER_EWID": "",
    "NUMER_REJ_": "",
    "OBREB": "",
    "REJESTR_TA": "EW_ARCHEOLOGIA",
    "RODZAJE_ZA": "",
    "RODZAJ_OBI": "",
    "RODZAJ_WLA": "",
    "STAN_ZACHO": "",
    "STATUS": "",
    "STYL_OBIEK": "",
    "SYMBOL_EWI": "",
    "SYMBOL_REJ": "",
    "UWAGI": "",
    "WIEK_CZ_PO": "",
    "WIEK_POWST": "",
    "WYDRUK_LIN": "",
    "ZAJETA_NA_": 1,
    "ZALACZNIKI": "http://172.16.11.22:8085/SOWA2-services/doc/print/65371899/0478.pdf",
    "ZDJECIE_1": "",
    "ZDJECIE_2": "",
    "ZDJECIE_3": "",
    "ZDJECIE_4": "",
    "ZDJECIE_5": "",
    "ZDJECIE_6": "",
    "ZDJECIE_7": "",
    "ZDJECIE_8": "",
    "ZWERYFIKOW": "",
    "ZWIAZANA_Z": 0
   },
   "type": "Feature"
  },
  {
   "geometry": {
    "coordinates": [
     19.904302,
     50.002941
    ],
    "type": "Point"
   },
   "id": 426,
   "properties": {
    "ADRES": "",
    "ATRYBUTY_O": "Nr stanowiska: 486",
    "BUDOWNICZY": "",
    "CHARAKTER": "",
    "DATA_WPISU": null,
    "DATA_WZNIE": "",
    "DZIELNICA": "",
    "FID": 426,
    "FUNKCJA_OB": "",
    "FUNKCJA_PI": "",
    "GDB_AREA": 0,
    "GDB_PRM": 0,
    "GDB_PRMEX": 0,
    "GPT_DATE": null,
    "GPT_USER": "",
    "ID": 31467,
    "IDENT_OBIE": "67861149",
    "ID_ISDP": 0,
    "ID_SPRAWY": 80562549,
    "ID_WARSTWY": "F19_STAN_PNT_OPIS",
    "ISDP_FID": "GDB$G_EOZ_ARCHEOLOGIA_EOZ_A.4d9eef0c-e34c-557a-e055-000000000001",
    "ISTNIEJE": "",
    "KARTA_MAPY": "",
    "LOKALIZACJ": "",
    "MATERIAL": "",
    "NAZWA": "",
    "NUMER": "",
    "NUMER_EWID": "",
    "NUMER_REJ_": "",
    "OBREB": "",
    "REJESTR_TA": "EW_ARCHEOLOGIA",
    "RODZAJE_ZA": "",
    "RODZAJ_OBI": "",
    "RODZAJ_WLA": "",
    "STAN_ZACHO": "",
    "STATUS": "",
    "STYL_OBIEK": "",
    "SYMBOL_EWI": "",
    "SYMBOL_REJ": "",
    "UWAGI": "",
    "WIEK_CZ_PO": "",
    "WIEK_POWST": "",
    "WYDRUK_LIN": "",
    "ZAJETA_NA_": 1,
    "ZALACZNIKI": "http://172.16.11.22:8085/SOWA2-services/doc/print/65372149/0486.pdf",
    "ZDJECIE_1": "",
    "ZDJECIE_2": "",
    "ZDJECIE_3": "",
    "ZDJECIE_4": "",
    "ZDJECIE_5": "",
    "ZDJECIE_6": "",
    "ZDJECIE_7": "",
    "ZDJECIE_8": "",
    "ZWERYFIKOW": "",
    "ZWIAZANA_Z": 0
   },
   "type": "Feature"
  },
  {
   "geometry": {
    "coordinates": [
     19.954373,
     50.001773
    ],
    "type": "Point"
   },
   "id": 427,
   "properties": {
    "ADRES": "",
    "ATRYBUTY_O": "Nr stanowiska: 489",
    "BUDOWNICZY": "",
    "CHARAKTER": "",
    "DATA_WPISU": null,
    "DATA_WZNIE": "",
    "DZIELNICA": "",
    "FID": 427,
    "FUNKCJA_OB": "",
    "FUNKCJA_PI": "",
    "GDB_AREA": 0,
    "GDB_PRM": 0,
    "GDB_PRMEX": 0,
    "GPT_DATE": null,
    "GPT_USER": "",
    "ID": 31491,
    "IDENT_OBIE": "67862349",
    "ID_ISDP": 0,
    "ID_SPRAWY": 80564949,
    "ID_WARSTWY": "F19_STAN_PNT_OPIS",
    "ISDP_FID": "GDB$G_EOZ_ARCHEOLOGIA_EOZ_A.4d9eef0c-e34d-557a-e055-000000000001",
    "ISTNIEJE": "",
    "KARTA_MAPY": "",
    "LOKALIZACJ": "",
    "MATERIAL": "",
    "NAZWA": "",
    "NUMER": "",
    "NUMER_EWID": "",
    "NUMER_REJ_": "",
    "OBREB": "",
    "REJESTR_TA": "EW_ARCHEOLOGIA",
    "RODZAJE_ZA": "",
    "RODZAJ_OBI": "",
    "RODZAJ_WLA": "",
    "STAN_ZACHO": "",
    "STATUS": "",
    "STYL_OBIEK": "",
    "SYMBOL_EWI": "",
    "SYMBOL_REJ": "",
    "UWAGI": "",
    "WIEK_CZ_PO": "",
    "WIEK_POWST": "",
    "WYDRUK_LIN": "",
    "ZAJETA_NA_": 1,
    "ZALACZNIKI": "http://172.16.11.22:8085/SOWA2-services/doc/print/65372249/0489.pdf",
    "ZDJECIE_1": "",
    "ZDJECIE_2": "",
    "ZDJECIE_3": "",
    "ZDJECIE_4": "",
    "ZDJECIE_5": "",
    "ZDJECIE_6": "",
    "ZDJECIE_7": "",
    "ZDJECIE_8": "",
    "ZWERYFIKOW": "",
    "ZWIAZANA_Z": 0
   },
   "type": "Feature"
  },
  {
   "geometry": {
    "coordinates": [
     19.96016,
     49.974393
    ],
    "type": "Point"
   },
   "id": 428,
   "properties": {
    "ADRES": "",
    "ATRYBUTY_O": "Nr stanowiska: 496",
    "BUDOWNICZY": "",
    "CHARAKTER": "",
    "DATA_WPISU": null,
    "DATA_WZNIE": "",
    "DZIELNICA": "",
    "FID": 428,
    "FUNKCJA_OB": "",
    "FUNKCJA_PI": "",
    "GDB_AREA": 0,
    "GDB_PRM": 0,
    "GDB_PRMEX": 0,
    "GPT_DATE": null,
    "GPT_USER": "",
    "ID": 31789,
    "IDENT_OBIE": "67877249",
    "ID_ISDP": 0,
    "ID_SPRAWY": 80595799,
    "ID_WARSTWY": "F19_STAN_PNT_OPIS",
    "ISDP_FID": "GDB$G_EOZ_ARCHEOLOGIA_EOZ_A.4d9eef0c-e34e-557a-e055-000000000001",
    "ISTNIEJE": "",
    "KARTA_MAPY": "",
    "LOKALIZACJ": "",
    "MATERIAL": "",
    "NAZWA": "",
    "NUMER": "",
    "NUMER_EWID": "",
    "NUMER_REJ_": "",
    "OBREB": "",
    "REJESTR_TA": "EW_ARCHEOLOGIA",
    "RODZAJE_ZA": "",
    "RODZAJ_OBI": "",
    "RODZAJ_WLA": "",
    "STAN_ZACHO": "",
    "STATUS": "",
    "STYL_OBIEK": "",
    "SYMBOL_EWI": "",
    "SYMBOL_REJ": "",
    "UWAGI": "",
    "WIEK_CZ_PO": "",
    "WIEK_POWST": "",
    "WYDRUK_LIN": "",
    "ZAJETA_NA_": 1,
    "ZALACZNIKI": "http://172.16.11.22:8085/SOWA2-services/doc/print/65372349/0496.pdf",
    "ZDJECIE_1": "",
    "ZDJECIE_2": "",
    "ZDJECIE_3": "",
    "ZDJECIE_4": "",
    "ZDJECIE_5": "",
    "ZDJECIE_6": "",
    "ZDJECIE_7": "",
    "ZDJECIE_8": "",
    "ZWERYFIKOW": "",
    "ZWIAZANA_Z": 0
   },
   "type": "Feature"
  },
  {
   "geometry": {
    "coordinates": [
     19.963554,
     49.972787
    ],
    "type": "Point"
   },
   "id": 429,
   "properties": {
    "ADRES": "",
    "ATRYBUTY_O": "Nr stanowiska: 500",
    "BUDOWNICZY": "",
    "CHARAKTER": "",
    "DATA_WPISU": null,
    "DATA_WZNIE": "",
    "DZIELNICA": "",
    "FID": 429,
    "FUNKCJA_OB": "",
    "FUNKCJA_PI": "",
    "GDB_AREA": 0,
    "GDB_PRM": 0,
    "GDB_PRMEX": 0,
    "GPT_DATE": null,
    "GPT_USER": "",
    "ID": 31792,
    "IDENT_OBIE": "67877399",
    "ID_ISDP": 0,
    "ID_SPRAWY": 80595999,
    "ID_WARSTWY": "F19_STAN_PNT_OPIS",
    "ISDP_FID": "GDB$G_EOZ_ARCHEOLOGIA_EOZ_A.4d9eef0c-e34f-557a-e055-000000000001",
    "ISTNIEJE": "",
    "KARTA_MAPY": "",
    "LOKALIZACJ": "",
    "MATERIAL": "",
    "NAZWA": "",
    "NUMER": "",
    "NUMER_EWID": "",
    "NUMER_REJ_": "",
    "OBREB": "",
    "REJESTR_TA": "EW_ARCHEOLOGIA",
    "RODZAJE_ZA": "",
    "RODZAJ_OBI": "",
    "RODZAJ_WLA": "",
    "STAN_ZACHO": "",
    "STATUS": "",
    "STYL_OBIEK": "",
    "SYMBOL_EWI": "",
    "SYMBOL_REJ": "",
    "UWAGI": "",
    "WIEK_CZ_PO": "",
    "WIEK_POWST": "",
    "WYDRUK_LIN": "",
    "ZAJETA_NA_": 1,
    "ZALACZNIKI": "http://172.16.11.22:8085/SOWA2-services/doc/print/65372499/0500.pdf",
    "ZDJECIE_1": "",
    "ZDJECIE_2": "",
    "ZDJECIE_3": "",
    "ZDJECIE_4": "",
    "ZDJECIE_5": "",
    "ZDJECIE_6": "",
    "ZDJECIE_7": "",
    "ZDJECIE_8": "",
    "ZWERYFIKOW": "",
    "ZWIAZANA_Z": 0
   },
   "type": "Feature"
  },
  {
   "geometry": {
    "coordinates": [
     19.988515,
     49.9908
    ],
    "type": "Point"
   },
   "id": 430,
   "properties": {
    "ADRES": "",
    "ATRYBUTY_O": "Nr stanowiska: 508",
    "BUDOWNICZY": "",
    "CHARAKTER": "",
    "DATA_WPISU": null,
    "DATA_WZNIE": "",
    "DZIELNICA": "",
    "FID": 430,
    "FUNKCJA_OB": "",
    "FUNKCJA_PI": "",
    "GDB_AREA": 0,
    "GDB_PRM": 0,
    "GDB_PRMEX": 0,
    "GPT_DATE": null,
    "GPT_USER": "",
    "ID": 31469,
    "IDENT_OBIE": "67861249",
    "ID_ISDP": 0,
    "ID_SPRAWY": 80562999,
    "ID_WARSTWY": "F19_STAN_PNT_OPIS",
    "ISDP_FID": "GDB$G_EOZ_ARCHEOLOGIA_EOZ_A.4d9eef0c-e350-557a-e055-000000000001",
    "ISTNIEJE": "",
    "KARTA_MAPY": "",
    "LOKALIZACJ": "",
    "MATERIAL": "",
    "NAZWA": "",
    "NUMER": "",
    "NUMER_EWID": "",
    "NUMER_REJ_": "",
    "OBREB": "",
    "REJESTR_TA": "EW_ARCHEOLOGIA",
    "RODZAJE_ZA": "",
    "RODZAJ_OBI": "",
    "RODZAJ_WLA": "",
    "STAN_ZACHO": "",
    "STATUS": "",
    "STYL_OBIEK": "",
    "SYMBOL_EWI": "",
    "SYMBOL_REJ": "",
    "UWAGI": "",
    "WIEK_CZ_PO": "",
    "WIEK_POWST": "",
    "WYDRUK_LIN": "",
    "ZAJETA_NA_": 1,
    "ZALACZNIKI": "http://172.16.11.22:8085/SOWA2-services/doc/print/65372599/0508.pdf",
    "ZDJECIE_1": "",
    "ZDJECIE_2": "",
    "ZDJECIE_3": "",
    "ZDJECIE_4": "",
    "ZDJECIE_5": "",
    "ZDJECIE_6": "",
    "ZDJECIE_7": "",
    "ZDJECIE_8": "",
    "ZWERYFIKOW": "",
    "ZWIAZANA_Z": 0
   },
   "type": "Feature"
  },
  {
   "geometry": {
    "coordinates": [
     19.998209,
     49.989692
    ],
    "type": "Point"
   },
   "id": 431,
   "properties": {
    "ADRES": "",
    "ATRYBUTY_O": "Nr stanowiska: 513",
    "BUDOWNICZY": "",
    "CHARAKTER": "",
    "DATA_WPISU": null,
    "DATA_WZNIE": "",
    "DZIELNICA": "",
    "FID": 431,
    "FUNKCJA_OB": "",
    "FUNKCJA_PI": "",
    "GDB_AREA": 0,
    "GDB_PRM": 0,
    "GDB_PRMEX": 0,
    "GPT_DATE": null,
    "GPT_USER": "",
    "ID": 31471,
    "IDENT_OBIE": "67861349",
    "ID_ISDP": 0,
    "ID_SPRAWY": 80563249,
    "ID_WARSTWY": "F19_STAN_PNT_OPIS",
    "ISDP_FID": "GDB$G_EOZ_ARCHEOLOGIA_EOZ_A.4d9eef0c-e351-557a-e055-000000000001",
    "ISTNIEJE": "",
    "KARTA_MAPY": "",
    "LOKALIZACJ": "",
    "MATERIAL": "",
    "NAZWA": "",
    "NUMER": "",
    "NUMER_EWID": "",
    "NUMER_REJ_": "",
    "OBREB": "",
    "REJESTR_TA": "EW_ARCHEOLOGIA",
    "RODZAJE_ZA": "",
    "RODZAJ_OBI": "",
    "RODZAJ_WLA": "",
    "STAN_ZACHO": "",
    "STATUS": "",
    "STYL_OBIEK": "",
    "SYMBOL_EWI": "",
    "SYMBOL_REJ": "",
    "UWAGI": "",
    "WIEK_CZ_PO": "",
    "WIEK_POWST": "",
    "WYDRUK_LIN": "",
    "ZAJETA_NA_": 1,
    "ZALACZNIKI": "http://172.16.11.22:8085/SOWA2-services/doc/print/65372699/0513.pdf",
    "ZDJECIE_1": "",
    "ZDJECIE_2": "",
    "ZDJECIE_3": "",
    "ZDJECIE_4": "",
    "ZDJECIE_5": "",
    "ZDJECIE_6": "",
    "ZDJECIE_7": "",
    "ZDJECIE_8": "",
    "ZWERYFIKOW": "",
    "ZWIAZANA_Z": 0
   },
   "type": "Feature"
  },
  {
   "geometry": {
    "coordinates": [
     20.002413,
     49.99576
    ],
    "type": "Point"
   },
   "id": 432,
   "properties": {
    "ADRES": "",
    "ATRYBUTY_O": "Nr stanowiska: 516",
    "BUDOWNICZY": "",
    "CHARAKTER": "",
    "DATA_WPISU": null,
    "DATA_WZNIE": "",
    "DZIELNICA": "",
    "FID": 432,
    "FUNKCJA_OB": "",
    "FUNKCJA_PI": "",
    "GDB_AREA": 0,
    "GDB_PRM": 0,
    "GDB_PRMEX": 0,
    "GPT_DATE": null,
    "GPT_USER": "",
    "ID": 31474,
    "IDENT_OBIE": "67861499",
    "ID_ISDP": 0,
    "ID_SPRAWY": 80563399,
    "ID_WARSTWY": "F19_STAN_PNT_OPIS",
    "ISDP_FID": "GDB$G_EOZ_ARCHEOLOGIA_EOZ_A.4d9eef0c-e352-557a-e055-000000000001",
    "ISTNIEJE": "",
    "KARTA_MAPY": "",
    "LOKALIZACJ": "",
    "MATERIAL": "",
    "NAZWA": "",
    "NUMER": "",
    "NUMER_EWID": "",
    "NUMER_REJ_": "",
    "OBREB": "",
    "REJESTR_TA": "EW_ARCHEOLOGIA",
    "RODZAJE_ZA": "",
    "RODZAJ_OBI": "",
    "RODZAJ_WLA": "",
    "STAN_ZACHO": "",
    "STATUS": "",
    "STYL_OBIEK": "",
    "SYMBOL_EWI": "",
    "SYMBOL_REJ": "",
    "UWAGI": "",
    "WIEK_CZ_PO": "",
    "WIEK_POWST": "",
    "WYDRUK_LIN": "",
    "ZAJETA_NA_": 1,
    "ZALACZNIKI": "http://172.16.11.22:8085/SOWA2-services/doc/print/65372849/0516.pdf",
    "ZDJECIE_1": "",
    "ZDJECIE_2": "",
    "ZDJECIE_3": "",
    "ZDJECIE_4": "",
    "ZDJECIE_5": "",
    "ZDJECIE_6": "",
    "ZDJECIE_7": "",
    "ZDJECIE_8": "",
    "ZWERYFIKOW": "",
    "ZWIAZANA_Z": 0
   },
   "type": "Feature"
  },
  {
   "geometry": {
    "coordinates": [
     19.999979,
     49.996644
    ],
    "type": "Point"
   },
   "id": 433,
   "properties": {
    "ADRES": "",
    "ATRYBUTY_O": "Nr stanowiska: 518",
    "BUDOWNICZY": "",
    "CHARAKTER": "",
    "DATA_WPISU": null,
    "DATA_WZNIE": "",
    "DZIELNICA": "",
    "FID": 433,
    "FUNKCJA_OB": "",
    "FUNKCJA_PI": "",
    "GDB_AREA": 0,
    "GDB_PRM": 0,
    "GDB_PRMEX": 0,
    "GPT_DATE": null,
    "GPT_USER": "",
    "ID": 31476,
    "IDENT_OBIE": "67861599",
    "ID_ISDP": 0,
    "ID_SPRAWY": 80563499,
    "ID_WARSTWY": "F19_STAN_PNT_OPIS",
    "ISDP_FID": "GDB$G_EOZ_ARCHEOLOGIA_EOZ_A.4d9eef0c-e353-557a-e055-000000000001",
    "ISTNIEJE": "",
    "KARTA_MAPY": "",
    "LOKALIZACJ": "",
    "MATERIAL": "",
    "NAZWA": "",
    "NUMER": "",
    "NUMER_EWID": "",
    "NUMER_REJ_": "",
    "OBREB": "",
    "REJESTR_TA": "EW_ARCHEOLOGIA",
    "RODZAJE_ZA": "",
    "RODZAJ_OBI": "",
    "RODZAJ_WLA": "",
    "STAN_ZACHO": "",
    "STATUS": "",
    "STYL_OBIEK": "",
    "SYMBOL_EWI": "",
    "SYMBOL_REJ": "",
    "UWAGI": "",
    "WIEK_CZ_PO": "",
    "WIEK_POWST": "",
    "WYDRUK_LIN": "",
    "ZAJETA_NA_": 1,
    "ZALACZNIKI": "http://172.16.11.22:8085/SOWA2-services/doc/print/65372949/0518.pdf",
    "ZDJECIE_1": "",
    "ZDJECIE_2": "",
    "ZDJECIE_3": "",
    "ZDJECIE_4": "",
    "ZDJECIE_5": "",
    "ZDJECIE_6": "",
    "ZDJECIE_7": "",
    "ZDJECIE_8": "",
    "ZWERYFIKOW": "",
    "ZWIAZANA_Z": 0
   },
   "type": "Feature"
  },
  {
   "geometry": {
    "coordinates": [
     19.972167,
     49.982249
    ],
    "type": "Point"
   },
   "id": 434,
   "properties": {
    "ADRES": "",
    "ATRYBUTY_O": "Nr stanowiska: 523",
    "BUDOWNICZY": "",
    "CHARAKTER": "",
    "DATA_WPISU": null,
    "DATA_WZNIE": "",
    "DZIELNICA": "",
    "FID": 434,
    "FUNKCJA_OB": "",
    "FUNKCJA_PI": "",
    "GDB_AREA": 0,
    "GDB_PRM": 0,
    "GDB_PRMEX": 0,
    "GPT_DATE": null,
    "GPT_USER": "",
    "ID": 31631,
    "IDENT_OBIE": "67869349",
    "ID_ISDP": 0,
    "ID_SPRAWY": 80580249,
    "ID_WARSTWY": "F19_STAN_PNT_OPIS",
    "ISDP_FID": "GDB$G_EOZ_ARCHEOLOGIA_EOZ_A.4d9eef0c-e354-557a-e055-000000000001",
    "ISTNIEJE": "",
    "KARTA_MAPY": "",
    "LOKALIZACJ": "",
    "MATERIAL": "",
    "NAZWA": "",
    "NUMER": "",
    "NUMER_EWID": "",
    "NUMER_REJ_": "",
    "OBREB": "",
    "REJESTR_TA": "EW_ARCHEOLOGIA",
    "RODZAJE_ZA": "",
    "RODZAJ_OBI": "",
    "RODZAJ_WLA": "",
    "STAN_ZACHO": "",
    "STATUS": "",
    "STYL_OBIEK": "",
    "SYMBOL_EWI": "",
    "SYMBOL_REJ": "",
    "UWAGI": "",
    "WIEK_CZ_PO": "",
    "WIEK_POWST": "",
    "WYDRUK_LIN": "",
    "ZAJETA_NA_": 1,
    "ZALACZNIKI": "http://172.16.11.22:8085/SOWA2-services/doc/print/65373099/0523.pdf",
    "ZDJECIE_1": "",
    "ZDJECIE_2": "",
    "ZDJECIE_3": "",
    "ZDJECIE_4": "",
    "ZDJECIE_5": "",
    "ZDJECIE_6": "",
    "ZDJECIE_7": "",
    "ZDJECIE_8": "",
    "ZWERYFIKOW": "",
    "ZWIAZANA_Z": 0
   },
   "type": "Feature"
  },
  {
   "geometry": {
    "coordinates": [
     19.974964,
     49.987046
    ],
    "type": "Point"
   },
   "id": 435,
   "properties": {
    "ADRES": "",
    "ATRYBUTY_O": "Nr stanowiska: 525",
    "BUDOWNICZY": "",
    "CHARAKTER": "",
    "DATA_WPISU": null,
    "DATA_WZNIE": "",
    "DZIELNICA": "",
    "FID": 435,
    "FUNKCJA_OB": "",
    "FUNKCJA_PI": "",
    "GDB_AREA": 0,
    "GDB_PRM": 0,
    "GDB_PRMEX": 0,
    "GPT_DATE": null,
    "GPT_USER": "",
    "ID": 31633,
    "IDENT_OBIE": "67869449",
    "ID_ISDP": 0,
    "ID_SPRAWY": 80580349,
    "ID_WARSTWY": "F19_STAN_PNT_OPIS",
    "ISDP_FID": "GDB$G_EOZ_ARCHEOLOGIA_EOZ_A.4d9eef0c-e355-557a-e055-000000000001",
    "ISTNIEJE": "",
    "KARTA_MAPY": "",
    "LOKALIZACJ": "",
    "MATERIAL": "",
    "NAZWA": "",
    "NUMER": "",
    "NUMER_EWID": "",
    "NUMER_REJ_": "",
    "OBREB": "",
    "REJESTR_TA": "EW_ARCHEOLOGIA",
    "RODZAJE_ZA": "",
    "RODZAJ_OBI": "",
    "RODZAJ_WLA": "",
    "STAN_ZACHO": "",
    "STATUS": "",
    "STYL_OBIEK": "",
    "SYMBOL_EWI": "",
    "SYMBOL_REJ": "",
    "UWAGI": "",
    "WIEK_CZ_PO": "",
    "WIEK_POWST": "",
    "WYDRUK_LIN": "",
    "ZAJETA_NA_": 1,
    "ZALACZNIKI": "http://172.16.11.22:8085/SOWA2-services/doc/print/65373199/0525.pdf",
    "ZDJECIE_1": "",
    "ZDJECIE_2": "",
    "ZDJECIE_3": "",
    "ZDJECIE_4": "",
    "ZDJECIE_5": "",
    "ZDJECIE_6": "",
    "ZDJECIE_7": "",
    "ZDJECIE_8": "",
    "ZWERYFIKOW": "",
    "ZWIAZANA_Z": 0
   },
   "type": "Feature"
  },
  {
   "geometry": {
    "coordinates": [
     19.979518,
     49.990596
    ],
    "type": "Point"
   },
   "id": 436,
   "properties": {
    "ADRES": "",
    "ATRYBUTY_O": "Nr stanowiska: 527",
    "BUDOWNICZY": "",
    "CHARAKTER": "",
    "DATA_WPISU": null,
    "DATA_WZNIE": "",
    "DZIELNICA": "",
    "FID": 436,
    "FUNKCJA_OB": "",
    "FUNKCJA_PI": "",
    "GDB_AREA": 0,
    "GDB_PRM": 0,
    "GDB_PRMEX": 0,
    "GPT_DATE": null,
    "GPT_USER": "",
    "ID": 31635,
    "IDENT_OBIE": "67869549",
    "ID_ISDP": 0,
    "ID_SPRAWY": 80580449,
    "ID_WARSTWY": "F19_STAN_PNT_OPIS",
    "ISDP_FID": "GDB$G_EOZ_ARCHEOLOGIA_EOZ_A.4d9eef0c-e356-557a-e055-000000000001",
    "ISTNIEJE": "",
    "KARTA_MAPY": "",
    "LOKALIZACJ": "",
    "MATERIAL": "",
    "NAZWA": "",
    "NUMER": "",
    "NUMER_EWID": "",
    "NUMER_REJ_": "",
    "OBREB": "",
    "REJESTR_TA": "EW_ARCHEOLOGIA",
    "RODZAJE_ZA": "",
    "RODZAJ_OBI": "",
    "RODZAJ_WLA": "",
    "STAN_ZACHO": "",
    "STATUS": "",
    "STYL_OBIEK": "",
    "SYMBOL_EWI": "",
    "SYMBOL_REJ": "",
    "UWAGI": "",
    "WIEK_CZ_PO": "",
    "WIEK_POWST": "",
    "WYDRUK_LIN": "",
    "ZAJETA_NA_": 1,
    "ZALACZNIKI": "http://172.16.11.22:8085/SOWA2-services/doc/print/65373299/0527.pdf",
    "ZDJECIE_1": "",
    "ZDJECIE_2": "",
    "ZDJECIE_3": "",
    "ZDJECIE_4": "",
    "ZDJECIE_5": "",
    "ZDJECIE_6": "",
    "ZDJECIE_7": "",
    "ZDJECIE_8": "",
    "ZWERYFIKOW": "",
    "ZWIAZANA_Z": 0
   },
   "type": "Feature"
  }
 ],
 "meta": {
  "count": 436,
  "geometryType": "esriGeometryPoint",
  "item": {
   "access": "public",
   "accessInformation": null,
   "itemId": "8506d274978b4cddbcf28dd5c22770e6",
   "itemPage": "https://www.arcgis.com/home/item.html?id=8506d274978b4cddbcf28dd5c22770e6",
   "licence": "UNVERIFIED",
   "licenseInfo": null,
   "modified": "2023-11-16T21:10:29.000Z",
   "owner": "wozniakm2",
   "title": "EOZ Zabytki _ Archeologia"
  },
  "layerId": 0,
  "layerName": "eoz_archeologia_point",
  "objectIdField": "FID",
  "query": "where=1%3D1&outFields=*&f=geojson&outSR=4326&geometryPrecision=6&orderByFields=FID+ASC&resultOffset=<paged>&resultRecordCount=1000",
  "retrievedAt": "2026-10-03T13:24:20Z",
  "service": "EOZ_Zabytki___Archeologia",
  "source": "Kraków municipal ArcGIS Online (Zintegrowana Platforma GIS - Gmina Miejska Kraków)",
  "url": "https://services-eu1.arcgis.com/svTzSt3AvH7sK6q9/ArcGIS/rest/services/EOZ_Zabytki___Archeologia/FeatureServer/0",
  "what": "municipal heritage register (EOZ), archaeology, points"
 },
 "type": "FeatureCollection"
}
