{
 "features": [
  {
   "geometry": {
    "coordinates": [
     20.052625,
     50.064585
    ],
    "type": "Point"
   },
   "id": 1,
   "properties": {
    "AKTUALNOSC": 1685318400000,
    "DKP_N": "GSPOPM",
    "DPZ": " ",
    "DTM": 1228867200000,
    "DTP": " ",
    "FID": 1,
    "ID": 16663993,
    "ID_IIP": "4EAF9C5D-413E-4BCF-B8E0-001363430107",
    "ISDP_FID": "OBJ_BT_ZAG_P.194",
    "JE_NAZWA": "Nowa Huta",
    "JE_NR": "126103_9",
    "KAT_SYMB": 0,
    "KOD": "GSPOPM",
    "KOD_NZ": "Pomnik",
    "KRG_D": " ",
    "KRG_N": "3483-761/2008-1",
    "MPD_D": "pomiar bezpośredni",
    "MPD_N": "O",
    "NR": " ",
    "OBR_NAZWA": " ",
    "OBR_NR": " ",
    "OPT_D": " ",
    "OPT_N": "P.1261.2008.9570",
    "REMARKS": " ",
    "SKALA_X_SY": 1,
    "SKALA_Y_SY": 1,
    "TZ": "0 - nie",
    "WID_SYMB": 1,
    "X_SYMB": 7432174,
    "Y_SYMB": 5548033.55
   },
   "type": "Feature"
  },
  {
   "geometry": {
    "coordinates": [
     19.996543,
     50.094583
    ],
    "type": "Point"
   },
   "id": 2,
   "properties": {
    "AKTUALNOSC": 1685318400000,
    "DKP_N": "GSPOPM",
    "DPZ": " ",
    "DTM": 1229472000000,
    "DTP": " ",
    "FID": 2,
    "ID": 16664622,
    "ID_IIP": "4EAF9C5D-413E-4BCF-B8E0-001371190107",
    "ISDP_FID": "OBJ_BT_ZAG_P.195",
    "JE_NAZWA": "Nowa Huta",
    "JE_NR": "126103_9",
    "KAT_SYMB": 0,
    "KOD": "GSPOPM",
    "KOD_NZ": "Pomnik",
    "KRG_D": " ",
    "KRG_N": "3482-1883/2008-1",
    "MPD_D": "pomiar bezpośredni",
    "MPD_N": "O",
    "NR": " ",
    "OBR_NAZWA": " ",
    "OBR_NR": " ",
    "OPT_D": " ",
    "OPT_N": "P.1261.2008.9787",
    "REMARKS": " ",
    "SKALA_X_SY": 1,
    "SKALA_Y_SY": 1,
    "TZ": "0 - nie",
    "WID_SYMB": 1,
    "X_SYMB": 7428203.82,
    "Y_SYMB": 5551422.4
   },
   "type": "Feature"
  },
  {
   "geometry": {
    "coordinates": [
     19.923289,
     50.065915
    ],
    "type": "Point"
   },
   "id": 3,
   "properties": {
    "AKTUALNOSC": 1685318400000,
    "DKP_N": "GSPOPM",
    "DPZ": " ",
    "DTM": 1233273600000,
    "DTP": " ",
    "FID": 3,
    "ID": 16669480,
    "ID_IIP": "4EAF9C5D-413E-4BCF-B8E0-001431940107",
    "ISDP_FID": "OBJ_BT_ZAG_P.197",
    "JE_NAZWA": "Krowodrza",
    "JE_NR": "126102_9",
    "KAT_SYMB": 0,
    "KOD": "GSPOPM",
    "KOD_NZ": "Pomnik",
    "KRG_D": " ",
    "KRG_N": "3482-23/2009-1",
    "MPD_D": "pomiar bezpośredni",
    "MPD_N": "O",
    "NR": " ",
    "OBR_NAZWA": " ",
    "OBR_NR": " ",
    "OPT_D": " ",
    "OPT_N": "P.1261.2009.781",
    "REMARKS": " ",
    "SKALA_X_SY": 1,
    "SKALA_Y_SY": 1,
    "TZ": "0 - nie",
    "WID_SYMB": 1,
    "X_SYMB": 7422916.71,
    "Y_SYMB": 5548306.94
   },
   "type": "Feature"
  },
  {
   "geometry": {
    "coordinates": [
     19.899636,
     50.11192
    ],
    "type": "Point"
   },
   "id": 4,
   "properties": {
    "AKTUALNOSC": 1685318400000,
    "DKP_N": "GSPOPM",
    "DPZ": " ",
    "DTM": 1246320000000,
    "DTP": " ",
    "FID": 4,
    "ID": 16680778,
    "ID_IIP": "4EAF9C5D-413E-4BCF-B8E0-001589680107",
    "ISDP_FID": "OBJ_BT_ZAG_P.203",
    "JE_NAZWA": "Krowodrza",
    "JE_NR": "126102_9",
    "KAT_SYMB": 0,
    "KOD": "GSPOPM",
    "KOD_NZ": "Pomnik",
    "KRG_D": " ",
    "KRG_N": "3418-120/2007-1",
    "MPD_D": "pomiar bezpośredni",
    "MPD_N": "O",
    "NR": " ",
    "OBR_NAZWA": " ",
    "OBR_NR": " ",
    "OPT_D": " ",
    "OPT_N": "P.1261.2009.4024",
    "REMARKS": " ",
    "SKALA_X_SY": 1,
    "SKALA_Y_SY": 1,
    "TZ": "0 - nie",
    "WID_SYMB": 1,
    "X_SYMB": 7421298.78,
    "Y_SYMB": 5553448.23
   },
   "type": "Feature"
  },
  {
   "geometry": {
    "coordinates": [
     19.925428,
     50.06955
    ],
    "type": "Point"
   },
   "id": 5,
   "properties": {
    "AKTUALNOSC": 1685318400000,
    "DKP_N": "GSPOPM",
    "DPZ": " ",
    "DTM": 1260230400000,
    "DTP": " ",
    "FID": 5,
    "ID": 16728615,
    "ID_IIP": "4EAF9C5D-413E-4BCF-B8E0-002283890107",
    "ISDP_FID": "OBJ_BT_ZAG_P.212",
    "JE_NAZWA": "Krowodrza",
    "JE_NR": "126102_9",
    "KAT_SYMB": 0,
    "KOD": "GSPOPM",
    "KOD_NZ": "Pomnik",
    "KRG_D": " ",
    "KRG_N": "3482-1667/2009-1",
    "MPD_D": "pomiar bezpośredni",
    "MPD_N": "O",
    "NR": " ",
    "OBR_NAZWA": " ",
    "OBR_NR": " ",
    "OPT_D": " ",
    "OPT_N": "P.1261.2009.9426",
    "REMARKS": " ",
    "SKALA_X_SY": 1,
    "SKALA_Y_SY": 1,
    "TZ": "0 - nie",
    "WID_SYMB": 1,
    "X_SYMB": 7423075.69,
    "Y_SYMB": 5548708.96
   },
   "type": "Feature"
  },
  {
   "geometry": {
    "coordinates": [
     19.998107,
     50.02297
    ],
    "type": "Point"
   },
   "id": 6,
   "properties": {
    "AKTUALNOSC": 1685318400000,
    "DKP_N": "GSPOPM",
    "DPZ": " ",
    "DTM": 1260403200000,
    "DTP": " ",
    "FID": 6,
    "ID": 16729574,
    "ID_IIP": "4EAF9C5D-413E-4BCF-B8E0-002295260107",
    "ISDP_FID": "OBJ_BT_ZAG_P.214",
    "JE_NAZWA": "Podgórze",
    "JE_NR": "126104_9",
    "KAT_SYMB": 0,
    "KOD": "GSPOPM",
    "KOD_NZ": "Pomnik",
    "KRG_D": " ",
    "KRG_N": "3546-1680/2009-1",
    "MPD_D": "wektoryzacja",
    "MPD_N": "D",
    "NR": " ",
    "OBR_NAZWA": " ",
    "OBR_NR": " ",
    "OPT_D": " ",
    "OPT_N": "P.1261.2009.9986",
    "REMARKS": "na podstawie rastra mapy zasadniczej",
    "SKALA_X_SY": 1,
    "SKALA_Y_SY": 1,
    "TZ": "0 - nie",
    "WID_SYMB": 1,
    "X_SYMB": 7428208.92,
    "Y_SYMB": 5543456.13
   },
   "type": "Feature"
  },
  {
   "geometry": {
    "coordinates": [
     20.051697,
     50.071205
    ],
    "type": "Point"
   },
   "id": 7,
   "properties": {
    "AKTUALNOSC": 1685318400000,
    "DKP_N": "GSPOPM",
    "DPZ": " ",
    "DTM": 1191974400000,
    "DTP": " ",
    "FID": 7,
    "ID": 16601708,
    "ID_IIP": "4EAF9C5D-413E-4BCF-B8E0-000578800107",
    "ISDP_FID": "OBJ_BT_ZAG_P.261",
    "JE_NAZWA": "Nowa Huta",
    "JE_NR": "126103_9",
    "KAT_SYMB": 0,
    "KOD": "GSPOPM",
    "KOD_NZ": "Pomnik",
    "KRG_D": " ",
    "KRG_N": "3483-288/2006-1",
    "MPD_D": "pomiar bezpośredni",
    "MPD_N": "O",
    "NR": " ",
    "OBR_NAZWA": " ",
    "OBR_NR": " ",
    "OPT_D": " ",
    "OPT_N": "P.1261.2006.5720",
    "REMARKS": " ",
    "SKALA_X_SY": 1,
    "SKALA_Y_SY": 1,
    "TZ": "0 - nie",
    "WID_SYMB": 1,
    "X_SYMB": 7432116.97,
    "Y_SYMB": 5548770.76
   },
   "type": "Feature"
  },
  {
   "geometry": {
    "coordinates": [
     19.965893,
     50.033051
    ],
    "type": "Point"
   },
   "id": 8,
   "properties": {
    "AKTUALNOSC": 1685318400000,
    "DKP_N": "GSPOPM",
    "DPZ": " ",
    "DTM": 1203292800000,
    "DTP": " ",
    "FID": 8,
    "ID": 16613982,
    "ID_IIP": "4EAF9C5D-413E-4BCF-B8E0-000742210107",
    "ISDP_FID": "OBJ_BT_ZAG_P.268",
    "JE_NAZWA": "Podgórze",
    "JE_NR": "126104_9",
    "KAT_SYMB": 0,
    "KOD": "GSPOPM",
    "KOD_NZ": "Pomnik",
    "KRG_D": " ",
    "KRG_N": "3546-1790/2007-1",
    "MPD_D": "pomiar bezpośredni",
    "MPD_N": "O",
    "NR": " ",
    "OBR_NAZWA": " ",
    "OBR_NR": " ",
    "OPT_D": " ",
    "OPT_N": "P.1261.2008.1228",
    "REMARKS": " ",
    "SKALA_X_SY": 1,
    "SKALA_Y_SY": 1,
    "TZ": "0 - nie",
    "WID_SYMB": 1,
    "X_SYMB": 7425916.18,
    "Y_SYMB": 5544608.78
   },
   "type": "Feature"
  },
  {
   "geometry": {
    "coordinates": [
     19.921807,
     50.066345
    ],
    "type": "Point"
   },
   "id": 9,
   "properties": {
    "AKTUALNOSC": 1685318400000,
    "DKP_N": "GSPOPM",
    "DPZ": " ",
    "DTM": 1212451200000,
    "DTP": " ",
    "FID": 9,
    "ID": 16634269,
    "ID_IIP": "4EAF9C5D-413E-4BCF-B8E0-000989170107",
    "ISDP_FID": "OBJ_BT_ZAG_P.273",
    "JE_NAZWA": "Krowodrza",
    "JE_NR": "126102_9",
    "KAT_SYMB": 0,
    "KOD": "GSPOPM",
    "KOD_NZ": "Pomnik",
    "KRG_D": " ",
    "KRG_N": "3482-735/2008-1",
    "MPD_D": "pomiar bezpośredni",
    "MPD_N": "O",
    "NR": " ",
    "OBR_NAZWA": " ",
    "OBR_NR": " ",
    "OPT_D": " ",
    "OPT_N": "P.1261.2008.4102",
    "REMARKS": " ",
    "SKALA_X_SY": 1,
    "SKALA_Y_SY": 1,
    "TZ": "0 - nie",
    "WID_SYMB": 1,
    "X_SYMB": 7422811.34,
    "Y_SYMB": 5548356.26
   },
   "type": "Feature"
  },
  {
   "geometry": {
    "coordinates": [
     19.922105,
     50.06626
    ],
    "type": "Point"
   },
   "id": 10,
   "properties": {
    "AKTUALNOSC": 1685318400000,
    "DKP_N": "GSPOPM",
    "DPZ": " ",
    "DTM": 1212451200000,
    "DTP": " ",
    "FID": 10,
    "ID": 16634270,
    "ID_IIP": "4EAF9C5D-413E-4BCF-B8E0-000989180107",
    "ISDP_FID": "OBJ_BT_ZAG_P.274",
    "JE_NAZWA": "Krowodrza",
    "JE_NR": "126102_9",
    "KAT_SYMB": 0,
    "KOD": "GSPOPM",
    "KOD_NZ": "Pomnik",
    "KRG_D": " ",
    "KRG_N": "3482-735/2008-1",
    "MPD_D": "pomiar bezpośredni",
    "MPD_N": "O",
    "NR": " ",
    "OBR_NAZWA": " ",
    "OBR_NR": " ",
    "OPT_D": " ",
    "OPT_N": "P.1261.2008.4102",
    "REMARKS": " ",
    "SKALA_X_SY": 1,
    "SKALA_Y_SY": 1,
    "TZ": "0 - nie",
    "WID_SYMB": 1,
    "X_SYMB": 7422832.49,
    "Y_SYMB": 5548346.58
   },
   "type": "Feature"
  },
  {
   "geometry": {
    "coordinates": [
     19.922427,
     50.066278
    ],
    "type": "Point"
   },
   "id": 11,
   "properties": {
    "AKTUALNOSC": 1685318400000,
    "DKP_N": "GSPOPM",
    "DPZ": " ",
    "DTM": 1212451200000,
    "DTP": " ",
    "FID": 11,
    "ID": 16634271,
    "ID_IIP": "4EAF9C5D-413E-4BCF-B8E0-000989190107",
    "ISDP_FID": "OBJ_BT_ZAG_P.275",
    "JE_NAZWA": "Krowodrza",
    "JE_NR": "126102_9",
    "KAT_SYMB": 0,
    "KOD": "GSPOPM",
    "KOD_NZ": "Pomnik",
    "KRG_D": " ",
    "KRG_N": "3482-735/2008-1",
    "MPD_D": "pomiar bezpośredni",
    "MPD_N": "O",
    "NR": " ",
    "OBR_NAZWA": " ",
    "OBR_NR": " ",
    "OPT_D": " ",
    "OPT_N": "P.1261.2008.4102",
    "REMARKS": " ",
    "SKALA_X_SY": 1,
    "SKALA_Y_SY": 1,
    "TZ": "0 - nie",
    "WID_SYMB": 1,
    "X_SYMB": 7422855.56,
    "Y_SYMB": 5548348.2
   },
   "type": "Feature"
  },
  {
   "geometry": {
    "coordinates": [
     19.923037,
     50.066052
    ],
    "type": "Point"
   },
   "id": 12,
   "properties": {
    "AKTUALNOSC": 1685318400000,
    "DKP_N": "GSPOPM",
    "DPZ": " ",
    "DTM": 1212451200000,
    "DTP": " ",
    "FID": 12,
    "ID": 16634311,
    "ID_IIP": "4EAF9C5D-413E-4BCF-B8E0-000989610107",
    "ISDP_FID": "OBJ_BT_ZAG_P.276",
    "JE_NAZWA": "Krowodrza",
    "JE_NR": "126102_9",
    "KAT_SYMB": 0,
    "KOD": "GSPOPM",
    "KOD_NZ": "Pomnik",
    "KRG_D": " ",
    "KRG_N": "3482-735/2008-1",
    "MPD_D": "pomiar bezpośredni",
    "MPD_N": "O",
    "NR": " ",
    "OBR_NAZWA": " ",
    "OBR_NR": " ",
    "OPT_D": " ",
    "OPT_N": "P.1261.2008.4102",
    "REMARKS": " ",
    "SKALA_X_SY": 1,
    "SKALA_Y_SY": 1,
    "TZ": "0 - nie",
    "WID_SYMB": 1,
    "X_SYMB": 7422898.87,
    "Y_SYMB": 5548322.41
   },
   "type": "Feature"
  },
  {
   "geometry": {
    "coordinates": [
     20.008758,
     50.064095
    ],
    "type": "Point"
   },
   "id": 13,
   "properties": {
    "AKTUALNOSC": 1685318400000,
    "DKP_N": "GSPOPM",
    "DPZ": " ",
    "DTM": 1219190400000,
    "DTP": " ",
    "FID": 13,
    "ID": 16650998,
    "ID_IIP": "4EAF9C5D-413E-4BCF-B8E0-001178740107",
    "ISDP_FID": "OBJ_BT_ZAG_P.278",
    "JE_NAZWA": "Nowa Huta",
    "JE_NR": "126103_9",
    "KAT_SYMB": 0,
    "KOD": "GSPOPM",
    "KOD_NZ": "Pomnik",
    "KRG_D": " ",
    "KRG_N": "3483-458/2008-1",
    "MPD_D": "pomiar bezpośredni",
    "MPD_N": "O",
    "NR": " ",
    "OBR_NAZWA": " ",
    "OBR_NR": " ",
    "OPT_D": " ",
    "OPT_N": "P.1261.2008.6237",
    "REMARKS": " ",
    "SKALA_X_SY": 1,
    "SKALA_Y_SY": 1,
    "TZ": "0 - nie",
    "WID_SYMB": 1,
    "X_SYMB": 7429032.77,
    "Y_SYMB": 5548019.79
   },
   "type": "Feature"
  },
  {
   "geometry": {
    "coordinates": [
     19.84229,
     50.041789
    ],
    "type": "Point"
   },
   "id": 14,
   "properties": {
    "AKTUALNOSC": 1685318400000,
    "DKP_N": "GSPOPM",
    "DPZ": " ",
    "DTM": 1394409600000,
    "DTP": " ",
    "FID": 14,
    "ID": 16916704,
    "ID_IIP": "4EAF9C5D-413E-4BCF-B8E0-015443420107",
    "ISDP_FID": "OBJ_BT_ZAG_P.576",
    "JE_NAZWA": "Krowodrza",
    "JE_NR": "126102_9",
    "KAT_SYMB": 0,
    "KOD": "GSPOPM",
    "KOD_NZ": "Pomnik",
    "KRG_D": " ",
    "KRG_N": "2510-248/2013-14",
    "MPD_D": "pomiar bezpośredni",
    "MPD_N": "O",
    "NR": " ",
    "OBR_NAZWA": " ",
    "OBR_NR": " ",
    "OPT_D": " ",
    "OPT_N": "P.1261.2014.1805",
    "REMARKS": " ",
    "SKALA_X_SY": 1,
    "SKALA_Y_SY": 1,
    "TZ": "0 - nie",
    "WID_SYMB": 1,
    "X_SYMB": 7417076.42,
    "Y_SYMB": 5545710.46
   },
   "type": "Feature"
  },
  {
   "geometry": {
    "coordinates": [
     19.839812,
     50.040984
    ],
    "type": "Point"
   },
   "id": 15,
   "properties": {
    "AKTUALNOSC": 1685318400000,
    "DKP_N": "GSPOPM",
    "DPZ": " ",
    "DTM": 1394409600000,
    "DTP": " ",
    "FID": 15,
    "ID": 16916826,
    "ID_IIP": "4EAF9C5D-413E-4BCF-B8E0-015533250107",
    "ISDP_FID": "OBJ_BT_ZAG_P.577",
    "JE_NAZWA": "Krowodrza",
    "JE_NR": "126102_9",
    "KAT_SYMB": 0,
    "KOD": "GSPOPM",
    "KOD_NZ": "Pomnik",
    "KRG_D": " ",
    "KRG_N": "2510-248/2013-14",
    "MPD_D": "pomiar bezpośredni",
    "MPD_N": "O",
    "NR": " ",
    "OBR_NAZWA": " ",
    "OBR_NR": " ",
    "OPT_D": " ",
    "OPT_N": "P.1261.2014.1805",
    "REMARKS": " ",
    "SKALA_X_SY": 1,
    "SKALA_Y_SY": 1,
    "TZ": "0 - nie",
    "WID_SYMB": 1,
    "X_SYMB": 7416897.57,
    "Y_SYMB": 5545623.61
   },
   "type": "Feature"
  },
  {
   "geometry": {
    "coordinates": [
     19.865591,
     50.100785
    ],
    "type": "Point"
   },
   "id": 16,
   "properties": {
    "AKTUALNOSC": 1685318400000,
    "DKP_N": "GSPOPM",
    "DPZ": " ",
    "DTM": 1283212800000,
    "DTP": " ",
    "FID": 16,
    "ID": 16945498,
    "ID_IIP": "4EAF9C5D-413E-4BCF-B8E0-003172470107",
    "ISDP_FID": "OBJ_BT_ZAG_P.594",
    "JE_NAZWA": "Krowodrza",
    "JE_NR": "126102_9",
    "KAT_SYMB": 0,
    "KOD": "GSPOPM",
    "KOD_NZ": "Pomnik",
    "KRG_D": " ",
    "KRG_N": "3481-443/2010-4",
    "MPD_D": "wektoryzacja",
    "MPD_N": "D",
    "NR": " ",
    "OBR_NAZWA": " ",
    "OBR_NR": " ",
    "OPT_D": " ",
    "OPT_N": "P.1261.2010.5176",
    "REMARKS": " ",
    "SKALA_X_SY": 1,
    "SKALA_Y_SY": 1,
    "TZ": "0 - nie",
    "WID_SYMB": 1,
    "X_SYMB": 7418845.02,
    "Y_SYMB": 5552246.27
   },
   "type": "Feature"
  },
  {
   "geometry": {
    "coordinates": [
     19.874518,
     50.087683
    ],
    "type": "Point"
   },
   "id": 17,
   "properties": {
    "AKTUALNOSC": 1685318400000,
    "DKP_N": "GSPOPM",
    "DPZ": " ",
    "DTM": 1437696000000,
    "DTP": " ",
    "FID": 17,
    "ID": 16962999,
    "ID_IIP": "4EAF9C5D-413E-4BCF-B8E0-016749800107",
    "ISDP_FID": "OBJ_BT_ZAG_P.604",
    "JE_NAZWA": "Krowodrza",
    "JE_NR": "126102_9",
    "KAT_SYMB": 0,
    "KOD": "GSPOPM",
    "KOD_NZ": "Pomnik",
    "KRG_D": " ",
    "KRG_N": "2610-68/2015-1",
    "MPD_D": "pomiar bezpośredni",
    "MPD_N": "O",
    "NR": " ",
    "OBR_NAZWA": " ",
    "OBR_NR": " ",
    "OPT_D": " ",
    "OPT_N": "P.1261.2015.5668",
    "REMARKS": " ",
    "SKALA_X_SY": 1,
    "SKALA_Y_SY": 1,
    "TZ": "0 - nie",
    "WID_SYMB": 1,
    "X_SYMB": 7419461.69,
    "Y_SYMB": 5550779.35
   },
   "type": "Feature"
  },
  {
   "geometry": {
    "coordinates": [
     19.931636,
     50.096966
    ],
    "type": "Point"
   },
   "id": 18,
   "properties": {
    "AKTUALNOSC": 1685318400000,
    "DKP_N": "GSPOPM",
    "DPZ": " ",
    "DTM": 1399593600000,
    "DTP": " ",
    "FID": 18,
    "ID": 16979409,
    "ID_IIP": "4EAF9C5D-413E-4BCF-B8E0-015670220107",
    "ISDP_FID": "OBJ_BT_ZAG_P.615",
    "JE_NAZWA": "Krowodrza",
    "JE_NR": "126102_9",
    "KAT_SYMB": 0,
    "KOD": "GSPOPM",
    "KOD_NZ": "Pomnik",
    "KRG_D": " ",
    "KRG_N": "2611-210/2014-1",
    "MPD_D": "pomiar bezpośredni",
    "MPD_N": "O",
    "NR": " ",
    "OBR_NAZWA": " ",
    "OBR_NR": " ",
    "OPT_D": " ",
    "OPT_N": "P.1261.2014.3414",
    "REMARKS": " ",
    "SKALA_X_SY": 1,
    "SKALA_Y_SY": 1,
    "TZ": "0 - nie",
    "WID_SYMB": 1,
    "X_SYMB": 7423563.66,
    "Y_SYMB": 5551751.79
   },
   "type": "Feature"
  },
  {
   "geometry": {
    "coordinates": [
     19.936725,
     50.083617
    ],
    "type": "Point"
   },
   "id": 19,
   "properties": {
    "AKTUALNOSC": 1685318400000,
    "DKP_N": "GSPOPM",
    "DPZ": " ",
    "DTM": 1307318400000,
    "DTP": " ",
    "FID": 19,
    "ID": 16994596,
    "ID_IIP": "4EAF9C5D-413E-4BCF-B8E0-012079040110",
    "ISDP_FID": "OBJ_BT_ZAG_P.619",
    "JE_NAZWA": "Krowodrza",
    "JE_NR": "126102_9",
    "KAT_SYMB": 0,
    "KOD": "GSPOPM",
    "KOD_NZ": "Pomnik",
    "KRG_D": " ",
    "KRG_N": "3482-313/2011-50",
    "MPD_D": "wektoryzacja",
    "MPD_N": "D",
    "NR": " ",
    "OBR_NAZWA": " ",
    "OBR_NR": " ",
    "OPT_D": " ",
    "OPT_N": "P.1261.2011.3609",
    "REMARKS": " ",
    "SKALA_X_SY": 1,
    "SKALA_Y_SY": 1,
    "TZ": "0 - nie",
    "WID_SYMB": 1,
    "X_SYMB": 7423906.64,
    "Y_SYMB": 5550261.91
   },
   "type": "Feature"
  },
  {
   "geometry": {
    "coordinates": [
     19.923349,
     50.084283
    ],
    "type": "Point"
   },
   "id": 20,
   "properties": {
    "AKTUALNOSC": 1685318400000,
    "DKP_N": "GSPOPM",
    "DPZ": " ",
    "DTM": 1307577600000,
    "DTP": " ",
    "FID": 20,
    "ID": 16994799,
    "ID_IIP": "4EAF9C5D-413E-4BCF-B8E0-012100020110",
    "ISDP_FID": "OBJ_BT_ZAG_P.620",
    "JE_NAZWA": "Krowodrza",
    "JE_NR": "126102_9",
    "KAT_SYMB": 0,
    "KOD": "GSPOPM",
    "KOD_NZ": "Pomnik",
    "KRG_D": " ",
    "KRG_N": "3482-313/2011-49",
    "MPD_D": "wektoryzacja",
    "MPD_N": "D",
    "NR": " ",
    "OBR_NAZWA": " ",
    "OBR_NR": " ",
    "OPT_D": " ",
    "OPT_N": "P.1261.2011.3732",
    "REMARKS": " ",
    "SKALA_X_SY": 1,
    "SKALA_Y_SY": 1,
    "TZ": "0 - nie",
    "WID_SYMB": 1,
    "X_SYMB": 7422950.43,
    "Y_SYMB": 5550349.68
   },
   "type": "Feature"
  },
  {
   "geometry": {
    "coordinates": [
     19.921787,
     50.084285
    ],
    "type": "Point"
   },
   "id": 21,
   "properties": {
    "AKTUALNOSC": 1685318400000,
    "DKP_N": "GSPOPM",
    "DPZ": " ",
    "DTM": 1307577600000,
    "DTP": " ",
    "FID": 21,
    "ID": 17000042,
    "ID_IIP": "4EAF9C5D-413E-4BCF-B8E0-012466080107",
    "ISDP_FID": "OBJ_BT_ZAG_P.623",
    "JE_NAZWA": "Krowodrza",
    "JE_NR": "126102_9",
    "KAT_SYMB": 0,
    "KOD": "GSPOPM",
    "KOD_NZ": "Pomnik",
    "KRG_D": " ",
    "KRG_N": "3482-313/2011-49",
    "MPD_D": "wektoryzacja",
    "MPD_N": "D",
    "NR": " ",
    "OBR_NAZWA": " ",
    "OBR_NR": " ",
    "OPT_D": " ",
    "OPT_N": "P.1261.2011.3732",
    "REMARKS": " ",
    "SKALA_X_SY": 1,
    "SKALA_Y_SY": 1,
    "TZ": "0 - nie",
    "WID_SYMB": 1,
    "X_SYMB": 7422838.65,
    "Y_SYMB": 5550351.55
   },
   "type": "Feature"
  },
  {
   "geometry": {
    "coordinates": [
     19.939048,
     50.079196
    ],
    "type": "Point"
   },
   "id": 22,
   "properties": {
    "AKTUALNOSC": 1685318400000,
    "DKP_N": "GSPOPM",
    "DPZ": " ",
    "DTM": 1304985600000,
    "DTP": " ",
    "FID": 22,
    "ID": 17008441,
    "ID_IIP": "4EAF9C5D-413E-4BCF-B8E0-010813340110",
    "ISDP_FID": "OBJ_BT_ZAG_P.625",
    "JE_NAZWA": "Krowodrza",
    "JE_NR": "126102_9",
    "KAT_SYMB": 0,
    "KOD": "GSPOPM",
    "KOD_NZ": "Pomnik",
    "KRG_D": " ",
    "KRG_N": "3482-313/2011-55",
    "MPD_D": "wektoryzacja",
    "MPD_N": "D",
    "NR": " ",
    "OBR_NAZWA": " ",
    "OBR_NR": " ",
    "OPT_D": " ",
    "OPT_N": "P.1261.2011.3068",
    "REMARKS": " ",
    "SKALA_X_SY": 1,
    "SKALA_Y_SY": 1,
    "TZ": "0 - nie",
    "WID_SYMB": 1,
    "X_SYMB": 7424065.86,
    "Y_SYMB": 5549767.85
   },
   "type": "Feature"
  },
  {
   "geometry": {
    "coordinates": [
     19.961428,
     50.036456
    ],
    "type": "Point"
   },
   "id": 23,
   "properties": {
    "AKTUALNOSC": 1685318400000,
    "DKP_N": "GSPOPM",
    "DPZ": " ",
    "DTM": 1390435200000,
    "DTP": " ",
    "FID": 23,
    "ID": 17449881,
    "ID_IIP": "4EAF9C5D-413E-4BCF-B8E0-015423600107",
    "ISDP_FID": "OBJ_BT_ZAG_P.646",
    "JE_NAZWA": "Podgórze",
    "JE_NR": "126104_9",
    "KAT_SYMB": 0,
    "KOD": "GSPOPM",
    "KOD_NZ": "Pomnik",
    "KRG_D": " ",
    "KRG_N": "2511-1763/2013-2",
    "MPD_D": "pomiar bezpośredni",
    "MPD_N": "O",
    "NR": " ",
    "OBR_NAZWA": " ",
    "OBR_NR": " ",
    "OPT_D": " ",
    "OPT_N": "P.1261.2014.661",
    "REMARKS": " ",
    "SKALA_X_SY": 1,
    "SKALA_Y_SY": 1,
    "TZ": "0 - nie",
    "WID_SYMB": 1,
    "X_SYMB": 7425601.58,
    "Y_SYMB": 5544991.95
   },
   "type": "Feature"
  },
  {
   "geometry": {
    "coordinates": [
     19.961396,
     50.036484
    ],
    "type": "Point"
   },
   "id": 24,
   "properties": {
    "AKTUALNOSC": 1685318400000,
    "DKP_N": "GSPOPM",
    "DPZ": " ",
    "DTM": 1390435200000,
    "DTP": " ",
    "FID": 24,
    "ID": 17449882,
    "ID_IIP": "4EAF9C5D-413E-4BCF-B8E0-015423610107",
    "ISDP_FID": "OBJ_BT_ZAG_P.647",
    "JE_NAZWA": "Podgórze",
    "JE_NR": "126104_9",
    "KAT_SYMB": 0,
    "KOD": "GSPOPM",
    "KOD_NZ": "Pomnik",
    "KRG_D": " ",
    "KRG_N": "2511-1763/2013-2",
    "MPD_D": "pomiar bezpośredni",
    "MPD_N": "O",
    "NR": " ",
    "OBR_NAZWA": " ",
    "OBR_NR": " ",
    "OPT_D": " ",
    "OPT_N": "P.1261.2014.661",
    "REMARKS": " ",
    "SKALA_X_SY": 1,
    "SKALA_Y_SY": 1,
    "TZ": "0 - nie",
    "WID_SYMB": 1,
    "X_SYMB": 7425599.34,
    "Y_SYMB": 5544995.06
   },
   "type": "Feature"
  },
  {
   "geometry": {
    "coordinates": [
     19.923871,
     50.018562
    ],
    "type": "Point"
   },
   "id": 25,
   "properties": {
    "AKTUALNOSC": 1685318400000,
    "DKP_N": "GSPOPM",
    "DPZ": " ",
    "DTM": 1321574400000,
    "DTP": " ",
    "FID": 25,
    "ID": 17474031,
    "ID_IIP": "4EAF9C5D-413E-4BCF-B8E0-013440710107",
    "ISDP_FID": "OBJ_BT_ZAG_P.652",
    "JE_NAZWA": "Podgórze",
    "JE_NR": "126104_9",
    "KAT_SYMB": 0,
    "KOD": "GSPOPM",
    "KOD_NZ": "Pomnik",
    "KRG_D": " ",
    "KRG_N": "3546-1522/2011-1",
    "MPD_D": "wektoryzacja",
    "MPD_N": "D",
    "NR": " ",
    "OBR_NAZWA": " ",
    "OBR_NR": " ",
    "OPT_D": " ",
    "OPT_N": "P.1261.2011.8350",
    "REMARKS": " ",
    "SKALA_X_SY": 1,
    "SKALA_Y_SY": 1,
    "TZ": "0 - nie",
    "WID_SYMB": 1,
    "X_SYMB": 7422882.52,
    "Y_SYMB": 5543039.87
   },
   "type": "Feature"
  },
  {
   "geometry": {
    "coordinates": [
     19.917166,
     50.009843
    ],
    "type": "Point"
   },
   "id": 26,
   "properties": {
    "AKTUALNOSC": 1685318400000,
    "DKP_N": "GSPOPM",
    "DPZ": " ",
    "DTM": 1291680000000,
    "DTP": " ",
    "FID": 26,
    "ID": 17514724,
    "ID_IIP": "4EAF9C5D-413E-4BCF-B8E0-006978970107",
    "ISDP_FID": "OBJ_BT_ZAG_P.661",
    "JE_NAZWA": "Podgórze",
    "JE_NR": "126104_9",
    "KAT_SYMB": 0,
    "KOD": "GSPOPM",
    "KOD_NZ": "Pomnik",
    "KRG_D": " ",
    "KRG_N": "3610-660/2010-9",
    "MPD_D": "wektoryzacja",
    "MPD_N": "D",
    "NR": " ",
    "OBR_NAZWA": " ",
    "OBR_NR": " ",
    "OPT_D": " ",
    "OPT_N": "P.1261.2010.7730",
    "REMARKS": " ",
    "SKALA_X_SY": 1,
    "SKALA_Y_SY": 1,
    "TZ": "0 - nie",
    "WID_SYMB": 1,
    "X_SYMB": 7422388.04,
    "Y_SYMB": 5542077.05
   },
   "type": "Feature"
  },
  {
   "geometry": {
    "coordinates": [
     19.91842,
     50.007931
    ],
    "type": "Point"
   },
   "id": 27,
   "properties": {
    "AKTUALNOSC": 1685318400000,
    "DKP_N": "GSPOPM",
    "DPZ": " ",
    "DTM": 1402012800000,
    "DTP": " ",
    "FID": 27,
    "ID": 17516692,
    "ID_IIP": "4EAF9C5D-413E-4BCF-B8E0-015723940107",
    "ISDP_FID": "OBJ_BT_ZAG_P.662",
    "JE_NAZWA": "Podgórze",
    "JE_NR": "126104_9",
    "KAT_SYMB": 0,
    "KOD": "GSPOPM",
    "KOD_NZ": "Pomnik",
    "KRG_D": " ",
    "KRG_N": "2411-534/2014-1",
    "MPD_D": "pomiar bezpośredni",
    "MPD_N": "O",
    "NR": " ",
    "OBR_NAZWA": " ",
    "OBR_NR": " ",
    "OPT_D": " ",
    "OPT_N": "P.1261.2014.4147",
    "REMARKS": " ",
    "SKALA_X_SY": 1,
    "SKALA_Y_SY": 1,
    "TZ": "0 - nie",
    "WID_SYMB": 1,
    "X_SYMB": 7422474.85,
    "Y_SYMB": 5541863.07
   },
   "type": "Feature"
  },
  {
   "geometry": {
    "coordinates": [
     19.942317,
     50.018653
    ],
    "type": "Point"
   },
   "id": 28,
   "properties": {
    "AKTUALNOSC": 1685318400000,
    "DKP_N": "GSPOPM",
    "DPZ": " ",
    "DTM": 1287100800000,
    "DTP": " ",
    "FID": 28,
    "ID": 17521863,
    "ID_IIP": "4EAF9C5D-413E-4BCF-B8E0-003825350107",
    "ISDP_FID": "OBJ_BT_ZAG_P.666",
    "JE_NAZWA": "Podgórze",
    "JE_NR": "126104_9",
    "KAT_SYMB": 0,
    "KOD": "GSPOPM",
    "KOD_NZ": "Pomnik",
    "KRG_D": " ",
    "KRG_N": "3610-660/2010-4",
    "MPD_D": "wektoryzacja",
    "MPD_N": "D",
    "NR": " ",
    "OBR_NAZWA": " ",
    "OBR_NR": " ",
    "OPT_D": " ",
    "OPT_N": "P.1261.2010.6280",
    "REMARKS": " ",
    "SKALA_X_SY": 1,
    "SKALA_Y_SY": 1,
    "TZ": "0 - nie",
    "WID_SYMB": 1,
    "X_SYMB": 7424204.55,
    "Y_SYMB": 5543031.04
   },
   "type": "Feature"
  },
  {
   "geometry": {
    "coordinates": [
     20.004476,
     50.008718
    ],
    "type": "Point"
   },
   "id": 29,
   "properties": {
    "AKTUALNOSC": 1685318400000,
    "DKP_N": "GSPOPM",
    "DPZ": " ",
    "DTM": 1289260800000,
    "DTP": " ",
    "FID": 29,
    "ID": 17599447,
    "ID_IIP": "4EAF9C5D-413E-4BCF-B8E0-004015630107",
    "ISDP_FID": "OBJ_BT_ZAG_P.672",
    "JE_NAZWA": "Podgórze",
    "JE_NR": "126104_9",
    "KAT_SYMB": 0,
    "KOD": "GSPOPM",
    "KOD_NZ": "Pomnik",
    "KRG_D": " ",
    "KRG_N": "3610-660/2010-35",
    "MPD_D": "wektoryzacja",
    "MPD_N": "D",
    "NR": " ",
    "OBR_NAZWA": " ",
    "OBR_NR": " ",
    "OPT_D": " ",
    "OPT_N": "P.1261.2010.7058",
    "REMARKS": " ",
    "SKALA_X_SY": 1,
    "SKALA_Y_SY": 1,
    "TZ": "0 - nie",
    "WID_SYMB": 1,
    "X_SYMB": 7428644.18,
    "Y_SYMB": 5541865.03
   },
   "type": "Feature"
  },
  {
   "geometry": {
    "coordinates": [
     20.002693,
     50.011832
    ],
    "type": "Point"
   },
   "id": 30,
   "properties": {
    "AKTUALNOSC": 1685318400000,
    "DKP_N": "GSPOPM",
    "DPZ": " ",
    "DTM": 1289260800000,
    "DTP": " ",
    "FID": 30,
    "ID": 17599518,
    "ID_IIP": "4EAF9C5D-413E-4BCF-B8E0-004135880107",
    "ISDP_FID": "OBJ_BT_ZAG_P.673",
    "JE_NAZWA": "Podgórze",
    "JE_NR": "126104_9",
    "KAT_SYMB": 0,
    "KOD": "GSPOPM",
    "KOD_NZ": "Pomnik",
    "KRG_D": " ",
    "KRG_N": "3610-660/2010-35",
    "MPD_D": "wektoryzacja",
    "MPD_N": "D",
    "NR": " ",
    "OBR_NAZWA": " ",
    "OBR_NR": " ",
    "OPT_D": " ",
    "OPT_N": "P.1261.2010.7058",
    "REMARKS": " ",
    "SKALA_X_SY": 1,
    "SKALA_Y_SY": 1,
    "TZ": "0 - nie",
    "WID_SYMB": 1,
    "X_SYMB": 7428520.99,
    "Y_SYMB": 5542213
   },
   "type": "Feature"
  },
  {
   "geometry": {
    "coordinates": [
     19.979302,
     50.007169
    ],
    "type": "Point"
   },
   "id": 31,
   "properties": {
    "AKTUALNOSC": 1685318400000,
    "DKP_N": "GSPOPM",
    "DPZ": " ",
    "DTM": 1401840000000,
    "DTP": " ",
    "FID": 31,
    "ID": 17616894,
    "ID_IIP": "4EAF9C5D-413E-4BCF-B8E0-015711690107",
    "ISDP_FID": "OBJ_BT_ZAG_P.685",
    "JE_NAZWA": "Podgórze",
    "JE_NR": "126104_9",
    "KAT_SYMB": 0,
    "KOD": "GSPOPM",
    "KOD_NZ": "Pomnik",
    "KRG_D": " ",
    "KRG_N": "2411-479/2014-1",
    "MPD_D": "pomiar bezpośredni",
    "MPD_N": "O",
    "NR": " ",
    "OBR_NAZWA": " ",
    "OBR_NR": " ",
    "OPT_D": " ",
    "OPT_N": "P.1261.2014.4215",
    "REMARKS": " ",
    "SKALA_X_SY": 1,
    "SKALA_Y_SY": 1,
    "TZ": "0 - nie",
    "WID_SYMB": 1,
    "X_SYMB": 7426837.49,
    "Y_SYMB": 5541716.98
   },
   "type": "Feature"
  },
  {
   "geometry": {
    "coordinates": [
     19.96497,
     50.022518
    ],
    "type": "Point"
   },
   "id": 32,
   "properties": {
    "AKTUALNOSC": 1685318400000,
    "DKP_N": "GSPOPM",
    "DPZ": " ",
    "DTM": 1305158400000,
    "DTP": " ",
    "FID": 32,
    "ID": 17535541,
    "ID_IIP": "4EAF9C5D-413E-4BCF-B8E0-010637870107",
    "ISDP_FID": "OBJ_BT_ZAG_P.734",
    "JE_NAZWA": "Podgórze",
    "JE_NR": "126104_9",
    "KAT_SYMB": 0,
    "KOD": "GSPOPM",
    "KOD_NZ": "Pomnik",
    "KRG_D": " ",
    "KRG_N": "3546-356/2011-59",
    "MPD_D": "wektoryzacja",
    "MPD_N": "D",
    "NR": " ",
    "OBR_NAZWA": " ",
    "OBR_NR": " ",
    "OPT_D": " ",
    "OPT_N": "P.1261.2011.2663",
    "REMARKS": " ",
    "SKALA_X_SY": 1,
    "SKALA_Y_SY": 1,
    "TZ": "0 - nie",
    "WID_SYMB": 1,
    "X_SYMB": 7425833.82,
    "Y_SYMB": 5543438.27
   },
   "type": "Feature"
  },
  {
   "geometry": {
    "coordinates": [
     19.970231,
     50.022409
    ],
    "type": "Point"
   },
   "id": 33,
   "properties": {
    "AKTUALNOSC": 1685318400000,
    "DKP_N": "GSPOPM",
    "DPZ": " ",
    "DTM": 1305158400000,
    "DTP": " ",
    "FID": 33,
    "ID": 17535700,
    "ID_IIP": "4EAF9C5D-413E-4BCF-B8E0-010653990107",
    "ISDP_FID": "OBJ_BT_ZAG_P.735",
    "JE_NAZWA": "Podgórze",
    "JE_NR": "126104_9",
    "KAT_SYMB": 0,
    "KOD": "GSPOPM",
    "KOD_NZ": "Pomnik",
    "KRG_D": " ",
    "KRG_N": "3546-356/2011-59",
    "MPD_D": "wektoryzacja",
    "MPD_N": "D",
    "NR": " ",
    "OBR_NAZWA": " ",
    "OBR_NR": " ",
    "OPT_D": " ",
    "OPT_N": "P.1261.2011.2663",
    "REMARKS": " ",
    "SKALA_X_SY": 1,
    "SKALA_Y_SY": 1,
    "TZ": "0 - nie",
    "WID_SYMB": 1,
    "X_SYMB": 7426210.61,
    "Y_SYMB": 5543420.88
   },
   "type": "Feature"
  },
  {
   "geometry": {
    "coordinates": [
     19.96475,
     50.024271
    ],
    "type": "Point"
   },
   "id": 34,
   "properties": {
    "AKTUALNOSC": 1685318400000,
    "DKP_N": "GSPOPM",
    "DPZ": " ",
    "DTM": 1307059200000,
    "DTP": " ",
    "FID": 34,
    "ID": 17538872,
    "ID_IIP": "4EAF9C5D-413E-4BCF-B8E0-011625670107",
    "ISDP_FID": "OBJ_BT_ZAG_P.737",
    "JE_NAZWA": "Podgórze",
    "JE_NR": "126104_9",
    "KAT_SYMB": 0,
    "KOD": "GSPOPM",
    "KOD_NZ": "Pomnik",
    "KRG_D": " ",
    "KRG_N": "3546-356/2011-52",
    "MPD_D": "wektoryzacja",
    "MPD_N": "D",
    "NR": " ",
    "OBR_NAZWA": " ",
    "OBR_NR": " ",
    "OPT_D": " ",
    "OPT_N": "P.1261.2011.3620",
    "REMARKS": " ",
    "SKALA_X_SY": 1,
    "SKALA_Y_SY": 1,
    "TZ": "0 - nie",
    "WID_SYMB": 1,
    "X_SYMB": 7425820.73,
    "Y_SYMB": 5543633.39
   },
   "type": "Feature"
  },
  {
   "geometry": {
    "coordinates": [
     19.961821,
     50.029391
    ],
    "type": "Point"
   },
   "id": 35,
   "properties": {
    "AKTUALNOSC": 1685318400000,
    "DKP_N": "GSPOPM",
    "DPZ": " ",
    "DTM": 1285718400000,
    "DTP": " ",
    "FID": 35,
    "ID": 17553280,
    "ID_IIP": "4EAF9C5D-413E-4BCF-B8E0-004183880107",
    "ISDP_FID": "OBJ_BT_ZAG_P.739",
    "JE_NAZWA": "Podgórze",
    "JE_NR": "126104_9",
    "KAT_SYMB": 0,
    "KOD": "GSPOPM",
    "KOD_NZ": "Pomnik",
    "KRG_D": " ",
    "KRG_N": "3546-1140/2010-39",
    "MPD_D": "wektoryzacja",
    "MPD_N": "D",
    "NR": " ",
    "OBR_NAZWA": " ",
    "OBR_NR": " ",
    "OPT_D": " ",
    "OPT_N": "P.1261.2010.6124",
    "REMARKS": " ",
    "SKALA_X_SY": 1,
    "SKALA_Y_SY": 1,
    "TZ": "0 - nie",
    "WID_SYMB": 1,
    "X_SYMB": 7425618.8,
    "Y_SYMB": 5544205.74
   },
   "type": "Feature"
  },
  {
   "geometry": {
    "coordinates": [
     19.961356,
     50.029004
    ],
    "type": "Point"
   },
   "id": 36,
   "properties": {
    "AKTUALNOSC": 1685318400000,
    "DKP_N": "GSPOPM",
    "DPZ": " ",
    "DTM": 1285718400000,
    "DTP": " ",
    "FID": 36,
    "ID": 17553282,
    "ID_IIP": "4EAF9C5D-413E-4BCF-B8E0-004188160110",
    "ISDP_FID": "OBJ_BT_ZAG_P.740",
    "JE_NAZWA": "Podgórze",
    "JE_NR": "126104_9",
    "KAT_SYMB": 0,
    "KOD": "GSPOPM",
    "KOD_NZ": "Pomnik",
    "KRG_D": " ",
    "KRG_N": "3546-1140/2010-39",
    "MPD_D": "wektoryzacja",
    "MPD_N": "D",
    "NR": " ",
    "OBR_NAZWA": " ",
    "OBR_NR": " ",
    "OPT_D": " ",
    "OPT_N": "P.1261.2010.6124",
    "REMARKS": " ",
    "SKALA_X_SY": 1,
    "SKALA_Y_SY": 1,
    "TZ": "0 - nie",
    "WID_SYMB": 1,
    "X_SYMB": 7425584.86,
    "Y_SYMB": 5544163.23
   },
   "type": "Feature"
  },
  {
   "geometry": {
    "coordinates": [
     19.961674,
     50.029558
    ],
    "type": "Point"
   },
   "id": 37,
   "properties": {
    "AKTUALNOSC": 1685318400000,
    "DKP_N": "GSPOPM",
    "DPZ": " ",
    "DTM": 1285718400000,
    "DTP": " ",
    "FID": 37,
    "ID": 17553450,
    "ID_IIP": "4EAF9C5D-413E-4BCF-B8E0-004392610107",
    "ISDP_FID": "OBJ_BT_ZAG_P.741",
    "JE_NAZWA": "Podgórze",
    "JE_NR": "126104_9",
    "KAT_SYMB": 0,
    "KOD": "GSPOPM",
    "KOD_NZ": "Pomnik",
    "KRG_D": " ",
    "KRG_N": "3546-1140/2010-39",
    "MPD_D": "wektoryzacja",
    "MPD_N": "D",
    "NR": " ",
    "OBR_NAZWA": " ",
    "OBR_NR": " ",
    "OPT_D": " ",
    "OPT_N": "P.1261.2010.6124",
    "REMARKS": " ",
    "SKALA_X_SY": 1,
    "SKALA_Y_SY": 1,
    "TZ": "0 - nie",
    "WID_SYMB": 1,
    "X_SYMB": 7425608.51,
    "Y_SYMB": 5544224.43
   },
   "type": "Feature"
  },
  {
   "geometry": {
    "coordinates": [
     19.96614,
     50.032641
    ],
    "type": "Point"
   },
   "id": 38,
   "properties": {
    "AKTUALNOSC": 1685318400000,
    "DKP_N": "GSPOPM",
    "DPZ": " ",
    "DTM": 1306886400000,
    "DTP": " ",
    "FID": 38,
    "ID": 17555007,
    "ID_IIP": "4EAF9C5D-413E-4BCF-B8E0-012497960107",
    "ISDP_FID": "OBJ_BT_ZAG_P.743",
    "JE_NAZWA": "Podgórze",
    "JE_NR": "126104_9",
    "KAT_SYMB": 0,
    "KOD": "GSPOPM",
    "KOD_NZ": "Pomnik",
    "KRG_D": " ",
    "KRG_N": "3546-356/2011-35",
    "MPD_D": "wektoryzacja",
    "MPD_N": "D",
    "NR": " ",
    "OBR_NAZWA": " ",
    "OBR_NR": " ",
    "OPT_D": " ",
    "OPT_N": "P.1261.2011.3614",
    "REMARKS": " ",
    "SKALA_X_SY": 1,
    "SKALA_Y_SY": 1,
    "TZ": "0 - nie",
    "WID_SYMB": 1,
    "X_SYMB": 7425933.23,
    "Y_SYMB": 5544562.92
   },
   "type": "Feature"
  },
  {
   "geometry": {
    "coordinates": [
     19.973916,
     50.034867
    ],
    "type": "Point"
   },
   "id": 39,
   "properties": {
    "AKTUALNOSC": 1685318400000,
    "DKP_N": "GSPOPM",
    "DPZ": " ",
    "DTM": 1303948800000,
    "DTP": " ",
    "FID": 39,
    "ID": 17555821,
    "ID_IIP": "4EAF9C5D-413E-4BCF-B8E0-010325580107",
    "ISDP_FID": "OBJ_BT_ZAG_P.744",
    "JE_NAZWA": "Podgórze",
    "JE_NR": "126104_9",
    "KAT_SYMB": 0,
    "KOD": "GSPOPM",
    "KOD_NZ": "Pomnik",
    "KRG_D": " ",
    "KRG_N": "3546-356/2011-36",
    "MPD_D": "wektoryzacja",
    "MPD_N": "D",
    "NR": " ",
    "OBR_NAZWA": " ",
    "OBR_NR": " ",
    "OPT_D": " ",
    "OPT_N": "P.1261.2011.2662",
    "REMARKS": " ",
    "SKALA_X_SY": 1,
    "SKALA_Y_SY": 1,
    "TZ": "0 - nie",
    "WID_SYMB": 1,
    "X_SYMB": 7426493.7,
    "Y_SYMB": 5544802.8
   },
   "type": "Feature"
  },
  {
   "geometry": {
    "coordinates": [
     19.978161,
     50.027372
    ],
    "type": "Point"
   },
   "id": 40,
   "properties": {
    "AKTUALNOSC": 1685318400000,
    "DKP_N": "GSPOPM",
    "DPZ": " ",
    "DTM": 1305504000000,
    "DTP": " ",
    "FID": 40,
    "ID": 17556382,
    "ID_IIP": "4EAF9C5D-413E-4BCF-B8E0-010761700107",
    "ISDP_FID": "OBJ_BT_ZAG_P.745",
    "JE_NAZWA": "Podgórze",
    "JE_NR": "126104_9",
    "KAT_SYMB": 0,
    "KOD": "GSPOPM",
    "KOD_NZ": "Pomnik",
    "KRG_D": " ",
    "KRG_N": "3546-356/2011-53",
    "MPD_D": "wektoryzacja",
    "MPD_N": "D",
    "NR": " ",
    "OBR_NAZWA": " ",
    "OBR_NR": " ",
    "OPT_D": " ",
    "OPT_N": "P.1261.2011.3193",
    "REMARKS": " ",
    "SKALA_X_SY": 1,
    "SKALA_Y_SY": 1,
    "TZ": "0 - nie",
    "WID_SYMB": 1,
    "X_SYMB": 7426786.41,
    "Y_SYMB": 5543965.03
   },
   "type": "Feature"
  },
  {
   "geometry": {
    "coordinates": [
     19.995551,
     50.020867
    ],
    "type": "Point"
   },
   "id": 41,
   "properties": {
    "AKTUALNOSC": 1685318400000,
    "DKP_N": "GSPOPM",
    "DPZ": " ",
    "DTM": 1307059200000,
    "DTP": " ",
    "FID": 41,
    "ID": 17565354,
    "ID_IIP": "4EAF9C5D-413E-4BCF-B8E0-011999410107",
    "ISDP_FID": "OBJ_BT_ZAG_P.748",
    "JE_NAZWA": "Podgórze",
    "JE_NR": "126104_9",
    "KAT_SYMB": 0,
    "KOD": "GSPOPM",
    "KOD_NZ": "Pomnik",
    "KRG_D": " ",
    "KRG_N": "3546-356/2011-61",
    "MPD_D": "wektoryzacja",
    "MPD_N": "D",
    "NR": " ",
    "OBR_NAZWA": " ",
    "OBR_NR": " ",
    "OPT_D": " ",
    "OPT_N": "P.1261.2011.3621",
    "REMARKS": " ",
    "SKALA_X_SY": 1,
    "SKALA_Y_SY": 1,
    "TZ": "0 - nie",
    "WID_SYMB": 1,
    "X_SYMB": 7428022.62,
    "Y_SYMB": 5543224.75
   },
   "type": "Feature"
  },
  {
   "geometry": {
    "coordinates": [
     19.993929,
     50.018703
    ],
    "type": "Point"
   },
   "id": 42,
   "properties": {
    "AKTUALNOSC": 1685318400000,
    "DKP_N": "GSPOPM",
    "DPZ": " ",
    "DTM": 1401148800000,
    "DTP": " ",
    "FID": 42,
    "ID": 17568607,
    "ID_IIP": "4EAF9C5D-413E-4BCF-B8E0-015672310107",
    "ISDP_FID": "OBJ_BT_ZAG_P.752",
    "JE_NAZWA": "Podgórze",
    "JE_NR": "126104_9",
    "KAT_SYMB": 0,
    "KOD": "GSPOPM",
    "KOD_NZ": "Pomnik",
    "KRG_D": " ",
    "KRG_N": "2411-277/2014-1",
    "MPD_D": "pomiar bezpośredni",
    "MPD_N": "O",
    "NR": " ",
    "OBR_NAZWA": " ",
    "OBR_NR": " ",
    "OPT_D": " ",
    "OPT_N": "P.1261.2014.3884",
    "REMARKS": " ",
    "SKALA_X_SY": 1,
    "SKALA_Y_SY": 1,
    "TZ": "0 - nie",
    "WID_SYMB": 1,
    "X_SYMB": 7427903.14,
    "Y_SYMB": 5542985.57
   },
   "type": "Feature"
  },
  {
   "geometry": {
    "coordinates": [
     19.994276,
     50.018561
    ],
    "type": "Point"
   },
   "id": 43,
   "properties": {
    "AKTUALNOSC": 1685318400000,
    "DKP_N": "GSPOPM",
    "DPZ": " ",
    "DTM": 1401235200000,
    "DTP": " ",
    "FID": 43,
    "ID": 17568662,
    "ID_IIP": "4EAF9C5D-413E-4BCF-B8E0-015707210107",
    "ISDP_FID": "OBJ_BT_ZAG_P.753",
    "JE_NAZWA": "Podgórze",
    "JE_NR": "126104_9",
    "KAT_SYMB": 0,
    "KOD": "GSPOPM",
    "KOD_NZ": "Pomnik",
    "KRG_D": " ",
    "KRG_N": "2411-435/2014-1",
    "MPD_D": "pomiar bezpośredni",
    "MPD_N": "O",
    "NR": " ",
    "OBR_NAZWA": " ",
    "OBR_NR": " ",
    "OPT_D": " ",
    "OPT_N": "P.1261.2014.3928",
    "REMARKS": " ",
    "SKALA_X_SY": 1,
    "SKALA_Y_SY": 1,
    "TZ": "0 - nie",
    "WID_SYMB": 1,
    "X_SYMB": 7427927.79,
    "Y_SYMB": 5542969.47
   },
   "type": "Feature"
  },
  {
   "geometry": {
    "coordinates": [
     19.994306,
     50.018527
    ],
    "type": "Point"
   },
   "id": 44,
   "properties": {
    "AKTUALNOSC": 1685318400000,
    "DKP_N": "GSPOPM",
    "DPZ": " ",
    "DTM": 1401235200000,
    "DTP": " ",
    "FID": 44,
    "ID": 17568663,
    "ID_IIP": "4EAF9C5D-413E-4BCF-B8E0-015707230107",
    "ISDP_FID": "OBJ_BT_ZAG_P.754",
    "JE_NAZWA": "Podgórze",
    "JE_NR": "126104_9",
    "KAT_SYMB": 0,
    "KOD": "GSPOPM",
    "KOD_NZ": "Pomnik",
    "KRG_D": " ",
    "KRG_N": "2411-435/2014-1",
    "MPD_D": "pomiar bezpośredni",
    "MPD_N": "O",
    "NR": " ",
    "OBR_NAZWA": " ",
    "OBR_NR": " ",
    "OPT_D": " ",
    "OPT_N": "P.1261.2014.3928",
    "REMARKS": " ",
    "SKALA_X_SY": 1,
    "SKALA_Y_SY": 1,
    "TZ": "0 - nie",
    "WID_SYMB": 1,
    "X_SYMB": 7427929.91,
    "Y_SYMB": 5542965.64
   },
   "type": "Feature"
  },
  {
   "geometry": {
    "coordinates": [
     19.99436,
     50.018528
    ],
    "type": "Point"
   },
   "id": 45,
   "properties": {
    "AKTUALNOSC": 1685318400000,
    "DKP_N": "GSPOPM",
    "DPZ": " ",
    "DTM": 1401235200000,
    "DTP": " ",
    "FID": 45,
    "ID": 17568664,
    "ID_IIP": "4EAF9C5D-413E-4BCF-B8E0-015707240107",
    "ISDP_FID": "OBJ_BT_ZAG_P.755",
    "JE_NAZWA": "Podgórze",
    "JE_NR": "126104_9",
    "KAT_SYMB": 0,
    "KOD": "GSPOPM",
    "KOD_NZ": "Pomnik",
    "KRG_D": " ",
    "KRG_N": "2411-435/2014-1",
    "MPD_D": "pomiar bezpośredni",
    "MPD_N": "O",
    "NR": " ",
    "OBR_NAZWA": " ",
    "OBR_NR": " ",
    "OPT_D": " ",
    "OPT_N": "P.1261.2014.3928",
    "REMARKS": " ",
    "SKALA_X_SY": 1,
    "SKALA_Y_SY": 1,
    "TZ": "0 - nie",
    "WID_SYMB": 1,
    "X_SYMB": 7427933.78,
    "Y_SYMB": 5542965.7
   },
   "type": "Feature"
  },
  {
   "geometry": {
    "coordinates": [
     19.994134,
     50.018622
    ],
    "type": "Point"
   },
   "id": 46,
   "properties": {
    "AKTUALNOSC": 1685318400000,
    "DKP_N": "GSPOPM",
    "DPZ": " ",
    "DTM": 1401235200000,
    "DTP": " ",
    "FID": 46,
    "ID": 17568667,
    "ID_IIP": "4EAF9C5D-413E-4BCF-B8E0-015707350107",
    "ISDP_FID": "OBJ_BT_ZAG_P.756",
    "JE_NAZWA": "Podgórze",
    "JE_NR": "126104_9",
    "KAT_SYMB": 0,
    "KOD": "GSPOPM",
    "KOD_NZ": "Pomnik",
    "KRG_D": " ",
    "KRG_N": "2411-435/2014-1",
    "MPD_D": "pomiar bezpośredni",
    "MPD_N": "O",
    "NR": " ",
    "OBR_NAZWA": " ",
    "OBR_NR": " ",
    "OPT_D": " ",
    "OPT_N": "P.1261.2014.3928",
    "REMARKS": " ",
    "SKALA_X_SY": 1,
    "SKALA_Y_SY": 1,
    "TZ": "0 - nie",
    "WID_SYMB": 1,
    "X_SYMB": 7427917.7,
    "Y_SYMB": 5542976.36
   },
   "type": "Feature"
  },
  {
   "geometry": {
    "coordinates": [
     20.034902,
     50.018439
    ],
    "type": "Point"
   },
   "id": 47,
   "properties": {
    "AKTUALNOSC": 1685318400000,
    "DKP_N": "GSPOPM",
    "DPZ": " ",
    "DTM": 1348185600000,
    "DTP": " ",
    "FID": 47,
    "ID": 17584345,
    "ID_IIP": "4EAF9C5D-413E-4BCF-B8E0-013876700107",
    "ISDP_FID": "OBJ_BT_ZAG_P.762",
    "JE_NAZWA": "Podgórze",
    "JE_NR": "126104_9",
    "KAT_SYMB": 0,
    "KOD": "GSPOPM",
    "KOD_NZ": "Pomnik",
    "KRG_D": " ",
    "KRG_N": "2412-385/2012-1",
    "MPD_D": "pomiar bezpośredni",
    "MPD_N": "O",
    "NR": " ",
    "OBR_NAZWA": " ",
    "OBR_NR": " ",
    "OPT_D": " ",
    "OPT_N": "P.1261.2012.6799",
    "REMARKS": " ",
    "SKALA_X_SY": 1,
    "SKALA_Y_SY": 1,
    "TZ": "0 - nie",
    "WID_SYMB": 1,
    "X_SYMB": 7430838.91,
    "Y_SYMB": 5542917.5
   },
   "type": "Feature"
  },
  {
   "geometry": {
    "coordinates": [
     20.073469,
     50.097335
    ],
    "type": "Point"
   },
   "id": 48,
   "properties": {
    "AKTUALNOSC": 1685318400000,
    "DKP_N": "GSPOPM",
    "DPZ": " ",
    "DTM": 1308614400000,
    "DTP": " ",
    "FID": 48,
    "ID": 17160342,
    "ID_IIP": "4EAF9C5D-413E-4BCF-B8E0-013260750107",
    "ISDP_FID": "OBJ_BT_ZAG_P.768",
    "JE_NAZWA": "Nowa Huta",
    "JE_NR": "126103_9",
    "KAT_SYMB": 0,
    "KOD": "GSPOPM",
    "KOD_NZ": "Pomnik",
    "KRG_D": " ",
    "KRG_N": "3483-243/2011-1",
    "MPD_D": "pomiar bezpośredni",
    "MPD_N": "O",
    "NR": " ",
    "OBR_NAZWA": " ",
    "OBR_NR": " ",
    "OPT_D": " ",
    "OPT_N": "P.1261.2011.4418",
    "REMARKS": " ",
    "SKALA_X_SY": 1,
    "SKALA_Y_SY": 1,
    "TZ": "0 - nie",
    "WID_SYMB": 1,
    "X_SYMB": 7433711.52,
    "Y_SYMB": 5551657.36
   },
   "type": "Feature"
  },
  {
   "geometry": {
    "coordinates": [
     20.089019,
     50.095649
    ],
    "type": "Point"
   },
   "id": 49,
   "properties": {
    "AKTUALNOSC": 1685318400000,
    "DKP_N": "GSPOPM",
    "DPZ": " ",
    "DTM": 1301270400000,
    "DTP": " ",
    "FID": 49,
    "ID": 17161828,
    "ID_IIP": "4EAF9C5D-413E-4BCF-B8E0-009037760107",
    "ISDP_FID": "OBJ_BT_ZAG_P.773",
    "JE_NAZWA": "Nowa Huta",
    "JE_NR": "126103_9",
    "KAT_SYMB": 0,
    "KOD": "GSPOPM",
    "KOD_NZ": "Pomnik",
    "KRG_D": " ",
    "KRG_N": "3483-6/2011-31",
    "MPD_D": "wektoryzacja",
    "MPD_N": "D",
    "NR": " ",
    "OBR_NAZWA": " ",
    "OBR_NR": " ",
    "OPT_D": " ",
    "OPT_N": "P.1261.2011.2123",
    "REMARKS": " ",
    "SKALA_X_SY": 1,
    "SKALA_Y_SY": 1,
    "TZ": "0 - nie",
    "WID_SYMB": 1,
    "X_SYMB": 7434821.74,
    "Y_SYMB": 5551456.11
   },
   "type": "Feature"
  },
  {
   "geometry": {
    "coordinates": [
     20.065751,
     50.085306
    ],
    "type": "Point"
   },
   "id": 50,
   "properties": {
    "AKTUALNOSC": 1685318400000,
    "DKP_N": "GSPOPM",
    "DPZ": " ",
    "DTM": 1298851200000,
    "DTP": " ",
    "FID": 50,
    "ID": 17172004,
    "ID_IIP": "4EAF9C5D-413E-4BCF-B8E0-008321200107",
    "ISDP_FID": "OBJ_BT_ZAG_P.782",
    "JE_NAZWA": "Nowa Huta",
    "JE_NR": "126103_9",
    "KAT_SYMB": 0,
    "KOD": "GSPOPM",
    "KOD_NZ": "Pomnik",
    "KRG_D": " ",
    "KRG_N": "3483-6/2011-54",
    "MPD_D": "wektoryzacja",
    "MPD_N": "D",
    "NR": " ",
    "OBR_NAZWA": " ",
    "OBR_NR": " ",
    "OPT_D": " ",
    "OPT_N": "P.1261.2011.1297",
    "REMARKS": " ",
    "SKALA_X_SY": 1,
    "SKALA_Y_SY": 1,
    "TZ": "0 - nie",
    "WID_SYMB": 1,
    "X_SYMB": 7433142.58,
    "Y_SYMB": 5550326.28
   },
   "type": "Feature"
  },
  {
   "geometry": {
    "coordinates": [
     20.047744,
     50.085976
    ],
    "type": "Point"
   },
   "id": 51,
   "properties": {
    "AKTUALNOSC": 1685318400000,
    "DKP_N": "GSPOPM",
    "DPZ": " ",
    "DTM": 1301356800000,
    "DTP": " ",
    "FID": 51,
    "ID": 17239662,
    "ID_IIP": "4EAF9C5D-413E-4BCF-B8E0-010331200107",
    "ISDP_FID": "OBJ_BT_ZAG_P.808",
    "JE_NAZWA": "Nowa Huta",
    "JE_NR": "126103_9",
    "KAT_SYMB": 0,
    "KOD": "GSPOPM",
    "KOD_NZ": "Pomnik",
    "KRG_D": " ",
    "KRG_N": "3483-6/2011-46",
    "MPD_D": "wektoryzacja",
    "MPD_N": "D",
    "NR": " ",
    "OBR_NAZWA": " ",
    "OBR_NR": " ",
    "OPT_D": " ",
    "OPT_N": "P.1261.2011.2126",
    "REMARKS": " ",
    "SKALA_X_SY": 1,
    "SKALA_Y_SY": 1,
    "TZ": "0 - nie",
    "WID_SYMB": 1,
    "X_SYMB": 7431854.89,
    "Y_SYMB": 5550417.17
   },
   "type": "Feature"
  },
  {
   "geometry": {
    "coordinates": [
     20.050844,
     50.076215
    ],
    "type": "Point"
   },
   "id": 52,
   "properties": {
    "AKTUALNOSC": 1685318400000,
    "DKP_N": "GSPOPM",
    "DPZ": " ",
    "DTM": 1300320000000,
    "DTP": " ",
    "FID": 52,
    "ID": 17246765,
    "ID_IIP": "4EAF9C5D-413E-4BCF-B8E0-009269290107",
    "ISDP_FID": "OBJ_BT_ZAG_P.812",
    "JE_NAZWA": "Nowa Huta",
    "JE_NR": "126103_9",
    "KAT_SYMB": 0,
    "KOD": "GSPOPM",
    "KOD_NZ": "Pomnik",
    "KRG_D": " ",
    "KRG_N": "3483-6/2011-62",
    "MPD_D": "wektoryzacja",
    "MPD_N": "D",
    "NR": " ",
    "OBR_NAZWA": " ",
    "OBR_NR": " ",
    "OPT_D": " ",
    "OPT_N": "P.1261.2011.1848",
    "REMARKS": " ",
    "SKALA_X_SY": 1,
    "SKALA_Y_SY": 1,
    "TZ": "0 - nie",
    "WID_SYMB": 1,
    "X_SYMB": 7432062.95,
    "Y_SYMB": 5549328.69
   },
   "type": "Feature"
  },
  {
   "geometry": {
    "coordinates": [
     20.045689,
     50.074808
    ],
    "type": "Point"
   },
   "id": 53,
   "properties": {
    "AKTUALNOSC": 1685318400000,
    "DKP_N": "GSPOPM",
    "DPZ": " ",
    "DTM": 1301011200000,
    "DTP": " ",
    "FID": 53,
    "ID": 17251587,
    "ID_IIP": "4EAF9C5D-413E-4BCF-B8E0-009754820107",
    "ISDP_FID": "OBJ_BT_ZAG_P.813",
    "JE_NAZWA": "Nowa Huta",
    "JE_NR": "126103_9",
    "KAT_SYMB": 0,
    "KOD": "GSPOPM",
    "KOD_NZ": "Pomnik",
    "KRG_D": " ",
    "KRG_N": "3483-6/2011-67",
    "MPD_D": "wektoryzacja",
    "MPD_N": "D",
    "NR": " ",
    "OBR_NAZWA": " ",
    "OBR_NR": " ",
    "OPT_D": " ",
    "OPT_N": "P.1261.2011.2075",
    "REMARKS": " ",
    "SKALA_X_SY": 1,
    "SKALA_Y_SY": 1,
    "TZ": "0 - nie",
    "WID_SYMB": 1,
    "X_SYMB": 7431691.96,
    "Y_SYMB": 5549176.91
   },
   "type": "Feature"
  },
  {
   "geometry": {
    "coordinates": [
     20.053314,
     50.065383
    ],
    "type": "Point"
   },
   "id": 54,
   "properties": {
    "AKTUALNOSC": 1685318400000,
    "DKP_N": "GSPOPM",
    "DPZ": " ",
    "DTM": 1299715200000,
    "DTP": " ",
    "FID": 54,
    "ID": 17254376,
    "ID_IIP": "4EAF9C5D-413E-4BCF-B8E0-008621130107",
    "ISDP_FID": "OBJ_BT_ZAG_P.827",
    "JE_NAZWA": "Nowa Huta",
    "JE_NR": "126103_9",
    "KAT_SYMB": 0,
    "KOD": "GSPOPM",
    "KOD_NZ": "Pomnik",
    "KRG_D": " ",
    "KRG_N": "3483-6/2011-80",
    "MPD_D": "wektoryzacja",
    "MPD_N": "D",
    "NR": " ",
    "OBR_NAZWA": " ",
    "OBR_NR": " ",
    "OPT_D": " ",
    "OPT_N": "P.1261.2011.1563",
    "REMARKS": " ",
    "SKALA_X_SY": 1,
    "SKALA_Y_SY": 1,
    "TZ": "0 - nie",
    "WID_SYMB": 1,
    "X_SYMB": 7432224.5,
    "Y_SYMB": 5548121.75
   },
   "type": "Feature"
  },
  {
   "geometry": {
    "coordinates": [
     20.052632,
     50.065089
    ],
    "type": "Point"
   },
   "id": 55,
   "properties": {
    "AKTUALNOSC": 1685318400000,
    "DKP_N": "GSPOPM",
    "DPZ": " ",
    "DTM": 1345593600000,
    "DTP": " ",
    "FID": 55,
    "ID": 17258578,
    "ID_IIP": "4EAF9C5D-413E-4BCF-B8E0-013827300107",
    "ISDP_FID": "OBJ_BT_ZAG_P.835",
    "JE_NAZWA": "Nowa Huta",
    "JE_NR": "126103_9",
    "KAT_SYMB": 0,
    "KOD": "GSPOPM",
    "KOD_NZ": "Pomnik",
    "KRG_D": " ",
    "KRG_N": "3483-303/2011-1",
    "MPD_D": "pomiar bezpośredni",
    "MPD_N": "O",
    "NR": " ",
    "OBR_NAZWA": " ",
    "OBR_NR": " ",
    "OPT_D": " ",
    "OPT_N": " ",
    "REMARKS": " ",
    "SKALA_X_SY": 1,
    "SKALA_Y_SY": 1,
    "TZ": "0 - nie",
    "WID_SYMB": 1,
    "X_SYMB": 7432175.23,
    "Y_SYMB": 5548089.62
   },
   "type": "Feature"
  },
  {
   "geometry": {
    "coordinates": [
     20.050774,
     50.069607
    ],
    "type": "Point"
   },
   "id": 56,
   "properties": {
    "AKTUALNOSC": 1685318400000,
    "DKP_N": "GSPOPM",
    "DPZ": " ",
    "DTM": 1301356800000,
    "DTP": " ",
    "FID": 56,
    "ID": 17260895,
    "ID_IIP": "4EAF9C5D-413E-4BCF-B8E0-008135430107",
    "ISDP_FID": "OBJ_BT_ZAG_P.837",
    "JE_NAZWA": "Nowa Huta",
    "JE_NR": "126103_9",
    "KAT_SYMB": 0,
    "KOD": "GSPOPM",
    "KOD_NZ": "Pomnik",
    "KRG_D": " ",
    "KRG_N": "3483-6/2011-74",
    "MPD_D": "wektoryzacja",
    "MPD_N": "D",
    "NR": " ",
    "OBR_NAZWA": " ",
    "OBR_NR": " ",
    "OPT_D": " ",
    "OPT_N": "P.1261.2011.2130",
    "REMARKS": " ",
    "SKALA_X_SY": 1,
    "SKALA_Y_SY": 1,
    "TZ": "0 - nie",
    "WID_SYMB": 1,
    "X_SYMB": 7432048.6,
    "Y_SYMB": 5548593.86
   },
   "type": "Feature"
  },
  {
   "geometry": {
    "coordinates": [
     20.050961,
     50.066215
    ],
    "type": "Point"
   },
   "id": 57,
   "properties": {
    "AKTUALNOSC": 1685318400000,
    "DKP_N": "GSPOPM",
    "DPZ": " ",
    "DTM": 1299715200000,
    "DTP": " ",
    "FID": 57,
    "ID": 17262557,
    "ID_IIP": "4EAF9C5D-413E-4BCF-B8E0-008552190107",
    "ISDP_FID": "OBJ_BT_ZAG_P.838",
    "JE_NAZWA": "Nowa Huta",
    "JE_NR": "126103_9",
    "KAT_SYMB": 0,
    "KOD": "GSPOPM",
    "KOD_NZ": "Pomnik",
    "KRG_D": " ",
    "KRG_N": "3483-6/2011-80",
    "MPD_D": "wektoryzacja",
    "MPD_N": "D",
    "NR": " ",
    "OBR_NAZWA": " ",
    "OBR_NR": " ",
    "OPT_D": " ",
    "OPT_N": "P.1261.2011.1563",
    "REMARKS": " ",
    "SKALA_X_SY": 1,
    "SKALA_Y_SY": 1,
    "TZ": "0 - nie",
    "WID_SYMB": 1,
    "X_SYMB": 7432057.21,
    "Y_SYMB": 5548216.44
   },
   "type": "Feature"
  },
  {
   "geometry": {
    "coordinates": [
     20.05015,
     50.072539
    ],
    "type": "Point"
   },
   "id": 58,
   "properties": {
    "AKTUALNOSC": 1685318400000,
    "DKP_N": "GSPOPM",
    "DPZ": " ",
    "DTM": 1301356800000,
    "DTP": " ",
    "FID": 58,
    "ID": 17271197,
    "ID_IIP": "4EAF9C5D-413E-4BCF-B8E0-009563470107",
    "ISDP_FID": "OBJ_BT_ZAG_P.846",
    "JE_NAZWA": "Nowa Huta",
    "JE_NR": "126103_9",
    "KAT_SYMB": 0,
    "KOD": "GSPOPM",
    "KOD_NZ": "Pomnik",
    "KRG_D": " ",
    "KRG_N": "3483-6/2011-68",
    "MPD_D": "wektoryzacja",
    "MPD_N": "D",
    "NR": " ",
    "OBR_NAZWA": " ",
    "OBR_NR": " ",
    "OPT_D": " ",
    "OPT_N": "P.1261.2011.2128",
    "REMARKS": " ",
    "SKALA_X_SY": 1,
    "SKALA_Y_SY": 1,
    "TZ": "0 - nie",
    "WID_SYMB": 1,
    "X_SYMB": 7432008.09,
    "Y_SYMB": 5548920.43
   },
   "type": "Feature"
  },
  {
   "geometry": {
    "coordinates": [
     20.04614,
     50.066186
    ],
    "type": "Point"
   },
   "id": 59,
   "properties": {
    "AKTUALNOSC": 1685318400000,
    "DKP_N": "GSPOPM",
    "DPZ": " ",
    "DTM": 1301184000000,
    "DTP": " ",
    "FID": 59,
    "ID": 17274979,
    "ID_IIP": "4EAF9C5D-413E-4BCF-B8E0-010068860107",
    "ISDP_FID": "OBJ_BT_ZAG_P.848",
    "JE_NAZWA": "Nowa Huta",
    "JE_NR": "126103_9",
    "KAT_SYMB": 0,
    "KOD": "GSPOPM",
    "KOD_NZ": "Pomnik",
    "KRG_D": " ",
    "KRG_N": "3483-6/2011-79",
    "MPD_D": "wektoryzacja",
    "MPD_N": "D",
    "NR": " ",
    "OBR_NAZWA": " ",
    "OBR_NR": " ",
    "OPT_D": " ",
    "OPT_N": "P.1261.2011.2133",
    "REMARKS": " ",
    "SKALA_X_SY": 1,
    "SKALA_Y_SY": 1,
    "TZ": "0 - nie",
    "WID_SYMB": 1,
    "X_SYMB": 7431712.02,
    "Y_SYMB": 5548217.56
   },
   "type": "Feature"
  },
  {
   "geometry": {
    "coordinates": [
     20.006007,
     50.09311
    ],
    "type": "Point"
   },
   "id": 60,
   "properties": {
    "AKTUALNOSC": 1685318400000,
    "DKP_N": "GSPOPM",
    "DPZ": " ",
    "DTM": 1300320000000,
    "DTP": " ",
    "FID": 60,
    "ID": 17062587,
    "ID_IIP": "4EAF9C5D-413E-4BCF-B8E0-009543760107",
    "ISDP_FID": "OBJ_BT_ZAG_P.418",
    "JE_NAZWA": "Nowa Huta",
    "JE_NR": "126103_9",
    "KAT_SYMB": 0,
    "KOD": "GSPOPM",
    "KOD_NZ": "Pomnik",
    "KRG_D": " ",
    "KRG_N": "3483-6/2011-24",
    "MPD_D": "wektoryzacja",
    "MPD_N": "D",
    "NR": " ",
    "OBR_NAZWA": " ",
    "OBR_NR": " ",
    "OPT_D": " ",
    "OPT_N": "P.1261.2011.1843",
    "REMARKS": " ",
    "SKALA_X_SY": 1,
    "SKALA_Y_SY": 1,
    "TZ": "0 - nie",
    "WID_SYMB": 1,
    "X_SYMB": 7428878.77,
    "Y_SYMB": 5551249.42
   },
   "type": "Feature"
  },
  {
   "geometry": {
    "coordinates": [
     20.010047,
     50.096353
    ],
    "type": "Point"
   },
   "id": 61,
   "properties": {
    "AKTUALNOSC": 1685318400000,
    "DKP_N": "GSPOPM",
    "DPZ": " ",
    "DTM": 1300320000000,
    "DTP": " ",
    "FID": 61,
    "ID": 17063020,
    "ID_IIP": "4EAF9C5D-413E-4BCF-B8E0-009572870107",
    "ISDP_FID": "OBJ_BT_ZAG_P.419",
    "JE_NAZWA": "Nowa Huta",
    "JE_NR": "126103_9",
    "KAT_SYMB": 0,
    "KOD": "GSPOPM",
    "KOD_NZ": "Pomnik",
    "KRG_D": " ",
    "KRG_N": "3483-6/2011-24",
    "MPD_D": "wektoryzacja",
    "MPD_N": "D",
    "NR": " ",
    "OBR_NAZWA": " ",
    "OBR_NR": " ",
    "OPT_D": " ",
    "OPT_N": "P.1261.2011.1843",
    "REMARKS": " ",
    "SKALA_X_SY": 1,
    "SKALA_Y_SY": 1,
    "TZ": "0 - nie",
    "WID_SYMB": 1,
    "X_SYMB": 7429172.57,
    "Y_SYMB": 5551606.28
   },
   "type": "Feature"
  },
  {
   "geometry": {
    "coordinates": [
     20.06276,
     50.103817
    ],
    "type": "Point"
   },
   "id": 62,
   "properties": {
    "AKTUALNOSC": 1685318400000,
    "DKP_N": "GSPOPM",
    "DPZ": " ",
    "DTM": 1296777600000,
    "DTP": " ",
    "FID": 62,
    "ID": 17068737,
    "ID_IIP": "4EAF9C5D-413E-4BCF-B8E0-007636560107",
    "ISDP_FID": "OBJ_BT_ZAG_P.420",
    "JE_NAZWA": "Nowa Huta",
    "JE_NR": "126103_9",
    "KAT_SYMB": 0,
    "KOD": "GSPOPM",
    "KOD_NZ": "Pomnik",
    "KRG_D": " ",
    "KRG_N": "3483-6/2011-11",
    "MPD_D": "wektoryzacja",
    "MPD_N": "D",
    "NR": " ",
    "OBR_NAZWA": " ",
    "OBR_NR": " ",
    "OPT_D": " ",
    "OPT_N": "P.1261.2011.696",
    "REMARKS": " ",
    "SKALA_X_SY": 1,
    "SKALA_Y_SY": 1,
    "TZ": "0 - nie",
    "WID_SYMB": 1,
    "X_SYMB": 7432954.38,
    "Y_SYMB": 5552387.85
   },
   "type": "Feature"
  },
  {
   "geometry": {
    "coordinates": [
     20.000529,
     50.088156
    ],
    "type": "Point"
   },
   "id": 63,
   "properties": {
    "AKTUALNOSC": 1685318400000,
    "DKP_N": "GSPOPM",
    "DPZ": " ",
    "DTM": 1291334400000,
    "DTP": " ",
    "FID": 63,
    "ID": 17079721,
    "ID_IIP": "4EAF9C5D-413E-4BCF-B8E0-005031400107",
    "ISDP_FID": "OBJ_BT_ZAG_P.427",
    "JE_NAZWA": "Nowa Huta",
    "JE_NR": "126103_9",
    "KAT_SYMB": 0,
    "KOD": "GSPOPM",
    "KOD_NZ": "Pomnik",
    "KRG_D": " ",
    "KRG_N": "3482-992/2010-12",
    "MPD_D": "wektoryzacja",
    "MPD_N": "D",
    "NR": " ",
    "OBR_NAZWA": " ",
    "OBR_NR": " ",
    "OPT_D": " ",
    "OPT_N": "P.1261.2010.7681",
    "REMARKS": " ",
    "SKALA_X_SY": 1,
    "SKALA_Y_SY": 1,
    "TZ": "0 - nie",
    "WID_SYMB": 1,
    "X_SYMB": 7428479.4,
    "Y_SYMB": 5550703.73
   },
   "type": "Feature"
  },
  {
   "geometry": {
    "coordinates": [
     19.993469,
     50.074019
    ],
    "type": "Point"
   },
   "id": 64,
   "properties": {
    "AKTUALNOSC": 1685318400000,
    "DKP_N": "GSPOPM",
    "DPZ": " ",
    "DTM": 1289174400000,
    "DTP": " ",
    "FID": 64,
    "ID": 17085294,
    "ID_IIP": "4EAF9C5D-413E-4BCF-B8E0-004044920107",
    "ISDP_FID": "OBJ_BT_ZAG_P.429",
    "JE_NAZWA": "Nowa Huta",
    "JE_NR": "126103_9",
    "KAT_SYMB": 0,
    "KOD": "GSPOPM",
    "KOD_NZ": "Pomnik",
    "KRG_D": " ",
    "KRG_N": "3482-992/2010-25",
    "MPD_D": "wektoryzacja",
    "MPD_N": "D",
    "NR": " ",
    "OBR_NAZWA": " ",
    "OBR_NR": " ",
    "OPT_D": " ",
    "OPT_N": "P.1261.2010.6766",
    "REMARKS": " ",
    "SKALA_X_SY": 1,
    "SKALA_Y_SY": 1,
    "TZ": "0 - nie",
    "WID_SYMB": 1,
    "X_SYMB": 7427953.06,
    "Y_SYMB": 5549138.2
   },
   "type": "Feature"
  },
  {
   "geometry": {
    "coordinates": [
     19.992923,
     50.077345
    ],
    "type": "Point"
   },
   "id": 65,
   "properties": {
    "AKTUALNOSC": 1685318400000,
    "DKP_N": "GSPOPM",
    "DPZ": " ",
    "DTM": 1289174400000,
    "DTP": " ",
    "FID": 65,
    "ID": 17086114,
    "ID_IIP": "4EAF9C5D-413E-4BCF-B8E0-004097050107",
    "ISDP_FID": "OBJ_BT_ZAG_P.430",
    "JE_NAZWA": "Nowa Huta",
    "JE_NR": "126103_9",
    "KAT_SYMB": 0,
    "KOD": "GSPOPM",
    "KOD_NZ": "Pomnik",
    "KRG_D": " ",
    "KRG_N": "3482-992/2010-25",
    "MPD_D": "wektoryzacja",
    "MPD_N": "D",
    "NR": " ",
    "OBR_NAZWA": " ",
    "OBR_NR": " ",
    "OPT_D": " ",
    "OPT_N": "P.1261.2010.6766",
    "REMARKS": " ",
    "SKALA_X_SY": 1,
    "SKALA_Y_SY": 1,
    "TZ": "0 - nie",
    "WID_SYMB": 1,
    "X_SYMB": 7427918.94,
    "Y_SYMB": 5549508.68
   },
   "type": "Feature"
  },
  {
   "geometry": {
    "coordinates": [
     19.99475,
     50.075582
    ],
    "type": "Point"
   },
   "id": 66,
   "properties": {
    "AKTUALNOSC": 1685318400000,
    "DKP_N": "GSPOPM",
    "DPZ": " ",
    "DTM": 1317859200000,
    "DTP": " ",
    "FID": 66,
    "ID": 17089426,
    "ID_IIP": "4EAF9C5D-413E-4BCF-B8E0-013378690107",
    "ISDP_FID": "OBJ_BT_ZAG_P.432",
    "JE_NAZWA": "Nowa Huta",
    "JE_NR": "126103_9",
    "KAT_SYMB": 0,
    "KOD": "GSPOPM",
    "KOD_NZ": "Pomnik",
    "KRG_D": " ",
    "KRG_N": "3482-1262/2011-1",
    "MPD_D": "pomiar bezpośredni",
    "MPD_N": "O",
    "NR": " ",
    "OBR_NAZWA": " ",
    "OBR_NR": " ",
    "OPT_D": " ",
    "OPT_N": "P.1261.2011.7143",
    "REMARKS": " ",
    "SKALA_X_SY": 1,
    "SKALA_Y_SY": 1,
    "TZ": "0 - nie",
    "WID_SYMB": 1,
    "X_SYMB": 7428047.09,
    "Y_SYMB": 5549310.76
   },
   "type": "Feature"
  },
  {
   "geometry": {
    "coordinates": [
     20.029154,
     50.08403
    ],
    "type": "Point"
   },
   "id": 67,
   "properties": {
    "AKTUALNOSC": 1685318400000,
    "DKP_N": "GSPOPM",
    "DPZ": " ",
    "DTM": 1300320000000,
    "DTP": " ",
    "FID": 67,
    "ID": 17136701,
    "ID_IIP": "4EAF9C5D-413E-4BCF-B8E0-009794220107",
    "ISDP_FID": "OBJ_BT_ZAG_P.436",
    "JE_NAZWA": "Nowa Huta",
    "JE_NR": "126103_9",
    "KAT_SYMB": 0,
    "KOD": "GSPOPM",
    "KOD_NZ": "Pomnik",
    "KRG_D": " ",
    "KRG_N": "3483-6/2011-51",
    "MPD_D": "wektoryzacja",
    "MPD_N": "D",
    "NR": " ",
    "OBR_NAZWA": " ",
    "OBR_NR": " ",
    "OPT_D": " ",
    "OPT_N": "P.1261.2011.1847",
    "REMARKS": " ",
    "SKALA_X_SY": 1,
    "SKALA_Y_SY": 1,
    "TZ": "0 - nie",
    "WID_SYMB": 1,
    "X_SYMB": 7430521.76,
    "Y_SYMB": 5550217.85
   },
   "type": "Feature"
  },
  {
   "geometry": {
    "coordinates": [
     19.906123,
     50.045174
    ],
    "type": "Point"
   },
   "id": 68,
   "properties": {
    "AKTUALNOSC": 1685318400000,
    "DKP_N": "GSPOPM",
    "DPZ": " ",
    "DTM": 1265932800000,
    "DTP": " ",
    "FID": 68,
    "ID": 16736736,
    "ID_IIP": "4EAF9C5D-413E-4BCF-B8E0-002399550107",
    "ISDP_FID": "OBJ_BT_ZAG_P.443",
    "JE_NAZWA": "Podgórze",
    "JE_NR": "126104_9",
    "KAT_SYMB": 0,
    "KOD": "GSPOPM",
    "KOD_NZ": "Pomnik",
    "KRG_D": " ",
    "KRG_N": "3546-1195/2009-1",
    "MPD_D": "wektoryzacja",
    "MPD_N": "D",
    "NR": " ",
    "OBR_NAZWA": " ",
    "OBR_NR": " ",
    "OPT_D": " ",
    "OPT_N": "P.1261.2010.965",
    "REMARKS": " ",
    "SKALA_X_SY": 1,
    "SKALA_Y_SY": 1,
    "TZ": "0 - nie",
    "WID_SYMB": 1,
    "X_SYMB": 7421654.06,
    "Y_SYMB": 5546018.01
   },
   "type": "Feature"
  },
  {
   "geometry": {
    "coordinates": [
     19.938048,
     50.083187
    ],
    "type": "Point"
   },
   "id": 69,
   "properties": {
    "AKTUALNOSC": 1685318400000,
    "DKP_N": "GSPOPM",
    "DPZ": " ",
    "DTM": 1267142400000,
    "DTP": " ",
    "FID": 69,
    "ID": 16738194,
    "ID_IIP": "4EAF9C5D-413E-4BCF-B8E0-002419440107",
    "ISDP_FID": "OBJ_BT_ZAG_P.445",
    "JE_NAZWA": "Krowodrza",
    "JE_NR": "126102_9",
    "KAT_SYMB": 0,
    "KOD": "GSPOPM",
    "KOD_NZ": "Pomnik",
    "KRG_D": " ",
    "KRG_N": "3482-146/2010-1",
    "MPD_D": "pomiar bezpośredni",
    "MPD_N": "O",
    "NR": " ",
    "OBR_NAZWA": " ",
    "OBR_NR": " ",
    "OPT_D": " ",
    "OPT_N": "P.1261.2010.1304",
    "REMARKS": " ",
    "SKALA_X_SY": 1,
    "SKALA_Y_SY": 1,
    "TZ": "0 - nie",
    "WID_SYMB": 1,
    "X_SYMB": 7424000.64,
    "Y_SYMB": 5550212.83
   },
   "type": "Feature"
  },
  {
   "geometry": {
    "coordinates": [
     19.918724,
     50.043374
    ],
    "type": "Point"
   },
   "id": 70,
   "properties": {
    "AKTUALNOSC": 1685318400000,
    "DKP_N": "GSPOPM",
    "DPZ": " ",
    "DTM": 1267056000000,
    "DTP": " ",
    "FID": 70,
    "ID": 16738244,
    "ID_IIP": "4EAF9C5D-413E-4BCF-B8E0-002420030107",
    "ISDP_FID": "OBJ_BT_ZAG_P.446",
    "JE_NAZWA": "Podgórze",
    "JE_NR": "126104_9",
    "KAT_SYMB": 0,
    "KOD": "GSPOPM",
    "KOD_NZ": "Pomnik",
    "KRG_D": " ",
    "KRG_N": "3546-1849/2009-1",
    "MPD_D": "pomiar bezpośredni",
    "MPD_N": "O",
    "NR": " ",
    "OBR_NAZWA": " ",
    "OBR_NR": " ",
    "OPT_D": " ",
    "OPT_N": "P.1261.2010.1298",
    "REMARKS": " ",
    "SKALA_X_SY": 1,
    "SKALA_Y_SY": 1,
    "TZ": "0 - nie",
    "WID_SYMB": 1,
    "X_SYMB": 7422553.62,
    "Y_SYMB": 5545804.66
   },
   "type": "Feature"
  },
  {
   "geometry": {
    "coordinates": [
     19.995044,
     50.019207
    ],
    "type": "Point"
   },
   "id": 71,
   "properties": {
    "AKTUALNOSC": 1685318400000,
    "DKP_N": "GSPOPM",
    "DPZ": " ",
    "DTM": 1268265600000,
    "DTP": " ",
    "FID": 71,
    "ID": 16739578,
    "ID_IIP": "4EAF9C5D-413E-4BCF-B8E0-002440310107",
    "ISDP_FID": "OBJ_BT_ZAG_P.447",
    "JE_NAZWA": "Podgórze",
    "JE_NR": "126104_9",
    "KAT_SYMB": 0,
    "KOD": "GSPOPM",
    "KOD_NZ": "Pomnik",
    "KRG_D": " ",
    "KRG_N": "3546-122/2010-1",
    "MPD_D": "pomiar bezpośredni",
    "MPD_N": "O",
    "NR": " ",
    "OBR_NAZWA": " ",
    "OBR_NR": " ",
    "OPT_D": " ",
    "OPT_N": "P.1261.2010.1942",
    "REMARKS": " ",
    "SKALA_X_SY": 1,
    "SKALA_Y_SY": 1,
    "TZ": "0 - nie",
    "WID_SYMB": 1,
    "X_SYMB": 7427983.85,
    "Y_SYMB": 5543040.64
   },
   "type": "Feature"
  },
  {
   "geometry": {
    "coordinates": [
     19.893887,
     50.079182
    ],
    "type": "Point"
   },
   "id": 72,
   "properties": {
    "AKTUALNOSC": 1685318400000,
    "DKP_N": "GSPOPM",
    "DPZ": " ",
    "DTM": 1306886400000,
    "DTP": " ",
    "FID": 72,
    "ID": 16768238,
    "ID_IIP": "4EAF9C5D-413E-4BCF-B8E0-011628170107",
    "ISDP_FID": "OBJ_BT_ZAG_P.463",
    "JE_NAZWA": "Krowodrza",
    "JE_NR": "126102_9",
    "KAT_SYMB": 0,
    "KOD": "GSPOPM",
    "KOD_NZ": "Pomnik",
    "KRG_D": " ",
    "KRG_N": "3482-313/2011-51",
    "MPD_D": "wektoryzacja",
    "MPD_N": "D",
    "NR": " ",
    "OBR_NAZWA": " ",
    "OBR_NR": " ",
    "OPT_D": " ",
    "OPT_N": "P.1261.2011.3733",
    "REMARKS": " ",
    "SKALA_X_SY": 1,
    "SKALA_Y_SY": 1,
    "TZ": "0 - nie",
    "WID_SYMB": 1,
    "X_SYMB": 7420833.66,
    "Y_SYMB": 5549813.2
   },
   "type": "Feature"
  },
  {
   "geometry": {
    "coordinates": [
     19.89343,
     50.076518
    ],
    "type": "Point"
   },
   "id": 73,
   "properties": {
    "AKTUALNOSC": 1685318400000,
    "DKP_N": "GSPOPM",
    "DPZ": " ",
    "DTM": 1306886400000,
    "DTP": " ",
    "FID": 73,
    "ID": 16769317,
    "ID_IIP": "4EAF9C5D-413E-4BCF-B8E0-011918060107",
    "ISDP_FID": "OBJ_BT_ZAG_P.465",
    "JE_NAZWA": "Krowodrza",
    "JE_NR": "126102_9",
    "KAT_SYMB": 0,
    "KOD": "GSPOPM",
    "KOD_NZ": "Pomnik",
    "KRG_D": " ",
    "KRG_N": "3482-313/2011-51",
    "MPD_D": "wektoryzacja",
    "MPD_N": "D",
    "NR": " ",
    "OBR_NAZWA": " ",
    "OBR_NR": " ",
    "OPT_D": " ",
    "OPT_N": "P.1261.2011.3733",
    "REMARKS": " ",
    "SKALA_X_SY": 1,
    "SKALA_Y_SY": 1,
    "TZ": "0 - nie",
    "WID_SYMB": 1,
    "X_SYMB": 7420796.55,
    "Y_SYMB": 5549517.42
   },
   "type": "Feature"
  },
  {
   "geometry": {
    "coordinates": [
     19.90907,
     50.075129
    ],
    "type": "Point"
   },
   "id": 74,
   "properties": {
    "AKTUALNOSC": 1685318400000,
    "DKP_N": "GSPOPM",
    "DPZ": " ",
    "DTM": 1307491200000,
    "DTP": " ",
    "FID": 74,
    "ID": 16777665,
    "ID_IIP": "4EAF9C5D-413E-4BCF-B8E0-012692510107",
    "ISDP_FID": "OBJ_BT_ZAG_P.468",
    "JE_NAZWA": "Krowodrza",
    "JE_NR": "126102_9",
    "KAT_SYMB": 0,
    "KOD": "GSPOPM",
    "KOD_NZ": "Pomnik",
    "KRG_D": " ",
    "KRG_N": "3482-313/2011-57",
    "MPD_D": "wektoryzacja",
    "MPD_N": "D",
    "NR": " ",
    "OBR_NAZWA": " ",
    "OBR_NR": " ",
    "OPT_D": " ",
    "OPT_N": "P.1261.2011.3734",
    "REMARKS": " ",
    "SKALA_X_SY": 1,
    "SKALA_Y_SY": 1,
    "TZ": "0 - nie",
    "WID_SYMB": 1,
    "X_SYMB": 7421913.77,
    "Y_SYMB": 5549346.41
   },
   "type": "Feature"
  },
  {
   "geometry": {
    "coordinates": [
     19.91987,
     50.068768
    ],
    "type": "Point"
   },
   "id": 75,
   "properties": {
    "AKTUALNOSC": 1685318400000,
    "DKP_N": "GSPOPM",
    "DPZ": " ",
    "DTM": 1377216000000,
    "DTP": " ",
    "FID": 75,
    "ID": 16795993,
    "ID_IIP": "4EAF9C5D-413E-4BCF-B8E0-014662740107",
    "ISDP_FID": "OBJ_BT_ZAG_P.475",
    "JE_NAZWA": "Krowodrza",
    "JE_NR": "126102_9",
    "KAT_SYMB": 0,
    "KOD": "GSPOPM",
    "KOD_NZ": "Pomnik",
    "KRG_D": " ",
    "KRG_N": "2511-1026/2013-1",
    "MPD_D": "pomiar bezpośredni",
    "MPD_N": "O",
    "NR": " ",
    "OBR_NAZWA": " ",
    "OBR_NR": " ",
    "OPT_D": " ",
    "OPT_N": "P.1261.2013.6028",
    "REMARKS": " ",
    "SKALA_X_SY": 1,
    "SKALA_Y_SY": 1,
    "TZ": "0 - nie",
    "WID_SYMB": 1,
    "X_SYMB": 7422676.57,
    "Y_SYMB": 5548627.72
   },
   "type": "Feature"
  },
  {
   "geometry": {
    "coordinates": [
     19.893354,
     50.054914
    ],
    "type": "Point"
   },
   "id": 76,
   "properties": {
    "AKTUALNOSC": 1685318400000,
    "DKP_N": "GSPOPM",
    "DPZ": " ",
    "DTM": 1342137600000,
    "DTP": " ",
    "FID": 76,
    "ID": 16839704,
    "ID_IIP": "4EAF9C5D-413E-4BCF-B8E0-013745410107",
    "ISDP_FID": "OBJ_BT_ZAG_P.478",
    "JE_NAZWA": "Krowodrza",
    "JE_NR": "126102_9",
    "KAT_SYMB": 0,
    "KOD": "GSPOPM",
    "KOD_NZ": "Pomnik",
    "KRG_D": " ",
    "KRG_N": "2511-780/2012-1",
    "MPD_D": "pomiar bezpośredni",
    "MPD_N": "O",
    "NR": " ",
    "OBR_NAZWA": " ",
    "OBR_NR": " ",
    "OPT_D": " ",
    "OPT_N": "P.1261.2012.4509",
    "REMARKS": " ",
    "SKALA_X_SY": 1,
    "SKALA_Y_SY": 1,
    "TZ": "0 - nie",
    "WID_SYMB": 1,
    "X_SYMB": 7420755.54,
    "Y_SYMB": 5547114.79
   },
   "type": "Feature"
  },
  {
   "geometry": {
    "coordinates": [
     19.917397,
     50.061231
    ],
    "type": "Point"
   },
   "id": 77,
   "properties": {
    "AKTUALNOSC": 1685318400000,
    "DKP_N": "GSPOPM",
    "DPZ": " ",
    "DTM": 1305158400000,
    "DTP": " ",
    "FID": 77,
    "ID": 16843516,
    "ID_IIP": "4EAF9C5D-413E-4BCF-B8E0-010484840107",
    "ISDP_FID": "OBJ_BT_ZAG_P.479",
    "JE_NAZWA": "Krowodrza",
    "JE_NR": "126102_9",
    "KAT_SYMB": 0,
    "KOD": "GSPOPM",
    "KOD_NZ": "Pomnik",
    "KRG_D": " ",
    "KRG_N": "3482-313/2011-69",
    "MPD_D": "wektoryzacja",
    "MPD_N": "D",
    "NR": " ",
    "OBR_NAZWA": " ",
    "OBR_NR": " ",
    "OPT_D": " ",
    "OPT_N": "P.1261.2011.3071",
    "REMARKS": " ",
    "SKALA_X_SY": 1,
    "SKALA_Y_SY": 1,
    "TZ": "0 - nie",
    "WID_SYMB": 1,
    "X_SYMB": 7422487.37,
    "Y_SYMB": 5547792.08
   },
   "type": "Feature"
  },
  {
   "geometry": {
    "coordinates": [
     19.917372,
     50.061407
    ],
    "type": "Point"
   },
   "id": 78,
   "properties": {
    "AKTUALNOSC": 1685318400000,
    "DKP_N": "GSPOPM",
    "DPZ": " ",
    "DTM": 1305158400000,
    "DTP": " ",
    "FID": 78,
    "ID": 16843517,
    "ID_IIP": "4EAF9C5D-413E-4BCF-B8E0-010484850107",
    "ISDP_FID": "OBJ_BT_ZAG_P.480",
    "JE_NAZWA": "Krowodrza",
    "JE_NR": "126102_9",
    "KAT_SYMB": 0,
    "KOD": "GSPOPM",
    "KOD_NZ": "Pomnik",
    "KRG_D": " ",
    "KRG_N": "3482-313/2011-69",
    "MPD_D": "wektoryzacja",
    "MPD_N": "D",
    "NR": " ",
    "OBR_NAZWA": " ",
    "OBR_NR": " ",
    "OPT_D": " ",
    "OPT_N": "P.1261.2011.3071",
    "REMARKS": " ",
    "SKALA_X_SY": 1,
    "SKALA_Y_SY": 1,
    "TZ": "0 - nie",
    "WID_SYMB": 1,
    "X_SYMB": 7422485.86,
    "Y_SYMB": 5547811.67
   },
   "type": "Feature"
  },
  {
   "geometry": {
    "coordinates": [
     19.917345,
     50.061583
    ],
    "type": "Point"
   },
   "id": 79,
   "properties": {
    "AKTUALNOSC": 1685318400000,
    "DKP_N": "GSPOPM",
    "DPZ": " ",
    "DTM": 1305158400000,
    "DTP": " ",
    "FID": 79,
    "ID": 16843518,
    "ID_IIP": "4EAF9C5D-413E-4BCF-B8E0-010484860107",
    "ISDP_FID": "OBJ_BT_ZAG_P.481",
    "JE_NAZWA": "Krowodrza",
    "JE_NR": "126102_9",
    "KAT_SYMB": 0,
    "KOD": "GSPOPM",
    "KOD_NZ": "Pomnik",
    "KRG_D": " ",
    "KRG_N": "3482-313/2011-69",
    "MPD_D": "wektoryzacja",
    "MPD_N": "D",
    "NR": " ",
    "OBR_NAZWA": " ",
    "OBR_NR": " ",
    "OPT_D": " ",
    "OPT_N": "P.1261.2011.3071",
    "REMARKS": " ",
    "SKALA_X_SY": 1,
    "SKALA_Y_SY": 1,
    "TZ": "0 - nie",
    "WID_SYMB": 1,
    "X_SYMB": 7422484.24,
    "Y_SYMB": 5547831.25
   },
   "type": "Feature"
  },
  {
   "geometry": {
    "coordinates": [
     19.917318,
     50.061761
    ],
    "type": "Point"
   },
   "id": 80,
   "properties": {
    "AKTUALNOSC": 1685318400000,
    "DKP_N": "GSPOPM",
    "DPZ": " ",
    "DTM": 1305158400000,
    "DTP": " ",
    "FID": 80,
    "ID": 16843519,
    "ID_IIP": "4EAF9C5D-413E-4BCF-B8E0-010484880107",
    "ISDP_FID": "OBJ_BT_ZAG_P.482",
    "JE_NAZWA": "Krowodrza",
    "JE_NR": "126102_9",
    "KAT_SYMB": 0,
    "KOD": "GSPOPM",
    "KOD_NZ": "Pomnik",
    "KRG_D": " ",
    "KRG_N": "3482-313/2011-69",
    "MPD_D": "wektoryzacja",
    "MPD_N": "D",
    "NR": " ",
    "OBR_NAZWA": " ",
    "OBR_NR": " ",
    "OPT_D": " ",
    "OPT_N": "P.1261.2011.3071",
    "REMARKS": " ",
    "SKALA_X_SY": 1,
    "SKALA_Y_SY": 1,
    "TZ": "0 - nie",
    "WID_SYMB": 1,
    "X_SYMB": 7422482.57,
    "Y_SYMB": 5547851.11
   },
   "type": "Feature"
  },
  {
   "geometry": {
    "coordinates": [
     19.917936,
     50.061712
    ],
    "type": "Point"
   },
   "id": 81,
   "properties": {
    "AKTUALNOSC": 1685318400000,
    "DKP_N": "GSPOPM",
    "DPZ": " ",
    "DTM": 1305158400000,
    "DTP": " ",
    "FID": 81,
    "ID": 16843526,
    "ID_IIP": "4EAF9C5D-413E-4BCF-B8E0-010485580107",
    "ISDP_FID": "OBJ_BT_ZAG_P.483",
    "JE_NAZWA": "Krowodrza",
    "JE_NR": "126102_9",
    "KAT_SYMB": 0,
    "KOD": "GSPOPM",
    "KOD_NZ": "Pomnik",
    "KRG_D": " ",
    "KRG_N": "3482-313/2011-69",
    "MPD_D": "wektoryzacja",
    "MPD_N": "D",
    "NR": " ",
    "OBR_NAZWA": " ",
    "OBR_NR": " ",
    "OPT_D": " ",
    "OPT_N": "P.1261.2011.3071",
    "REMARKS": " ",
    "SKALA_X_SY": 1,
    "SKALA_Y_SY": 1,
    "TZ": "0 - nie",
    "WID_SYMB": 1,
    "X_SYMB": 7422526.74,
    "Y_SYMB": 5547844.97
   },
   "type": "Feature"
  },
  {
   "geometry": {
    "coordinates": [
     19.917958,
     50.06153
    ],
    "type": "Point"
   },
   "id": 82,
   "properties": {
    "AKTUALNOSC": 1685318400000,
    "DKP_N": "GSPOPM",
    "DPZ": " ",
    "DTM": 1305158400000,
    "DTP": " ",
    "FID": 82,
    "ID": 16843527,
    "ID_IIP": "4EAF9C5D-413E-4BCF-B8E0-010485590107",
    "ISDP_FID": "OBJ_BT_ZAG_P.484",
    "JE_NAZWA": "Krowodrza",
    "JE_NR": "126102_9",
    "KAT_SYMB": 0,
    "KOD": "GSPOPM",
    "KOD_NZ": "Pomnik",
    "KRG_D": " ",
    "KRG_N": "3482-313/2011-69",
    "MPD_D": "wektoryzacja",
    "MPD_N": "D",
    "NR": " ",
    "OBR_NAZWA": " ",
    "OBR_NR": " ",
    "OPT_D": " ",
    "OPT_N": "P.1261.2011.3071",
    "REMARKS": " ",
    "SKALA_X_SY": 1,
    "SKALA_Y_SY": 1,
    "TZ": "0 - nie",
    "WID_SYMB": 1,
    "X_SYMB": 7422528.02,
    "Y_SYMB": 5547824.75
   },
   "type": "Feature"
  },
  {
   "geometry": {
    "coordinates": [
     19.917988,
     50.061351
    ],
    "type": "Point"
   },
   "id": 83,
   "properties": {
    "AKTUALNOSC": 1685318400000,
    "DKP_N": "GSPOPM",
    "DPZ": " ",
    "DTM": 1305158400000,
    "DTP": " ",
    "FID": 83,
    "ID": 16843528,
    "ID_IIP": "4EAF9C5D-413E-4BCF-B8E0-010485600107",
    "ISDP_FID": "OBJ_BT_ZAG_P.485",
    "JE_NAZWA": "Krowodrza",
    "JE_NR": "126102_9",
    "KAT_SYMB": 0,
    "KOD": "GSPOPM",
    "KOD_NZ": "Pomnik",
    "KRG_D": " ",
    "KRG_N": "3482-313/2011-69",
    "MPD_D": "wektoryzacja",
    "MPD_N": "D",
    "NR": " ",
    "OBR_NAZWA": " ",
    "OBR_NR": " ",
    "OPT_D": " ",
    "OPT_N": "P.1261.2011.3071",
    "REMARKS": " ",
    "SKALA_X_SY": 1,
    "SKALA_Y_SY": 1,
    "TZ": "0 - nie",
    "WID_SYMB": 1,
    "X_SYMB": 7422529.84,
    "Y_SYMB": 5547804.78
   },
   "type": "Feature"
  },
  {
   "geometry": {
    "coordinates": [
     19.918013,
     50.061183
    ],
    "type": "Point"
   },
   "id": 84,
   "properties": {
    "AKTUALNOSC": 1685318400000,
    "DKP_N": "GSPOPM",
    "DPZ": " ",
    "DTM": 1305158400000,
    "DTP": " ",
    "FID": 84,
    "ID": 16843529,
    "ID_IIP": "4EAF9C5D-413E-4BCF-B8E0-010485610107",
    "ISDP_FID": "OBJ_BT_ZAG_P.486",
    "JE_NAZWA": "Krowodrza",
    "JE_NR": "126102_9",
    "KAT_SYMB": 0,
    "KOD": "GSPOPM",
    "KOD_NZ": "Pomnik",
    "KRG_D": " ",
    "KRG_N": "3482-313/2011-69",
    "MPD_D": "wektoryzacja",
    "MPD_N": "D",
    "NR": " ",
    "OBR_NAZWA": " ",
    "OBR_NR": " ",
    "OPT_D": " ",
    "OPT_N": "P.1261.2011.3071",
    "REMARKS": " ",
    "SKALA_X_SY": 1,
    "SKALA_Y_SY": 1,
    "TZ": "0 - nie",
    "WID_SYMB": 1,
    "X_SYMB": 7422531.42,
    "Y_SYMB": 5547786.12
   },
   "type": "Feature"
  },
  {
   "geometry": {
    "coordinates": [
     19.916904,
     50.062698
    ],
    "type": "Point"
   },
   "id": 85,
   "properties": {
    "AKTUALNOSC": 1685318400000,
    "DKP_N": "GSPOPM",
    "DPZ": " ",
    "DTM": 1305158400000,
    "DTP": " ",
    "FID": 85,
    "ID": 16846634,
    "ID_IIP": "4EAF9C5D-413E-4BCF-B8E0-010699700107",
    "ISDP_FID": "OBJ_BT_ZAG_P.487",
    "JE_NAZWA": "Krowodrza",
    "JE_NR": "126102_9",
    "KAT_SYMB": 0,
    "KOD": "GSPOPM",
    "KOD_NZ": "Pomnik",
    "KRG_D": " ",
    "KRG_N": "3482-313/2011-65",
    "MPD_D": "wektoryzacja",
    "MPD_N": "D",
    "NR": " ",
    "OBR_NAZWA": " ",
    "OBR_NR": " ",
    "OPT_D": " ",
    "OPT_N": "P.1261.2011.2955",
    "REMARKS": " ",
    "SKALA_X_SY": 1,
    "SKALA_Y_SY": 1,
    "TZ": "0 - nie",
    "WID_SYMB": 1,
    "X_SYMB": 7422454.41,
    "Y_SYMB": 5547955.7
   },
   "type": "Feature"
  },
  {
   "geometry": {
    "coordinates": [
     19.916897,
     50.062747
    ],
    "type": "Point"
   },
   "id": 86,
   "properties": {
    "AKTUALNOSC": 1685318400000,
    "DKP_N": "GSPOPM",
    "DPZ": " ",
    "DTM": 1305158400000,
    "DTP": " ",
    "FID": 86,
    "ID": 16846635,
    "ID_IIP": "4EAF9C5D-413E-4BCF-B8E0-010699710107",
    "ISDP_FID": "OBJ_BT_ZAG_P.488",
    "JE_NAZWA": "Krowodrza",
    "JE_NR": "126102_9",
    "KAT_SYMB": 0,
    "KOD": "GSPOPM",
    "KOD_NZ": "Pomnik",
    "KRG_D": " ",
    "KRG_N": "3482-313/2011-65",
    "MPD_D": "wektoryzacja",
    "MPD_N": "D",
    "NR": " ",
    "OBR_NAZWA": " ",
    "OBR_NR": " ",
    "OPT_D": " ",
    "OPT_N": "P.1261.2011.2955",
    "REMARKS": " ",
    "SKALA_X_SY": 1,
    "SKALA_Y_SY": 1,
    "TZ": "0 - nie",
    "WID_SYMB": 1,
    "X_SYMB": 7422454,
    "Y_SYMB": 5547961.25
   },
   "type": "Feature"
  },
  {
   "geometry": {
    "coordinates": [
     19.917,
     50.062973
    ],
    "type": "Point"
   },
   "id": 87,
   "properties": {
    "AKTUALNOSC": 1685318400000,
    "DKP_N": "GSPOPM",
    "DPZ": " ",
    "DTM": 1305158400000,
    "DTP": " ",
    "FID": 87,
    "ID": 16846636,
    "ID_IIP": "4EAF9C5D-413E-4BCF-B8E0-010699720107",
    "ISDP_FID": "OBJ_BT_ZAG_P.489",
    "JE_NAZWA": "Krowodrza",
    "JE_NR": "126102_9",
    "KAT_SYMB": 0,
    "KOD": "GSPOPM",
    "KOD_NZ": "Pomnik",
    "KRG_D": " ",
    "KRG_N": "3482-313/2011-65",
    "MPD_D": "wektoryzacja",
    "MPD_N": "D",
    "NR": " ",
    "OBR_NAZWA": " ",
    "OBR_NR": " ",
    "OPT_D": " ",
    "OPT_N": "P.1261.2011.2955",
    "REMARKS": " ",
    "SKALA_X_SY": 1,
    "SKALA_Y_SY": 1,
    "TZ": "0 - nie",
    "WID_SYMB": 1,
    "X_SYMB": 7422461.78,
    "Y_SYMB": 5547986.26
   },
   "type": "Feature"
  },
  {
   "geometry": {
    "coordinates": [
     19.917058,
     50.063011
    ],
    "type": "Point"
   },
   "id": 88,
   "properties": {
    "AKTUALNOSC": 1685318400000,
    "DKP_N": "GSPOPM",
    "DPZ": " ",
    "DTM": 1305158400000,
    "DTP": " ",
    "FID": 88,
    "ID": 16846637,
    "ID_IIP": "4EAF9C5D-413E-4BCF-B8E0-010699730107",
    "ISDP_FID": "OBJ_BT_ZAG_P.490",
    "JE_NAZWA": "Krowodrza",
    "JE_NR": "126102_9",
    "KAT_SYMB": 0,
    "KOD": "GSPOPM",
    "KOD_NZ": "Pomnik",
    "KRG_D": " ",
    "KRG_N": "3482-313/2011-65",
    "MPD_D": "wektoryzacja",
    "MPD_N": "D",
    "NR": " ",
    "OBR_NAZWA": " ",
    "OBR_NR": " ",
    "OPT_D": " ",
    "OPT_N": "P.1261.2011.2955",
    "REMARKS": " ",
    "SKALA_X_SY": 1,
    "SKALA_Y_SY": 1,
    "TZ": "0 - nie",
    "WID_SYMB": 1,
    "X_SYMB": 7422465.96,
    "Y_SYMB": 5547990.38
   },
   "type": "Feature"
  },
  {
   "geometry": {
    "coordinates": [
     19.917358,
     50.063118
    ],
    "type": "Point"
   },
   "id": 89,
   "properties": {
    "AKTUALNOSC": 1685318400000,
    "DKP_N": "GSPOPM",
    "DPZ": " ",
    "DTM": 1305158400000,
    "DTP": " ",
    "FID": 89,
    "ID": 16846638,
    "ID_IIP": "4EAF9C5D-413E-4BCF-B8E0-010699790107",
    "ISDP_FID": "OBJ_BT_ZAG_P.491",
    "JE_NAZWA": "Krowodrza",
    "JE_NR": "126102_9",
    "KAT_SYMB": 0,
    "KOD": "GSPOPM",
    "KOD_NZ": "Pomnik",
    "KRG_D": " ",
    "KRG_N": "3482-313/2011-65",
    "MPD_D": "wektoryzacja",
    "MPD_N": "D",
    "NR": " ",
    "OBR_NAZWA": " ",
    "OBR_NR": " ",
    "OPT_D": " ",
    "OPT_N": "P.1261.2011.2955",
    "REMARKS": " ",
    "SKALA_X_SY": 1,
    "SKALA_Y_SY": 1,
    "TZ": "0 - nie",
    "WID_SYMB": 1,
    "X_SYMB": 7422487.58,
    "Y_SYMB": 5548002
   },
   "type": "Feature"
  },
  {
   "geometry": {
    "coordinates": [
     19.917462,
     50.063124
    ],
    "type": "Point"
   },
   "id": 90,
   "properties": {
    "AKTUALNOSC": 1685318400000,
    "DKP_N": "GSPOPM",
    "DPZ": " ",
    "DTM": 1305158400000,
    "DTP": " ",
    "FID": 90,
    "ID": 16846639,
    "ID_IIP": "4EAF9C5D-413E-4BCF-B8E0-010699840107",
    "ISDP_FID": "OBJ_BT_ZAG_P.492",
    "JE_NAZWA": "Krowodrza",
    "JE_NR": "126102_9",
    "KAT_SYMB": 0,
    "KOD": "GSPOPM",
    "KOD_NZ": "Pomnik",
    "KRG_D": " ",
    "KRG_N": "3482-313/2011-65",
    "MPD_D": "wektoryzacja",
    "MPD_N": "D",
    "NR": " ",
    "OBR_NAZWA": " ",
    "OBR_NR": " ",
    "OPT_D": " ",
    "OPT_N": "P.1261.2011.2955",
    "REMARKS": " ",
    "SKALA_X_SY": 1,
    "SKALA_Y_SY": 1,
    "TZ": "0 - nie",
    "WID_SYMB": 1,
    "X_SYMB": 7422495.05,
    "Y_SYMB": 5548002.54
   },
   "type": "Feature"
  },
  {
   "geometry": {
    "coordinates": [
     19.917804,
     50.063054
    ],
    "type": "Point"
   },
   "id": 91,
   "properties": {
    "AKTUALNOSC": 1685318400000,
    "DKP_N": "GSPOPM",
    "DPZ": " ",
    "DTM": 1305158400000,
    "DTP": " ",
    "FID": 91,
    "ID": 16846640,
    "ID_IIP": "4EAF9C5D-413E-4BCF-B8E0-010699870107",
    "ISDP_FID": "OBJ_BT_ZAG_P.493",
    "JE_NAZWA": "Krowodrza",
    "JE_NR": "126102_9",
    "KAT_SYMB": 0,
    "KOD": "GSPOPM",
    "KOD_NZ": "Pomnik",
    "KRG_D": " ",
    "KRG_N": "3482-313/2011-65",
    "MPD_D": "wektoryzacja",
    "MPD_N": "D",
    "NR": " ",
    "OBR_NAZWA": " ",
    "OBR_NR": " ",
    "OPT_D": " ",
    "OPT_N": "P.1261.2011.2955",
    "REMARKS": " ",
    "SKALA_X_SY": 1,
    "SKALA_Y_SY": 1,
    "TZ": "0 - nie",
    "WID_SYMB": 1,
    "X_SYMB": 7422519.44,
    "Y_SYMB": 5547994.44
   },
   "type": "Feature"
  },
  {
   "geometry": {
    "coordinates": [
     19.917863,
     50.063019
    ],
    "type": "Point"
   },
   "id": 92,
   "properties": {
    "AKTUALNOSC": 1685318400000,
    "DKP_N": "GSPOPM",
    "DPZ": " ",
    "DTM": 1305158400000,
    "DTP": " ",
    "FID": 92,
    "ID": 16846641,
    "ID_IIP": "4EAF9C5D-413E-4BCF-B8E0-010699880107",
    "ISDP_FID": "OBJ_BT_ZAG_P.494",
    "JE_NAZWA": "Krowodrza",
    "JE_NR": "126102_9",
    "KAT_SYMB": 0,
    "KOD": "GSPOPM",
    "KOD_NZ": "Pomnik",
    "KRG_D": " ",
    "KRG_N": "3482-313/2011-65",
    "MPD_D": "wektoryzacja",
    "MPD_N": "D",
    "NR": " ",
    "OBR_NAZWA": " ",
    "OBR_NR": " ",
    "OPT_D": " ",
    "OPT_N": "P.1261.2011.2955",
    "REMARKS": " ",
    "SKALA_X_SY": 1,
    "SKALA_Y_SY": 1,
    "TZ": "0 - nie",
    "WID_SYMB": 1,
    "X_SYMB": 7422523.61,
    "Y_SYMB": 5547990.44
   },
   "type": "Feature"
  },
  {
   "geometry": {
    "coordinates": [
     19.918034,
     50.062811
    ],
    "type": "Point"
   },
   "id": 93,
   "properties": {
    "AKTUALNOSC": 1685318400000,
    "DKP_N": "GSPOPM",
    "DPZ": " ",
    "DTM": 1305158400000,
    "DTP": " ",
    "FID": 93,
    "ID": 16846642,
    "ID_IIP": "4EAF9C5D-413E-4BCF-B8E0-010699890107",
    "ISDP_FID": "OBJ_BT_ZAG_P.495",
    "JE_NAZWA": "Krowodrza",
    "JE_NR": "126102_9",
    "KAT_SYMB": 0,
    "KOD": "GSPOPM",
    "KOD_NZ": "Pomnik",
    "KRG_D": " ",
    "KRG_N": "3482-313/2011-65",
    "MPD_D": "wektoryzacja",
    "MPD_N": "D",
    "NR": " ",
    "OBR_NAZWA": " ",
    "OBR_NR": " ",
    "OPT_D": " ",
    "OPT_N": "P.1261.2011.2955",
    "REMARKS": " ",
    "SKALA_X_SY": 1,
    "SKALA_Y_SY": 1,
    "TZ": "0 - nie",
    "WID_SYMB": 1,
    "X_SYMB": 7422535.54,
    "Y_SYMB": 5547967.11
   },
   "type": "Feature"
  },
  {
   "geometry": {
    "coordinates": [
     19.918038,
     50.062763
    ],
    "type": "Point"
   },
   "id": 94,
   "properties": {
    "AKTUALNOSC": 1685318400000,
    "DKP_N": "GSPOPM",
    "DPZ": " ",
    "DTM": 1305158400000,
    "DTP": " ",
    "FID": 94,
    "ID": 16846643,
    "ID_IIP": "4EAF9C5D-413E-4BCF-B8E0-010699900107",
    "ISDP_FID": "OBJ_BT_ZAG_P.496",
    "JE_NAZWA": "Krowodrza",
    "JE_NR": "126102_9",
    "KAT_SYMB": 0,
    "KOD": "GSPOPM",
    "KOD_NZ": "Pomnik",
    "KRG_D": " ",
    "KRG_N": "3482-313/2011-65",
    "MPD_D": "wektoryzacja",
    "MPD_N": "D",
    "NR": " ",
    "OBR_NAZWA": " ",
    "OBR_NR": " ",
    "OPT_D": " ",
    "OPT_N": "P.1261.2011.2955",
    "REMARKS": " ",
    "SKALA_X_SY": 1,
    "SKALA_Y_SY": 1,
    "TZ": "0 - nie",
    "WID_SYMB": 1,
    "X_SYMB": 7422535.72,
    "Y_SYMB": 5547961.81
   },
   "type": "Feature"
  },
  {
   "geometry": {
    "coordinates": [
     19.917878,
     50.0625
    ],
    "type": "Point"
   },
   "id": 95,
   "properties": {
    "AKTUALNOSC": 1685318400000,
    "DKP_N": "GSPOPM",
    "DPZ": " ",
    "DTM": 1305158400000,
    "DTP": " ",
    "FID": 95,
    "ID": 16846646,
    "ID_IIP": "4EAF9C5D-413E-4BCF-B8E0-010699930107",
    "ISDP_FID": "OBJ_BT_ZAG_P.497",
    "JE_NAZWA": "Krowodrza",
    "JE_NR": "126102_9",
    "KAT_SYMB": 0,
    "KOD": "GSPOPM",
    "KOD_NZ": "Pomnik",
    "KRG_D": " ",
    "KRG_N": "3482-313/2011-65",
    "MPD_D": "wektoryzacja",
    "MPD_N": "D",
    "NR": " ",
    "OBR_NAZWA": " ",
    "OBR_NR": " ",
    "OPT_D": " ",
    "OPT_N": "P.1261.2011.2955",
    "REMARKS": " ",
    "SKALA_X_SY": 1,
    "SKALA_Y_SY": 1,
    "TZ": "0 - nie",
    "WID_SYMB": 1,
    "X_SYMB": 7422523.83,
    "Y_SYMB": 5547932.67
   },
   "type": "Feature"
  },
  {
   "geometry": {
    "coordinates": [
     19.917624,
     50.0624
    ],
    "type": "Point"
   },
   "id": 96,
   "properties": {
    "AKTUALNOSC": 1685318400000,
    "DKP_N": "GSPOPM",
    "DPZ": " ",
    "DTM": 1305158400000,
    "DTP": " ",
    "FID": 96,
    "ID": 16846647,
    "ID_IIP": "4EAF9C5D-413E-4BCF-B8E0-010699950107",
    "ISDP_FID": "OBJ_BT_ZAG_P.498",
    "JE_NAZWA": "Krowodrza",
    "JE_NR": "126102_9",
    "KAT_SYMB": 0,
    "KOD": "GSPOPM",
    "KOD_NZ": "Pomnik",
    "KRG_D": " ",
    "KRG_N": "3482-313/2011-65",
    "MPD_D": "wektoryzacja",
    "MPD_N": "D",
    "NR": " ",
    "OBR_NAZWA": " ",
    "OBR_NR": " ",
    "OPT_D": " ",
    "OPT_N": "P.1261.2011.2955",
    "REMARKS": " ",
    "SKALA_X_SY": 1,
    "SKALA_Y_SY": 1,
    "TZ": "0 - nie",
    "WID_SYMB": 1,
    "X_SYMB": 7422505.51,
    "Y_SYMB": 5547921.9
   },
   "type": "Feature"
  },
  {
   "geometry": {
    "coordinates": [
     19.91741,
     50.062391
    ],
    "type": "Point"
   },
   "id": 97,
   "properties": {
    "AKTUALNOSC": 1685318400000,
    "DKP_N": "GSPOPM",
    "DPZ": " ",
    "DTM": 1305158400000,
    "DTP": " ",
    "FID": 97,
    "ID": 16846648,
    "ID_IIP": "4EAF9C5D-413E-4BCF-B8E0-010699960107",
    "ISDP_FID": "OBJ_BT_ZAG_P.499",
    "JE_NAZWA": "Krowodrza",
    "JE_NR": "126102_9",
    "KAT_SYMB": 0,
    "KOD": "GSPOPM",
    "KOD_NZ": "Pomnik",
    "KRG_D": " ",
    "KRG_N": "3482-313/2011-65",
    "MPD_D": "wektoryzacja",
    "MPD_N": "D",
    "NR": " ",
    "OBR_NAZWA": " ",
    "OBR_NR": " ",
    "OPT_D": " ",
    "OPT_N": "P.1261.2011.2955",
    "REMARKS": " ",
    "SKALA_X_SY": 1,
    "SKALA_Y_SY": 1,
    "TZ": "0 - nie",
    "WID_SYMB": 1,
    "X_SYMB": 7422490.13,
    "Y_SYMB": 5547921.1
   },
   "type": "Feature"
  },
  {
   "geometry": {
    "coordinates": [
     19.917134,
     50.062455
    ],
    "type": "Point"
   },
   "id": 98,
   "properties": {
    "AKTUALNOSC": 1685318400000,
    "DKP_N": "GSPOPM",
    "DPZ": " ",
    "DTM": 1305158400000,
    "DTP": " ",
    "FID": 98,
    "ID": 16846649,
    "ID_IIP": "4EAF9C5D-413E-4BCF-B8E0-010699970107",
    "ISDP_FID": "OBJ_BT_ZAG_P.500",
    "JE_NAZWA": "Krowodrza",
    "JE_NR": "126102_9",
    "KAT_SYMB": 0,
    "KOD": "GSPOPM",
    "KOD_NZ": "Pomnik",
    "KRG_D": " ",
    "KRG_N": "3482-313/2011-65",
    "MPD_D": "wektoryzacja",
    "MPD_N": "D",
    "NR": " ",
    "OBR_NAZWA": " ",
    "OBR_NR": " ",
    "OPT_D": " ",
    "OPT_N": "P.1261.2011.2955",
    "REMARKS": " ",
    "SKALA_X_SY": 1,
    "SKALA_Y_SY": 1,
    "TZ": "0 - nie",
    "WID_SYMB": 1,
    "X_SYMB": 7422470.53,
    "Y_SYMB": 5547928.47
   },
   "type": "Feature"
  },
  {
   "geometry": {
    "coordinates": [
     19.917072,
     50.062489
    ],
    "type": "Point"
   },
   "id": 99,
   "properties": {
    "AKTUALNOSC": 1685318400000,
    "DKP_N": "GSPOPM",
    "DPZ": " ",
    "DTM": 1305158400000,
    "DTP": " ",
    "FID": 99,
    "ID": 16846650,
    "ID_IIP": "4EAF9C5D-413E-4BCF-B8E0-010699980107",
    "ISDP_FID": "OBJ_BT_ZAG_P.501",
    "JE_NAZWA": "Krowodrza",
    "JE_NR": "126102_9",
    "KAT_SYMB": 0,
    "KOD": "GSPOPM",
    "KOD_NZ": "Pomnik",
    "KRG_D": " ",
    "KRG_N": "3482-313/2011-65",
    "MPD_D": "wektoryzacja",
    "MPD_N": "D",
    "NR": " ",
    "OBR_NAZWA": " ",
    "OBR_NR": " ",
    "OPT_D": " ",
    "OPT_N": "P.1261.2011.2955",
    "REMARKS": " ",
    "SKALA_X_SY": 1,
    "SKALA_Y_SY": 1,
    "TZ": "0 - nie",
    "WID_SYMB": 1,
    "X_SYMB": 7422466.13,
    "Y_SYMB": 5547932.37
   },
   "type": "Feature"
  },
  {
   "geometry": {
    "coordinates": [
     19.917471,
     50.062767
    ],
    "type": "Point"
   },
   "id": 100,
   "properties": {
    "AKTUALNOSC": 1685318400000,
    "DKP_N": "GSPOPM",
    "DPZ": " ",
    "DTM": 1305158400000,
    "DTP": " ",
    "FID": 100,
    "ID": 16846651,
    "ID_IIP": "4EAF9C5D-413E-4BCF-B8E0-010699990107",
    "ISDP_FID": "OBJ_BT_ZAG_P.502",
    "JE_NAZWA": "Krowodrza",
    "JE_NR": "126102_9",
    "KAT_SYMB": 0,
    "KOD": "GSPOPM",
    "KOD_NZ": "Pomnik",
    "KRG_D": " ",
    "KRG_N": "3482-313/2011-65",
    "MPD_D": "wektoryzacja",
    "MPD_N": "D",
    "NR": " ",
    "OBR_NAZWA": " ",
    "OBR_NR": " ",
    "OPT_D": " ",
    "OPT_N": "P.1261.2011.2955",
    "REMARKS": " ",
    "SKALA_X_SY": 1,
    "SKALA_Y_SY": 1,
    "TZ": "0 - nie",
    "WID_SYMB": 1,
    "X_SYMB": 7422495.17,
    "Y_SYMB": 5547962.81
   },
   "type": "Feature"
  },
  {
   "geometry": {
    "coordinates": [
     19.918815,
     50.062725
    ],
    "type": "Point"
   },
   "id": 101,
   "properties": {
    "AKTUALNOSC": 1685318400000,
    "DKP_N": "GSPOPM",
    "DPZ": " ",
    "DTM": 1305158400000,
    "DTP": " ",
    "FID": 101,
    "ID": 16846666,
    "ID_IIP": "4EAF9C5D-413E-4BCF-B8E0-010700860107",
    "ISDP_FID": "OBJ_BT_ZAG_P.503",
    "JE_NAZWA": "Krowodrza",
    "JE_NR": "126102_9",
    "KAT_SYMB": 0,
    "KOD": "GSPOPM",
    "KOD_NZ": "Pomnik",
    "KRG_D": " ",
    "KRG_N": "3482-313/2011-65",
    "MPD_D": "wektoryzacja",
    "MPD_N": "D",
    "NR": " ",
    "OBR_NAZWA": " ",
    "OBR_NR": " ",
    "OPT_D": " ",
    "OPT_N": "P.1261.2011.2955",
    "REMARKS": " ",
    "SKALA_X_SY": 1,
    "SKALA_Y_SY": 1,
    "TZ": "0 - nie",
    "WID_SYMB": 1,
    "X_SYMB": 7422591.29,
    "Y_SYMB": 5547956.75
   },
   "type": "Feature"
  },
  {
   "geometry": {
    "coordinates": [
     19.918777,
     50.062545
    ],
    "type": "Point"
   },
   "id": 102,
   "properties": {
    "AKTUALNOSC": 1685318400000,
    "DKP_N": "GSPOPM",
    "DPZ": " ",
    "DTM": 1305158400000,
    "DTP": " ",
    "FID": 102,
    "ID": 16846667,
    "ID_IIP": "4EAF9C5D-413E-4BCF-B8E0-010700870107",
    "ISDP_FID": "OBJ_BT_ZAG_P.504",
    "JE_NAZWA": "Krowodrza",
    "JE_NR": "126102_9",
    "KAT_SYMB": 0,
    "KOD": "GSPOPM",
    "KOD_NZ": "Pomnik",
    "KRG_D": " ",
    "KRG_N": "3482-313/2011-65",
    "MPD_D": "wektoryzacja",
    "MPD_N": "D",
    "NR": " ",
    "OBR_NAZWA": " ",
    "OBR_NR": " ",
    "OPT_D": " ",
    "OPT_N": "P.1261.2011.2955",
    "REMARKS": " ",
    "SKALA_X_SY": 1,
    "SKALA_Y_SY": 1,
    "TZ": "0 - nie",
    "WID_SYMB": 1,
    "X_SYMB": 7422588.3,
    "Y_SYMB": 5547936.74
   },
   "type": "Feature"
  },
  {
   "geometry": {
    "coordinates": [
     19.918821,
     50.062897
    ],
    "type": "Point"
   },
   "id": 103,
   "properties": {
    "AKTUALNOSC": 1685318400000,
    "DKP_N": "GSPOPM",
    "DPZ": " ",
    "DTM": 1305158400000,
    "DTP": " ",
    "FID": 103,
    "ID": 16846668,
    "ID_IIP": "4EAF9C5D-413E-4BCF-B8E0-010700880107",
    "ISDP_FID": "OBJ_BT_ZAG_P.505",
    "JE_NAZWA": "Krowodrza",
    "JE_NR": "126102_9",
    "KAT_SYMB": 0,
    "KOD": "GSPOPM",
    "KOD_NZ": "Pomnik",
    "KRG_D": " ",
    "KRG_N": "3482-313/2011-65",
    "MPD_D": "wektoryzacja",
    "MPD_N": "D",
    "NR": " ",
    "OBR_NAZWA": " ",
    "OBR_NR": " ",
    "OPT_D": " ",
    "OPT_N": "P.1261.2011.2955",
    "REMARKS": " ",
    "SKALA_X_SY": 1,
    "SKALA_Y_SY": 1,
    "TZ": "0 - nie",
    "WID_SYMB": 1,
    "X_SYMB": 7422591.98,
    "Y_SYMB": 5547975.92
   },
   "type": "Feature"
  },
  {
   "geometry": {
    "coordinates": [
     19.918786,
     50.063077
    ],
    "type": "Point"
   },
   "id": 104,
   "properties": {
    "AKTUALNOSC": 1685318400000,
    "DKP_N": "GSPOPM",
    "DPZ": " ",
    "DTM": 1305158400000,
    "DTP": " ",
    "FID": 104,
    "ID": 16846669,
    "ID_IIP": "4EAF9C5D-413E-4BCF-B8E0-010700890107",
    "ISDP_FID": "OBJ_BT_ZAG_P.506",
    "JE_NAZWA": "Krowodrza",
    "JE_NR": "126102_9",
    "KAT_SYMB": 0,
    "KOD": "GSPOPM",
    "KOD_NZ": "Pomnik",
    "KRG_D": " ",
    "KRG_N": "3482-313/2011-65",
    "MPD_D": "wektoryzacja",
    "MPD_N": "D",
    "NR": " ",
    "OBR_NAZWA": " ",
    "OBR_NR": " ",
    "OPT_D": " ",
    "OPT_N": "P.1261.2011.2955",
    "REMARKS": " ",
    "SKALA_X_SY": 1,
    "SKALA_Y_SY": 1,
    "TZ": "0 - nie",
    "WID_SYMB": 1,
    "X_SYMB": 7422589.81,
    "Y_SYMB": 5547995.94
   },
   "type": "Feature"
  },
  {
   "geometry": {
    "coordinates": [
     19.918693,
     50.063259
    ],
    "type": "Point"
   },
   "id": 105,
   "properties": {
    "AKTUALNOSC": 1685318400000,
    "DKP_N": "GSPOPM",
    "DPZ": " ",
    "DTM": 1305158400000,
    "DTP": " ",
    "FID": 105,
    "ID": 16846670,
    "ID_IIP": "4EAF9C5D-413E-4BCF-B8E0-010700900107",
    "ISDP_FID": "OBJ_BT_ZAG_P.507",
    "JE_NAZWA": "Krowodrza",
    "JE_NR": "126102_9",
    "KAT_SYMB": 0,
    "KOD": "GSPOPM",
    "KOD_NZ": "Pomnik",
    "KRG_D": " ",
    "KRG_N": "3482-313/2011-65",
    "MPD_D": "wektoryzacja",
    "MPD_N": "D",
    "NR": " ",
    "OBR_NAZWA": " ",
    "OBR_NR": " ",
    "OPT_D": " ",
    "OPT_N": "P.1261.2011.2955",
    "REMARKS": " ",
    "SKALA_X_SY": 1,
    "SKALA_Y_SY": 1,
    "TZ": "0 - nie",
    "WID_SYMB": 1,
    "X_SYMB": 7422583.45,
    "Y_SYMB": 5548016.24
   },
   "type": "Feature"
  },
  {
   "geometry": {
    "coordinates": [
     19.91856,
     50.063418
    ],
    "type": "Point"
   },
   "id": 106,
   "properties": {
    "AKTUALNOSC": 1685318400000,
    "DKP_N": "GSPOPM",
    "DPZ": " ",
    "DTM": 1305158400000,
    "DTP": " ",
    "FID": 106,
    "ID": 16846671,
    "ID_IIP": "4EAF9C5D-413E-4BCF-B8E0-010700910107",
    "ISDP_FID": "OBJ_BT_ZAG_P.508",
    "JE_NAZWA": "Krowodrza",
    "JE_NR": "126102_9",
    "KAT_SYMB": 0,
    "KOD": "GSPOPM",
    "KOD_NZ": "Pomnik",
    "KRG_D": " ",
    "KRG_N": "3482-313/2011-65",
    "MPD_D": "wektoryzacja",
    "MPD_N": "D",
    "NR": " ",
    "OBR_NAZWA": " ",
    "OBR_NR": " ",
    "OPT_D": " ",
    "OPT_N": "P.1261.2011.2955",
    "REMARKS": " ",
    "SKALA_X_SY": 1,
    "SKALA_Y_SY": 1,
    "TZ": "0 - nie",
    "WID_SYMB": 1,
    "X_SYMB": 7422574.18,
    "Y_SYMB": 5548034.15
   },
   "type": "Feature"
  },
  {
   "geometry": {
    "coordinates": [
     19.918411,
     50.063551
    ],
    "type": "Point"
   },
   "id": 107,
   "properties": {
    "AKTUALNOSC": 1685318400000,
    "DKP_N": "GSPOPM",
    "DPZ": " ",
    "DTM": 1305158400000,
    "DTP": " ",
    "FID": 107,
    "ID": 16846672,
    "ID_IIP": "4EAF9C5D-413E-4BCF-B8E0-010700920107",
    "ISDP_FID": "OBJ_BT_ZAG_P.509",
    "JE_NAZWA": "Krowodrza",
    "JE_NR": "126102_9",
    "KAT_SYMB": 0,
    "KOD": "GSPOPM",
    "KOD_NZ": "Pomnik",
    "KRG_D": " ",
    "KRG_N": "3482-313/2011-65",
    "MPD_D": "wektoryzacja",
    "MPD_N": "D",
    "NR": " ",
    "OBR_NAZWA": " ",
    "OBR_NR": " ",
    "OPT_D": " ",
    "OPT_N": "P.1261.2011.2955",
    "REMARKS": " ",
    "SKALA_X_SY": 1,
    "SKALA_Y_SY": 1,
    "TZ": "0 - nie",
    "WID_SYMB": 1,
    "X_SYMB": 7422563.72,
    "Y_SYMB": 5548049.04
   },
   "type": "Feature"
  },
  {
   "geometry": {
    "coordinates": [
     19.918237,
     50.0637
    ],
    "type": "Point"
   },
   "id": 108,
   "properties": {
    "AKTUALNOSC": 1685318400000,
    "DKP_N": "GSPOPM",
    "DPZ": " ",
    "DTM": 1305158400000,
    "DTP": " ",
    "FID": 108,
    "ID": 16846673,
    "ID_IIP": "4EAF9C5D-413E-4BCF-B8E0-010700930107",
    "ISDP_FID": "OBJ_BT_ZAG_P.510",
    "JE_NAZWA": "Krowodrza",
    "JE_NR": "126102_9",
    "KAT_SYMB": 0,
    "KOD": "GSPOPM",
    "KOD_NZ": "Pomnik",
    "KRG_D": " ",
    "KRG_N": "3482-313/2011-65",
    "MPD_D": "wektoryzacja",
    "MPD_N": "D",
    "NR": " ",
    "OBR_NAZWA": " ",
    "OBR_NR": " ",
    "OPT_D": " ",
    "OPT_N": "P.1261.2011.2955",
    "REMARKS": " ",
    "SKALA_X_SY": 1,
    "SKALA_Y_SY": 1,
    "TZ": "0 - nie",
    "WID_SYMB": 1,
    "X_SYMB": 7422551.46,
    "Y_SYMB": 5548065.83
   },
   "type": "Feature"
  },
  {
   "geometry": {
    "coordinates": [
     19.920381,
     50.064169
    ],
    "type": "Point"
   },
   "id": 109,
   "properties": {
    "AKTUALNOSC": 1685318400000,
    "DKP_N": "GSPOPM",
    "DPZ": " ",
    "DTM": 1305158400000,
    "DTP": " ",
    "FID": 109,
    "ID": 16846826,
    "ID_IIP": "4EAF9C5D-413E-4BCF-B8E0-010708770107",
    "ISDP_FID": "OBJ_BT_ZAG_P.511",
    "JE_NAZWA": "Krowodrza",
    "JE_NR": "126102_9",
    "KAT_SYMB": 0,
    "KOD": "GSPOPM",
    "KOD_NZ": "Pomnik",
    "KRG_D": " ",
    "KRG_N": "3482-313/2011-65",
    "MPD_D": "wektoryzacja",
    "MPD_N": "D",
    "NR": " ",
    "OBR_NAZWA": " ",
    "OBR_NR": " ",
    "OPT_D": " ",
    "OPT_N": "P.1261.2011.2955",
    "REMARKS": " ",
    "SKALA_X_SY": 1,
    "SKALA_Y_SY": 1,
    "TZ": "0 - nie",
    "WID_SYMB": 1,
    "X_SYMB": 7422705.75,
    "Y_SYMB": 5548115.7
   },
   "type": "Feature"
  },
  {
   "geometry": {
    "coordinates": [
     19.920589,
     50.065645
    ],
    "type": "Point"
   },
   "id": 110,
   "properties": {
    "AKTUALNOSC": 1685318400000,
    "DKP_N": "GSPOPM",
    "DPZ": " ",
    "DTM": 1305158400000,
    "DTP": " ",
    "FID": 110,
    "ID": 16846901,
    "ID_IIP": "4EAF9C5D-413E-4BCF-B8E0-010711120107",
    "ISDP_FID": "OBJ_BT_ZAG_P.512",
    "JE_NAZWA": "Krowodrza",
    "JE_NR": "126102_9",
    "KAT_SYMB": 0,
    "KOD": "GSPOPM",
    "KOD_NZ": "Pomnik",
    "KRG_D": " ",
    "KRG_N": "3482-313/2011-65",
    "MPD_D": "wektoryzacja",
    "MPD_N": "D",
    "NR": " ",
    "OBR_NAZWA": " ",
    "OBR_NR": " ",
    "OPT_D": " ",
    "OPT_N": "P.1261.2011.2955",
    "REMARKS": " ",
    "SKALA_X_SY": 1,
    "SKALA_Y_SY": 1,
    "TZ": "0 - nie",
    "WID_SYMB": 1,
    "X_SYMB": 7422723.01,
    "Y_SYMB": 5548279.65
   },
   "type": "Feature"
  },
  {
   "geometry": {
    "coordinates": [
     19.920951,
     50.065813
    ],
    "type": "Point"
   },
   "id": 111,
   "properties": {
    "AKTUALNOSC": 1685318400000,
    "DKP_N": "GSPOPM",
    "DPZ": " ",
    "DTM": 1305158400000,
    "DTP": " ",
    "FID": 111,
    "ID": 16846902,
    "ID_IIP": "4EAF9C5D-413E-4BCF-B8E0-010711150107",
    "ISDP_FID": "OBJ_BT_ZAG_P.513",
    "JE_NAZWA": "Krowodrza",
    "JE_NR": "126102_9",
    "KAT_SYMB": 0,
    "KOD": "GSPOPM",
    "KOD_NZ": "Pomnik",
    "KRG_D": " ",
    "KRG_N": "3482-313/2011-65",
    "MPD_D": "wektoryzacja",
    "MPD_N": "D",
    "NR": " ",
    "OBR_NAZWA": " ",
    "OBR_NR": " ",
    "OPT_D": " ",
    "OPT_N": "P.1261.2011.2955",
    "REMARKS": " ",
    "SKALA_X_SY": 1,
    "SKALA_Y_SY": 1,
    "TZ": "0 - nie",
    "WID_SYMB": 1,
    "X_SYMB": 7422749.19,
    "Y_SYMB": 5548297.99
   },
   "type": "Feature"
  },
  {
   "geometry": {
    "coordinates": [
     19.923934,
     50.065313
    ],
    "type": "Point"
   },
   "id": 112,
   "properties": {
    "AKTUALNOSC": 1685318400000,
    "DKP_N": "GSPOPM",
    "DPZ": " ",
    "DTM": 1305158400000,
    "DTP": " ",
    "FID": 112,
    "ID": 16847016,
    "ID_IIP": "4EAF9C5D-413E-4BCF-B8E0-010712490107",
    "ISDP_FID": "OBJ_BT_ZAG_P.514",
    "JE_NAZWA": "Krowodrza",
    "JE_NR": "126102_9",
    "KAT_SYMB": 0,
    "KOD": "GSPOPM",
    "KOD_NZ": "Pomnik",
    "KRG_D": " ",
    "KRG_N": "3482-313/2011-65",
    "MPD_D": "wektoryzacja",
    "MPD_N": "D",
    "NR": " ",
    "OBR_NAZWA": " ",
    "OBR_NR": " ",
    "OPT_D": " ",
    "OPT_N": "P.1261.2011.2955",
    "REMARKS": " ",
    "SKALA_X_SY": 1,
    "SKALA_Y_SY": 1,
    "TZ": "0 - nie",
    "WID_SYMB": 1,
    "X_SYMB": 7422961.9,
    "Y_SYMB": 5548239.3
   },
   "type": "Feature"
  },
  {
   "geometry": {
    "coordinates": [
     19.918678,
     50.065734
    ],
    "type": "Point"
   },
   "id": 113,
   "properties": {
    "AKTUALNOSC": 1685318400000,
    "DKP_N": "GSPOPM",
    "DPZ": " ",
    "DTM": 1305158400000,
    "DTP": " ",
    "FID": 113,
    "ID": 16847093,
    "ID_IIP": "4EAF9C5D-413E-4BCF-B8E0-010713400107",
    "ISDP_FID": "OBJ_BT_ZAG_P.515",
    "JE_NAZWA": "Krowodrza",
    "JE_NR": "126102_9",
    "KAT_SYMB": 0,
    "KOD": "GSPOPM",
    "KOD_NZ": "Pomnik",
    "KRG_D": " ",
    "KRG_N": "3482-313/2011-65",
    "MPD_D": "wektoryzacja",
    "MPD_N": "D",
    "NR": " ",
    "OBR_NAZWA": " ",
    "OBR_NR": " ",
    "OPT_D": " ",
    "OPT_N": "P.1261.2011.2955",
    "REMARKS": " ",
    "SKALA_X_SY": 1,
    "SKALA_Y_SY": 1,
    "TZ": "0 - nie",
    "WID_SYMB": 1,
    "X_SYMB": 7422586.31,
    "Y_SYMB": 5548291.56
   },
   "type": "Feature"
  },
  {
   "geometry": {
    "coordinates": [
     19.918358,
     50.065809
    ],
    "type": "Point"
   },
   "id": 114,
   "properties": {
    "AKTUALNOSC": 1685318400000,
    "DKP_N": "GSPOPM",
    "DPZ": " ",
    "DTM": 1305158400000,
    "DTP": " ",
    "FID": 114,
    "ID": 16847100,
    "ID_IIP": "4EAF9C5D-413E-4BCF-B8E0-010713550107",
    "ISDP_FID": "OBJ_BT_ZAG_P.516",
    "JE_NAZWA": "Krowodrza",
    "JE_NR": "126102_9",
    "KAT_SYMB": 0,
    "KOD": "GSPOPM",
    "KOD_NZ": "Pomnik",
    "KRG_D": " ",
    "KRG_N": "3482-313/2011-65",
    "MPD_D": "wektoryzacja",
    "MPD_N": "D",
    "NR": " ",
    "OBR_NAZWA": " ",
    "OBR_NR": " ",
    "OPT_D": " ",
    "OPT_N": "P.1261.2011.2955",
    "REMARKS": " ",
    "SKALA_X_SY": 1,
    "SKALA_Y_SY": 1,
    "TZ": "0 - nie",
    "WID_SYMB": 1,
    "X_SYMB": 7422563.54,
    "Y_SYMB": 5548300.24
   },
   "type": "Feature"
  },
  {
   "geometry": {
    "coordinates": [
     19.923111,
     50.063414
    ],
    "type": "Point"
   },
   "id": 115,
   "properties": {
    "AKTUALNOSC": 1685318400000,
    "DKP_N": "GSPOPM",
    "DPZ": " ",
    "DTM": 1305158400000,
    "DTP": " ",
    "FID": 115,
    "ID": 16847495,
    "ID_IIP": "4EAF9C5D-413E-4BCF-B8E0-010729760107",
    "ISDP_FID": "OBJ_BT_ZAG_P.517",
    "JE_NAZWA": "Krowodrza",
    "JE_NR": "126102_9",
    "KAT_SYMB": 0,
    "KOD": "GSPOPM",
    "KOD_NZ": "Pomnik",
    "KRG_D": " ",
    "KRG_N": "3482-313/2011-65",
    "MPD_D": "wektoryzacja",
    "MPD_N": "D",
    "NR": " ",
    "OBR_NAZWA": " ",
    "OBR_NR": " ",
    "OPT_D": " ",
    "OPT_N": "P.1261.2011.2955",
    "REMARKS": " ",
    "SKALA_X_SY": 1,
    "SKALA_Y_SY": 1,
    "TZ": "0 - nie",
    "WID_SYMB": 1,
    "X_SYMB": 7422900,
    "Y_SYMB": 5548028.94
   },
   "type": "Feature"
  },
  {
   "geometry": {
    "coordinates": [
     19.923158,
     50.06337
    ],
    "type": "Point"
   },
   "id": 116,
   "properties": {
    "AKTUALNOSC": 1685318400000,
    "DKP_N": "GSPOPM",
    "DPZ": " ",
    "DTM": 1305158400000,
    "DTP": " ",
    "FID": 116,
    "ID": 16847496,
    "ID_IIP": "4EAF9C5D-413E-4BCF-B8E0-010729770107",
    "ISDP_FID": "OBJ_BT_ZAG_P.518",
    "JE_NAZWA": "Krowodrza",
    "JE_NR": "126102_9",
    "KAT_SYMB": 0,
    "KOD": "GSPOPM",
    "KOD_NZ": "Pomnik",
    "KRG_D": " ",
    "KRG_N": "3482-313/2011-65",
    "MPD_D": "wektoryzacja",
    "MPD_N": "D",
    "NR": " ",
    "OBR_NAZWA": " ",
    "OBR_NR": " ",
    "OPT_D": " ",
    "OPT_N": "P.1261.2011.2955",
    "REMARKS": " ",
    "SKALA_X_SY": 1,
    "SKALA_Y_SY": 1,
    "TZ": "0 - nie",
    "WID_SYMB": 1,
    "X_SYMB": 7422903.23,
    "Y_SYMB": 5548024.04
   },
   "type": "Feature"
  },
  {
   "geometry": {
    "coordinates": [
     19.923132,
     50.063346
    ],
    "type": "Point"
   },
   "id": 117,
   "properties": {
    "AKTUALNOSC": 1685318400000,
    "DKP_N": "GSPOPM",
    "DPZ": " ",
    "DTM": 1305158400000,
    "DTP": " ",
    "FID": 117,
    "ID": 16847497,
    "ID_IIP": "4EAF9C5D-413E-4BCF-B8E0-010729780107",
    "ISDP_FID": "OBJ_BT_ZAG_P.519",
    "JE_NAZWA": "Krowodrza",
    "JE_NR": "126102_9",
    "KAT_SYMB": 0,
    "KOD": "GSPOPM",
    "KOD_NZ": "Pomnik",
    "KRG_D": " ",
    "KRG_N": "3482-313/2011-65",
    "MPD_D": "wektoryzacja",
    "MPD_N": "D",
    "NR": " ",
    "OBR_NAZWA": " ",
    "OBR_NR": " ",
    "OPT_D": " ",
    "OPT_N": "P.1261.2011.2955",
    "REMARKS": " ",
    "SKALA_X_SY": 1,
    "SKALA_Y_SY": 1,
    "TZ": "0 - nie",
    "WID_SYMB": 1,
    "X_SYMB": 7422901.39,
    "Y_SYMB": 5548021.37
   },
   "type": "Feature"
  },
  {
   "geometry": {
    "coordinates": [
     19.922939,
     50.063276
    ],
    "type": "Point"
   },
   "id": 118,
   "properties": {
    "AKTUALNOSC": 1685318400000,
    "DKP_N": "GSPOPM",
    "DPZ": " ",
    "DTM": 1305158400000,
    "DTP": " ",
    "FID": 118,
    "ID": 16847498,
    "ID_IIP": "4EAF9C5D-413E-4BCF-B8E0-010729790107",
    "ISDP_FID": "OBJ_BT_ZAG_P.520",
    "JE_NAZWA": "Krowodrza",
    "JE_NR": "126102_9",
    "KAT_SYMB": 0,
    "KOD": "GSPOPM",
    "KOD_NZ": "Pomnik",
    "KRG_D": " ",
    "KRG_N": "3482-313/2011-65",
    "MPD_D": "wektoryzacja",
    "MPD_N": "D",
    "NR": " ",
    "OBR_NAZWA": " ",
    "OBR_NR": " ",
    "OPT_D": " ",
    "OPT_N": "P.1261.2011.2955",
    "REMARKS": " ",
    "SKALA_X_SY": 1,
    "SKALA_Y_SY": 1,
    "TZ": "0 - nie",
    "WID_SYMB": 1,
    "X_SYMB": 7422887.45,
    "Y_SYMB": 5548013.79
   },
   "type": "Feature"
  },
  {
   "geometry": {
    "coordinates": [
     19.922794,
     50.062595
    ],
    "type": "Point"
   },
   "id": 119,
   "properties": {
    "AKTUALNOSC": 1685318400000,
    "DKP_N": "GSPOPM",
    "DPZ": " ",
    "DTM": 1305158400000,
    "DTP": " ",
    "FID": 119,
    "ID": 16848010,
    "ID_IIP": "4EAF9C5D-413E-4BCF-B8E0-010745860107",
    "ISDP_FID": "OBJ_BT_ZAG_P.521",
    "JE_NAZWA": "Krowodrza",
    "JE_NR": "126102_9",
    "KAT_SYMB": 0,
    "KOD": "GSPOPM",
    "KOD_NZ": "Pomnik",
    "KRG_D": " ",
    "KRG_N": "3482-313/2011-65",
    "MPD_D": "wektoryzacja",
    "MPD_N": "D",
    "NR": " ",
    "OBR_NAZWA": " ",
    "OBR_NR": " ",
    "OPT_D": " ",
    "OPT_N": "P.1261.2011.2955",
    "REMARKS": " ",
    "SKALA_X_SY": 1,
    "SKALA_Y_SY": 1,
    "TZ": "0 - nie",
    "WID_SYMB": 1,
    "X_SYMB": 7422875.97,
    "Y_SYMB": 5547938.17
   },
   "type": "Feature"
  },
  {
   "geometry": {
    "coordinates": [
     19.913661,
     50.06554
    ],
    "type": "Point"
   },
   "id": 120,
   "properties": {
    "AKTUALNOSC": 1685318400000,
    "DKP_N": "GSPOPM",
    "DPZ": " ",
    "DTM": 1303776000000,
    "DTP": " ",
    "FID": 120,
    "ID": 16850932,
    "ID_IIP": "4EAF9C5D-413E-4BCF-B8E0-010911600107",
    "ISDP_FID": "OBJ_BT_ZAG_P.522",
    "JE_NAZWA": "Krowodrza",
    "JE_NR": "126102_9",
    "KAT_SYMB": 0,
    "KOD": "GSPOPM",
    "KOD_NZ": "Pomnik",
    "KRG_D": " ",
    "KRG_N": "3482-313/2011-64",
    "MPD_D": "wektoryzacja",
    "MPD_N": "D",
    "NR": " ",
    "OBR_NAZWA": " ",
    "OBR_NR": " ",
    "OPT_D": " ",
    "OPT_N": "P.1261.2011.2658",
    "REMARKS": " ",
    "SKALA_X_SY": 1,
    "SKALA_Y_SY": 1,
    "TZ": "0 - nie",
    "WID_SYMB": 1,
    "X_SYMB": 7422226.86,
    "Y_SYMB": 5548275.15
   },
   "type": "Feature"
  },
  {
   "geometry": {
    "coordinates": [
     19.923334,
     50.065511
    ],
    "type": "Point"
   },
   "id": 121,
   "properties": {
    "AKTUALNOSC": 1685318400000,
    "DKP_N": "GSPOPM",
    "DPZ": " ",
    "DTM": 1323216000000,
    "DTP": " ",
    "FID": 121,
    "ID": 16853043,
    "ID_IIP": "4EAF9C5D-413E-4BCF-B8E0-013468210107",
    "ISDP_FID": "OBJ_BT_ZAG_P.523",
    "JE_NAZWA": "Krowodrza",
    "JE_NR": "126102_9",
    "KAT_SYMB": 0,
    "KOD": "GSPOPM",
    "KOD_NZ": "Pomnik",
    "KRG_D": " ",
    "KRG_N": "3482-799/2011-1",
    "MPD_D": "pomiar bezpośredni",
    "MPD_N": "O",
    "NR": " ",
    "OBR_NAZWA": " ",
    "OBR_NR": " ",
    "OPT_D": " ",
    "OPT_N": "P.1261.2011.5394",
    "REMARKS": " ",
    "SKALA_X_SY": 1,
    "SKALA_Y_SY": 1,
    "TZ": "0 - nie",
    "WID_SYMB": 1,
    "X_SYMB": 7422919.32,
    "Y_SYMB": 5548261.93
   },
   "type": "Feature"
  },
  {
   "geometry": {
    "coordinates": [
     19.923665,
     50.065162
    ],
    "type": "Point"
   },
   "id": 122,
   "properties": {
    "AKTUALNOSC": 1685318400000,
    "DKP_N": "GSPOPM",
    "DPZ": " ",
    "DTM": 1323216000000,
    "DTP": " ",
    "FID": 122,
    "ID": 16853044,
    "ID_IIP": "4EAF9C5D-413E-4BCF-B8E0-013468220107",
    "ISDP_FID": "OBJ_BT_ZAG_P.524",
    "JE_NAZWA": "Krowodrza",
    "JE_NR": "126102_9",
    "KAT_SYMB": 0,
    "KOD": "GSPOPM",
    "KOD_NZ": "Pomnik",
    "KRG_D": " ",
    "KRG_N": "3482-799/2011-1",
    "MPD_D": "pomiar bezpośredni",
    "MPD_N": "O",
    "NR": " ",
    "OBR_NAZWA": " ",
    "OBR_NR": " ",
    "OPT_D": " ",
    "OPT_N": "P.1261.2011.5394",
    "REMARKS": " ",
    "SKALA_X_SY": 1,
    "SKALA_Y_SY": 1,
    "TZ": "0 - nie",
    "WID_SYMB": 1,
    "X_SYMB": 7422942.43,
    "Y_SYMB": 5548222.78
   },
   "type": "Feature"
  },
  {
   "geometry": {
    "coordinates": [
     19.923159,
     50.065618
    ],
    "type": "Point"
   },
   "id": 123,
   "properties": {
    "AKTUALNOSC": 1685318400000,
    "DKP_N": "GSPOPM",
    "DPZ": " ",
    "DTM": 1323216000000,
    "DTP": " ",
    "FID": 123,
    "ID": 16853045,
    "ID_IIP": "4EAF9C5D-413E-4BCF-B8E0-013468230107",
    "ISDP_FID": "OBJ_BT_ZAG_P.525",
    "JE_NAZWA": "Krowodrza",
    "JE_NR": "126102_9",
    "KAT_SYMB": 0,
    "KOD": "GSPOPM",
    "KOD_NZ": "Pomnik",
    "KRG_D": " ",
    "KRG_N": "3482-799/2011-1",
    "MPD_D": "pomiar bezpośredni",
    "MPD_N": "O",
    "NR": " ",
    "OBR_NAZWA": " ",
    "OBR_NR": " ",
    "OPT_D": " ",
    "OPT_N": "P.1261.2011.5394",
    "REMARKS": " ",
    "SKALA_X_SY": 1,
    "SKALA_Y_SY": 1,
    "TZ": "0 - nie",
    "WID_SYMB": 1,
    "X_SYMB": 7422906.95,
    "Y_SYMB": 5548274.04
   },
   "type": "Feature"
  },
  {
   "geometry": {
    "coordinates": [
     19.923487,
     50.065866
    ],
    "type": "Point"
   },
   "id": 124,
   "properties": {
    "AKTUALNOSC": 1685318400000,
    "DKP_N": "GSPOPM",
    "DPZ": " ",
    "DTM": 1323216000000,
    "DTP": " ",
    "FID": 124,
    "ID": 16853046,
    "ID_IIP": "4EAF9C5D-413E-4BCF-B8E0-013468240107",
    "ISDP_FID": "OBJ_BT_ZAG_P.526",
    "JE_NAZWA": "Krowodrza",
    "JE_NR": "126102_9",
    "KAT_SYMB": 0,
    "KOD": "GSPOPM",
    "KOD_NZ": "Pomnik",
    "KRG_D": " ",
    "KRG_N": "3482-799/2011-1",
    "MPD_D": "pomiar bezpośredni",
    "MPD_N": "O",
    "NR": " ",
    "OBR_NAZWA": " ",
    "OBR_NR": " ",
    "OPT_D": " ",
    "OPT_N": "P.1261.2011.5394",
    "REMARKS": " ",
    "SKALA_X_SY": 1,
    "SKALA_Y_SY": 1,
    "TZ": "0 - nie",
    "WID_SYMB": 1,
    "X_SYMB": 7422930.83,
    "Y_SYMB": 5548301.31
   },
   "type": "Feature"
  },
  {
   "geometry": {
    "coordinates": [
     19.920715,
     50.065903
    ],
    "type": "Point"
   },
   "id": 125,
   "properties": {
    "AKTUALNOSC": 1685318400000,
    "DKP_N": "GSPOPM",
    "DPZ": " ",
    "DTM": 1417564800000,
    "DTP": " ",
    "FID": 125,
    "ID": 16853890,
    "ID_IIP": "4EAF9C5D-413E-4BCF-B8E0-016301390107",
    "ISDP_FID": "OBJ_BT_ZAG_P.527",
    "JE_NAZWA": "Krowodrza",
    "JE_NR": "126102_9",
    "KAT_SYMB": 0,
    "KOD": "GSPOPM",
    "KOD_NZ": "Pomnik",
    "KRG_D": " ",
    "KRG_N": "2511-1897/2014-1",
    "MPD_D": "pomiar bezpośredni",
    "MPD_N": "O",
    "NR": " ",
    "OBR_NAZWA": " ",
    "OBR_NR": " ",
    "OPT_D": " ",
    "OPT_N": "P.1261.2014.8688",
    "REMARKS": " ",
    "SKALA_X_SY": 1,
    "SKALA_Y_SY": 1,
    "TZ": "0 - nie",
    "WID_SYMB": 1,
    "X_SYMB": 7422732.43,
    "Y_SYMB": 5548308.26
   },
   "type": "Feature"
  },
  {
   "geometry": {
    "coordinates": [
     19.916354,
     50.064242
    ],
    "type": "Point"
   },
   "id": 126,
   "properties": {
    "AKTUALNOSC": 1685318400000,
    "DKP_N": "GSPOPM",
    "DPZ": " ",
    "DTM": 1433894400000,
    "DTP": " ",
    "FID": 126,
    "ID": 16854191,
    "ID_IIP": "4EAF9C5D-413E-4BCF-B8E0-016676750107",
    "ISDP_FID": "OBJ_BT_ZAG_P.528",
    "JE_NAZWA": "Krowodrza",
    "JE_NR": "126102_9",
    "KAT_SYMB": 0,
    "KOD": "GSPOPM",
    "KOD_NZ": "Pomnik",
    "KRG_D": " ",
    "KRG_N": "2511-752/2015-1",
    "MPD_D": "pomiar bezpośredni",
    "MPD_N": "O",
    "NR": " ",
    "OBR_NAZWA": " ",
    "OBR_NR": " ",
    "OPT_D": " ",
    "OPT_N": "P.1261.2015.4662",
    "REMARKS": " ",
    "SKALA_X_SY": 1,
    "SKALA_Y_SY": 1,
    "TZ": "0 - nie",
    "WID_SYMB": 1,
    "X_SYMB": 7422417.55,
    "Y_SYMB": 5548128.07
   },
   "type": "Feature"
  },
  {
   "geometry": {
    "coordinates": [
     19.917912,
     50.061062
    ],
    "type": "Point"
   },
   "id": 127,
   "properties": {
    "AKTUALNOSC": 1685318400000,
    "DKP_N": "GSPOPM",
    "DPZ": " ",
    "DTM": 1456790400000,
    "DTP": " ",
    "FID": 127,
    "ID": 16854409,
    "ID_IIP": "4EAF9C5D-413E-4BCF-B8E0-017485310107",
    "ISDP_FID": "OBJ_BT_ZAG_P.529",
    "JE_NAZWA": "Krowodrza",
    "JE_NR": "126102_9",
    "KAT_SYMB": 0,
    "KOD": "GSPOPM",
    "KOD_NZ": "Pomnik",
    "KRG_D": " ",
    "KRG_N": "2511-1087/2014-1",
    "MPD_D": "pomiar bezpośredni",
    "MPD_N": "O",
    "NR": " ",
    "OBR_NAZWA": " ",
    "OBR_NR": " ",
    "OPT_D": " ",
    "OPT_N": "P.1261.2016.2096",
    "REMARKS": " ",
    "SKALA_X_SY": 1,
    "SKALA_Y_SY": 1,
    "TZ": "0 - nie",
    "WID_SYMB": 1,
    "X_SYMB": 7422523.94,
    "Y_SYMB": 5547772.74
   },
   "type": "Feature"
  },
  {
   "geometry": {
    "coordinates": [
     19.91803,
     50.061072
    ],
    "type": "Point"
   },
   "id": 128,
   "properties": {
    "AKTUALNOSC": 1685318400000,
    "DKP_N": "GSPOPM",
    "DPZ": " ",
    "DTM": 1456790400000,
    "DTP": " ",
    "FID": 128,
    "ID": 16854410,
    "ID_IIP": "4EAF9C5D-413E-4BCF-B8E0-017485320107",
    "ISDP_FID": "OBJ_BT_ZAG_P.530",
    "JE_NAZWA": "Krowodrza",
    "JE_NR": "126102_9",
    "KAT_SYMB": 0,
    "KOD": "GSPOPM",
    "KOD_NZ": "Pomnik",
    "KRG_D": " ",
    "KRG_N": "2511-1087/2014-1",
    "MPD_D": "pomiar bezpośredni",
    "MPD_N": "O",
    "NR": " ",
    "OBR_NAZWA": " ",
    "OBR_NR": " ",
    "OPT_D": " ",
    "OPT_N": "P.1261.2016.2096",
    "REMARKS": " ",
    "SKALA_X_SY": 1,
    "SKALA_Y_SY": 1,
    "TZ": "0 - nie",
    "WID_SYMB": 1,
    "X_SYMB": 7422532.44,
    "Y_SYMB": 5547773.75
   },
   "type": "Feature"
  },
  {
   "geometry": {
    "coordinates": [
     19.91815,
     50.061081
    ],
    "type": "Point"
   },
   "id": 129,
   "properties": {
    "AKTUALNOSC": 1685318400000,
    "DKP_N": "GSPOPM",
    "DPZ": " ",
    "DTM": 1456790400000,
    "DTP": " ",
    "FID": 129,
    "ID": 16854411,
    "ID_IIP": "4EAF9C5D-413E-4BCF-B8E0-017485330107",
    "ISDP_FID": "OBJ_BT_ZAG_P.531",
    "JE_NAZWA": "Krowodrza",
    "JE_NR": "126102_9",
    "KAT_SYMB": 0,
    "KOD": "GSPOPM",
    "KOD_NZ": "Pomnik",
    "KRG_D": " ",
    "KRG_N": "2511-1087/2014-1",
    "MPD_D": "pomiar bezpośredni",
    "MPD_N": "O",
    "NR": " ",
    "OBR_NAZWA": " ",
    "OBR_NR": " ",
    "OPT_D": " ",
    "OPT_N": "P.1261.2016.2096",
    "REMARKS": " ",
    "SKALA_X_SY": 1,
    "SKALA_Y_SY": 1,
    "TZ": "0 - nie",
    "WID_SYMB": 1,
    "X_SYMB": 7422541,
    "Y_SYMB": 5547774.67
   },
   "type": "Feature"
  },
  {
   "geometry": {
    "coordinates": [
     19.918258,
     50.061091
    ],
    "type": "Point"
   },
   "id": 130,
   "properties": {
    "AKTUALNOSC": 1685318400000,
    "DKP_N": "GSPOPM",
    "DPZ": " ",
    "DTM": 1456790400000,
    "DTP": " ",
    "FID": 130,
    "ID": 16854412,
    "ID_IIP": "4EAF9C5D-413E-4BCF-B8E0-017485340107",
    "ISDP_FID": "OBJ_BT_ZAG_P.532",
    "JE_NAZWA": "Krowodrza",
    "JE_NR": "126102_9",
    "KAT_SYMB": 0,
    "KOD": "GSPOPM",
    "KOD_NZ": "Pomnik",
    "KRG_D": " ",
    "KRG_N": "2511-1087/2014-1",
    "MPD_D": "pomiar bezpośredni",
    "MPD_N": "O",
    "NR": " ",
    "OBR_NAZWA": " ",
    "OBR_NR": " ",
    "OPT_D": " ",
    "OPT_N": "P.1261.2016.2096",
    "REMARKS": " ",
    "SKALA_X_SY": 1,
    "SKALA_Y_SY": 1,
    "TZ": "0 - nie",
    "WID_SYMB": 1,
    "X_SYMB": 7422548.79,
    "Y_SYMB": 5547775.62
   },
   "type": "Feature"
  },
  {
   "geometry": {
    "coordinates": [
     19.918399,
     50.061102
    ],
    "type": "Point"
   },
   "id": 131,
   "properties": {
    "AKTUALNOSC": 1685318400000,
    "DKP_N": "GSPOPM",
    "DPZ": " ",
    "DTM": 1456790400000,
    "DTP": " ",
    "FID": 131,
    "ID": 16854413,
    "ID_IIP": "4EAF9C5D-413E-4BCF-B8E0-017485350107",
    "ISDP_FID": "OBJ_BT_ZAG_P.533",
    "JE_NAZWA": "Krowodrza",
    "JE_NR": "126102_9",
    "KAT_SYMB": 0,
    "KOD": "GSPOPM",
    "KOD_NZ": "Pomnik",
    "KRG_D": " ",
    "KRG_N": "2511-1087/2014-1",
    "MPD_D": "pomiar bezpośredni",
    "MPD_N": "O",
    "NR": " ",
    "OBR_NAZWA": " ",
    "OBR_NR": " ",
    "OPT_D": " ",
    "OPT_N": "P.1261.2016.2096",
    "REMARKS": " ",
    "SKALA_X_SY": 1,
    "SKALA_Y_SY": 1,
    "TZ": "0 - nie",
    "WID_SYMB": 1,
    "X_SYMB": 7422558.88,
    "Y_SYMB": 5547776.66
   },
   "type": "Feature"
  },
  {
   "geometry": {
    "coordinates": [
     19.918647,
     50.061154
    ],
    "type": "Point"
   },
   "id": 132,
   "properties": {
    "AKTUALNOSC": 1685318400000,
    "DKP_N": "GSPOPM",
    "DPZ": " ",
    "DTM": 1456790400000,
    "DTP": " ",
    "FID": 132,
    "ID": 16854419,
    "ID_IIP": "4EAF9C5D-413E-4BCF-B8E0-017485540107",
    "ISDP_FID": "OBJ_BT_ZAG_P.534",
    "JE_NAZWA": "Krowodrza",
    "JE_NR": "126102_9",
    "KAT_SYMB": 0,
    "KOD": "GSPOPM",
    "KOD_NZ": "Pomnik",
    "KRG_D": " ",
    "KRG_N": "2511-1087/2014-1",
    "MPD_D": "pomiar bezpośredni",
    "MPD_N": "O",
    "NR": " ",
    "OBR_NAZWA": " ",
    "OBR_NR": " ",
    "OPT_D": " ",
    "OPT_N": "P.1261.2016.2096",
    "REMARKS": " ",
    "SKALA_X_SY": 1,
    "SKALA_Y_SY": 1,
    "TZ": "0 - nie",
    "WID_SYMB": 1,
    "X_SYMB": 7422576.7,
    "Y_SYMB": 5547782.19
   },
   "type": "Feature"
  },
  {
   "geometry": {
    "coordinates": [
     19.917486,
     50.062127
    ],
    "type": "Point"
   },
   "id": 133,
   "properties": {
    "AKTUALNOSC": 1685318400000,
    "DKP_N": "GSPOPM",
    "DPZ": " ",
    "DTM": 1456790400000,
    "DTP": " ",
    "FID": 133,
    "ID": 16854526,
    "ID_IIP": "4EAF9C5D-413E-4BCF-B8E0-017487620107",
    "ISDP_FID": "OBJ_BT_ZAG_P.535",
    "JE_NAZWA": "Krowodrza",
    "JE_NR": "126102_9",
    "KAT_SYMB": 0,
    "KOD": "GSPOPM",
    "KOD_NZ": "Pomnik",
    "KRG_D": " ",
    "KRG_N": "2511-1087/2014-1",
    "MPD_D": "pomiar bezpośredni",
    "MPD_N": "O",
    "NR": " ",
    "OBR_NAZWA": " ",
    "OBR_NR": " ",
    "OPT_D": " ",
    "OPT_N": "P.1261.2016.2096",
    "REMARKS": " ",
    "SKALA_X_SY": 1,
    "SKALA_Y_SY": 1,
    "TZ": "0 - nie",
    "WID_SYMB": 1,
    "X_SYMB": 7422495.21,
    "Y_SYMB": 5547891.59
   },
   "type": "Feature"
  },
  {
   "geometry": {
    "coordinates": [
     19.917644,
     50.062132
    ],
    "type": "Point"
   },
   "id": 134,
   "properties": {
    "AKTUALNOSC": 1685318400000,
    "DKP_N": "GSPOPM",
    "DPZ": " ",
    "DTM": 1456790400000,
    "DTP": " ",
    "FID": 134,
    "ID": 16854528,
    "ID_IIP": "4EAF9C5D-413E-4BCF-B8E0-017487640107",
    "ISDP_FID": "OBJ_BT_ZAG_P.536",
    "JE_NAZWA": "Krowodrza",
    "JE_NR": "126102_9",
    "KAT_SYMB": 0,
    "KOD": "GSPOPM",
    "KOD_NZ": "Pomnik",
    "KRG_D": " ",
    "KRG_N": "2511-1087/2014-1",
    "MPD_D": "pomiar bezpośredni",
    "MPD_N": "O",
    "NR": " ",
    "OBR_NAZWA": " ",
    "OBR_NR": " ",
    "OPT_D": " ",
    "OPT_N": "P.1261.2016.2096",
    "REMARKS": " ",
    "SKALA_X_SY": 1,
    "SKALA_Y_SY": 1,
    "TZ": "0 - nie",
    "WID_SYMB": 1,
    "X_SYMB": 7422506.51,
    "Y_SYMB": 5547892.03
   },
   "type": "Feature"
  },
  {
   "geometry": {
    "coordinates": [
     19.917626,
     50.0622
    ],
    "type": "Point"
   },
   "id": 135,
   "properties": {
    "AKTUALNOSC": 1685318400000,
    "DKP_N": "GSPOPM",
    "DPZ": " ",
    "DTM": 1456790400000,
    "DTP": " ",
    "FID": 135,
    "ID": 16854529,
    "ID_IIP": "4EAF9C5D-413E-4BCF-B8E0-017487650107",
    "ISDP_FID": "OBJ_BT_ZAG_P.537",
    "JE_NAZWA": "Krowodrza",
    "JE_NR": "126102_9",
    "KAT_SYMB": 0,
    "KOD": "GSPOPM",
    "KOD_NZ": "Pomnik",
    "KRG_D": " ",
    "KRG_N": "2511-1087/2014-1",
    "MPD_D": "pomiar bezpośredni",
    "MPD_N": "O",
    "NR": " ",
    "OBR_NAZWA": " ",
    "OBR_NR": " ",
    "OPT_D": " ",
    "OPT_N": "P.1261.2016.2096",
    "REMARKS": " ",
    "SKALA_X_SY": 1,
    "SKALA_Y_SY": 1,
    "TZ": "0 - nie",
    "WID_SYMB": 1,
    "X_SYMB": 7422505.31,
    "Y_SYMB": 5547899.64
   },
   "type": "Feature"
  },
  {
   "geometry": {
    "coordinates": [
     19.917479,
     50.062195
    ],
    "type": "Point"
   },
   "id": 136,
   "properties": {
    "AKTUALNOSC": 1685318400000,
    "DKP_N": "GSPOPM",
    "DPZ": " ",
    "DTM": 1456790400000,
    "DTP": " ",
    "FID": 136,
    "ID": 16854530,
    "ID_IIP": "4EAF9C5D-413E-4BCF-B8E0-017487660107",
    "ISDP_FID": "OBJ_BT_ZAG_P.538",
    "JE_NAZWA": "Krowodrza",
    "JE_NR": "126102_9",
    "KAT_SYMB": 0,
    "KOD": "GSPOPM",
    "KOD_NZ": "Pomnik",
    "KRG_D": " ",
    "KRG_N": "2511-1087/2014-1",
    "MPD_D": "pomiar bezpośredni",
    "MPD_N": "O",
    "NR": " ",
    "OBR_NAZWA": " ",
    "OBR_NR": " ",
    "OPT_D": " ",
    "OPT_N": "P.1261.2016.2096",
    "REMARKS": " ",
    "SKALA_X_SY": 1,
    "SKALA_Y_SY": 1,
    "TZ": "0 - nie",
    "WID_SYMB": 1,
    "X_SYMB": 7422494.82,
    "Y_SYMB": 5547899.18
   },
   "type": "Feature"
  },
  {
   "geometry": {
    "coordinates": [
     19.917466,
     50.062269
    ],
    "type": "Point"
   },
   "id": 137,
   "properties": {
    "AKTUALNOSC": 1685318400000,
    "DKP_N": "GSPOPM",
    "DPZ": " ",
    "DTM": 1456790400000,
    "DTP": " ",
    "FID": 137,
    "ID": 16854531,
    "ID_IIP": "4EAF9C5D-413E-4BCF-B8E0-017487670107",
    "ISDP_FID": "OBJ_BT_ZAG_P.539",
    "JE_NAZWA": "Krowodrza",
    "JE_NR": "126102_9",
    "KAT_SYMB": 0,
    "KOD": "GSPOPM",
    "KOD_NZ": "Pomnik",
    "KRG_D": " ",
    "KRG_N": "2511-1087/2014-1",
    "MPD_D": "pomiar bezpośredni",
    "MPD_N": "O",
    "NR": " ",
    "OBR_NAZWA": " ",
    "OBR_NR": " ",
    "OPT_D": " ",
    "OPT_N": "P.1261.2016.2096",
    "REMARKS": " ",
    "SKALA_X_SY": 1,
    "SKALA_Y_SY": 1,
    "TZ": "0 - nie",
    "WID_SYMB": 1,
    "X_SYMB": 7422493.97,
    "Y_SYMB": 5547907.43
   },
   "type": "Feature"
  },
  {
   "geometry": {
    "coordinates": [
     19.91762,
     50.062275
    ],
    "type": "Point"
   },
   "id": 138,
   "properties": {
    "AKTUALNOSC": 1685318400000,
    "DKP_N": "GSPOPM",
    "DPZ": " ",
    "DTM": 1456790400000,
    "DTP": " ",
    "FID": 138,
    "ID": 16854532,
    "ID_IIP": "4EAF9C5D-413E-4BCF-B8E0-017487680107",
    "ISDP_FID": "OBJ_BT_ZAG_P.540",
    "JE_NAZWA": "Krowodrza",
    "JE_NR": "126102_9",
    "KAT_SYMB": 0,
    "KOD": "GSPOPM",
    "KOD_NZ": "Pomnik",
    "KRG_D": " ",
    "KRG_N": "2511-1087/2014-1",
    "MPD_D": "pomiar bezpośredni",
    "MPD_N": "O",
    "NR": " ",
    "OBR_NAZWA": " ",
    "OBR_NR": " ",
    "OPT_D": " ",
    "OPT_N": "P.1261.2016.2096",
    "REMARKS": " ",
    "SKALA_X_SY": 1,
    "SKALA_Y_SY": 1,
    "TZ": "0 - nie",
    "WID_SYMB": 1,
    "X_SYMB": 7422505.03,
    "Y_SYMB": 5547907.92
   },
   "type": "Feature"
  },
  {
   "geometry": {
    "coordinates": [
     19.91761,
     50.062347
    ],
    "type": "Point"
   },
   "id": 139,
   "properties": {
    "AKTUALNOSC": 1685318400000,
    "DKP_N": "GSPOPM",
    "DPZ": " ",
    "DTM": 1456790400000,
    "DTP": " ",
    "FID": 139,
    "ID": 16854533,
    "ID_IIP": "4EAF9C5D-413E-4BCF-B8E0-017487690107",
    "ISDP_FID": "OBJ_BT_ZAG_P.541",
    "JE_NAZWA": "Krowodrza",
    "JE_NR": "126102_9",
    "KAT_SYMB": 0,
    "KOD": "GSPOPM",
    "KOD_NZ": "Pomnik",
    "KRG_D": " ",
    "KRG_N": "2511-1087/2014-1",
    "MPD_D": "pomiar bezpośredni",
    "MPD_N": "O",
    "NR": " ",
    "OBR_NAZWA": " ",
    "OBR_NR": " ",
    "OPT_D": " ",
    "OPT_N": "P.1261.2016.2096",
    "REMARKS": " ",
    "SKALA_X_SY": 1,
    "SKALA_Y_SY": 1,
    "TZ": "0 - nie",
    "WID_SYMB": 1,
    "X_SYMB": 7422504.39,
    "Y_SYMB": 5547916.01
   },
   "type": "Feature"
  },
  {
   "geometry": {
    "coordinates": [
     19.917455,
     50.062342
    ],
    "type": "Point"
   },
   "id": 140,
   "properties": {
    "AKTUALNOSC": 1685318400000,
    "DKP_N": "GSPOPM",
    "DPZ": " ",
    "DTM": 1456790400000,
    "DTP": " ",
    "FID": 140,
    "ID": 16854534,
    "ID_IIP": "4EAF9C5D-413E-4BCF-B8E0-017487700107",
    "ISDP_FID": "OBJ_BT_ZAG_P.542",
    "JE_NAZWA": "Krowodrza",
    "JE_NR": "126102_9",
    "KAT_SYMB": 0,
    "KOD": "GSPOPM",
    "KOD_NZ": "Pomnik",
    "KRG_D": " ",
    "KRG_N": "2511-1087/2014-1",
    "MPD_D": "pomiar bezpośredni",
    "MPD_N": "O",
    "NR": " ",
    "OBR_NAZWA": " ",
    "OBR_NR": " ",
    "OPT_D": " ",
    "OPT_N": "P.1261.2016.2096",
    "REMARKS": " ",
    "SKALA_X_SY": 1,
    "SKALA_Y_SY": 1,
    "TZ": "0 - nie",
    "WID_SYMB": 1,
    "X_SYMB": 7422493.27,
    "Y_SYMB": 5547915.56
   },
   "type": "Feature"
  },
  {
   "geometry": {
    "coordinates": [
     19.918795,
     50.061225
    ],
    "type": "Point"
   },
   "id": 141,
   "properties": {
    "AKTUALNOSC": 1685318400000,
    "DKP_N": "GSPOPM",
    "DPZ": " ",
    "DTM": 1456790400000,
    "DTP": " ",
    "FID": 141,
    "ID": 16854549,
    "ID_IIP": "4EAF9C5D-413E-4BCF-B8E0-017487850107",
    "ISDP_FID": "OBJ_BT_ZAG_P.543",
    "JE_NAZWA": "Krowodrza",
    "JE_NR": "126102_9",
    "KAT_SYMB": 0,
    "KOD": "GSPOPM",
    "KOD_NZ": "Pomnik",
    "KRG_D": " ",
    "KRG_N": "2511-1087/2014-1",
    "MPD_D": "pomiar bezpośredni",
    "MPD_N": "O",
    "NR": " ",
    "OBR_NAZWA": " ",
    "OBR_NR": " ",
    "OPT_D": " ",
    "OPT_N": "P.1261.2016.2096",
    "REMARKS": " ",
    "SKALA_X_SY": 1,
    "SKALA_Y_SY": 1,
    "TZ": "0 - nie",
    "WID_SYMB": 1,
    "X_SYMB": 7422587.44,
    "Y_SYMB": 5547790
   },
   "type": "Feature"
  },
  {
   "geometry": {
    "coordinates": [
     19.918907,
     50.061319
    ],
    "type": "Point"
   },
   "id": 142,
   "properties": {
    "AKTUALNOSC": 1685318400000,
    "DKP_N": "GSPOPM",
    "DPZ": " ",
    "DTM": 1456790400000,
    "DTP": " ",
    "FID": 142,
    "ID": 16854550,
    "ID_IIP": "4EAF9C5D-413E-4BCF-B8E0-017487860107",
    "ISDP_FID": "OBJ_BT_ZAG_P.544",
    "JE_NAZWA": "Krowodrza",
    "JE_NR": "126102_9",
    "KAT_SYMB": 0,
    "KOD": "GSPOPM",
    "KOD_NZ": "Pomnik",
    "KRG_D": " ",
    "KRG_N": "2511-1087/2014-1",
    "MPD_D": "pomiar bezpośredni",
    "MPD_N": "O",
    "NR": " ",
    "OBR_NAZWA": " ",
    "OBR_NR": " ",
    "OPT_D": " ",
    "OPT_N": "P.1261.2016.2096",
    "REMARKS": " ",
    "SKALA_X_SY": 1,
    "SKALA_Y_SY": 1,
    "TZ": "0 - nie",
    "WID_SYMB": 1,
    "X_SYMB": 7422595.61,
    "Y_SYMB": 5547800.3
   },
   "type": "Feature"
  },
  {
   "geometry": {
    "coordinates": [
     19.918987,
     50.061427
    ],
    "type": "Point"
   },
   "id": 143,
   "properties": {
    "AKTUALNOSC": 1685318400000,
    "DKP_N": "GSPOPM",
    "DPZ": " ",
    "DTM": 1456790400000,
    "DTP": " ",
    "FID": 143,
    "ID": 16854551,
    "ID_IIP": "4EAF9C5D-413E-4BCF-B8E0-017487870107",
    "ISDP_FID": "OBJ_BT_ZAG_P.545",
    "JE_NAZWA": "Krowodrza",
    "JE_NR": "126102_9",
    "KAT_SYMB": 0,
    "KOD": "GSPOPM",
    "KOD_NZ": "Pomnik",
    "KRG_D": " ",
    "KRG_N": "2511-1087/2014-1",
    "MPD_D": "pomiar bezpośredni",
    "MPD_N": "O",
    "NR": " ",
    "OBR_NAZWA": " ",
    "OBR_NR": " ",
    "OPT_D": " ",
    "OPT_N": "P.1261.2016.2096",
    "REMARKS": " ",
    "SKALA_X_SY": 1,
    "SKALA_Y_SY": 1,
    "TZ": "0 - nie",
    "WID_SYMB": 1,
    "X_SYMB": 7422601.54,
    "Y_SYMB": 5547812.18
   },
   "type": "Feature"
  },
  {
   "geometry": {
    "coordinates": [
     19.919,
     50.061524
    ],
    "type": "Point"
   },
   "id": 144,
   "properties": {
    "AKTUALNOSC": 1685318400000,
    "DKP_N": "GSPOPM",
    "DPZ": " ",
    "DTM": 1456790400000,
    "DTP": " ",
    "FID": 144,
    "ID": 16854552,
    "ID_IIP": "4EAF9C5D-413E-4BCF-B8E0-017487880107",
    "ISDP_FID": "OBJ_BT_ZAG_P.546",
    "JE_NAZWA": "Krowodrza",
    "JE_NR": "126102_9",
    "KAT_SYMB": 0,
    "KOD": "GSPOPM",
    "KOD_NZ": "Pomnik",
    "KRG_D": " ",
    "KRG_N": "2511-1087/2014-1",
    "MPD_D": "pomiar bezpośredni",
    "MPD_N": "O",
    "NR": " ",
    "OBR_NAZWA": " ",
    "OBR_NR": " ",
    "OPT_D": " ",
    "OPT_N": "P.1261.2016.2096",
    "REMARKS": " ",
    "SKALA_X_SY": 1,
    "SKALA_Y_SY": 1,
    "TZ": "0 - nie",
    "WID_SYMB": 1,
    "X_SYMB": 7422602.6,
    "Y_SYMB": 5547823.04
   },
   "type": "Feature"
  },
  {
   "geometry": {
    "coordinates": [
     19.918804,
     50.061968
    ],
    "type": "Point"
   },
   "id": 145,
   "properties": {
    "AKTUALNOSC": 1685318400000,
    "DKP_N": "GSPOPM",
    "DPZ": " ",
    "DTM": 1456790400000,
    "DTP": " ",
    "FID": 145,
    "ID": 16854553,
    "ID_IIP": "4EAF9C5D-413E-4BCF-B8E0-017487890107",
    "ISDP_FID": "OBJ_BT_ZAG_P.547",
    "JE_NAZWA": "Krowodrza",
    "JE_NR": "126102_9",
    "KAT_SYMB": 0,
    "KOD": "GSPOPM",
    "KOD_NZ": "Pomnik",
    "KRG_D": " ",
    "KRG_N": "2511-1087/2014-1",
    "MPD_D": "pomiar bezpośredni",
    "MPD_N": "O",
    "NR": " ",
    "OBR_NAZWA": " ",
    "OBR_NR": " ",
    "OPT_D": " ",
    "OPT_N": "P.1261.2016.2096",
    "REMARKS": " ",
    "SKALA_X_SY": 1,
    "SKALA_Y_SY": 1,
    "TZ": "0 - nie",
    "WID_SYMB": 1,
    "X_SYMB": 7422589.3,
    "Y_SYMB": 5547872.57
   },
   "type": "Feature"
  },
  {
   "geometry": {
    "coordinates": [
     19.918724,
     50.062065
    ],
    "type": "Point"
   },
   "id": 146,
   "properties": {
    "AKTUALNOSC": 1685318400000,
    "DKP_N": "GSPOPM",
    "DPZ": " ",
    "DTM": 1456790400000,
    "DTP": " ",
    "FID": 146,
    "ID": 16854554,
    "ID_IIP": "4EAF9C5D-413E-4BCF-B8E0-017487900107",
    "ISDP_FID": "OBJ_BT_ZAG_P.548",
    "JE_NAZWA": "Krowodrza",
    "JE_NR": "126102_9",
    "KAT_SYMB": 0,
    "KOD": "GSPOPM",
    "KOD_NZ": "Pomnik",
    "KRG_D": " ",
    "KRG_N": "2511-1087/2014-1",
    "MPD_D": "pomiar bezpośredni",
    "MPD_N": "O",
    "NR": " ",
    "OBR_NAZWA": " ",
    "OBR_NR": " ",
    "OPT_D": " ",
    "OPT_N": "P.1261.2016.2096",
    "REMARKS": " ",
    "SKALA_X_SY": 1,
    "SKALA_Y_SY": 1,
    "TZ": "0 - nie",
    "WID_SYMB": 1,
    "X_SYMB": 7422583.71,
    "Y_SYMB": 5547883.45
   },
   "type": "Feature"
  },
  {
   "geometry": {
    "coordinates": [
     19.918687,
     50.062266
    ],
    "type": "Point"
   },
   "id": 147,
   "properties": {
    "AKTUALNOSC": 1685318400000,
    "DKP_N": "GSPOPM",
    "DPZ": " ",
    "DTM": 1456790400000,
    "DTP": " ",
    "FID": 147,
    "ID": 16854567,
    "ID_IIP": "4EAF9C5D-413E-4BCF-B8E0-017488050107",
    "ISDP_FID": "OBJ_BT_ZAG_P.549",
    "JE_NAZWA": "Krowodrza",
    "JE_NR": "126102_9",
    "KAT_SYMB": 0,
    "KOD": "GSPOPM",
    "KOD_NZ": "Pomnik",
    "KRG_D": " ",
    "KRG_N": "2511-1087/2014-1",
    "MPD_D": "pomiar bezpośredni",
    "MPD_N": "O",
    "NR": " ",
    "OBR_NAZWA": " ",
    "OBR_NR": " ",
    "OPT_D": " ",
    "OPT_N": "P.1261.2016.2096",
    "REMARKS": " ",
    "SKALA_X_SY": 1,
    "SKALA_Y_SY": 1,
    "TZ": "0 - nie",
    "WID_SYMB": 1,
    "X_SYMB": 7422581.39,
    "Y_SYMB": 5547905.85
   },
   "type": "Feature"
  },
  {
   "geometry": {
    "coordinates": [
     19.918715,
     50.062355
    ],
    "type": "Point"
   },
   "id": 148,
   "properties": {
    "AKTUALNOSC": 1685318400000,
    "DKP_N": "GSPOPM",
    "DPZ": " ",
    "DTM": 1456790400000,
    "DTP": " ",
    "FID": 148,
    "ID": 16854568,
    "ID_IIP": "4EAF9C5D-413E-4BCF-B8E0-017488060107",
    "ISDP_FID": "OBJ_BT_ZAG_P.550",
    "JE_NAZWA": "Krowodrza",
    "JE_NR": "126102_9",
    "KAT_SYMB": 0,
    "KOD": "GSPOPM",
    "KOD_NZ": "Pomnik",
    "KRG_D": " ",
    "KRG_N": "2511-1087/2014-1",
    "MPD_D": "pomiar bezpośredni",
    "MPD_N": "O",
    "NR": " ",
    "OBR_NAZWA": " ",
    "OBR_NR": " ",
    "OPT_D": " ",
    "OPT_N": "P.1261.2016.2096",
    "REMARKS": " ",
    "SKALA_X_SY": 1,
    "SKALA_Y_SY": 1,
    "TZ": "0 - nie",
    "WID_SYMB": 1,
    "X_SYMB": 7422583.55,
    "Y_SYMB": 5547915.71
   },
   "type": "Feature"
  },
  {
   "geometry": {
    "coordinates": [
     19.906399,
     50.051317
    ],
    "type": "Point"
   },
   "id": 149,
   "properties": {
    "AKTUALNOSC": 1685318400000,
    "DKP_N": "GSPOPM",
    "DPZ": " ",
    "DTM": 1346025600000,
    "DTP": " ",
    "FID": 149,
    "ID": 16857320,
    "ID_IIP": "4EAF9C5D-413E-4BCF-B8E0-013822400107",
    "ISDP_FID": "OBJ_BT_ZAG_P.552",
    "JE_NAZWA": "Krowodrza",
    "JE_NR": "126102_9",
    "KAT_SYMB": 0,
    "KOD": "GSPOPM",
    "KOD_NZ": "Pomnik",
    "KRG_D": " ",
    "KRG_N": "2511-1105/2012-1",
    "MPD_D": "pomiar bezpośredni",
    "MPD_N": "O",
    "NR": " ",
    "OBR_NAZWA": " ",
    "OBR_NR": " ",
    "OPT_D": " ",
    "OPT_N": "P.1261.2012.5889",
    "REMARKS": " ",
    "SKALA_X_SY": 1,
    "SKALA_Y_SY": 1,
    "TZ": "0 - nie",
    "WID_SYMB": 1,
    "X_SYMB": 7421683.79,
    "Y_SYMB": 5546700.92
   },
   "type": "Feature"
  },
  {
   "geometry": {
    "coordinates": [
     19.924242,
     50.05838
    ],
    "type": "Point"
   },
   "id": 150,
   "properties": {
    "AKTUALNOSC": 1685318400000,
    "DKP_N": "GSPOPM",
    "DPZ": " ",
    "DTM": 1305158400000,
    "DTP": " ",
    "FID": 150,
    "ID": 16858391,
    "ID_IIP": "4EAF9C5D-413E-4BCF-B8E0-010509810107",
    "ISDP_FID": "OBJ_BT_ZAG_P.553",
    "JE_NAZWA": "Krowodrza",
    "JE_NR": "126102_9",
    "KAT_SYMB": 0,
    "KOD": "GSPOPM",
    "KOD_NZ": "Pomnik",
    "KRG_D": " ",
    "KRG_N": "3482-313/2011-69",
    "MPD_D": "wektoryzacja",
    "MPD_N": "D",
    "NR": " ",
    "OBR_NAZWA": " ",
    "OBR_NR": " ",
    "OPT_D": " ",
    "OPT_N": "P.1261.2011.3071",
    "REMARKS": " ",
    "SKALA_X_SY": 1,
    "SKALA_Y_SY": 1,
    "TZ": "0 - nie",
    "WID_SYMB": 1,
    "X_SYMB": 7422972.88,
    "Y_SYMB": 5547467.9
   },
   "type": "Feature"
  },
  {
   "geometry": {
    "coordinates": [
     19.910727,
     50.061017
    ],
    "type": "Point"
   },
   "id": 151,
   "properties": {
    "AKTUALNOSC": 1685318400000,
    "DKP_N": "GSPOPM",
    "DPZ": " ",
    "DTM": 1305158400000,
    "DTP": " ",
    "FID": 151,
    "ID": 16862036,
    "ID_IIP": "4EAF9C5D-413E-4BCF-B8E0-011431670107",
    "ISDP_FID": "OBJ_BT_ZAG_P.554",
    "JE_NAZWA": "Krowodrza",
    "JE_NR": "126102_9",
    "KAT_SYMB": 0,
    "KOD": "GSPOPM",
    "KOD_NZ": "Pomnik",
    "KRG_D": " ",
    "KRG_N": "3482-313/2011-68",
    "MPD_D": "wektoryzacja",
    "MPD_N": "D",
    "NR": " ",
    "OBR_NAZWA": " ",
    "OBR_NR": " ",
    "OPT_D": " ",
    "OPT_N": "P.1261.2011.3070",
    "REMARKS": " ",
    "SKALA_X_SY": 1,
    "SKALA_Y_SY": 1,
    "TZ": "0 - nie",
    "WID_SYMB": 1,
    "X_SYMB": 7422009.45,
    "Y_SYMB": 5547775.19
   },
   "type": "Feature"
  },
  {
   "geometry": {
    "coordinates": [
     19.910024,
     50.057396
    ],
    "type": "Point"
   },
   "id": 152,
   "properties": {
    "AKTUALNOSC": 1685318400000,
    "DKP_N": "GSPOPM",
    "DPZ": " ",
    "DTM": 1306368000000,
    "DTP": " ",
    "FID": 152,
    "ID": 16862213,
    "ID_IIP": "4EAF9C5D-413E-4BCF-B8E0-011684350107",
    "ISDP_FID": "OBJ_BT_ZAG_P.555",
    "JE_NAZWA": "Krowodrza",
    "JE_NR": "126102_9",
    "KAT_SYMB": 0,
    "KOD": "GSPOPM",
    "KOD_NZ": "Pomnik",
    "KRG_D": " ",
    "KRG_N": "3482-313/2011-71",
    "MPD_D": "wektoryzacja",
    "MPD_N": "D",
    "NR": " ",
    "OBR_NAZWA": " ",
    "OBR_NR": " ",
    "OPT_D": " ",
    "OPT_N": "P.1261.2011.3613",
    "REMARKS": " ",
    "SKALA_X_SY": 1,
    "SKALA_Y_SY": 1,
    "TZ": "0 - nie",
    "WID_SYMB": 1,
    "X_SYMB": 7421953.28,
    "Y_SYMB": 5547373.29
   },
   "type": "Feature"
  },
  {
   "geometry": {
    "coordinates": [
     19.906036,
     50.058043
    ],
    "type": "Point"
   },
   "id": 153,
   "properties": {
    "AKTUALNOSC": 1685318400000,
    "DKP_N": "GSPOPM",
    "DPZ": " ",
    "DTM": 1305158400000,
    "DTP": " ",
    "FID": 153,
    "ID": 16863263,
    "ID_IIP": "4EAF9C5D-413E-4BCF-B8E0-011882660107",
    "ISDP_FID": "OBJ_BT_ZAG_P.557",
    "JE_NAZWA": "Krowodrza",
    "JE_NR": "126102_9",
    "KAT_SYMB": 0,
    "KOD": "GSPOPM",
    "KOD_NZ": "Pomnik",
    "KRG_D": " ",
    "KRG_N": "3482-313/2011-68",
    "MPD_D": "wektoryzacja",
    "MPD_N": "D",
    "NR": " ",
    "OBR_NAZWA": " ",
    "OBR_NR": " ",
    "OPT_D": " ",
    "OPT_N": "P.1261.2011.3070",
    "REMARKS": " ",
    "SKALA_X_SY": 1,
    "SKALA_Y_SY": 1,
    "TZ": "0 - nie",
    "WID_SYMB": 1,
    "X_SYMB": 7421668.76,
    "Y_SYMB": 5547449.39
   },
   "type": "Feature"
  },
  {
   "geometry": {
    "coordinates": [
     19.917292,
     50.053876
    ],
    "type": "Point"
   },
   "id": 154,
   "properties": {
    "AKTUALNOSC": 1685318400000,
    "DKP_N": "GSPOPM",
    "DPZ": " ",
    "DTM": 1307577600000,
    "DTP": " ",
    "FID": 154,
    "ID": 16864063,
    "ID_IIP": "4EAF9C5D-413E-4BCF-B8E0-012974680107",
    "ISDP_FID": "OBJ_BT_ZAG_P.558",
    "JE_NAZWA": "Krowodrza",
    "JE_NR": "126102_9",
    "KAT_SYMB": 0,
    "KOD": "GSPOPM",
    "KOD_NZ": "Pomnik",
    "KRG_D": " ",
    "KRG_N": "3482-313/2011-72",
    "MPD_D": "wektoryzacja",
    "MPD_N": "D",
    "NR": " ",
    "OBR_NAZWA": " ",
    "OBR_NR": " ",
    "OPT_D": " ",
    "OPT_N": "P.1261.2011.3738",
    "REMARKS": " ",
    "SKALA_X_SY": 1,
    "SKALA_Y_SY": 1,
    "TZ": "0 - nie",
    "WID_SYMB": 1,
    "X_SYMB": 7422468.01,
    "Y_SYMB": 5546974.14
   },
   "type": "Feature"
  },
  {
   "geometry": {
    "coordinates": [
     19.890128,
     50.047575
    ],
    "type": "Point"
   },
   "id": 155,
   "properties": {
    "AKTUALNOSC": 1685318400000,
    "DKP_N": "GSPOPM",
    "DPZ": " ",
    "DTM": 1406505600000,
    "DTP": " ",
    "FID": 155,
    "ID": 16870568,
    "ID_IIP": "4EAF9C5D-413E-4BCF-B8E0-006997020107",
    "ISDP_FID": "OBJ_BT_ZAG_P.563",
    "JE_NAZWA": "Krowodrza",
    "JE_NR": "126102_9",
    "KAT_SYMB": 0,
    "KOD": "GSPOPM",
    "KOD_NZ": "Pomnik",
    "KRG_D": " ",
    "KRG_N": "2511-951/2014-1",
    "MPD_D": "pomiar bezpośredni",
    "MPD_N": "O",
    "NR": " ",
    "OBR_NAZWA": " ",
    "OBR_NR": " ",
    "OPT_D": " ",
    "OPT_N": "P.1261.2014.5109",
    "REMARKS": " ",
    "SKALA_X_SY": 1,
    "SKALA_Y_SY": 1,
    "TZ": "0 - nie",
    "WID_SYMB": 1,
    "X_SYMB": 7420512.45,
    "Y_SYMB": 5546301.91
   },
   "type": "Feature"
  },
  {
   "geometry": {
    "coordinates": [
     19.883683,
     50.049514
    ],
    "type": "Point"
   },
   "id": 156,
   "properties": {
    "AKTUALNOSC": 1685318400000,
    "DKP_N": "GSPOPM",
    "DPZ": " ",
    "DTM": 1434672000000,
    "DTP": " ",
    "FID": 156,
    "ID": 16872930,
    "ID_IIP": "4EAF9C5D-413E-4BCF-B8E0-016693120107",
    "ISDP_FID": "OBJ_BT_ZAG_P.564",
    "JE_NAZWA": "Krowodrza",
    "JE_NR": "126102_9",
    "KAT_SYMB": 0,
    "KOD": "GSPOPM",
    "KOD_NZ": "Pomnik",
    "KRG_D": " ",
    "KRG_N": "2511-634/2015-1",
    "MPD_D": "pomiar bezpośredni",
    "MPD_N": "O",
    "NR": " ",
    "OBR_NAZWA": " ",
    "OBR_NR": " ",
    "OPT_D": " ",
    "OPT_N": "P.1261.2015.5161",
    "REMARKS": " ",
    "SKALA_X_SY": 1,
    "SKALA_Y_SY": 1,
    "TZ": "0 - nie",
    "WID_SYMB": 1,
    "X_SYMB": 7420054.1,
    "Y_SYMB": 5546524.51
   },
   "type": "Feature"
  },
  {
   "geometry": {
    "coordinates": [
     19.883253,
     50.048866
    ],
    "type": "Point"
   },
   "id": 157,
   "properties": {
    "AKTUALNOSC": 1685318400000,
    "DKP_N": "GSPOPM",
    "DPZ": " ",
    "DTM": 1434672000000,
    "DTP": " ",
    "FID": 157,
    "ID": 16872932,
    "ID_IIP": "4EAF9C5D-413E-4BCF-B8E0-016693170107",
    "ISDP_FID": "OBJ_BT_ZAG_P.565",
    "JE_NAZWA": "Krowodrza",
    "JE_NR": "126102_9",
    "KAT_SYMB": 0,
    "KOD": "GSPOPM",
    "KOD_NZ": "Pomnik",
    "KRG_D": " ",
    "KRG_N": "2511-634/2015-1",
    "MPD_D": "pomiar bezpośredni",
    "MPD_N": "O",
    "NR": " ",
    "OBR_NAZWA": " ",
    "OBR_NR": " ",
    "OPT_D": " ",
    "OPT_N": "P.1261.2015.5161",
    "REMARKS": " ",
    "SKALA_X_SY": 1,
    "SKALA_Y_SY": 1,
    "TZ": "0 - nie",
    "WID_SYMB": 1,
    "X_SYMB": 7420022.24,
    "Y_SYMB": 5546452.8
   },
   "type": "Feature"
  },
  {
   "geometry": {
    "coordinates": [
     19.883602,
     50.049044
    ],
    "type": "Point"
   },
   "id": 158,
   "properties": {
    "AKTUALNOSC": 1685318400000,
    "DKP_N": "GSPOPM",
    "DPZ": " ",
    "DTM": 1434672000000,
    "DTP": " ",
    "FID": 158,
    "ID": 16872934,
    "ID_IIP": "4EAF9C5D-413E-4BCF-B8E0-016693410107",
    "ISDP_FID": "OBJ_BT_ZAG_P.566",
    "JE_NAZWA": "Krowodrza",
    "JE_NR": "126102_9",
    "KAT_SYMB": 0,
    "KOD": "GSPOPM",
    "KOD_NZ": "Pomnik",
    "KRG_D": " ",
    "KRG_N": "2511-634/2015-1",
    "MPD_D": "pomiar bezpośredni",
    "MPD_N": "O",
    "NR": " ",
    "OBR_NAZWA": " ",
    "OBR_NR": " ",
    "OPT_D": " ",
    "OPT_N": "P.1261.2015.5161",
    "REMARKS": " ",
    "SKALA_X_SY": 1,
    "SKALA_Y_SY": 1,
    "TZ": "0 - nie",
    "WID_SYMB": 1,
    "X_SYMB": 7420047.51,
    "Y_SYMB": 5546472.29
   },
   "type": "Feature"
  },
  {
   "geometry": {
    "coordinates": [
     20.053567,
     50.074418
    ],
    "type": "Point"
   },
   "id": 159,
   "properties": {
    "AKTUALNOSC": 1685318400000,
    "DKP_N": "GSPOPM",
    "DPZ": " ",
    "DTM": 1404172800000,
    "DTP": " ",
    "FID": 159,
    "ID": 17279427,
    "ID_IIP": "4EAF9C5D-413E-4BCF-B8E0-013754410107",
    "ISDP_FID": "OBJ_BT_ZAG_P.850",
    "JE_NAZWA": "Nowa Huta",
    "JE_NR": "126103_9",
    "KAT_SYMB": 0,
    "KOD": "GSPOPM",
    "KOD_NZ": "Pomnik",
    "KRG_D": " ",
    "KRG_N": "2512-247/2012-1",
    "MPD_D": "wektoryzacja",
    "MPD_N": "D",
    "NR": " ",
    "OBR_NAZWA": " ",
    "OBR_NR": " ",
    "OPT_D": " ",
    "OPT_N": "P.1261.2012.5049",
    "REMARKS": " ",
    "SKALA_X_SY": 1,
    "SKALA_Y_SY": 1,
    "TZ": "0 - nie",
    "WID_SYMB": 1,
    "X_SYMB": 7432255.34,
    "Y_SYMB": 5549126.36
   },
   "type": "Feature"
  },
  {
   "geometry": {
    "coordinates": [
     19.999207,
     50.072749
    ],
    "type": "Point"
   },
   "id": 160,
   "properties": {
    "AKTUALNOSC": 1685318400000,
    "DKP_N": "GSPOPM",
    "DPZ": " ",
    "DTM": 1414022400000,
    "DTP": " ",
    "FID": 160,
    "ID": 17321072,
    "ID_IIP": "4EAF9C5D-413E-4BCF-B8E0-016157250107",
    "ISDP_FID": "OBJ_BT_ZAG_P.856",
    "JE_NAZWA": "Nowa Huta",
    "JE_NR": "126103_9",
    "KAT_SYMB": 0,
    "KOD": "GSPOPM",
    "KOD_NZ": "Pomnik",
    "KRG_D": " ",
    "KRG_N": "2512-541/2014-1",
    "MPD_D": "pomiar bezpośredni",
    "MPD_N": "O",
    "NR": " ",
    "OBR_NAZWA": " ",
    "OBR_NR": " ",
    "OPT_D": " ",
    "OPT_N": "P.1261.2014.7422",
    "REMARKS": " ",
    "SKALA_X_SY": 1,
    "SKALA_Y_SY": 1,
    "TZ": "0 - nie",
    "WID_SYMB": 1,
    "X_SYMB": 7428361.87,
    "Y_SYMB": 5548991.44
   },
   "type": "Feature"
  },
  {
   "geometry": {
    "coordinates": [
     19.900893,
     50.02732
    ],
    "type": "Point"
   },
   "id": 161,
   "properties": {
    "AKTUALNOSC": 1685318400000,
    "DKP_N": "GSPOPM",
    "DPZ": " ",
    "DTM": 1318377600000,
    "DTP": " ",
    "FID": 161,
    "ID": 17358583,
    "ID_IIP": "4EAF9C5D-413E-4BCF-B8E0-013371490107",
    "ISDP_FID": "OBJ_BT_ZAG_P.873",
    "JE_NAZWA": "Podgórze",
    "JE_NR": "126104_9",
    "KAT_SYMB": 0,
    "KOD": "GSPOPM",
    "KOD_NZ": "Pomnik",
    "KRG_D": " ",
    "KRG_N": "3546-641/2011-1",
    "MPD_D": "pomiar bezpośredni",
    "MPD_N": "O",
    "NR": " ",
    "OBR_NAZWA": " ",
    "OBR_NR": " ",
    "OPT_D": " ",
    "OPT_N": "P.1261.2011.3774",
    "REMARKS": " ",
    "SKALA_X_SY": 1,
    "SKALA_Y_SY": 1,
    "TZ": "0 - nie",
    "WID_SYMB": 1,
    "X_SYMB": 7421250.26,
    "Y_SYMB": 5544037.83
   },
   "type": "Feature"
  },
  {
   "geometry": {
    "coordinates": [
     19.90054,
     50.027392
    ],
    "type": "Point"
   },
   "id": 162,
   "properties": {
    "AKTUALNOSC": 1685318400000,
    "DKP_N": "GSPOPM",
    "DPZ": " ",
    "DTM": 1318377600000,
    "DTP": " ",
    "FID": 162,
    "ID": 17358584,
    "ID_IIP": "4EAF9C5D-413E-4BCF-B8E0-013371510107",
    "ISDP_FID": "OBJ_BT_ZAG_P.874",
    "JE_NAZWA": "Podgórze",
    "JE_NR": "126104_9",
    "KAT_SYMB": 0,
    "KOD": "GSPOPM",
    "KOD_NZ": "Pomnik",
    "KRG_D": " ",
    "KRG_N": "3546-641/2011-1",
    "MPD_D": "pomiar bezpośredni",
    "MPD_N": "O",
    "NR": " ",
    "OBR_NAZWA": " ",
    "OBR_NR": " ",
    "OPT_D": " ",
    "OPT_N": "P.1261.2011.3774",
    "REMARKS": " ",
    "SKALA_X_SY": 1,
    "SKALA_Y_SY": 1,
    "TZ": "0 - nie",
    "WID_SYMB": 1,
    "X_SYMB": 7421225.1,
    "Y_SYMB": 5544046.24
   },
   "type": "Feature"
  },
  {
   "geometry": {
    "coordinates": [
     19.920376,
     50.039431
    ],
    "type": "Point"
   },
   "id": 163,
   "properties": {
    "AKTUALNOSC": 1685318400000,
    "DKP_N": "GSPOPM",
    "DPZ": " ",
    "DTM": 1282867200000,
    "DTP": " ",
    "FID": 163,
    "ID": 17362825,
    "ID_IIP": "4EAF9C5D-413E-4BCF-B8E0-003707920107",
    "ISDP_FID": "OBJ_BT_ZAG_P.881",
    "JE_NAZWA": "Podgórze",
    "JE_NR": "126104_9",
    "KAT_SYMB": 0,
    "KOD": "GSPOPM",
    "KOD_NZ": "Pomnik",
    "KRG_D": " ",
    "KRG_N": "3546-2046/2007-3",
    "MPD_D": "pomiar bezpośredni",
    "MPD_N": "O",
    "NR": " ",
    "OBR_NAZWA": " ",
    "OBR_NR": " ",
    "OPT_D": " ",
    "OPT_N": " ",
    "REMARKS": " ",
    "SKALA_X_SY": 1,
    "SKALA_Y_SY": 1,
    "TZ": "0 - nie",
    "WID_SYMB": 1,
    "X_SYMB": 7422665.65,
    "Y_SYMB": 5545364.47
   },
   "type": "Feature"
  },
  {
   "geometry": {
    "coordinates": [
     19.921174,
     50.039348
    ],
    "type": "Point"
   },
   "id": 164,
   "properties": {
    "AKTUALNOSC": 1685318400000,
    "DKP_N": "GSPOPM",
    "DPZ": " ",
    "DTM": 1284422400000,
    "DTP": " ",
    "FID": 164,
    "ID": 17363316,
    "ID_IIP": "4EAF9C5D-413E-4BCF-B8E0-004254970107",
    "ISDP_FID": "OBJ_BT_ZAG_P.882",
    "JE_NAZWA": "Podgórze",
    "JE_NR": "126104_9",
    "KAT_SYMB": 0,
    "KOD": "GSPOPM",
    "KOD_NZ": "Pomnik",
    "KRG_D": " ",
    "KRG_N": "3546-1140/2010-20",
    "MPD_D": "wektoryzacja",
    "MPD_N": "D",
    "NR": " ",
    "OBR_NAZWA": " ",
    "OBR_NR": " ",
    "OPT_D": " ",
    "OPT_N": "P.1261.2010.5753",
    "REMARKS": " ",
    "SKALA_X_SY": 1,
    "SKALA_Y_SY": 1,
    "TZ": "0 - nie",
    "WID_SYMB": 1,
    "X_SYMB": 7422722.64,
    "Y_SYMB": 5545354.36
   },
   "type": "Feature"
  },
  {
   "geometry": {
    "coordinates": [
     19.918483,
     50.043813
    ],
    "type": "Point"
   },
   "id": 165,
   "properties": {
    "AKTUALNOSC": 1685318400000,
    "DKP_N": "GSPOPM",
    "DPZ": " ",
    "DTM": 1291161600000,
    "DTP": " ",
    "FID": 165,
    "ID": 17363692,
    "ID_IIP": "4EAF9C5D-413E-4BCF-B8E0-006047120107",
    "ISDP_FID": "OBJ_BT_ZAG_P.883",
    "JE_NAZWA": "Podgórze",
    "JE_NR": "126104_9",
    "KAT_SYMB": 0,
    "KOD": "GSPOPM",
    "KOD_NZ": "Pomnik",
    "KRG_D": " ",
    "KRG_N": "3546-1140/2010-10",
    "MPD_D": "wektoryzacja",
    "MPD_N": "D",
    "NR": " ",
    "OBR_NAZWA": " ",
    "OBR_NR": " ",
    "OPT_D": " ",
    "OPT_N": "P.1261.2010.7733",
    "REMARKS": " ",
    "SKALA_X_SY": 1,
    "SKALA_Y_SY": 1,
    "TZ": "0 - nie",
    "WID_SYMB": 1,
    "X_SYMB": 7422537.05,
    "Y_SYMB": 5545853.78
   },
   "type": "Feature"
  },
  {
   "geometry": {
    "coordinates": [
     19.922834,
     50.046419
    ],
    "type": "Point"
   },
   "id": 166,
   "properties": {
    "AKTUALNOSC": 1685318400000,
    "DKP_N": "GSPOPM",
    "DPZ": " ",
    "DTM": 1345766400000,
    "DTP": " ",
    "FID": 166,
    "ID": 17375098,
    "ID_IIP": "4EAF9C5D-413E-4BCF-B8E0-013837870107",
    "ISDP_FID": "OBJ_BT_ZAG_P.885",
    "JE_NAZWA": "Podgórze",
    "JE_NR": "126104_9",
    "KAT_SYMB": 0,
    "KOD": "GSPOPM",
    "KOD_NZ": "Pomnik",
    "KRG_D": " ",
    "KRG_N": "2511-1195/2012-1",
    "MPD_D": "pomiar bezp. do szczeg. teren.",
    "MPD_N": "M",
    "NR": " ",
    "OBR_NAZWA": " ",
    "OBR_NR": " ",
    "OPT_D": " ",
    "OPT_N": "P.1261.2012.5991",
    "REMARKS": " ",
    "SKALA_X_SY": 1,
    "SKALA_Y_SY": 1,
    "TZ": "0 - nie",
    "WID_SYMB": 1,
    "X_SYMB": 7422852.91,
    "Y_SYMB": 5546139.13
   },
   "type": "Feature"
  },
  {
   "geometry": {
    "coordinates": [
     19.92287,
     50.046417
    ],
    "type": "Point"
   },
   "id": 167,
   "properties": {
    "AKTUALNOSC": 1685318400000,
    "DKP_N": "GSPOPM",
    "DPZ": " ",
    "DTM": 1345766400000,
    "DTP": " ",
    "FID": 167,
    "ID": 17375099,
    "ID_IIP": "4EAF9C5D-413E-4BCF-B8E0-013837880107",
    "ISDP_FID": "OBJ_BT_ZAG_P.886",
    "JE_NAZWA": "Podgórze",
    "JE_NR": "126104_9",
    "KAT_SYMB": 0,
    "KOD": "GSPOPM",
    "KOD_NZ": "Pomnik",
    "KRG_D": " ",
    "KRG_N": "2511-1195/2012-1",
    "MPD_D": "pomiar bezp. do szczeg. teren.",
    "MPD_N": "M",
    "NR": " ",
    "OBR_NAZWA": " ",
    "OBR_NR": " ",
    "OPT_D": " ",
    "OPT_N": "P.1261.2012.5991",
    "REMARKS": " ",
    "SKALA_X_SY": 1,
    "SKALA_Y_SY": 1,
    "TZ": "0 - nie",
    "WID_SYMB": 1,
    "X_SYMB": 7422855.49,
    "Y_SYMB": 5546138.82
   },
   "type": "Feature"
  },
  {
   "geometry": {
    "coordinates": [
     19.930202,
     50.044029
    ],
    "type": "Point"
   },
   "id": 168,
   "properties": {
    "AKTUALNOSC": 1685318400000,
    "DKP_N": "GSPOPM",
    "DPZ": " ",
    "DTM": 1305763200000,
    "DTP": " ",
    "FID": 168,
    "ID": 17379555,
    "ID_IIP": "4EAF9C5D-413E-4BCF-B8E0-011489390107",
    "ISDP_FID": "OBJ_BT_ZAG_P.887",
    "JE_NAZWA": "Podgórze",
    "JE_NR": "126104_9",
    "KAT_SYMB": 0,
    "KOD": "GSPOPM",
    "KOD_NZ": "Pomnik",
    "KRG_D": " ",
    "KRG_N": "3546-356/2011-12",
    "MPD_D": "wektoryzacja",
    "MPD_N": "D",
    "NR": " ",
    "OBR_NAZWA": " ",
    "OBR_NR": " ",
    "OPT_D": " ",
    "OPT_N": "P.1261.2011.3359",
    "REMARKS": " ",
    "SKALA_X_SY": 1,
    "SKALA_Y_SY": 1,
    "TZ": "0 - nie",
    "WID_SYMB": 1,
    "X_SYMB": 7423376.76,
    "Y_SYMB": 5545865.73
   },
   "type": "Feature"
  },
  {
   "geometry": {
    "coordinates": [
     19.93022,
     50.043997
    ],
    "type": "Point"
   },
   "id": 169,
   "properties": {
    "AKTUALNOSC": 1685318400000,
    "DKP_N": "GSPOPM",
    "DPZ": " ",
    "DTM": 1305763200000,
    "DTP": " ",
    "FID": 169,
    "ID": 17379556,
    "ID_IIP": "4EAF9C5D-413E-4BCF-B8E0-011489400107",
    "ISDP_FID": "OBJ_BT_ZAG_P.888",
    "JE_NAZWA": "Podgórze",
    "JE_NR": "126104_9",
    "KAT_SYMB": 0,
    "KOD": "GSPOPM",
    "KOD_NZ": "Pomnik",
    "KRG_D": " ",
    "KRG_N": "3546-356/2011-12",
    "MPD_D": "wektoryzacja",
    "MPD_N": "D",
    "NR": " ",
    "OBR_NAZWA": " ",
    "OBR_NR": " ",
    "OPT_D": " ",
    "OPT_N": "P.1261.2011.3359",
    "REMARKS": " ",
    "SKALA_X_SY": 1,
    "SKALA_Y_SY": 1,
    "TZ": "0 - nie",
    "WID_SYMB": 1,
    "X_SYMB": 7423378.04,
    "Y_SYMB": 5545862.16
   },
   "type": "Feature"
  },
  {
   "geometry": {
    "coordinates": [
     19.906419,
     50.003874
    ],
    "type": "Point"
   },
   "id": 170,
   "properties": {
    "AKTUALNOSC": 1685318400000,
    "DKP_N": "GSPOPM",
    "DPZ": " ",
    "DTM": 1394064000000,
    "DTP": " ",
    "FID": 170,
    "ID": 17651198,
    "ID_IIP": "4EAF9C5D-413E-4BCF-B8E0-015549390107",
    "ISDP_FID": "OBJ_BT_ZAG_P.920",
    "JE_NAZWA": "Podgórze",
    "JE_NR": "126104_9",
    "KAT_SYMB": 0,
    "KOD": "GSPOPM",
    "KOD_NZ": "Pomnik",
    "KRG_D": " ",
    "KRG_N": "2411-75/2014-1",
    "MPD_D": "pomiar bezpośredni",
    "MPD_N": "O",
    "NR": " ",
    "OBR_NAZWA": " ",
    "OBR_NR": " ",
    "OPT_D": " ",
    "OPT_N": "P.1261.2014.1714",
    "REMARKS": " ",
    "SKALA_X_SY": 1,
    "SKALA_Y_SY": 1,
    "TZ": "0 - nie",
    "WID_SYMB": 1,
    "X_SYMB": 7421608.05,
    "Y_SYMB": 5541424.46
   },
   "type": "Feature"
  },
  {
   "geometry": {
    "coordinates": [
     19.881829,
     50.005119
    ],
    "type": "Point"
   },
   "id": 171,
   "properties": {
    "AKTUALNOSC": 1685318400000,
    "DKP_N": "GSPOPM",
    "DPZ": " ",
    "DTM": 1290038400000,
    "DTP": " ",
    "FID": 171,
    "ID": 17669144,
    "ID_IIP": "4EAF9C5D-413E-4BCF-B8E0-005442850107",
    "ISDP_FID": "OBJ_BT_ZAG_P.922",
    "JE_NAZWA": "Podgórze",
    "JE_NR": "126104_9",
    "KAT_SYMB": 0,
    "KOD": "GSPOPM",
    "KOD_NZ": "Pomnik",
    "KRG_D": " ",
    "KRG_N": "3609-336/2010-56",
    "MPD_D": "wektoryzacja",
    "MPD_N": "D",
    "NR": " ",
    "OBR_NAZWA": " ",
    "OBR_NR": " ",
    "OPT_D": " ",
    "OPT_N": "P.1261.2010.7018",
    "REMARKS": " ",
    "SKALA_X_SY": 1,
    "SKALA_Y_SY": 1,
    "TZ": "0 - nie",
    "WID_SYMB": 1,
    "X_SYMB": 7419847.45,
    "Y_SYMB": 5541588.98
   },
   "type": "Feature"
  },
  {
   "geometry": {
    "coordinates": [
     20.035439,
     50.001399
    ],
    "type": "Point"
   },
   "id": 172,
   "properties": {
    "AKTUALNOSC": 1685318400000,
    "DKP_N": "GSPOPM",
    "DPZ": " ",
    "DTM": 1291593600000,
    "DTP": " ",
    "FID": 172,
    "ID": 17756396,
    "ID_IIP": "4EAF9C5D-413E-4BCF-B8E0-005995210107",
    "ISDP_FID": "OBJ_BT_ZAG_P.966",
    "JE_NAZWA": "Podgórze",
    "JE_NR": "126104_9",
    "KAT_SYMB": 0,
    "KOD": "GSPOPM",
    "KOD_NZ": "Pomnik",
    "KRG_D": " ",
    "KRG_N": "3547-350/2010-51",
    "MPD_D": "wektoryzacja",
    "MPD_N": "D",
    "NR": " ",
    "OBR_NAZWA": " ",
    "OBR_NR": " ",
    "OPT_D": " ",
    "OPT_N": "P.1261.2010.7683",
    "REMARKS": " ",
    "SKALA_X_SY": 1,
    "SKALA_Y_SY": 1,
    "TZ": "0 - nie",
    "WID_SYMB": 1,
    "X_SYMB": 7430852.98,
    "Y_SYMB": 5541021.85
   },
   "type": "Feature"
  },
  {
   "geometry": {
    "coordinates": [
     19.948731,
     50.040786
    ],
    "type": "Point"
   },
   "id": 173,
   "properties": {
    "AKTUALNOSC": 1685318400000,
    "DKP_N": "GSPOPM",
    "DPZ": " ",
    "DTM": 1481068800000,
    "DTP": "2016-05-13",
    "FID": 173,
    "ID": 32138948,
    "ID_IIP": "4EAF9C5D-413E-4BCF-B8E0-012327850107",
    "ISDP_FID": "OBJ_BT_ZAG_P.1510",
    "JE_NAZWA": "Podgórze",
    "JE_NR": "126104_9",
    "KAT_SYMB": 0,
    "KOD": "GSPOPM",
    "KOD_NZ": "Pomnik",
    "KRG_D": "(Sławomir Plewa, Maciej Rybka \"PW GPI\" s.c.)",
    "KRG_N": "GD-06.6640.1866.2016",
    "MPD_D": "pomiar bezpośredni",
    "MPD_N": "O",
    "NR": "T1210",
    "OBR_NAZWA": " ",
    "OBR_NR": " ",
    "OPT_D": " ",
    "OPT_N": "P.1261.2016.5190",
    "REMARKS": " ",
    "SKALA_X_SY": 1,
    "SKALA_Y_SY": 1,
    "TZ": "0 - nie",
    "WID_SYMB": 1,
    "X_SYMB": 7424698.78,
    "Y_SYMB": 5545486.21
   },
   "type": "Feature"
  },
  {
   "geometry": {
    "coordinates": [
     20.044201,
     50.039927
    ],
    "type": "Point"
   },
   "id": 174,
   "properties": {
    "AKTUALNOSC": 1685318400000,
    "DKP_N": "GSPOPM",
    "DPZ": " ",
    "DTM": 1460937600000,
    "DTP": "2016-04-15",
    "FID": 174,
    "ID": 29845102,
    "ID_IIP": "30811103-B85D-46EC-E053-B80B10ACAACC",
    "ISDP_FID": "OBJ_BT_ZAG_P.1556",
    "JE_NAZWA": "Podgórze",
    "JE_NR": "126104_9",
    "KAT_SYMB": 0,
    "KOD": "GSPOPM",
    "KOD_NZ": "Pomnik",
    "KRG_D": "(Rafał Wojtaszek  \"GEOCENTRA\")",
    "KRG_N": "2512-727/2015",
    "MPD_D": "pomiar bezpośredni",
    "MPD_N": "O",
    "NR": " ",
    "OBR_NAZWA": " ",
    "OBR_NR": " ",
    "OPT_D": " ",
    "OPT_N": " ",
    "REMARKS": " ",
    "SKALA_X_SY": 1,
    "SKALA_Y_SY": 1,
    "TZ": "0 - nie",
    "WID_SYMB": 1,
    "X_SYMB": 7431535.84,
    "Y_SYMB": 5545298.84
   },
   "type": "Feature"
  },
  {
   "geometry": {
    "coordinates": [
     20.066145,
     50.092402
    ],
    "type": "Point"
   },
   "id": 175,
   "properties": {
    "AKTUALNOSC": 1685318400000,
    "DKP_N": "GSPOPM",
    "DPZ": " ",
    "DTM": 1468368000000,
    "DTP": "2016-04-09",
    "FID": 175,
    "ID": 30608850,
    "ID_IIP": "377E9BFE-DB34-29D4-E053-B80B10AC7A75",
    "ISDP_FID": "OBJ_BT_ZAG_P.1568",
    "JE_NAZWA": "Nowa Huta",
    "JE_NR": "126103_9",
    "KAT_SYMB": 0,
    "KOD": "GSPOPM",
    "KOD_NZ": "Pomnik",
    "KRG_D": "Nowa Huta, obr. 11, dz.54/7 (ALMAR S.C. PRZEDSIĘBIORSTWO USŁUG INŻYNIERYJNO-BUDOWLANYCH)",
    "KRG_N": "GD-06.6640.2813.2016",
    "MPD_D": "pomiar bezpośredni",
    "MPD_N": "O",
    "NR": " ",
    "OBR_NAZWA": " ",
    "OBR_NR": " ",
    "OPT_D": " ",
    "OPT_N": " ",
    "REMARKS": " ",
    "SKALA_X_SY": 1,
    "SKALA_Y_SY": 1,
    "TZ": "0 - nie",
    "WID_SYMB": 1,
    "X_SYMB": 7433180.66953084,
    "Y_SYMB": 5551115.14147287
   },
   "type": "Feature"
  },
  {
   "geometry": {
    "coordinates": [
     19.908835,
     50.058011
    ],
    "type": "Point"
   },
   "id": 176,
   "properties": {
    "AKTUALNOSC": 1685318400000,
    "DKP_N": "GSPOPM",
    "DPZ": " ",
    "DTM": 1500940800000,
    "DTP": "2017-06-05",
    "FID": 176,
    "ID": 34781805,
    "ID_IIP": "4EAF9C5D-413E-4BCF-B8E0-011432430107",
    "ISDP_FID": "OBJ_BT_ZAG_P.1704",
    "JE_NAZWA": "Krowodrza",
    "JE_NR": "126102_9",
    "KAT_SYMB": 0,
    "KOD": "GSPOPM",
    "KOD_NZ": "Pomnik",
    "KRG_D": "dz. 3 obręb 14 Krowodrza (Zakład Usług Geodezyjnych i Kartograficznych \"LIMES\" Władysław Trela- UPR. NR 4919.)",
    "KRG_N": "GD-13.6640.3666.2017",
    "MPD_D": "pomiar bezpośredni",
    "MPD_N": "O",
    "NR": " ",
    "OBR_NAZWA": " ",
    "OBR_NR": " ",
    "OPT_D": " ",
    "OPT_N": "P.1261.2017.6053",
    "REMARKS": " ",
    "SKALA_X_SY": 1,
    "SKALA_Y_SY": 1,
    "TZ": "0 - nie",
    "WID_SYMB": 1,
    "X_SYMB": 7421869.14,
    "Y_SYMB": 5547442.88
   },
   "type": "Feature"
  },
  {
   "geometry": {
    "coordinates": [
     19.965463,
     50.033617
    ],
    "type": "Point"
   },
   "id": 177,
   "properties": {
    "AKTUALNOSC": 1685318400000,
    "DKP_N": "GSPOPM",
    "DPZ": " ",
    "DTM": 1504051200000,
    "DTP": "2017-06-07",
    "FID": 177,
    "ID": 35283663,
    "ID_IIP": "98D490E0-4785-4F12-A8B4-A8994548802F",
    "ISDP_FID": "OBJ_BT_ZAG_P.1716",
    "JE_NAZWA": "Podgórze",
    "JE_NR": "126104_9",
    "KAT_SYMB": 0,
    "KOD": "GSPOPM",
    "KOD_NZ": "Pomnik",
    "KRG_D": "Podgórze ob.32 dz 222 (Usługi Geodezyjne firma\"GEOMETR\")",
    "KRG_N": "GD-13.6640.4606.2017",
    "MPD_D": "pomiar bezpośredni",
    "MPD_N": "O",
    "NR": " ",
    "OBR_NAZWA": " ",
    "OBR_NR": " ",
    "OPT_D": " ",
    "OPT_N": "P.1261.2017.6916",
    "REMARKS": " ",
    "SKALA_X_SY": 1,
    "SKALA_Y_SY": 1,
    "TZ": "0 - nie",
    "WID_SYMB": 1,
    "X_SYMB": 7425886.228,
    "Y_SYMB": 5544672.194
   },
   "type": "Feature"
  },
  {
   "geometry": {
    "coordinates": [
     19.965519,
     50.0337
    ],
    "type": "Point"
   },
   "id": 178,
   "properties": {
    "AKTUALNOSC": 1685318400000,
    "DKP_N": "GSPOPM",
    "DPZ": " ",
    "DTM": 1504051200000,
    "DTP": "2017-06-07",
    "FID": 178,
    "ID": 35283664,
    "ID_IIP": "44CFA14F-6512-46A2-9188-A7300233A92F",
    "ISDP_FID": "OBJ_BT_ZAG_P.1717",
    "JE_NAZWA": "Podgórze",
    "JE_NR": "126104_9",
    "KAT_SYMB": 0,
    "KOD": "GSPOPM",
    "KOD_NZ": "Pomnik",
    "KRG_D": "Podgórze ob.32 dz 222 (Usługi Geodezyjne firma\"GEOMETR\")",
    "KRG_N": "GD-13.6640.4606.2017",
    "MPD_D": "pomiar bezpośredni",
    "MPD_N": "O",
    "NR": " ",
    "OBR_NAZWA": " ",
    "OBR_NR": " ",
    "OPT_D": " ",
    "OPT_N": "P.1261.2017.6916",
    "REMARKS": " ",
    "SKALA_X_SY": 1,
    "SKALA_Y_SY": 1,
    "TZ": "0 - nie",
    "WID_SYMB": 1,
    "X_SYMB": 7425890.374,
    "Y_SYMB": 5544681.318
   },
   "type": "Feature"
  },
  {
   "geometry": {
    "coordinates": [
     20.042878,
     50.075517
    ],
    "type": "Point"
   },
   "id": 179,
   "properties": {
    "AKTUALNOSC": 1685318400000,
    "DKP_N": "GSPOPM",
    "DPZ": " ",
    "DTM": 1507075200000,
    "DTP": "2017-08-28",
    "FID": 179,
    "ID": 35705522,
    "ID_IIP": "4EAF9C5D-413E-4BCF-B8E0-009663820107",
    "ISDP_FID": "OBJ_BT_ZAG_P.1724",
    "JE_NAZWA": "Nowa Huta",
    "JE_NR": "126103_9",
    "KAT_SYMB": 0,
    "KOD": "GSPOPM",
    "KOD_NZ": "Pomnik",
    "KRG_D": "Osiedle Szklane Domy (\"GEODEZJA\" PAWEŁ TOKAJ)",
    "KRG_N": "GD-13.6640.6510.2017",
    "MPD_D": "pomiar bezpośredni",
    "MPD_N": "O",
    "NR": " ",
    "OBR_NAZWA": " ",
    "OBR_NR": " ",
    "OPT_D": " ",
    "OPT_N": "P.1261.2017.8012",
    "REMARKS": " ",
    "SKALA_X_SY": 1,
    "SKALA_Y_SY": 1,
    "TZ": "0 - nie",
    "WID_SYMB": 1,
    "X_SYMB": 7431491.78,
    "Y_SYMB": 5549258.37
   },
   "type": "Feature"
  },
  {
   "geometry": {
    "coordinates": [
     19.865631,
     50.00783
    ],
    "type": "Point"
   },
   "id": 180,
   "properties": {
    "AKTUALNOSC": 1685318400000,
    "DKP_N": "GSPOPM",
    "DPZ": " ",
    "DTM": 1514592000000,
    "DTP": "2017-05-22",
    "FID": 180,
    "ID": 36656385,
    "ID_IIP": "4EAF9C5D-413E-4BCF-B8E0-002973220107",
    "ISDP_FID": "OBJ_BT_ZAG_P.1756",
    "JE_NAZWA": "Podgórze",
    "JE_NR": "126104_9",
    "KAT_SYMB": 0,
    "KOD": "GSPOPM",
    "KOD_NZ": "Pomnik",
    "KRG_D": "Podgórze, obr.71 (GEOKART-INTERNATIONAL SPÓŁKA Z OGRANICZONĄ ODPOWIEDZIALNOŚCIĄ)",
    "KRG_N": "GD-13.6640.162.2016",
    "MPD_D": "pomiar bezpośredni",
    "MPD_N": "O",
    "NR": " ",
    "OBR_NAZWA": " ",
    "OBR_NR": " ",
    "OPT_D": " ",
    "OPT_N": "P.1261.2017.9553",
    "REMARKS": " ",
    "SKALA_X_SY": 1,
    "SKALA_Y_SY": 1,
    "TZ": "0 - nie",
    "WID_SYMB": 1,
    "X_SYMB": 7418690.95,
    "Y_SYMB": 5541907.95
   },
   "type": "Feature"
  },
  {
   "geometry": {
    "coordinates": [
     19.920746,
     50.038795
    ],
    "type": "Point"
   },
   "id": 181,
   "properties": {
    "AKTUALNOSC": 1685318400000,
    "DKP_N": "GSPOPM",
    "DPZ": " ",
    "DTM": 1543363200000,
    "DTP": "2018-10-01",
    "FID": 181,
    "ID": 40554653,
    "ID_IIP": "1008F20F-3681-483B-863F-61233A45F197",
    "ISDP_FID": "OBJ_BT_ZAG_P.1798",
    "JE_NAZWA": "Podgórze",
    "JE_NR": "126104_9",
    "KAT_SYMB": 0,
    "KOD": "GSPOPM",
    "KOD_NZ": "Pomnik",
    "KRG_D": "ul. Św. Jacka, Salwatorianie (Krak - Geo Piotr Miś)",
    "KRG_N": "GD-13.6640.7880.2018",
    "MPD_D": "pomiar bezpośredni",
    "MPD_N": "O",
    "NR": "118",
    "OBR_NAZWA": " ",
    "OBR_NR": " ",
    "OPT_D": " ",
    "OPT_N": "P.1261.2018.9576",
    "REMARKS": " ",
    "SKALA_X_SY": 1,
    "SKALA_Y_SY": 1,
    "TZ": "0 - nie",
    "WID_SYMB": 1,
    "X_SYMB": 7422691.08,
    "Y_SYMB": 5545293.32
   },
   "type": "Feature"
  },
  {
   "geometry": {
    "coordinates": [
     19.906787,
     50.009052
    ],
    "type": "Point"
   },
   "id": 182,
   "properties": {
    "AKTUALNOSC": 1685318400000,
    "DKP_N": "GSPOPM",
    "DPZ": " ",
    "DTM": 1543276800000,
    "DTP": "2018-11-16",
    "FID": 182,
    "ID": 40736271,
    "ID_IIP": "E71A0C34-E3F4-47BF-9ED2-D0507C61B82E",
    "ISDP_FID": "OBJ_BT_ZAG_P.1802",
    "JE_NAZWA": "Podgórze",
    "JE_NR": "126104_9",
    "KAT_SYMB": 0,
    "KOD": "GSPOPM",
    "KOD_NZ": "Pomnik",
    "KRG_D": "ul. Żywiecka - Skwer Gen. de Gaull'a 391/2018 (\"PW GPI\" s.c. Sławomir Plewa, Maciej Rybka)",
    "KRG_N": "GD-13.6640.9746.2018",
    "MPD_D": "pomiar bezpośredni",
    "MPD_N": "O",
    "NR": " ",
    "OBR_NAZWA": " ",
    "OBR_NR": " ",
    "OPT_D": " ",
    "OPT_N": "P.1261.2018.9500",
    "REMARKS": " ",
    "SKALA_X_SY": 1,
    "SKALA_Y_SY": 1,
    "TZ": "0 - nie",
    "WID_SYMB": 1,
    "X_SYMB": 7421642.83,
    "Y_SYMB": 5541999.89
   },
   "type": "Feature"
  },
  {
   "geometry": {
    "coordinates": [
     19.947882,
     50.043154
    ],
    "type": "Point"
   },
   "id": 183,
   "properties": {
    "AKTUALNOSC": 1685318400000,
    "DKP_N": "GSPOPM",
    "DPZ": " ",
    "DTM": 1530662400000,
    "DTP": "2017-10-05",
    "FID": 183,
    "ID": 39227659,
    "ID_IIP": "6FA2EF19-BB58-71F9-E053-B80B10AC7088",
    "ISDP_FID": "OBJ_BT_ZAG_P.1821",
    "JE_NAZWA": "Podgórze",
    "JE_NR": "126104_9",
    "KAT_SYMB": 269.999997495522,
    "KOD": "GSPOPM",
    "KOD_NZ": "Pomnik",
    "KRG_D": "Podgórze, obr.13 (ABM GROUP SPÓŁKA Z OGRANICZONĄ ODPOWIEDZIALNOŚCIĄ)",
    "KRG_N": "GD-13.6640.5492.2016",
    "MPD_D": "pomiar bezpośredni",
    "MPD_N": "O",
    "NR": " ",
    "OBR_NAZWA": " ",
    "OBR_NR": " ",
    "OPT_D": " ",
    "OPT_N": "P.1261.2018.3466",
    "REMARKS": " ",
    "SKALA_X_SY": 1,
    "SKALA_Y_SY": 1,
    "TZ": "0 - nie",
    "WID_SYMB": 1,
    "X_SYMB": 7424641.67,
    "Y_SYMB": 5545750.36
   },
   "type": "Feature"
  },
  {
   "geometry": {
    "coordinates": [
     20.055336,
     50.0817
    ],
    "type": "Point"
   },
   "id": 184,
   "properties": {
    "AKTUALNOSC": 1685318400000,
    "DKP_N": "GSPOPM",
    "DPZ": " ",
    "DTM": 1532044800000,
    "DTP": "2018-06-06",
    "FID": 184,
    "ID": 39447527,
    "ID_IIP": "4EAF9C5D-413E-4BCF-B8E0-009181290107",
    "ISDP_FID": "OBJ_BT_ZAG_P.1830",
    "JE_NAZWA": "Nowa Huta",
    "JE_NR": "126103_9",
    "KAT_SYMB": 0,
    "KOD": "GSPOPM",
    "KOD_NZ": "Pomnik",
    "KRG_D": "obr. Nowa Huta, dz. nr 502, 503, 504, 233/4, 233/5, 234/1, 386 (Usługi Geodezyjne \"SeGeo\" Tomasz Seta)",
    "KRG_N": "GD-13.6640.4062.2018",
    "MPD_D": "pomiar bezpośredni",
    "MPD_N": "O",
    "NR": " ",
    "OBR_NAZWA": " ",
    "OBR_NR": " ",
    "OPT_D": " ",
    "OPT_N": "P.1261.2018.5593",
    "REMARKS": " ",
    "SKALA_X_SY": 1,
    "SKALA_Y_SY": 1,
    "TZ": "0 - nie",
    "WID_SYMB": 1,
    "X_SYMB": 7432392.19,
    "Y_SYMB": 5549934.69
   },
   "type": "Feature"
  },
  {
   "geometry": {
    "coordinates": [
     19.986907,
     50.035682
    ],
    "type": "Point"
   },
   "id": 185,
   "properties": {
    "AKTUALNOSC": 1685318400000,
    "DKP_N": "GSPOPM",
    "DPZ": " ",
    "DTM": 1533686400000,
    "DTP": "2018-05-23",
    "FID": 185,
    "ID": 39551004,
    "ID_IIP": "D0EBC5CB-C408-4B37-8C0A-34D573E36169",
    "ISDP_FID": "OBJ_BT_ZAG_P.1838",
    "JE_NAZWA": "Podgórze",
    "JE_NR": "126104_9",
    "KAT_SYMB": 0,
    "KOD": "GSPOPM",
    "KOD_NZ": "Pomnik",
    "KRG_D": "JE: Podgórze, Obr.: 0028, Dz.: 96/1, 96/2 ul. Łanowa 1 (MICHAŁ STANISŁAWCZYK BSGEO)",
    "KRG_N": "GD-13.6640.3626.2018",
    "MPD_D": "pomiar bezpośredni",
    "MPD_N": "O",
    "NR": " ",
    "OBR_NAZWA": " ",
    "OBR_NR": " ",
    "OPT_D": " ",
    "OPT_N": "P.1261.2018.6125",
    "REMARKS": " ",
    "SKALA_X_SY": 1,
    "SKALA_Y_SY": 1,
    "TZ": "0 - nie",
    "WID_SYMB": 1,
    "X_SYMB": 7427425.53,
    "Y_SYMB": 5544880.72
   },
   "type": "Feature"
  },
  {
   "geometry": {
    "coordinates": [
     19.987311,
     50.035512
    ],
    "type": "Point"
   },
   "id": 186,
   "properties": {
    "AKTUALNOSC": 1685318400000,
    "DKP_N": "GSPOPM",
    "DPZ": " ",
    "DTM": 1533686400000,
    "DTP": "2018-05-23",
    "FID": 186,
    "ID": 39551011,
    "ID_IIP": "B472E144-B14E-4173-B285-A34E2E2A3895",
    "ISDP_FID": "OBJ_BT_ZAG_P.1839",
    "JE_NAZWA": "Podgórze",
    "JE_NR": "126104_9",
    "KAT_SYMB": 0,
    "KOD": "GSPOPM",
    "KOD_NZ": "Pomnik",
    "KRG_D": "JE: Podgórze, Obr.: 0028, Dz.: 96/1, 96/2 ul. Łanowa 1 (MICHAŁ STANISŁAWCZYK BSGEO)",
    "KRG_N": "GD-13.6640.3626.2018",
    "MPD_D": "pomiar bezpośredni",
    "MPD_N": "O",
    "NR": " ",
    "OBR_NAZWA": " ",
    "OBR_NR": " ",
    "OPT_D": " ",
    "OPT_N": "P.1261.2018.6125",
    "REMARKS": " ",
    "SKALA_X_SY": 1,
    "SKALA_Y_SY": 1,
    "TZ": "0 - nie",
    "WID_SYMB": 1,
    "X_SYMB": 7427454.22,
    "Y_SYMB": 5544861.45
   },
   "type": "Feature"
  },
  {
   "geometry": {
    "coordinates": [
     19.998716,
     50.088022
    ],
    "type": "Point"
   },
   "id": 187,
   "properties": {
    "AKTUALNOSC": 1685318400000,
    "DKP_N": "GSPOPM",
    "DPZ": " ",
    "DTM": 1535673600000,
    "DTP": "2018-06-06",
    "FID": 187,
    "ID": 39770704,
    "ID_IIP": "4EAA3F5D-40F7-43DB-BBD3-BF9359243A10",
    "ISDP_FID": "OBJ_BT_ZAG_P.1846",
    "JE_NAZWA": "Nowa Huta",
    "JE_NR": "126103_9",
    "KAT_SYMB": 0,
    "KOD": "GSPOPM",
    "KOD_NZ": "Pomnik",
    "KRG_D": "Park Tysiąclecia dz.79/7,114/295,16/3,268/1 (BIURO MIERNICZE \"JAGIELAK-SZCZUTKO\")",
    "KRG_N": "GD-13.6640.2854.2018",
    "MPD_D": "pomiar bezpośredni",
    "MPD_N": "O",
    "NR": " ",
    "OBR_NAZWA": " ",
    "OBR_NR": " ",
    "OPT_D": " ",
    "OPT_N": "P.1261.2018.6708",
    "REMARKS": " ",
    "SKALA_X_SY": 1,
    "SKALA_Y_SY": 1,
    "TZ": "0 - nie",
    "WID_SYMB": 1,
    "X_SYMB": 7428349.520747,
    "Y_SYMB": 5550690.610798
   },
   "type": "Feature"
  },
  {
   "geometry": {
    "coordinates": [
     19.88771,
     50.012465
    ],
    "type": "Point"
   },
   "id": 188,
   "properties": {
    "AKTUALNOSC": 1685318400000,
    "DKP_N": "GSPOPM",
    "DPZ": " ",
    "DTM": 1516665600000,
    "DTP": "2013-09-13",
    "FID": 188,
    "ID": 36982422,
    "ID_IIP": "4EAF9C5D-413E-4BCF-B8E0-014733950107",
    "ISDP_FID": "OBJ_BT_ZAG_P.1853",
    "JE_NAZWA": "Podgórze",
    "JE_NR": "126104_9",
    "KAT_SYMB": 0,
    "KOD": "GSPOPM",
    "KOD_NZ": "Pomnik",
    "KRG_D": "Podgórze obr.41 (OKRĘGOWE PRZEDSIĘBIORSTWO GEODEZYJNO KARTOGRAFICZNE W KRAKOWIE SPÓŁKA Z OGRANICZONĄ ODPOWIEDZIALNOŚCIĄ)",
    "KRG_N": "GD-06.6640.4267.2016",
    "MPD_D": "pomiar bezpośredni",
    "MPD_N": "O",
    "NR": " ",
    "OBR_NAZWA": " ",
    "OBR_NR": " ",
    "OPT_D": " ",
    "OPT_N": "P.1261.2017.10619",
    "REMARKS": " ",
    "SKALA_X_SY": 1,
    "SKALA_Y_SY": 1,
    "TZ": "0 - nie",
    "WID_SYMB": 1,
    "X_SYMB": 7420281.15,
    "Y_SYMB": 5542399.65
   },
   "type": "Feature"
  },
  {
   "geometry": {
    "coordinates": [
     19.921856,
     50.066479
    ],
    "type": "Point"
   },
   "id": 189,
   "properties": {
    "AKTUALNOSC": 1685318400000,
    "DKP_N": "GSPOPM",
    "DPZ": " ",
    "DTM": 1517443200000,
    "DTP": "2018-01-15",
    "FID": 189,
    "ID": 37118003,
    "ID_IIP": "4EAF9C5D-413E-4BCF-B8E0-000989200107",
    "ISDP_FID": "OBJ_BT_ZAG_P.1858",
    "JE_NAZWA": "Krowodrza",
    "JE_NR": "126102_9",
    "KAT_SYMB": 0,
    "KOD": "GSPOPM",
    "KOD_NZ": "Pomnik",
    "KRG_D": "Teren AGH (Usługi Geodezyjne Pomiar Jacek Chyła)",
    "KRG_N": "GD-13.6640.10723.2017",
    "MPD_D": "pomiar bezpośredni",
    "MPD_N": "O",
    "NR": " ",
    "OBR_NAZWA": " ",
    "OBR_NR": " ",
    "OPT_D": " ",
    "OPT_N": "P.1261.2018.969",
    "REMARKS": " ",
    "SKALA_X_SY": 1,
    "SKALA_Y_SY": 1,
    "TZ": "0 - nie",
    "WID_SYMB": 1,
    "X_SYMB": 7422815.06,
    "Y_SYMB": 5548371.09
   },
   "type": "Feature"
  },
  {
   "geometry": {
    "coordinates": [
     19.956459,
     50.039048
    ],
    "type": "Point"
   },
   "id": 190,
   "properties": {
    "AKTUALNOSC": 1685318400000,
    "DKP_N": "GSPOPM",
    "DPZ": " ",
    "DTM": 1519948800000,
    "DTP": "2018-01-15",
    "FID": 190,
    "ID": 37670605,
    "ID_IIP": "6F048FE8-6977-4B9B-880B-B2625DEA16E1",
    "ISDP_FID": "OBJ_BT_ZAG_P.1863",
    "JE_NAZWA": "Podgórze",
    "JE_NR": "126104_9",
    "KAT_SYMB": 0,
    "KOD": "GSPOPM",
    "KOD_NZ": "Pomnik",
    "KRG_D": "ul. Swoszowicka, (k. Liban) l.ks. rob.:469/2017 (\"PW GPI\" s.c. Sławomir Plewa, Maciej Rybka)",
    "KRG_N": "GD-13.6640.10418.2017",
    "MPD_D": "pomiar bezpośredni",
    "MPD_N": "O",
    "NR": " ",
    "OBR_NAZWA": " ",
    "OBR_NR": " ",
    "OPT_D": " ",
    "OPT_N": "P.1261.2018.1803",
    "REMARKS": " ",
    "SKALA_X_SY": 1,
    "SKALA_Y_SY": 1,
    "TZ": "0 - nie",
    "WID_SYMB": 1,
    "X_SYMB": 7425249.61,
    "Y_SYMB": 5545285.18
   },
   "type": "Feature"
  },
  {
   "geometry": {
    "coordinates": [
     19.888522,
     50.012439
    ],
    "type": "Point"
   },
   "id": 191,
   "properties": {
    "AKTUALNOSC": 1685318400000,
    "DKP_N": "GSPOPM",
    "DPZ": " ",
    "DTM": 1516665600000,
    "DTP": "2016-09-15",
    "FID": 191,
    "ID": 36977952,
    "ID_IIP": "FA1BF764-1068-4F66-84DE-CC1A97EBBE8F",
    "ISDP_FID": "OBJ_BT_ZAG_P.1635",
    "JE_NAZWA": "Podgórze",
    "JE_NR": "126104_9",
    "KAT_SYMB": 0,
    "KOD": "GSPOPM",
    "KOD_NZ": "Pomnik",
    "KRG_D": "Podgórze obr.41 (OKRĘGOWE PRZEDSIĘBIORSTWO GEODEZYJNO KARTOGRAFICZNE W KRAKOWIE SPÓŁKA Z OGRANICZONĄ ODPOWIEDZIALNOŚCIĄ)",
    "KRG_N": "GD-06.6640.4267.2016",
    "MPD_D": "pomiar bezpośredni",
    "MPD_N": "O",
    "NR": " ",
    "OBR_NAZWA": " ",
    "OBR_NR": " ",
    "OPT_D": " ",
    "OPT_N": "P.1261.2017.10619",
    "REMARKS": " ",
    "SKALA_X_SY": 1,
    "SKALA_Y_SY": 1,
    "TZ": "0 - nie",
    "WID_SYMB": 1,
    "X_SYMB": 7420339.3,
    "Y_SYMB": 5542395.94
   },
   "type": "Feature"
  },
  {
   "geometry": {
    "coordinates": [
     19.943336,
     50.015774
    ],
    "type": "Point"
   },
   "id": 192,
   "properties": {
    "AKTUALNOSC": 1685318400000,
    "DKP_N": "GSPOPM",
    "DPZ": " ",
    "DTM": 1486425600000,
    "DTP": " ",
    "FID": 192,
    "ID": 32912876,
    "ID_IIP": "7470E92A-8115-4370-91BE-61F4FFF8C337",
    "ISDP_FID": "OBJ_BT_ZAG_P.1639",
    "JE_NAZWA": "Podgórze",
    "JE_NR": "126104_9",
    "KAT_SYMB": 0,
    "KOD": "GSPOPM",
    "KOD_NZ": "Pomnik",
    "KRG_D": "Podgórze dz. 375/5, 375/4 (\"CITIGEO\" MARCIN TURBAK)",
    "KRG_N": "GD-13.6640.5599.2016",
    "MPD_D": "pomiar bezpośredni",
    "MPD_N": "O",
    "NR": "372",
    "OBR_NAZWA": " ",
    "OBR_NR": " ",
    "OPT_D": " ",
    "OPT_N": "P.1261.2017.1178",
    "REMARKS": " ",
    "SKALA_X_SY": 1,
    "SKALA_Y_SY": 1,
    "TZ": "0 - nie",
    "WID_SYMB": 1,
    "X_SYMB": 7424273.07,
    "Y_SYMB": 5542709.85
   },
   "type": "Feature"
  },
  {
   "geometry": {
    "coordinates": [
     19.911552,
     49.999402
    ],
    "type": "Point"
   },
   "id": 193,
   "properties": {
    "AKTUALNOSC": 1685318400000,
    "DKP_N": "GSPOPM",
    "DPZ": " ",
    "DTM": 1499299200000,
    "DTP": "2016-02-19",
    "FID": 193,
    "ID": 32949684,
    "ID_IIP": "48188611-79D9-B879-E053-B80B10AC66F4",
    "ISDP_FID": "OBJ_BT_ZAG_P.1646",
    "JE_NAZWA": "Podgórze",
    "JE_NR": "126104_9",
    "KAT_SYMB": 0,
    "KOD": "GSPOPM",
    "KOD_NZ": "Pomnik",
    "KRG_D": "(Maria Okońska- UPR. NR 9762. Biuro Geodezyjno-Projektowe \"LINIA\")",
    "KRG_N": "GD-06.6640.973.2016",
    "MPD_D": "pomiar bezpośredni",
    "MPD_N": "O",
    "NR": "42",
    "OBR_NAZWA": " ",
    "OBR_NR": " ",
    "OPT_D": " ",
    "OPT_N": "P.1261.2016.4762",
    "REMARKS": " ",
    "SKALA_X_SY": 1,
    "SKALA_Y_SY": 1,
    "TZ": "0 - nie",
    "WID_SYMB": 1,
    "X_SYMB": 7421968.73,
    "Y_SYMB": 5540921.65
   },
   "type": "Feature"
  },
  {
   "geometry": {
    "coordinates": [
     19.911427,
     49.99938
    ],
    "type": "Point"
   },
   "id": 194,
   "properties": {
    "AKTUALNOSC": 1685318400000,
    "DKP_N": "GSPOPM",
    "DPZ": " ",
    "DTM": 1499299200000,
    "DTP": "2016-02-19",
    "FID": 194,
    "ID": 32949719,
    "ID_IIP": "48188611-79FA-B879-E053-B80B10AC66F4",
    "ISDP_FID": "OBJ_BT_ZAG_P.1647",
    "JE_NAZWA": "Podgórze",
    "JE_NR": "126104_9",
    "KAT_SYMB": 0,
    "KOD": "GSPOPM",
    "KOD_NZ": "Pomnik",
    "KRG_D": "(Maria Okońska- UPR. NR 9762. Biuro Geodezyjno-Projektowe \"LINIA\")",
    "KRG_N": "GD-06.6640.973.2016",
    "MPD_D": "pomiar bezpośredni",
    "MPD_N": "O",
    "NR": "75",
    "OBR_NAZWA": " ",
    "OBR_NR": " ",
    "OPT_D": " ",
    "OPT_N": "P.1261.2016.4762",
    "REMARKS": " ",
    "SKALA_X_SY": 1,
    "SKALA_Y_SY": 1,
    "TZ": "0 - nie",
    "WID_SYMB": 1,
    "X_SYMB": 7421959.73,
    "Y_SYMB": 5540919.38
   },
   "type": "Feature"
  },
  {
   "geometry": {
    "coordinates": [
     19.803261,
     50.019386
    ],
    "type": "Point"
   },
   "id": 195,
   "properties": {
    "AKTUALNOSC": 1685318400000,
    "DKP_N": "GSPOPM",
    "DPZ": " ",
    "DTM": 1488499200000,
    "DTP": "2016-06-15",
    "FID": 195,
    "ID": 33223984,
    "ID_IIP": "49BB5F6A-6CC4-08E6-E053-B80B10AC951B",
    "ISDP_FID": "OBJ_BT_ZAG_P.1659",
    "JE_NAZWA": "Podgórze",
    "JE_NR": "126104_9",
    "KAT_SYMB": 0,
    "KOD": "GSPOPM",
    "KOD_NZ": "Pomnik",
    "KRG_D": "Obszar obejmuje teren Opactwa Tynieckiego (PIOTR DUKIELSKI F.H.U.\"GEO-CAD\")",
    "KRG_N": "GD-13.6640.321.2016",
    "MPD_D": "pomiar bezpośredni",
    "MPD_N": "O",
    "NR": " ",
    "OBR_NAZWA": " ",
    "OBR_NR": " ",
    "OPT_D": " ",
    "OPT_N": "P.1261.2016.4997",
    "REMARKS": " ",
    "SKALA_X_SY": 1,
    "SKALA_Y_SY": 1,
    "TZ": "0 - nie",
    "WID_SYMB": 1,
    "X_SYMB": 7414241.085,
    "Y_SYMB": 5543262.845
   },
   "type": "Feature"
  },
  {
   "geometry": {
    "coordinates": [
     19.971905,
     50.036293
    ],
    "type": "Point"
   },
   "id": 196,
   "properties": {
    "AKTUALNOSC": 1685318400000,
    "DKP_N": "GSPOPM",
    "DPZ": " ",
    "DTM": 1497225600000,
    "DTP": "2017-05-16",
    "FID": 196,
    "ID": 34345196,
    "ID_IIP": "4A182821-82D1-4006-AEAE-F71C354B3F35",
    "ISDP_FID": "OBJ_BT_ZAG_P.1685",
    "JE_NAZWA": "Podgórze",
    "JE_NR": "126104_9",
    "KAT_SYMB": 0,
    "KOD": "GSPOPM",
    "KOD_NZ": "Pomnik",
    "KRG_D": "ul. Prokocimska, dz. 89/9,89/10,130/6,130/12,130/15,130/13,127/8,128/5,139/3,162/6,133/1,138/8,134 obr. 29 Podgórze (\"Geo-Skala",
    "KRG_N": "GD-13.6640.3371.2017",
    "MPD_D": "pomiar bezpośredni",
    "MPD_N": "O",
    "NR": "749",
    "OBR_NAZWA": " ",
    "OBR_NR": " ",
    "OPT_D": " ",
    "OPT_N": "P.1261.2017.4968",
    "REMARKS": " ",
    "SKALA_X_SY": 1,
    "SKALA_Y_SY": 1,
    "TZ": "1 - tak",
    "WID_SYMB": 1,
    "X_SYMB": 7426351.8,
    "Y_SYMB": 5544963.43
   },
   "type": "Feature"
  },
  {
   "geometry": {
    "coordinates": [
     19.997462,
     50.094355
    ],
    "type": "Point"
   },
   "id": 197,
   "properties": {
    "AKTUALNOSC": 1685318400000,
    "DKP_N": "GSPOPM",
    "DPZ": " ",
    "DTM": 1554940800000,
    "DTP": "2019-03-07",
    "FID": 197,
    "ID": 41984543,
    "ID_IIP": "AC32DC4E-A80D-40BE-A2E7-7AA09BF91D35",
    "ISDP_FID": "OBJ_BT_ZAG_P.2010",
    "JE_NAZWA": "Nowa Huta",
    "JE_NR": "126103_9",
    "KAT_SYMB": 0,
    "KOD": "GSPOPM",
    "KOD_NZ": "Pomnik",
    "KRG_D": "ul. św. Maksymiliana Marii Kolbego 60/2019 (\"PW GPI\" s.c. Sławomir Plewa, Maciej Rybka)",
    "KRG_N": "GD-13.6640.1433.2019",
    "MPD_D": "pomiar bezpośredni",
    "MPD_N": "O",
    "NR": " ",
    "OBR_NAZWA": " ",
    "OBR_NR": " ",
    "OPT_D": " ",
    "OPT_N": "P.1261.2019.3076",
    "REMARKS": " ",
    "SKALA_X_SY": 1,
    "SKALA_Y_SY": 1,
    "TZ": "0 - nie",
    "WID_SYMB": 1,
    "X_SYMB": 7428269.23,
    "Y_SYMB": 5551396.12
   },
   "type": "Feature"
  },
  {
   "geometry": {
    "coordinates": [
     19.915704,
     50.055969
    ],
    "type": "Point"
   },
   "id": 198,
   "properties": {
    "AKTUALNOSC": 1685318400000,
    "DKP_N": "GSPOPM",
    "DPZ": " ",
    "DTM": 1559692800000,
    "DTP": "2019-02-27",
    "FID": 198,
    "ID": 42069926,
    "ID_IIP": "50C3EF02-DDF7-4026-975B-D343593FF9B8",
    "ISDP_FID": "OBJ_BT_ZAG_P.2011",
    "JE_NAZWA": "Krowodrza",
    "JE_NR": "126102_9",
    "KAT_SYMB": 0,
    "KOD": "GSPOPM",
    "KOD_NZ": "Pomnik",
    "KRG_D": "Krowodrza obr. 14 dz. 83/15, 83/12, 429/3, 86/6 (USŁUGI GEODEZYJNE mgr inż. Szymon Badowski)",
    "KRG_N": "GD-13.6640.562.2019",
    "MPD_D": "pomiar bezpośredni",
    "MPD_N": "O",
    "NR": "38",
    "OBR_NAZWA": " ",
    "OBR_NR": " ",
    "OPT_D": " ",
    "OPT_N": "P.1261.2019.3378",
    "REMARKS": " ",
    "SKALA_X_SY": 1,
    "SKALA_Y_SY": 1,
    "TZ": "0 - nie",
    "WID_SYMB": 1,
    "X_SYMB": 7422357.62,
    "Y_SYMB": 5547208.56
   },
   "type": "Feature"
  },
  {
   "geometry": {
    "coordinates": [
     19.915813,
     50.0558
    ],
    "type": "Point"
   },
   "id": 199,
   "properties": {
    "AKTUALNOSC": 1685318400000,
    "DKP_N": "GSPOPM",
    "DPZ": " ",
    "DTM": 1559692800000,
    "DTP": "2019-02-27",
    "FID": 199,
    "ID": 42069927,
    "ID_IIP": "7D526B7A-DD35-4466-B2C8-C9C8AED90669",
    "ISDP_FID": "OBJ_BT_ZAG_P.2012",
    "JE_NAZWA": "Krowodrza",
    "JE_NR": "126102_9",
    "KAT_SYMB": 0,
    "KOD": "GSPOPM",
    "KOD_NZ": "Pomnik",
    "KRG_D": "Krowodrza obr. 14 dz. 83/15, 83/12, 429/3, 86/6 (USŁUGI GEODEZYJNE mgr inż. Szymon Badowski)",
    "KRG_N": "GD-13.6640.562.2019",
    "MPD_D": "pomiar bezpośredni",
    "MPD_N": "O",
    "NR": "39",
    "OBR_NAZWA": " ",
    "OBR_NR": " ",
    "OPT_D": " ",
    "OPT_N": "P.1261.2019.3378",
    "REMARKS": " ",
    "SKALA_X_SY": 1,
    "SKALA_Y_SY": 1,
    "TZ": "0 - nie",
    "WID_SYMB": 1,
    "X_SYMB": 7422365.2,
    "Y_SYMB": 5547189.66
   },
   "type": "Feature"
  },
  {
   "geometry": {
    "coordinates": [
     19.915685,
     50.056047
    ],
    "type": "Point"
   },
   "id": 200,
   "properties": {
    "AKTUALNOSC": 1685318400000,
    "DKP_N": "GSPOPM",
    "DPZ": " ",
    "DTM": 1559692800000,
    "DTP": "2019-02-27",
    "FID": 200,
    "ID": 42069952,
    "ID_IIP": "CEBE6C2D-D096-48B1-8AAE-6F959C47B5EA",
    "ISDP_FID": "OBJ_BT_ZAG_P.2013",
    "JE_NAZWA": "Krowodrza",
    "JE_NR": "126102_9",
    "KAT_SYMB": 0,
    "KOD": "GSPOPM",
    "KOD_NZ": "Pomnik",
    "KRG_D": "Krowodrza obr. 14 dz. 83/15, 83/12, 429/3, 86/6 (USŁUGI GEODEZYJNE mgr inż. Szymon Badowski)",
    "KRG_N": "GD-13.6640.562.2019",
    "MPD_D": "pomiar bezpośredni",
    "MPD_N": "O",
    "NR": "d29",
    "OBR_NAZWA": " ",
    "OBR_NR": " ",
    "OPT_D": " ",
    "OPT_N": "P.1261.2019.3378",
    "REMARKS": " ",
    "SKALA_X_SY": 1,
    "SKALA_Y_SY": 1,
    "TZ": "0 - nie",
    "WID_SYMB": 1,
    "X_SYMB": 7422356.41,
    "Y_SYMB": 5547217.28
   },
   "type": "Feature"
  },
  {
   "geometry": {
    "coordinates": [
     19.915659,
     50.055988
    ],
    "type": "Point"
   },
   "id": 201,
   "properties": {
    "AKTUALNOSC": 1685318400000,
    "DKP_N": "GSPOPM",
    "DPZ": " ",
    "DTM": 1559692800000,
    "DTP": "2019-02-27",
    "FID": 201,
    "ID": 42069953,
    "ID_IIP": "D7D8D8B6-F269-4D7D-B2D4-9C381769A730",
    "ISDP_FID": "OBJ_BT_ZAG_P.2014",
    "JE_NAZWA": "Krowodrza",
    "JE_NR": "126102_9",
    "KAT_SYMB": 0,
    "KOD": "GSPOPM",
    "KOD_NZ": "Pomnik",
    "KRG_D": "Krowodrza obr. 14 dz. 83/15, 83/12, 429/3, 86/6 (USŁUGI GEODEZYJNE mgr inż. Szymon Badowski)",
    "KRG_N": "GD-13.6640.562.2019",
    "MPD_D": "pomiar bezpośredni",
    "MPD_N": "O",
    "NR": "d30",
    "OBR_NAZWA": " ",
    "OBR_NR": " ",
    "OPT_D": " ",
    "OPT_N": "P.1261.2019.3378",
    "REMARKS": " ",
    "SKALA_X_SY": 1,
    "SKALA_Y_SY": 1,
    "TZ": "0 - nie",
    "WID_SYMB": 1,
    "X_SYMB": 7422354.43,
    "Y_SYMB": 5547210.79
   },
   "type": "Feature"
  },
  {
   "geometry": {
    "coordinates": [
     19.938173,
     50.055044
    ],
    "type": "Point"
   },
   "id": 202,
   "properties": {
    "AKTUALNOSC": 1685318400000,
    "DKP_N": "GSPOPM",
    "DPZ": " ",
    "DTM": 1574985600000,
    "DTP": " ",
    "FID": 202,
    "ID": 42331029,
    "ID_IIP": "4EAF9C5D-413E-4BCF-B8E0-002101840108",
    "ISDP_FID": "OBJ_BT_ZAG_P.2023",
    "JE_NAZWA": "Śródmieście",
    "JE_NR": "126105_9",
    "KAT_SYMB": 0,
    "KOD": "GSPOPM",
    "KOD_NZ": "Pomnik",
    "KRG_D": "jedn. ewid. Śródmieście (Przedsiębiorstwo Geodezyjne \"GEOPROF\" s.c. Jarosław Kożuch, Sławomir Zając)",
    "KRG_N": "GD-13.6640.4461.2019",
    "MPD_D": "pomiar bezpośredni",
    "MPD_N": "O",
    "NR": " ",
    "OBR_NAZWA": " ",
    "OBR_NR": " ",
    "OPT_D": " ",
    "OPT_N": "P.1261.2019.10694",
    "REMARKS": " ",
    "SKALA_X_SY": 1,
    "SKALA_Y_SY": 1,
    "TZ": "0 - nie",
    "WID_SYMB": 1,
    "X_SYMB": 7423965.1,
    "Y_SYMB": 5547082.61
   },
   "type": "Feature"
  },
  {
   "geometry": {
    "coordinates": [
     19.934795,
     50.056642
    ],
    "type": "Point"
   },
   "id": 203,
   "properties": {
    "AKTUALNOSC": 1685318400000,
    "DKP_N": "GSPOPM",
    "DPZ": " ",
    "DTM": 1574985600000,
    "DTP": " ",
    "FID": 203,
    "ID": 44249320,
    "ID_IIP": "4EAF9C5D-413E-4BCF-B8E0-001971600107",
    "ISDP_FID": "OBJ_BT_ZAG_P.2092",
    "JE_NAZWA": "Śródmieście",
    "JE_NR": "126105_9",
    "KAT_SYMB": 0,
    "KOD": "GSPOPM",
    "KOD_NZ": "Pomnik",
    "KRG_D": "jedn. ewid. Śródmieście (Przedsiębiorstwo Geodezyjne \"GEOPROF\" s.c. Jarosław Kożuch, Sławomir Zając)",
    "KRG_N": "GD-13.6640.4461.2019",
    "MPD_D": "pomiar bezpośredni",
    "MPD_N": "O",
    "NR": " ",
    "OBR_NAZWA": " ",
    "OBR_NR": " ",
    "OPT_D": " ",
    "OPT_N": "P.1261.2019.10694",
    "REMARKS": "Pomnik Tadeusza-Boy Żeleńskiego",
    "SKALA_X_SY": 1,
    "SKALA_Y_SY": 1,
    "TZ": "0 - nie",
    "WID_SYMB": 1,
    "X_SYMB": 7423725.7,
    "Y_SYMB": 5547263.75
   },
   "type": "Feature"
  },
  {
   "geometry": {
    "coordinates": [
     19.924234,
     50.06274
    ],
    "type": "Point"
   },
   "id": 204,
   "properties": {
    "AKTUALNOSC": 1685318400000,
    "DKP_N": "GSPOPM",
    "DPZ": " ",
    "DTM": 1578787200000,
    "DTP": "2015-04-23",
    "FID": 204,
    "ID": 45199033,
    "ID_IIP": "4EAF9C5D-413E-4BCF-B8E0-016567350107",
    "ISDP_FID": "OBJ_BT_ZAG_P.2145",
    "JE_NAZWA": "Śródmieście",
    "JE_NR": "126105_9",
    "KAT_SYMB": 0,
    "KOD": "GSPOPM",
    "KOD_NZ": "Pomnik",
    "KRG_D": "jedn. ewid. Śródmieście (Przedsiębiorstwo Geodezyjne \"GEOPROF\" s.c. Jarosław Kożuch, Sławomir Zając)",
    "KRG_N": "GD-13.6640.4461.2019",
    "MPD_D": "pomiar bezpośredni",
    "MPD_N": "O",
    "NR": " ",
    "OBR_NAZWA": " ",
    "OBR_NR": " ",
    "OPT_D": " ",
    "OPT_N": "P.1261.2019.10694",
    "REMARKS": " ",
    "SKALA_X_SY": 1,
    "SKALA_Y_SY": 1,
    "TZ": "0 - nie",
    "WID_SYMB": 1,
    "X_SYMB": 7422979.25,
    "Y_SYMB": 5547952.79
   },
   "type": "Feature"
  },
  {
   "geometry": {
    "coordinates": [
     19.95185,
     50.083386
    ],
    "type": "Point"
   },
   "id": 205,
   "properties": {
    "AKTUALNOSC": 1685318400000,
    "DKP_N": "GSPOPM",
    "DPZ": " ",
    "DTM": 1578787200000,
    "DTP": "2013-11-13",
    "FID": 205,
    "ID": 45199209,
    "ID_IIP": "4EAF9C5D-413E-4BCF-B8E0-014898370107",
    "ISDP_FID": "OBJ_BT_ZAG_P.2146",
    "JE_NAZWA": "Śródmieście",
    "JE_NR": "126105_9",
    "KAT_SYMB": 0,
    "KOD": "GSPOPM",
    "KOD_NZ": "Pomnik",
    "KRG_D": "jedn. ewid. Śródmieście (Przedsiębiorstwo Geodezyjne \"GEOPROF\" s.c. Jarosław Kożuch, Sławomir Zając)",
    "KRG_N": "GD-13.6640.4461.2019",
    "MPD_D": "pomiar bezpośredni",
    "MPD_N": "O",
    "NR": " ",
    "OBR_NAZWA": " ",
    "OBR_NR": " ",
    "OPT_D": " ",
    "OPT_N": "P.1261.2019.10694",
    "REMARKS": " ",
    "SKALA_X_SY": 1,
    "SKALA_Y_SY": 1,
    "TZ": "0 - nie",
    "WID_SYMB": 1,
    "X_SYMB": 7424988.67,
    "Y_SYMB": 5550220.97
   },
   "type": "Feature"
  },
  {
   "geometry": {
    "coordinates": [
     20.037474,
     50.071255
    ],
    "type": "Point"
   },
   "id": 206,
   "properties": {
    "AKTUALNOSC": 1685318400000,
    "DKP_N": "GSPOPM",
    "DPZ": " ",
    "DTM": 1528934400000,
    "DTP": "2018-05-22",
    "FID": 206,
    "ID": 39028618,
    "ID_IIP": "B303F00C-7BDD-424E-B48A-EA2EEEC49BA0",
    "ISDP_FID": "OBJ_BT_ZAG_P.1912",
    "JE_NAZWA": "Nowa Huta",
    "JE_NR": "126103_9",
    "KAT_SYMB": 0,
    "KOD": "GSPOPM",
    "KOD_NZ": "Pomnik",
    "KRG_D": "Kraków, ul. Jana Pawła II (ARD-GEO USŁUGI GEODEZYJNO-PROJEKTOWE ANDRZEJ ŚMIAŁEK)",
    "KRG_N": "GD-13.6640.3609.2018",
    "MPD_D": "pomiar bezpośredni",
    "MPD_N": "O",
    "NR": "30",
    "OBR_NAZWA": " ",
    "OBR_NR": " ",
    "OPT_D": " ",
    "OPT_N": "P.1261.2018.4497",
    "REMARKS": " ",
    "SKALA_X_SY": 1,
    "SKALA_Y_SY": 1,
    "TZ": "0 - nie",
    "WID_SYMB": 1,
    "X_SYMB": 7431098.9,
    "Y_SYMB": 5548789.26
   },
   "type": "Feature"
  },
  {
   "geometry": {
    "coordinates": [
     19.89398,
     49.999809
    ],
    "type": "Point"
   },
   "id": 207,
   "properties": {
    "AKTUALNOSC": 1685318400000,
    "DKP_N": "GSPOPM",
    "DPZ": " ",
    "DTM": 1546905600000,
    "DTP": "2018-12-10",
    "FID": 207,
    "ID": 41109769,
    "ID_IIP": "0A080435-DCD1-4DAB-A49C-0B1FE3FFE172",
    "ISDP_FID": "OBJ_BT_ZAG_P.1967",
    "JE_NAZWA": "Podgórze",
    "JE_NR": "126104_9",
    "KAT_SYMB": 0,
    "KOD": "GSPOPM",
    "KOD_NZ": "Pomnik",
    "KRG_D": "Małysiaka (KORBUT TECHNOLOGIE PROJEKTY GEODEZJA ZBIGNIEW HALOTA)",
    "KRG_N": "GD-13.6640.4761.2018",
    "MPD_D": "pomiar bezpośredni",
    "MPD_N": "O",
    "NR": "44",
    "OBR_NAZWA": " ",
    "OBR_NR": " ",
    "OPT_D": " ",
    "OPT_N": "P.1261.2019.214",
    "REMARKS": " ",
    "SKALA_X_SY": 1,
    "SKALA_Y_SY": 1,
    "TZ": "0 - nie",
    "WID_SYMB": 1,
    "X_SYMB": 7420709.72,
    "Y_SYMB": 5540985.42
   },
   "type": "Feature"
  },
  {
   "geometry": {
    "coordinates": [
     19.948917,
     50.046015
    ],
    "type": "Point"
   },
   "id": 208,
   "properties": {
    "AKTUALNOSC": 1685318400000,
    "DKP_N": "GSPOPM",
    "DPZ": " ",
    "DTM": 1549324800000,
    "DTP": "2018-03-27",
    "FID": 208,
    "ID": 41206241,
    "ID_IIP": "9542E74D-33D2-4EE1-A82B-1B1D265F4C46",
    "ISDP_FID": "OBJ_BT_ZAG_P.1970",
    "JE_NAZWA": "Podgórze",
    "JE_NR": "126104_9",
    "KAT_SYMB": 0,
    "KOD": "GSPOPM",
    "KOD_NZ": "Pomnik",
    "KRG_D": "Leo (\"Geomiar\" Krzysztof Klempka Przedsiębiorstwo Usług Geodezyjnych i Kartograficznych)",
    "KRG_N": "GD-13.6640.2446.2018",
    "MPD_D": "pomiar bezpośredni",
    "MPD_N": "O",
    "NR": " ",
    "OBR_NAZWA": " ",
    "OBR_NR": " ",
    "OPT_D": " ",
    "OPT_N": "P.1261.2019.1029",
    "REMARKS": " ",
    "SKALA_X_SY": 1,
    "SKALA_Y_SY": 1,
    "TZ": "0 - nie",
    "WID_SYMB": 1,
    "X_SYMB": 7424720.26,
    "Y_SYMB": 5546067.56
   },
   "type": "Feature"
  },
  {
   "geometry": {
    "coordinates": [
     19.948891,
     50.045982
    ],
    "type": "Point"
   },
   "id": 209,
   "properties": {
    "AKTUALNOSC": 1685318400000,
    "DKP_N": "GSPOPM",
    "DPZ": " ",
    "DTM": 1549324800000,
    "DTP": "2018-03-27",
    "FID": 209,
    "ID": 41206292,
    "ID_IIP": "5CDCFFDB-FE48-406D-BDD7-DB5756EA48DB",
    "ISDP_FID": "OBJ_BT_ZAG_P.1971",
    "JE_NAZWA": "Podgórze",
    "JE_NR": "126104_9",
    "KAT_SYMB": 0,
    "KOD": "GSPOPM",
    "KOD_NZ": "Pomnik",
    "KRG_D": "Leo (\"Geomiar\" Krzysztof Klempka Przedsiębiorstwo Usług Geodezyjnych i Kartograficznych)",
    "KRG_N": "GD-13.6640.2446.2018",
    "MPD_D": "pomiar bezpośredni",
    "MPD_N": "O",
    "NR": " ",
    "OBR_NAZWA": " ",
    "OBR_NR": " ",
    "OPT_D": " ",
    "OPT_N": "P.1261.2019.1029",
    "REMARKS": " ",
    "SKALA_X_SY": 1,
    "SKALA_Y_SY": 1,
    "TZ": "0 - nie",
    "WID_SYMB": 1,
    "X_SYMB": 7424718.37,
    "Y_SYMB": 5546063.9
   },
   "type": "Feature"
  },
  {
   "geometry": {
    "coordinates": [
     19.925381,
     50.071791
    ],
    "type": "Point"
   },
   "id": 210,
   "properties": {
    "AKTUALNOSC": 1685318400000,
    "DKP_N": "GSPOPM",
    "DPZ": " ",
    "DTM": 1553731200000,
    "DTP": "2019-02-13",
    "FID": 210,
    "ID": 41859924,
    "ID_IIP": "F794AC7F-2B30-4F9B-A2C0-757C99539662",
    "ISDP_FID": "OBJ_BT_ZAG_P.2003",
    "JE_NAZWA": "Krowodrza",
    "JE_NR": "126102_9",
    "KAT_SYMB": 0,
    "KOD": "GSPOPM",
    "KOD_NZ": "Pomnik",
    "KRG_D": "Pl. Teodora Axentowicza l.ks.rob.: 17/2019 (\"PW GPI\" s.c. Sławomir Plewa, Maciej Rybka)",
    "KRG_N": "GD-13.6640.596.2019",
    "MPD_D": "pomiar bezpośredni",
    "MPD_N": "O",
    "NR": " ",
    "OBR_NAZWA": " ",
    "OBR_NR": " ",
    "OPT_D": " ",
    "OPT_N": "P.1261.2019.2641",
    "REMARKS": " ",
    "SKALA_X_SY": 1,
    "SKALA_Y_SY": 1,
    "TZ": "0 - nie",
    "WID_SYMB": 1,
    "X_SYMB": 7423075.89,
    "Y_SYMB": 5548958.28
   },
   "type": "Feature"
  },
  {
   "geometry": {
    "coordinates": [
     19.913156,
     50.002499
    ],
    "type": "Point"
   },
   "id": 211,
   "properties": {
    "AKTUALNOSC": 1685318400000,
    "DKP_N": "GSPOPM",
    "DPZ": " ",
    "DTM": 1563494400000,
    "DTP": "2019-06-28",
    "FID": 211,
    "ID": 42939069,
    "ID_IIP": "E830752F-83EA-4604-83DE-9FEF904EC4C0",
    "ISDP_FID": "OBJ_BT_ZAG_P.2195",
    "JE_NAZWA": "Podgórze",
    "JE_NR": "126104_9",
    "KAT_SYMB": 0,
    "KOD": "GSPOPM",
    "KOD_NZ": "Pomnik",
    "KRG_D": "Park Maćka i Doroty dz 348/22 mapa (BIURO MIERNICZE \"JAGIELAK-SZCZUTKO\")",
    "KRG_N": "GD-13.6640.3894.2019",
    "MPD_D": "pomiar bezpośredni",
    "MPD_N": "O",
    "NR": " ",
    "OBR_NAZWA": " ",
    "OBR_NR": " ",
    "OPT_D": " ",
    "OPT_N": "P.1261.2019.6159",
    "REMARKS": " ",
    "SKALA_X_SY": 1,
    "SKALA_Y_SY": 1,
    "TZ": "0 - nie",
    "WID_SYMB": 1,
    "X_SYMB": 7422088.74,
    "Y_SYMB": 5541264.42
   },
   "type": "Feature"
  },
  {
   "geometry": {
    "coordinates": [
     19.961018,
     50.063486
    ],
    "type": "Point"
   },
   "id": 212,
   "properties": {
    "AKTUALNOSC": 1685318400000,
    "DKP_N": "GSPOPM",
    "DPZ": " ",
    "DTM": 1570752000000,
    "DTP": "2019-10-04",
    "FID": 212,
    "ID": 44094386,
    "ID_IIP": "94768E58-C7E4-CF41-E053-B80B10AC2C84",
    "ISDP_FID": "OBJ_BT_ZAG_P.2254",
    "JE_NAZWA": "Śródmieście",
    "JE_NR": "126105_9",
    "KAT_SYMB": 0,
    "KOD": "GSPOPM",
    "KOD_NZ": "Pomnik",
    "KRG_D": "jedn. ewid. Śródmieście (Przedsiębiorstwo Geodezyjne \"GEOPROF\" s.c. Jarosław Kożuch, Sławomir Zając)",
    "KRG_N": "GD-13.6640.4461.2019",
    "MPD_D": "pomiar bezpośredni",
    "MPD_N": "O",
    "NR": " ",
    "OBR_NAZWA": " ",
    "OBR_NR": " ",
    "OPT_D": " ",
    "OPT_N": "P.1261.2019.10694",
    "REMARKS": " ",
    "SKALA_X_SY": 1,
    "SKALA_Y_SY": 1,
    "TZ": "0 - nie",
    "WID_SYMB": 1,
    "X_SYMB": 7425614,
    "Y_SYMB": 5547998.59
   },
   "type": "Feature"
  },
  {
   "geometry": {
    "coordinates": [
     19.936278,
     50.06581
    ],
    "type": "Point"
   },
   "id": 213,
   "properties": {
    "AKTUALNOSC": 1685318400000,
    "DKP_N": "GSPOPM",
    "DPZ": " ",
    "DTM": 1578787200000,
    "DTP": " ",
    "FID": 213,
    "ID": 45895305,
    "ID_IIP": "4EAF9C5D-413E-4BCF-B8E0-000876530107",
    "ISDP_FID": "OBJ_BT_ZAG_P.2683",
    "JE_NAZWA": "Śródmieście",
    "JE_NR": "126105_9",
    "KAT_SYMB": 0,
    "KOD": "GSPOPM",
    "KOD_NZ": "Pomnik",
    "KRG_D": "jedn. ewid. Śródmieście (Przedsiębiorstwo Geodezyjne \"GEOPROF\" s.c. Jarosław Kożuch, Sławomir Zając)",
    "KRG_N": "GD-13.6640.4461.2019",
    "MPD_D": "pomiar bezpośredni",
    "MPD_N": "O",
    "NR": " ",
    "OBR_NAZWA": " ",
    "OBR_NR": " ",
    "OPT_D": " ",
    "OPT_N": "P.1261.2019.10694",
    "REMARKS": " ",
    "SKALA_X_SY": 1,
    "SKALA_Y_SY": 1,
    "TZ": "0 - nie",
    "WID_SYMB": 1,
    "X_SYMB": 7423846.45,
    "Y_SYMB": 5548281.96
   },
   "type": "Feature"
  },
  {
   "geometry": {
    "coordinates": [
     19.937654,
     50.058965
    ],
    "type": "Point"
   },
   "id": 214,
   "properties": {
    "AKTUALNOSC": 1685318400000,
    "DKP_N": "GSPOPM",
    "DPZ": " ",
    "DTM": 1578787200000,
    "DTP": " ",
    "FID": 214,
    "ID": 45895308,
    "ID_IIP": "4EAF9C5D-413E-4BCF-B8E0-001718400107",
    "ISDP_FID": "OBJ_BT_ZAG_P.2684",
    "JE_NAZWA": "Śródmieście",
    "JE_NR": "126105_9",
    "KAT_SYMB": 0,
    "KOD": "GSPOPM",
    "KOD_NZ": "Pomnik",
    "KRG_D": "jedn. ewid. Śródmieście (Przedsiębiorstwo Geodezyjne \"GEOPROF\" s.c. Jarosław Kożuch, Sławomir Zając)",
    "KRG_N": "GD-13.6640.4461.2019",
    "MPD_D": "pomiar bezpośredni",
    "MPD_N": "O",
    "NR": " ",
    "OBR_NAZWA": " ",
    "OBR_NR": " ",
    "OPT_D": " ",
    "OPT_N": "P.1261.2019.10694",
    "REMARKS": " ",
    "SKALA_X_SY": 1,
    "SKALA_Y_SY": 1,
    "TZ": "0 - nie",
    "WID_SYMB": 1,
    "X_SYMB": 7423934.12,
    "Y_SYMB": 5547519.23
   },
   "type": "Feature"
  },
  {
   "geometry": {
    "coordinates": [
     19.934385,
     50.05807
    ],
    "type": "Point"
   },
   "id": 215,
   "properties": {
    "AKTUALNOSC": 1685318400000,
    "DKP_N": "GSPOPM",
    "DPZ": " ",
    "DTM": 1578787200000,
    "DTP": " ",
    "FID": 215,
    "ID": 45895311,
    "ID_IIP": "4EAF9C5D-413E-4BCF-B8E0-001965650107",
    "ISDP_FID": "OBJ_BT_ZAG_P.2685",
    "JE_NAZWA": "Śródmieście",
    "JE_NR": "126105_9",
    "KAT_SYMB": 0,
    "KOD": "GSPOPM",
    "KOD_NZ": "Pomnik",
    "KRG_D": "jedn. ewid. Śródmieście (Przedsiębiorstwo Geodezyjne \"GEOPROF\" s.c. Jarosław Kożuch, Sławomir Zając)",
    "KRG_N": "GD-13.6640.4461.2019",
    "MPD_D": "pomiar bezpośredni",
    "MPD_N": "O",
    "NR": " ",
    "OBR_NAZWA": " ",
    "OBR_NR": " ",
    "OPT_D": " ",
    "OPT_N": "P.1261.2019.10694",
    "REMARKS": " ",
    "SKALA_X_SY": 1,
    "SKALA_Y_SY": 1,
    "TZ": "0 - nie",
    "WID_SYMB": 1,
    "X_SYMB": 7423698.67,
    "Y_SYMB": 5547423.08
   },
   "type": "Feature"
  },
  {
   "geometry": {
    "coordinates": [
     19.935962,
     50.064818
    ],
    "type": "Point"
   },
   "id": 216,
   "properties": {
    "AKTUALNOSC": 1685318400000,
    "DKP_N": "GSPOPM",
    "DPZ": " ",
    "DTM": 1578787200000,
    "DTP": " ",
    "FID": 216,
    "ID": 45895396,
    "ID_IIP": "4EAF9C5D-413E-4BCF-B8E0-001973030107",
    "ISDP_FID": "OBJ_BT_ZAG_P.2687",
    "JE_NAZWA": "Śródmieście",
    "JE_NR": "126105_9",
    "KAT_SYMB": 0,
    "KOD": "GSPOPM",
    "KOD_NZ": "Pomnik",
    "KRG_D": "jedn. ewid. Śródmieście (Przedsiębiorstwo Geodezyjne \"GEOPROF\" s.c. Jarosław Kożuch, Sławomir Zając)",
    "KRG_N": "GD-13.6640.4461.2019",
    "MPD_D": "pomiar bezpośredni",
    "MPD_N": "O",
    "NR": " ",
    "OBR_NAZWA": " ",
    "OBR_NR": " ",
    "OPT_D": " ",
    "OPT_N": "P.1261.2019.10694",
    "REMARKS": " ",
    "SKALA_X_SY": 1,
    "SKALA_Y_SY": 1,
    "TZ": "0 - nie",
    "WID_SYMB": 1,
    "X_SYMB": 7423822.24,
    "Y_SYMB": 5548171.9
   },
   "type": "Feature"
  },
  {
   "geometry": {
    "coordinates": [
     19.935535,
     50.055687
    ],
    "type": "Point"
   },
   "id": 217,
   "properties": {
    "AKTUALNOSC": 1685318400000,
    "DKP_N": "GSPOPM",
    "DPZ": " ",
    "DTM": 1578787200000,
    "DTP": " ",
    "FID": 217,
    "ID": 45895399,
    "ID_IIP": "4EAF9C5D-413E-4BCF-B8E0-001979800107",
    "ISDP_FID": "OBJ_BT_ZAG_P.2688",
    "JE_NAZWA": "Śródmieście",
    "JE_NR": "126105_9",
    "KAT_SYMB": 0,
    "KOD": "GSPOPM",
    "KOD_NZ": "Pomnik",
    "KRG_D": "jedn. ewid. Śródmieście (Przedsiębiorstwo Geodezyjne \"GEOPROF\" s.c. Jarosław Kożuch, Sławomir Zając)",
    "KRG_N": "GD-13.6640.4461.2019",
    "MPD_D": "pomiar bezpośredni",
    "MPD_N": "O",
    "NR": " ",
    "OBR_NAZWA": " ",
    "OBR_NR": " ",
    "OPT_D": " ",
    "OPT_N": "P.1261.2019.10694",
    "REMARKS": " ",
    "SKALA_X_SY": 1,
    "SKALA_Y_SY": 1,
    "TZ": "0 - nie",
    "WID_SYMB": 1,
    "X_SYMB": 7423777.22,
    "Y_SYMB": 5547156.88
   },
   "type": "Feature"
  },
  {
   "geometry": {
    "coordinates": [
     19.933096,
     50.062637
    ],
    "type": "Point"
   },
   "id": 218,
   "properties": {
    "AKTUALNOSC": 1685318400000,
    "DKP_N": "GSPOPM",
    "DPZ": " ",
    "DTM": 1578787200000,
    "DTP": " ",
    "FID": 218,
    "ID": 45895402,
    "ID_IIP": "4EAF9C5D-413E-4BCF-B8E0-001984590107",
    "ISDP_FID": "OBJ_BT_ZAG_P.2689",
    "JE_NAZWA": "Śródmieście",
    "JE_NR": "126105_9",
    "KAT_SYMB": 0,
    "KOD": "GSPOPM",
    "KOD_NZ": "Pomnik",
    "KRG_D": "jedn. ewid. Śródmieście (Przedsiębiorstwo Geodezyjne \"GEOPROF\" s.c. Jarosław Kożuch, Sławomir Zając)",
    "KRG_N": "GD-13.6640.4461.2019",
    "MPD_D": "pomiar bezpośredni",
    "MPD_N": "O",
    "NR": " ",
    "OBR_NAZWA": " ",
    "OBR_NR": " ",
    "OPT_D": " ",
    "OPT_N": "P.1261.2019.10694",
    "REMARKS": " ",
    "SKALA_X_SY": 1,
    "SKALA_Y_SY": 1,
    "TZ": "0 - nie",
    "WID_SYMB": 1,
    "X_SYMB": 7423613.56,
    "Y_SYMB": 5547932.32
   },
   "type": "Feature"
  },
  {
   "geometry": {
    "coordinates": [
     19.935961,
     50.058946
    ],
    "type": "Point"
   },
   "id": 219,
   "properties": {
    "AKTUALNOSC": 1685318400000,
    "DKP_N": "GSPOPM",
    "DPZ": " ",
    "DTM": 1578787200000,
    "DTP": " ",
    "FID": 219,
    "ID": 45895404,
    "ID_IIP": "4EAF9C5D-413E-4BCF-B8E0-001998230107",
    "ISDP_FID": "OBJ_BT_ZAG_P.2690",
    "JE_NAZWA": "Śródmieście",
    "JE_NR": "126105_9",
    "KAT_SYMB": 0,
    "KOD": "GSPOPM",
    "KOD_NZ": "Pomnik",
    "KRG_D": "jedn. ewid. Śródmieście (Przedsiębiorstwo Geodezyjne \"GEOPROF\" s.c. Jarosław Kożuch, Sławomir Zając)",
    "KRG_N": "GD-13.6640.4461.2019",
    "MPD_D": "pomiar bezpośredni",
    "MPD_N": "O",
    "NR": " ",
    "OBR_NAZWA": " ",
    "OBR_NR": " ",
    "OPT_D": " ",
    "OPT_N": "P.1261.2019.10694",
    "REMARKS": " ",
    "SKALA_X_SY": 1,
    "SKALA_Y_SY": 1,
    "TZ": "0 - nie",
    "WID_SYMB": 1,
    "X_SYMB": 7423812.89,
    "Y_SYMB": 5547518.82
   },
   "type": "Feature"
  },
  {
   "geometry": {
    "coordinates": [
     19.935529,
     50.05925
    ],
    "type": "Point"
   },
   "id": 220,
   "properties": {
    "AKTUALNOSC": 1685318400000,
    "DKP_N": "GSPOPM",
    "DPZ": " ",
    "DTM": 1578787200000,
    "DTP": " ",
    "FID": 220,
    "ID": 45895407,
    "ID_IIP": "4EAF9C5D-413E-4BCF-B8E0-001998790107",
    "ISDP_FID": "OBJ_BT_ZAG_P.2691",
    "JE_NAZWA": "Śródmieście",
    "JE_NR": "126105_9",
    "KAT_SYMB": 0,
    "KOD": "GSPOPM",
    "KOD_NZ": "Pomnik",
    "KRG_D": "jedn. ewid. Śródmieście (Przedsiębiorstwo Geodezyjne \"GEOPROF\" s.c. Jarosław Kożuch, Sławomir Zając)",
    "KRG_N": "GD-13.6640.4461.2019",
    "MPD_D": "pomiar bezpośredni",
    "MPD_N": "O",
    "NR": " ",
    "OBR_NAZWA": " ",
    "OBR_NR": " ",
    "OPT_D": " ",
    "OPT_N": "P.1261.2019.10694",
    "REMARKS": " ",
    "SKALA_X_SY": 1,
    "SKALA_Y_SY": 1,
    "TZ": "0 - nie",
    "WID_SYMB": 1,
    "X_SYMB": 7423782.41,
    "Y_SYMB": 5547553.06
   },
   "type": "Feature"
  },
  {
   "geometry": {
    "coordinates": [
     19.935063,
     50.054916
    ],
    "type": "Point"
   },
   "id": 221,
   "properties": {
    "AKTUALNOSC": 1685318400000,
    "DKP_N": "GSPOPM",
    "DPZ": " ",
    "DTM": 1578787200000,
    "DTP": " ",
    "FID": 221,
    "ID": 45895410,
    "ID_IIP": "4EAF9C5D-413E-4BCF-B8E0-002016590107",
    "ISDP_FID": "OBJ_BT_ZAG_P.2692",
    "JE_NAZWA": "Śródmieście",
    "JE_NR": "126105_9",
    "KAT_SYMB": 0,
    "KOD": "GSPOPM",
    "KOD_NZ": "Pomnik",
    "KRG_D": "jedn. ewid. Śródmieście (Przedsiębiorstwo Geodezyjne \"GEOPROF\" s.c. Jarosław Kożuch, Sławomir Zając)",
    "KRG_N": "GD-13.6640.4461.2019",
    "MPD_D": "pomiar bezpośredni",
    "MPD_N": "O",
    "NR": " ",
    "OBR_NAZWA": " ",
    "OBR_NR": " ",
    "OPT_D": " ",
    "OPT_N": "P.1261.2019.10694",
    "REMARKS": "pomnik T. Kościuszki",
    "SKALA_X_SY": 1,
    "SKALA_Y_SY": 1,
    "TZ": "0 - nie",
    "WID_SYMB": 1,
    "X_SYMB": 7423742.17,
    "Y_SYMB": 5547071.51
   },
   "type": "Feature"
  },
  {
   "geometry": {
    "coordinates": [
     19.938446,
     50.054312
    ],
    "type": "Point"
   },
   "id": 222,
   "properties": {
    "AKTUALNOSC": 1685318400000,
    "DKP_N": "GSPOPM",
    "DPZ": " ",
    "DTM": 1578787200000,
    "DTP": " ",
    "FID": 222,
    "ID": 45895466,
    "ID_IIP": "4EAF9C5D-413E-4BCF-B8E0-002041750107",
    "ISDP_FID": "OBJ_BT_ZAG_P.2694",
    "JE_NAZWA": "Śródmieście",
    "JE_NR": "126105_9",
    "KAT_SYMB": 0,
    "KOD": "GSPOPM",
    "KOD_NZ": "Pomnik",
    "KRG_D": "jedn. ewid. Śródmieście (Przedsiębiorstwo Geodezyjne \"GEOPROF\" s.c. Jarosław Kożuch, Sławomir Zając)",
    "KRG_N": "GD-13.6640.4461.2019",
    "MPD_D": "pomiar bezpośredni",
    "MPD_N": "O",
    "NR": " ",
    "OBR_NAZWA": " ",
    "OBR_NR": " ",
    "OPT_D": " ",
    "OPT_N": "P.1261.2019.10694",
    "REMARKS": " ",
    "SKALA_X_SY": 1,
    "SKALA_Y_SY": 1,
    "TZ": "0 - nie",
    "WID_SYMB": 1,
    "X_SYMB": 7423983.46,
    "Y_SYMB": 5547000.98
   },
   "type": "Feature"
  },
  {
   "geometry": {
    "coordinates": [
     19.956026,
     50.078318
    ],
    "type": "Point"
   },
   "id": 223,
   "properties": {
    "AKTUALNOSC": 1685318400000,
    "DKP_N": "GSPOPM",
    "DPZ": " ",
    "DTM": 1578787200000,
    "DTP": " ",
    "FID": 223,
    "ID": 45919541,
    "ID_IIP": "4EAF9C5D-413E-4BCF-B8E0-005298250107",
    "ISDP_FID": "OBJ_BT_ZAG_P.2695",
    "JE_NAZWA": "Śródmieście",
    "JE_NR": "126105_9",
    "KAT_SYMB": 0,
    "KOD": "GSPOPM",
    "KOD_NZ": "Pomnik",
    "KRG_D": "jedn. ewid. Śródmieście (Przedsiębiorstwo Geodezyjne \"GEOPROF\" s.c. Jarosław Kożuch, Sławomir Zając)",
    "KRG_N": "GD-13.6640.4461.2019",
    "MPD_D": "wektoryzacja",
    "MPD_N": "D",
    "NR": " ",
    "OBR_NAZWA": " ",
    "OBR_NR": " ",
    "OPT_D": " ",
    "OPT_N": "P.1261.2019.10694",
    "REMARKS": " ",
    "SKALA_X_SY": 1,
    "SKALA_Y_SY": 1,
    "TZ": "0 - nie",
    "WID_SYMB": 1,
    "X_SYMB": 7425279.63,
    "Y_SYMB": 5549653.12
   },
   "type": "Feature"
  },
  {
   "geometry": {
    "coordinates": [
     19.952589,
     50.075059
    ],
    "type": "Point"
   },
   "id": 224,
   "properties": {
    "AKTUALNOSC": 1685318400000,
    "DKP_N": "GSPOPM",
    "DPZ": " ",
    "DTM": 1578787200000,
    "DTP": " ",
    "FID": 224,
    "ID": 45919542,
    "ID_IIP": "4EAF9C5D-413E-4BCF-B8E0-005345710107",
    "ISDP_FID": "OBJ_BT_ZAG_P.2696",
    "JE_NAZWA": "Śródmieście",
    "JE_NR": "126105_9",
    "KAT_SYMB": 0,
    "KOD": "GSPOPM",
    "KOD_NZ": "Pomnik",
    "KRG_D": "jedn. ewid. Śródmieście (Przedsiębiorstwo Geodezyjne \"GEOPROF\" s.c. Jarosław Kożuch, Sławomir Zając)",
    "KRG_N": "GD-13.6640.4461.2019",
    "MPD_D": "wektoryzacja",
    "MPD_N": "D",
    "NR": " ",
    "OBR_NAZWA": " ",
    "OBR_NR": " ",
    "OPT_D": " ",
    "OPT_N": "P.1261.2019.10694",
    "REMARKS": " ",
    "SKALA_X_SY": 1,
    "SKALA_Y_SY": 1,
    "TZ": "0 - nie",
    "WID_SYMB": 1,
    "X_SYMB": 7425028.53,
    "Y_SYMB": 5549294.07
   },
   "type": "Feature"
  },
  {
   "geometry": {
    "coordinates": [
     19.946293,
     50.07479
    ],
    "type": "Point"
   },
   "id": 225,
   "properties": {
    "AKTUALNOSC": 1685318400000,
    "DKP_N": "GSPOPM",
    "DPZ": " ",
    "DTM": 1578787200000,
    "DTP": " ",
    "FID": 225,
    "ID": 45919545,
    "ID_IIP": "4EAF9C5D-413E-4BCF-B8E0-005346520107",
    "ISDP_FID": "OBJ_BT_ZAG_P.2697",
    "JE_NAZWA": "Śródmieście",
    "JE_NR": "126105_9",
    "KAT_SYMB": 0,
    "KOD": "GSPOPM",
    "KOD_NZ": "Pomnik",
    "KRG_D": "jedn. ewid. Śródmieście (Przedsiębiorstwo Geodezyjne \"GEOPROF\" s.c. Jarosław Kożuch, Sławomir Zając)",
    "KRG_N": "GD-13.6640.4461.2019",
    "MPD_D": "wektoryzacja",
    "MPD_N": "D",
    "NR": " ",
    "OBR_NAZWA": " ",
    "OBR_NR": " ",
    "OPT_D": " ",
    "OPT_N": "P.1261.2019.10694",
    "REMARKS": " ",
    "SKALA_X_SY": 1,
    "SKALA_Y_SY": 1,
    "TZ": "0 - nie",
    "WID_SYMB": 1,
    "X_SYMB": 7424577.53,
    "Y_SYMB": 5549270.51
   },
   "type": "Feature"
  },
  {
   "geometry": {
    "coordinates": [
     19.95164,
     50.068554
    ],
    "type": "Point"
   },
   "id": 226,
   "properties": {
    "AKTUALNOSC": 1685318400000,
    "DKP_N": "GSPOPM",
    "DPZ": " ",
    "DTM": 1578787200000,
    "DTP": " ",
    "FID": 226,
    "ID": 45919548,
    "ID_IIP": "4EAF9C5D-413E-4BCF-B8E0-005679760107",
    "ISDP_FID": "OBJ_BT_ZAG_P.2698",
    "JE_NAZWA": "Śródmieście",
    "JE_NR": "126105_9",
    "KAT_SYMB": 0,
    "KOD": "GSPOPM",
    "KOD_NZ": "Pomnik",
    "KRG_D": "jedn. ewid. Śródmieście (Przedsiębiorstwo Geodezyjne \"GEOPROF\" s.c. Jarosław Kożuch, Sławomir Zając)",
    "KRG_N": "GD-13.6640.4461.2019",
    "MPD_D": "wektoryzacja",
    "MPD_N": "D",
    "NR": " ",
    "OBR_NAZWA": " ",
    "OBR_NR": " ",
    "OPT_D": " ",
    "OPT_N": "P.1261.2019.10694",
    "REMARKS": " ",
    "SKALA_X_SY": 1,
    "SKALA_Y_SY": 1,
    "TZ": "0 - nie",
    "WID_SYMB": 1,
    "X_SYMB": 7424950.5,
    "Y_SYMB": 5548571.55
   },
   "type": "Feature"
  },
  {
   "geometry": {
    "coordinates": [
     19.952607,
     50.06872
    ],
    "type": "Point"
   },
   "id": 227,
   "properties": {
    "AKTUALNOSC": 1685318400000,
    "DKP_N": "GSPOPM",
    "DPZ": " ",
    "DTM": 1578787200000,
    "DTP": " ",
    "FID": 227,
    "ID": 45919550,
    "ID_IIP": "4EAF9C5D-413E-4BCF-B8E0-005686020107",
    "ISDP_FID": "OBJ_BT_ZAG_P.2699",
    "JE_NAZWA": "Śródmieście",
    "JE_NR": "126105_9",
    "KAT_SYMB": 0,
    "KOD": "GSPOPM",
    "KOD_NZ": "Pomnik",
    "KRG_D": "jedn. ewid. Śródmieście (Przedsiębiorstwo Geodezyjne \"GEOPROF\" s.c. Jarosław Kożuch, Sławomir Zając)",
    "KRG_N": "GD-13.6640.4461.2019",
    "MPD_D": "wektoryzacja",
    "MPD_N": "D",
    "NR": " ",
    "OBR_NAZWA": " ",
    "OBR_NR": " ",
    "OPT_D": " ",
    "OPT_N": "P.1261.2019.10694",
    "REMARKS": " ",
    "SKALA_X_SY": 1,
    "SKALA_Y_SY": 1,
    "TZ": "0 - nie",
    "WID_SYMB": 1,
    "X_SYMB": 7425019.95,
    "Y_SYMB": 5548589.06
   },
   "type": "Feature"
  },
  {
   "geometry": {
    "coordinates": [
     19.95447,
     50.068574
    ],
    "type": "Point"
   },
   "id": 228,
   "properties": {
    "AKTUALNOSC": 1685318400000,
    "DKP_N": "GSPOPM",
    "DPZ": " ",
    "DTM": 1578787200000,
    "DTP": " ",
    "FID": 228,
    "ID": 45919552,
    "ID_IIP": "4EAF9C5D-413E-4BCF-B8E0-005730380107",
    "ISDP_FID": "OBJ_BT_ZAG_P.2700",
    "JE_NAZWA": "Śródmieście",
    "JE_NR": "126105_9",
    "KAT_SYMB": 0,
    "KOD": "GSPOPM",
    "KOD_NZ": "Pomnik",
    "KRG_D": "jedn. ewid. Śródmieście (Przedsiębiorstwo Geodezyjne \"GEOPROF\" s.c. Jarosław Kożuch, Sławomir Zając)",
    "KRG_N": "GD-13.6640.4461.2019",
    "MPD_D": "wektoryzacja",
    "MPD_N": "D",
    "NR": " ",
    "OBR_NAZWA": " ",
    "OBR_NR": " ",
    "OPT_D": " ",
    "OPT_N": "P.1261.2019.10694",
    "REMARKS": " ",
    "SKALA_X_SY": 1,
    "SKALA_Y_SY": 1,
    "TZ": "0 - nie",
    "WID_SYMB": 1,
    "X_SYMB": 7425153.13,
    "Y_SYMB": 5548570.96
   },
   "type": "Feature"
  },
  {
   "geometry": {
    "coordinates": [
     19.949797,
     50.066052
    ],
    "type": "Point"
   },
   "id": 229,
   "properties": {
    "AKTUALNOSC": 1685318400000,
    "DKP_N": "GSPOPM",
    "DPZ": " ",
    "DTM": 1578787200000,
    "DTP": " ",
    "FID": 229,
    "ID": 45958123,
    "ID_IIP": "4EAF9C5D-413E-4BCF-B8E0-001468180107",
    "ISDP_FID": "OBJ_BT_ZAG_P.2717",
    "JE_NAZWA": "Śródmieście",
    "JE_NR": "126105_9",
    "KAT_SYMB": 0,
    "KOD": "GSPOPM",
    "KOD_NZ": "Pomnik",
    "KRG_D": "jedn. ewid. Śródmieście (Przedsiębiorstwo Geodezyjne \"GEOPROF\" s.c. Jarosław Kożuch, Sławomir Zając)",
    "KRG_N": "GD-13.6640.4461.2019",
    "MPD_D": "pomiar bezpośredni",
    "MPD_N": "O",
    "NR": " ",
    "OBR_NAZWA": " ",
    "OBR_NR": " ",
    "OPT_D": " ",
    "OPT_N": "P.1261.2019.10694",
    "REMARKS": " ",
    "SKALA_X_SY": 1,
    "SKALA_Y_SY": 1,
    "TZ": "0 - nie",
    "WID_SYMB": 1,
    "X_SYMB": 7424814.61,
    "Y_SYMB": 5548295.19
   },
   "type": "Feature"
  },
  {
   "geometry": {
    "coordinates": [
     19.949805,
     50.066075
    ],
    "type": "Point"
   },
   "id": 230,
   "properties": {
    "AKTUALNOSC": 1685318400000,
    "DKP_N": "GSPOPM",
    "DPZ": " ",
    "DTM": 1578787200000,
    "DTP": " ",
    "FID": 230,
    "ID": 45958124,
    "ID_IIP": "4EAF9C5D-413E-4BCF-B8E0-001468190107",
    "ISDP_FID": "OBJ_BT_ZAG_P.2718",
    "JE_NAZWA": "Śródmieście",
    "JE_NR": "126105_9",
    "KAT_SYMB": 0,
    "KOD": "GSPOPM",
    "KOD_NZ": "Pomnik",
    "KRG_D": "jedn. ewid. Śródmieście (Przedsiębiorstwo Geodezyjne \"GEOPROF\" s.c. Jarosław Kożuch, Sławomir Zając)",
    "KRG_N": "GD-13.6640.4461.2019",
    "MPD_D": "pomiar bezpośredni",
    "MPD_N": "O",
    "NR": " ",
    "OBR_NAZWA": " ",
    "OBR_NR": " ",
    "OPT_D": " ",
    "OPT_N": "P.1261.2019.10694",
    "REMARKS": " ",
    "SKALA_X_SY": 1,
    "SKALA_Y_SY": 1,
    "TZ": "0 - nie",
    "WID_SYMB": 1,
    "X_SYMB": 7424815.26,
    "Y_SYMB": 5548297.67
   },
   "type": "Feature"
  },
  {
   "geometry": {
    "coordinates": [
     19.94182,
     50.047355
    ],
    "type": "Point"
   },
   "id": 231,
   "properties": {
    "AKTUALNOSC": 1685318400000,
    "DKP_N": "GSPOPM",
    "DPZ": " ",
    "DTM": 1578787200000,
    "DTP": " ",
    "FID": 231,
    "ID": 45958125,
    "ID_IIP": "4EAF9C5D-413E-4BCF-B8E0-001921320107",
    "ISDP_FID": "OBJ_BT_ZAG_P.2719",
    "JE_NAZWA": "Śródmieście",
    "JE_NR": "126105_9",
    "KAT_SYMB": 0,
    "KOD": "GSPOPM",
    "KOD_NZ": "Pomnik",
    "KRG_D": "jedn. ewid. Śródmieście (Przedsiębiorstwo Geodezyjne \"GEOPROF\" s.c. Jarosław Kożuch, Sławomir Zając)",
    "KRG_N": "GD-13.6640.4461.2019",
    "MPD_D": "pomiar bezpośredni",
    "MPD_N": "O",
    "NR": " ",
    "OBR_NAZWA": " ",
    "OBR_NR": " ",
    "OPT_D": " ",
    "OPT_N": "P.1261.2019.10694",
    "REMARKS": " ",
    "SKALA_X_SY": 1,
    "SKALA_Y_SY": 1,
    "TZ": "0 - nie",
    "WID_SYMB": 1,
    "X_SYMB": 7424214.12,
    "Y_SYMB": 5546223.72
   },
   "type": "Feature"
  },
  {
   "geometry": {
    "coordinates": [
     19.948038,
     50.05278
    ],
    "type": "Point"
   },
   "id": 232,
   "properties": {
    "AKTUALNOSC": 1685318400000,
    "DKP_N": "GSPOPM",
    "DPZ": " ",
    "DTM": 1578787200000,
    "DTP": " ",
    "FID": 232,
    "ID": 45958126,
    "ID_IIP": "4EAF9C5D-413E-4BCF-B8E0-001974770107",
    "ISDP_FID": "OBJ_BT_ZAG_P.2720",
    "JE_NAZWA": "Śródmieście",
    "JE_NR": "126105_9",
    "KAT_SYMB": 0,
    "KOD": "GSPOPM",
    "KOD_NZ": "Pomnik",
    "KRG_D": "jedn. ewid. Śródmieście (Przedsiębiorstwo Geodezyjne \"GEOPROF\" s.c. Jarosław Kożuch, Sławomir Zając)",
    "KRG_N": "GD-13.6640.4461.2019",
    "MPD_D": "pomiar bezpośredni",
    "MPD_N": "O",
    "NR": " ",
    "OBR_NAZWA": " ",
    "OBR_NR": " ",
    "OPT_D": " ",
    "OPT_N": "P.1261.2019.10694",
    "REMARKS": " ",
    "SKALA_X_SY": 1,
    "SKALA_Y_SY": 1,
    "TZ": "0 - nie",
    "WID_SYMB": 1,
    "X_SYMB": 7424667.96,
    "Y_SYMB": 5546820.86
   },
   "type": "Feature"
  },
  {
   "geometry": {
    "coordinates": [
     19.948622,
     50.051595
    ],
    "type": "Point"
   },
   "id": 233,
   "properties": {
    "AKTUALNOSC": 1685318400000,
    "DKP_N": "GSPOPM",
    "DPZ": " ",
    "DTM": 1578787200000,
    "DTP": " ",
    "FID": 233,
    "ID": 45958127,
    "ID_IIP": "4EAF9C5D-413E-4BCF-B8E0-002016280107",
    "ISDP_FID": "OBJ_BT_ZAG_P.2721",
    "JE_NAZWA": "Śródmieście",
    "JE_NR": "126105_9",
    "KAT_SYMB": 0,
    "KOD": "GSPOPM",
    "KOD_NZ": "Pomnik",
    "KRG_D": "jedn. ewid. Śródmieście (Przedsiębiorstwo Geodezyjne \"GEOPROF\" s.c. Jarosław Kożuch, Sławomir Zając)",
    "KRG_N": "GD-13.6640.4461.2019",
    "MPD_D": "pomiar bezpośredni",
    "MPD_N": "O",
    "NR": " ",
    "OBR_NAZWA": " ",
    "OBR_NR": " ",
    "OPT_D": " ",
    "OPT_N": "P.1261.2019.10694",
    "REMARKS": " ",
    "SKALA_X_SY": 1,
    "SKALA_Y_SY": 1,
    "TZ": "0 - nie",
    "WID_SYMB": 1,
    "X_SYMB": 7424707.93,
    "Y_SYMB": 5546688.41
   },
   "type": "Feature"
  },
  {
   "geometry": {
    "coordinates": [
     19.950043,
     50.054057
    ],
    "type": "Point"
   },
   "id": 234,
   "properties": {
    "AKTUALNOSC": 1685318400000,
    "DKP_N": "GSPOPM",
    "DPZ": " ",
    "DTM": 1578787200000,
    "DTP": " ",
    "FID": 234,
    "ID": 45958128,
    "ID_IIP": "4EAF9C5D-413E-4BCF-B8E0-004082190107",
    "ISDP_FID": "OBJ_BT_ZAG_P.2722",
    "JE_NAZWA": "Śródmieście",
    "JE_NR": "126105_9",
    "KAT_SYMB": 0,
    "KOD": "GSPOPM",
    "KOD_NZ": "Pomnik",
    "KRG_D": "jedn. ewid. Śródmieście (Przedsiębiorstwo Geodezyjne \"GEOPROF\" s.c. Jarosław Kożuch, Sławomir Zając)",
    "KRG_N": "GD-13.6640.4461.2019",
    "MPD_D": "wektoryzacja",
    "MPD_N": "D",
    "NR": " ",
    "OBR_NAZWA": " ",
    "OBR_NR": " ",
    "OPT_D": " ",
    "OPT_N": "P.1261.2019.10694",
    "REMARKS": " ",
    "SKALA_X_SY": 1,
    "SKALA_Y_SY": 1,
    "TZ": "0 - nie",
    "WID_SYMB": 1,
    "X_SYMB": 7424813.51,
    "Y_SYMB": 5546960.83
   },
   "type": "Feature"
  },
  {
   "geometry": {
    "coordinates": [
     19.954023,
     50.054994
    ],
    "type": "Point"
   },
   "id": 235,
   "properties": {
    "AKTUALNOSC": 1685318400000,
    "DKP_N": "GSPOPM",
    "DPZ": " ",
    "DTM": 1578787200000,
    "DTP": " ",
    "FID": 235,
    "ID": 45958129,
    "ID_IIP": "4EAF9C5D-413E-4BCF-B8E0-004719960107",
    "ISDP_FID": "OBJ_BT_ZAG_P.2723",
    "JE_NAZWA": "Śródmieście",
    "JE_NR": "126105_9",
    "KAT_SYMB": 0,
    "KOD": "GSPOPM",
    "KOD_NZ": "Pomnik",
    "KRG_D": "jedn. ewid. Śródmieście (Przedsiębiorstwo Geodezyjne \"GEOPROF\" s.c. Jarosław Kożuch, Sławomir Zając)",
    "KRG_N": "GD-13.6640.4461.2019",
    "MPD_D": "wektoryzacja",
    "MPD_N": "D",
    "NR": " ",
    "OBR_NAZWA": " ",
    "OBR_NR": " ",
    "OPT_D": " ",
    "OPT_N": "P.1261.2019.10694",
    "REMARKS": " ",
    "SKALA_X_SY": 1,
    "SKALA_Y_SY": 1,
    "TZ": "0 - nie",
    "WID_SYMB": 1,
    "X_SYMB": 7425099.98,
    "Y_SYMB": 5547061.11
   },
   "type": "Feature"
  },
  {
   "geometry": {
    "coordinates": [
     19.955634,
     50.056668
    ],
    "type": "Point"
   },
   "id": 236,
   "properties": {
    "AKTUALNOSC": 1685318400000,
    "DKP_N": "GSPOPM",
    "DPZ": " ",
    "DTM": 1578787200000,
    "DTP": " ",
    "FID": 236,
    "ID": 45958130,
    "ID_IIP": "4EAF9C5D-413E-4BCF-B8E0-004818900107",
    "ISDP_FID": "OBJ_BT_ZAG_P.2724",
    "JE_NAZWA": "Śródmieście",
    "JE_NR": "126105_9",
    "KAT_SYMB": 0,
    "KOD": "GSPOPM",
    "KOD_NZ": "Pomnik",
    "KRG_D": "jedn. ewid. Śródmieście (Przedsiębiorstwo Geodezyjne \"GEOPROF\" s.c. Jarosław Kożuch, Sławomir Zając)",
    "KRG_N": "GD-13.6640.4461.2019",
    "MPD_D": "wektoryzacja",
    "MPD_N": "D",
    "NR": " ",
    "OBR_NAZWA": " ",
    "OBR_NR": " ",
    "OPT_D": " ",
    "OPT_N": "P.1261.2019.10694",
    "REMARKS": " ",
    "SKALA_X_SY": 1,
    "SKALA_Y_SY": 1,
    "TZ": "0 - nie",
    "WID_SYMB": 1,
    "X_SYMB": 7425217.95,
    "Y_SYMB": 5547245.67
   },
   "type": "Feature"
  },
  {
   "geometry": {
    "coordinates": [
     19.955627,
     50.056828
    ],
    "type": "Point"
   },
   "id": 237,
   "properties": {
    "AKTUALNOSC": 1685318400000,
    "DKP_N": "GSPOPM",
    "DPZ": " ",
    "DTM": 1578787200000,
    "DTP": " ",
    "FID": 237,
    "ID": 45958131,
    "ID_IIP": "4EAF9C5D-413E-4BCF-B8E0-004818910107",
    "ISDP_FID": "OBJ_BT_ZAG_P.2725",
    "JE_NAZWA": "Śródmieście",
    "JE_NR": "126105_9",
    "KAT_SYMB": 0,
    "KOD": "GSPOPM",
    "KOD_NZ": "Pomnik",
    "KRG_D": "jedn. ewid. Śródmieście (Przedsiębiorstwo Geodezyjne \"GEOPROF\" s.c. Jarosław Kożuch, Sławomir Zając)",
    "KRG_N": "GD-13.6640.4461.2019",
    "MPD_D": "wektoryzacja",
    "MPD_N": "D",
    "NR": " ",
    "OBR_NAZWA": " ",
    "OBR_NR": " ",
    "OPT_D": " ",
    "OPT_N": "P.1261.2019.10694",
    "REMARKS": " ",
    "SKALA_X_SY": 1,
    "SKALA_Y_SY": 1,
    "TZ": "0 - nie",
    "WID_SYMB": 1,
    "X_SYMB": 7425217.67,
    "Y_SYMB": 5547263.42
   },
   "type": "Feature"
  },
  {
   "geometry": {
    "coordinates": [
     19.950151,
     50.065536
    ],
    "type": "Point"
   },
   "id": 238,
   "properties": {
    "AKTUALNOSC": 1685318400000,
    "DKP_N": "GSPOPM",
    "DPZ": " ",
    "DTM": 1578787200000,
    "DTP": " ",
    "FID": 238,
    "ID": 45958132,
    "ID_IIP": "4EAF9C5D-413E-4BCF-B8E0-003337090107",
    "ISDP_FID": "OBJ_BT_ZAG_P.2726",
    "JE_NAZWA": "Śródmieście",
    "JE_NR": "126105_9",
    "KAT_SYMB": 0,
    "KOD": "GSPOPM",
    "KOD_NZ": "Pomnik",
    "KRG_D": "jedn. ewid. Śródmieście (Przedsiębiorstwo Geodezyjne \"GEOPROF\" s.c. Jarosław Kożuch, Sławomir Zając)",
    "KRG_N": "GD-13.6640.4461.2019",
    "MPD_D": "wektoryzacja",
    "MPD_N": "D",
    "NR": " ",
    "OBR_NAZWA": " ",
    "OBR_NR": " ",
    "OPT_D": " ",
    "OPT_N": "P.1261.2019.10694",
    "REMARKS": " ",
    "SKALA_X_SY": 1,
    "SKALA_Y_SY": 1,
    "TZ": "0 - nie",
    "WID_SYMB": 1,
    "X_SYMB": 7424839.15,
    "Y_SYMB": 5548237.47
   },
   "type": "Feature"
  },
  {
   "geometry": {
    "coordinates": [
     19.94986,
     50.065565
    ],
    "type": "Point"
   },
   "id": 239,
   "properties": {
    "AKTUALNOSC": 1685318400000,
    "DKP_N": "GSPOPM",
    "DPZ": " ",
    "DTM": 1578787200000,
    "DTP": " ",
    "FID": 239,
    "ID": 45958133,
    "ID_IIP": "4EAF9C5D-413E-4BCF-B8E0-003337100107",
    "ISDP_FID": "OBJ_BT_ZAG_P.2727",
    "JE_NAZWA": "Śródmieście",
    "JE_NR": "126105_9",
    "KAT_SYMB": 0,
    "KOD": "GSPOPM",
    "KOD_NZ": "Pomnik",
    "KRG_D": "jedn. ewid. Śródmieście (Przedsiębiorstwo Geodezyjne \"GEOPROF\" s.c. Jarosław Kożuch, Sławomir Zając)",
    "KRG_N": "GD-13.6640.4461.2019",
    "MPD_D": "wektoryzacja",
    "MPD_N": "D",
    "NR": " ",
    "OBR_NAZWA": " ",
    "OBR_NR": " ",
    "OPT_D": " ",
    "OPT_N": "P.1261.2019.10694",
    "REMARKS": " ",
    "SKALA_X_SY": 1,
    "SKALA_Y_SY": 1,
    "TZ": "0 - nie",
    "WID_SYMB": 1,
    "X_SYMB": 7424818.37,
    "Y_SYMB": 5548240.95
   },
   "type": "Feature"
  },
  {
   "geometry": {
    "coordinates": [
     19.949543,
     50.065235
    ],
    "type": "Point"
   },
   "id": 240,
   "properties": {
    "AKTUALNOSC": 1685318400000,
    "DKP_N": "GSPOPM",
    "DPZ": " ",
    "DTM": 1578787200000,
    "DTP": " ",
    "FID": 240,
    "ID": 45958134,
    "ID_IIP": "4EAF9C5D-413E-4BCF-B8E0-003337420107",
    "ISDP_FID": "OBJ_BT_ZAG_P.2728",
    "JE_NAZWA": "Śródmieście",
    "JE_NR": "126105_9",
    "KAT_SYMB": 0,
    "KOD": "GSPOPM",
    "KOD_NZ": "Pomnik",
    "KRG_D": "jedn. ewid. Śródmieście (Przedsiębiorstwo Geodezyjne \"GEOPROF\" s.c. Jarosław Kożuch, Sławomir Zając)",
    "KRG_N": "GD-13.6640.4461.2019",
    "MPD_D": "wektoryzacja",
    "MPD_N": "D",
    "NR": " ",
    "OBR_NAZWA": " ",
    "OBR_NR": " ",
    "OPT_D": " ",
    "OPT_N": "P.1261.2019.10694",
    "REMARKS": " ",
    "SKALA_X_SY": 1,
    "SKALA_Y_SY": 1,
    "TZ": "0 - nie",
    "WID_SYMB": 1,
    "X_SYMB": 7424795.2,
    "Y_SYMB": 5548204.57
   },
   "type": "Feature"
  },
  {
   "geometry": {
    "coordinates": [
     19.94957,
     50.065328
    ],
    "type": "Point"
   },
   "id": 241,
   "properties": {
    "AKTUALNOSC": 1685318400000,
    "DKP_N": "GSPOPM",
    "DPZ": " ",
    "DTM": 1578787200000,
    "DTP": " ",
    "FID": 241,
    "ID": 45958135,
    "ID_IIP": "4EAF9C5D-413E-4BCF-B8E0-003337430107",
    "ISDP_FID": "OBJ_BT_ZAG_P.2729",
    "JE_NAZWA": "Śródmieście",
    "JE_NR": "126105_9",
    "KAT_SYMB": 0,
    "KOD": "GSPOPM",
    "KOD_NZ": "Pomnik",
    "KRG_D": "jedn. ewid. Śródmieście (Przedsiębiorstwo Geodezyjne \"GEOPROF\" s.c. Jarosław Kożuch, Sławomir Zając)",
    "KRG_N": "GD-13.6640.4461.2019",
    "MPD_D": "wektoryzacja",
    "MPD_N": "D",
    "NR": " ",
    "OBR_NAZWA": " ",
    "OBR_NR": " ",
    "OPT_D": " ",
    "OPT_N": "P.1261.2019.10694",
    "REMARKS": " ",
    "SKALA_X_SY": 1,
    "SKALA_Y_SY": 1,
    "TZ": "0 - nie",
    "WID_SYMB": 1,
    "X_SYMB": 7424797.29,
    "Y_SYMB": 5548214.87
   },
   "type": "Feature"
  },
  {
   "geometry": {
    "coordinates": [
     19.949865,
     50.06551
    ],
    "type": "Point"
   },
   "id": 242,
   "properties": {
    "AKTUALNOSC": 1685318400000,
    "DKP_N": "GSPOPM",
    "DPZ": " ",
    "DTM": 1578787200000,
    "DTP": " ",
    "FID": 242,
    "ID": 45958136,
    "ID_IIP": "4EAF9C5D-413E-4BCF-B8E0-003337440107",
    "ISDP_FID": "OBJ_BT_ZAG_P.2730",
    "JE_NAZWA": "Śródmieście",
    "JE_NR": "126105_9",
    "KAT_SYMB": 0,
    "KOD": "GSPOPM",
    "KOD_NZ": "Pomnik",
    "KRG_D": "jedn. ewid. Śródmieście (Przedsiębiorstwo Geodezyjne \"GEOPROF\" s.c. Jarosław Kożuch, Sławomir Zając)",
    "KRG_N": "GD-13.6640.4461.2019",
    "MPD_D": "wektoryzacja",
    "MPD_N": "D",
    "NR": " ",
    "OBR_NAZWA": " ",
    "OBR_NR": " ",
    "OPT_D": " ",
    "OPT_N": "P.1261.2019.10694",
    "REMARKS": " ",
    "SKALA_X_SY": 1,
    "SKALA_Y_SY": 1,
    "TZ": "0 - nie",
    "WID_SYMB": 1,
    "X_SYMB": 7424818.65,
    "Y_SYMB": 5548234.79
   },
   "type": "Feature"
  },
  {
   "geometry": {
    "coordinates": [
     19.949788,
     50.065467
    ],
    "type": "Point"
   },
   "id": 243,
   "properties": {
    "AKTUALNOSC": 1685318400000,
    "DKP_N": "GSPOPM",
    "DPZ": " ",
    "DTM": 1578787200000,
    "DTP": " ",
    "FID": 243,
    "ID": 45958137,
    "ID_IIP": "4EAF9C5D-413E-4BCF-B8E0-003337450107",
    "ISDP_FID": "OBJ_BT_ZAG_P.2731",
    "JE_NAZWA": "Śródmieście",
    "JE_NR": "126105_9",
    "KAT_SYMB": 0,
    "KOD": "GSPOPM",
    "KOD_NZ": "Pomnik",
    "KRG_D": "jedn. ewid. Śródmieście (Przedsiębiorstwo Geodezyjne \"GEOPROF\" s.c. Jarosław Kożuch, Sławomir Zając)",
    "KRG_N": "GD-13.6640.4461.2019",
    "MPD_D": "wektoryzacja",
    "MPD_N": "D",
    "NR": " ",
    "OBR_NAZWA": " ",
    "OBR_NR": " ",
    "OPT_D": " ",
    "OPT_N": "P.1261.2019.10694",
    "REMARKS": " ",
    "SKALA_X_SY": 1,
    "SKALA_Y_SY": 1,
    "TZ": "0 - nie",
    "WID_SYMB": 1,
    "X_SYMB": 7424813.07,
    "Y_SYMB": 5548230.14
   },
   "type": "Feature"
  },
  {
   "geometry": {
    "coordinates": [
     19.949823,
     50.065371
    ],
    "type": "Point"
   },
   "id": 244,
   "properties": {
    "AKTUALNOSC": 1685318400000,
    "DKP_N": "GSPOPM",
    "DPZ": " ",
    "DTM": 1578787200000,
    "DTP": " ",
    "FID": 244,
    "ID": 45958138,
    "ID_IIP": "4EAF9C5D-413E-4BCF-B8E0-003337460107",
    "ISDP_FID": "OBJ_BT_ZAG_P.2732",
    "JE_NAZWA": "Śródmieście",
    "JE_NR": "126105_9",
    "KAT_SYMB": 0,
    "KOD": "GSPOPM",
    "KOD_NZ": "Pomnik",
    "KRG_D": "jedn. ewid. Śródmieście (Przedsiębiorstwo Geodezyjne \"GEOPROF\" s.c. Jarosław Kożuch, Sławomir Zając)",
    "KRG_N": "GD-13.6640.4461.2019",
    "MPD_D": "wektoryzacja",
    "MPD_N": "D",
    "NR": " ",
    "OBR_NAZWA": " ",
    "OBR_NR": " ",
    "OPT_D": " ",
    "OPT_N": "P.1261.2019.10694",
    "REMARKS": " ",
    "SKALA_X_SY": 1,
    "SKALA_Y_SY": 1,
    "TZ": "0 - nie",
    "WID_SYMB": 1,
    "X_SYMB": 7424815.46,
    "Y_SYMB": 5548219.4
   },
   "type": "Feature"
  },
  {
   "geometry": {
    "coordinates": [
     19.949861,
     50.065328
    ],
    "type": "Point"
   },
   "id": 245,
   "properties": {
    "AKTUALNOSC": 1685318400000,
    "DKP_N": "GSPOPM",
    "DPZ": " ",
    "DTM": 1578787200000,
    "DTP": " ",
    "FID": 245,
    "ID": 45958139,
    "ID_IIP": "4EAF9C5D-413E-4BCF-B8E0-003337470107",
    "ISDP_FID": "OBJ_BT_ZAG_P.2733",
    "JE_NAZWA": "Śródmieście",
    "JE_NR": "126105_9",
    "KAT_SYMB": 0,
    "KOD": "GSPOPM",
    "KOD_NZ": "Pomnik",
    "KRG_D": "jedn. ewid. Śródmieście (Przedsiębiorstwo Geodezyjne \"GEOPROF\" s.c. Jarosław Kożuch, Sławomir Zając)",
    "KRG_N": "GD-13.6640.4461.2019",
    "MPD_D": "wektoryzacja",
    "MPD_N": "D",
    "NR": " ",
    "OBR_NAZWA": " ",
    "OBR_NR": " ",
    "OPT_D": " ",
    "OPT_N": "P.1261.2019.10694",
    "REMARKS": " ",
    "SKALA_X_SY": 1,
    "SKALA_Y_SY": 1,
    "TZ": "0 - nie",
    "WID_SYMB": 1,
    "X_SYMB": 7424818.09,
    "Y_SYMB": 5548214.6
   },
   "type": "Feature"
  },
  {
   "geometry": {
    "coordinates": [
     19.949962,
     50.065399
    ],
    "type": "Point"
   },
   "id": 246,
   "properties": {
    "AKTUALNOSC": 1685318400000,
    "DKP_N": "GSPOPM",
    "DPZ": " ",
    "DTM": 1578787200000,
    "DTP": " ",
    "FID": 246,
    "ID": 45958140,
    "ID_IIP": "4EAF9C5D-413E-4BCF-B8E0-003337480107",
    "ISDP_FID": "OBJ_BT_ZAG_P.2734",
    "JE_NAZWA": "Śródmieście",
    "JE_NR": "126105_9",
    "KAT_SYMB": 0,
    "KOD": "GSPOPM",
    "KOD_NZ": "Pomnik",
    "KRG_D": "jedn. ewid. Śródmieście (Przedsiębiorstwo Geodezyjne \"GEOPROF\" s.c. Jarosław Kożuch, Sławomir Zając)",
    "KRG_N": "GD-13.6640.4461.2019",
    "MPD_D": "wektoryzacja",
    "MPD_N": "D",
    "NR": " ",
    "OBR_NAZWA": " ",
    "OBR_NR": " ",
    "OPT_D": " ",
    "OPT_N": "P.1261.2019.10694",
    "REMARKS": " ",
    "SKALA_X_SY": 1,
    "SKALA_Y_SY": 1,
    "TZ": "0 - nie",
    "WID_SYMB": 1,
    "X_SYMB": 7424825.43,
    "Y_SYMB": 5548222.34
   },
   "type": "Feature"
  },
  {
   "geometry": {
    "coordinates": [
     19.950277,
     50.0665
    ],
    "type": "Point"
   },
   "id": 247,
   "properties": {
    "AKTUALNOSC": 1685318400000,
    "DKP_N": "GSPOPM",
    "DPZ": " ",
    "DTM": 1578787200000,
    "DTP": " ",
    "FID": 247,
    "ID": 45958141,
    "ID_IIP": "4EAF9C5D-413E-4BCF-B8E0-003828990107",
    "ISDP_FID": "OBJ_BT_ZAG_P.2735",
    "JE_NAZWA": "Śródmieście",
    "JE_NR": "126105_9",
    "KAT_SYMB": 0,
    "KOD": "GSPOPM",
    "KOD_NZ": "Pomnik",
    "KRG_D": "jedn. ewid. Śródmieście (Przedsiębiorstwo Geodezyjne \"GEOPROF\" s.c. Jarosław Kożuch, Sławomir Zając)",
    "KRG_N": "GD-13.6640.4461.2019",
    "MPD_D": "wektoryzacja",
    "MPD_N": "D",
    "NR": " ",
    "OBR_NAZWA": " ",
    "OBR_NR": " ",
    "OPT_D": " ",
    "OPT_N": "P.1261.2019.10694",
    "REMARKS": " ",
    "SKALA_X_SY": 1,
    "SKALA_Y_SY": 1,
    "TZ": "0 - nie",
    "WID_SYMB": 1,
    "X_SYMB": 7424849.69,
    "Y_SYMB": 5548344.47
   },
   "type": "Feature"
  },
  {
   "geometry": {
    "coordinates": [
     19.949798,
     50.065417
    ],
    "type": "Point"
   },
   "id": 248,
   "properties": {
    "AKTUALNOSC": 1685318400000,
    "DKP_N": "GSPOPM",
    "DPZ": " ",
    "DTM": 1578787200000,
    "DTP": " ",
    "FID": 248,
    "ID": 45958142,
    "ID_IIP": "4EAF9C5D-413E-4BCF-B8E0-013313120107",
    "ISDP_FID": "OBJ_BT_ZAG_P.2736",
    "JE_NAZWA": "Śródmieście",
    "JE_NR": "126105_9",
    "KAT_SYMB": 0,
    "KOD": "GSPOPM",
    "KOD_NZ": "Pomnik",
    "KRG_D": "jedn. ewid. Śródmieście (Przedsiębiorstwo Geodezyjne \"GEOPROF\" s.c. Jarosław Kożuch, Sławomir Zając)",
    "KRG_N": "GD-13.6640.4461.2019",
    "MPD_D": "pomiar bezpośredni",
    "MPD_N": "O",
    "NR": " ",
    "OBR_NAZWA": " ",
    "OBR_NR": " ",
    "OPT_D": " ",
    "OPT_N": "P.1261.2019.10694",
    "REMARKS": " ",
    "SKALA_X_SY": 1,
    "SKALA_Y_SY": 1,
    "TZ": "0 - nie",
    "WID_SYMB": 1,
    "X_SYMB": 7424813.71,
    "Y_SYMB": 5548224.57
   },
   "type": "Feature"
  },
  {
   "geometry": {
    "coordinates": [
     19.949528,
     50.06519
    ],
    "type": "Point"
   },
   "id": 249,
   "properties": {
    "AKTUALNOSC": 1685318400000,
    "DKP_N": "GSPOPM",
    "DPZ": " ",
    "DTM": 1578787200000,
    "DTP": " ",
    "FID": 249,
    "ID": 45958143,
    "ID_IIP": "4EAF9C5D-413E-4BCF-B8E0-013691330107",
    "ISDP_FID": "OBJ_BT_ZAG_P.2737",
    "JE_NAZWA": "Śródmieście",
    "JE_NR": "126105_9",
    "KAT_SYMB": 0,
    "KOD": "GSPOPM",
    "KOD_NZ": "Pomnik",
    "KRG_D": "jedn. ewid. Śródmieście (Przedsiębiorstwo Geodezyjne \"GEOPROF\" s.c. Jarosław Kożuch, Sławomir Zając)",
    "KRG_N": "GD-13.6640.4461.2019",
    "MPD_D": "wektoryzacja",
    "MPD_N": "D",
    "NR": " ",
    "OBR_NAZWA": " ",
    "OBR_NR": " ",
    "OPT_D": " ",
    "OPT_N": "P.1261.2019.10694",
    "REMARKS": " ",
    "SKALA_X_SY": 1,
    "SKALA_Y_SY": 1,
    "TZ": "0 - nie",
    "WID_SYMB": 1,
    "X_SYMB": 7424794.01,
    "Y_SYMB": 5548199.57
   },
   "type": "Feature"
  },
  {
   "geometry": {
    "coordinates": [
     19.949532,
     50.06521
    ],
    "type": "Point"
   },
   "id": 250,
   "properties": {
    "AKTUALNOSC": 1685318400000,
    "DKP_N": "GSPOPM",
    "DPZ": " ",
    "DTM": 1578787200000,
    "DTP": " ",
    "FID": 250,
    "ID": 45958094,
    "ID_IIP": "4EAF9C5D-413E-4BCF-B8E0-001467890107",
    "ISDP_FID": "OBJ_BT_ZAG_P.2751",
    "JE_NAZWA": "Śródmieście",
    "JE_NR": "126105_9",
    "KAT_SYMB": 0,
    "KOD": "GSPOPM",
    "KOD_NZ": "Pomnik",
    "KRG_D": "jedn. ewid. Śródmieście (Przedsiębiorstwo Geodezyjne \"GEOPROF\" s.c. Jarosław Kożuch, Sławomir Zając)",
    "KRG_N": "GD-13.6640.4461.2019",
    "MPD_D": "pomiar bezpośredni",
    "MPD_N": "O",
    "NR": " ",
    "OBR_NAZWA": " ",
    "OBR_NR": " ",
    "OPT_D": " ",
    "OPT_N": "P.1261.2019.10694",
    "REMARKS": " ",
    "SKALA_X_SY": 1,
    "SKALA_Y_SY": 1,
    "TZ": "0 - nie",
    "WID_SYMB": 1,
    "X_SYMB": 7424794.35,
    "Y_SYMB": 5548201.78
   },
   "type": "Feature"
  },
  {
   "geometry": {
    "coordinates": [
     19.949559,
     50.065358
    ],
    "type": "Point"
   },
   "id": 251,
   "properties": {
    "AKTUALNOSC": 1685318400000,
    "DKP_N": "GSPOPM",
    "DPZ": " ",
    "DTM": 1578787200000,
    "DTP": " ",
    "FID": 251,
    "ID": 45958095,
    "ID_IIP": "4EAF9C5D-413E-4BCF-B8E0-001467900107",
    "ISDP_FID": "OBJ_BT_ZAG_P.2752",
    "JE_NAZWA": "Śródmieście",
    "JE_NR": "126105_9",
    "KAT_SYMB": 0,
    "KOD": "GSPOPM",
    "KOD_NZ": "Pomnik",
    "KRG_D": "jedn. ewid. Śródmieście (Przedsiębiorstwo Geodezyjne \"GEOPROF\" s.c. Jarosław Kożuch, Sławomir Zając)",
    "KRG_N": "GD-13.6640.4461.2019",
    "MPD_D": "pomiar bezpośredni",
    "MPD_N": "O",
    "NR": " ",
    "OBR_NAZWA": " ",
    "OBR_NR": " ",
    "OPT_D": " ",
    "OPT_N": "P.1261.2019.10694",
    "REMARKS": " ",
    "SKALA_X_SY": 1,
    "SKALA_Y_SY": 1,
    "TZ": "0 - nie",
    "WID_SYMB": 1,
    "X_SYMB": 7424796.52,
    "Y_SYMB": 5548218.19
   },
   "type": "Feature"
  },
  {
   "geometry": {
    "coordinates": [
     19.949567,
     50.065384
    ],
    "type": "Point"
   },
   "id": 252,
   "properties": {
    "AKTUALNOSC": 1685318400000,
    "DKP_N": "GSPOPM",
    "DPZ": " ",
    "DTM": 1578787200000,
    "DTP": " ",
    "FID": 252,
    "ID": 45958096,
    "ID_IIP": "4EAF9C5D-413E-4BCF-B8E0-001467910107",
    "ISDP_FID": "OBJ_BT_ZAG_P.2753",
    "JE_NAZWA": "Śródmieście",
    "JE_NR": "126105_9",
    "KAT_SYMB": 0,
    "KOD": "GSPOPM",
    "KOD_NZ": "Pomnik",
    "KRG_D": "jedn. ewid. Śródmieście (Przedsiębiorstwo Geodezyjne \"GEOPROF\" s.c. Jarosław Kożuch, Sławomir Zając)",
    "KRG_N": "GD-13.6640.4461.2019",
    "MPD_D": "pomiar bezpośredni",
    "MPD_N": "O",
    "NR": " ",
    "OBR_NAZWA": " ",
    "OBR_NR": " ",
    "OPT_D": " ",
    "OPT_N": "P.1261.2019.10694",
    "REMARKS": " ",
    "SKALA_X_SY": 1,
    "SKALA_Y_SY": 1,
    "TZ": "0 - nie",
    "WID_SYMB": 1,
    "X_SYMB": 7424797.15,
    "Y_SYMB": 5548221.1
   },
   "type": "Feature"
  },
  {
   "geometry": {
    "coordinates": [
     19.949573,
     50.065407
    ],
    "type": "Point"
   },
   "id": 253,
   "properties": {
    "AKTUALNOSC": 1685318400000,
    "DKP_N": "GSPOPM",
    "DPZ": " ",
    "DTM": 1578787200000,
    "DTP": " ",
    "FID": 253,
    "ID": 45958097,
    "ID_IIP": "4EAF9C5D-413E-4BCF-B8E0-001467920107",
    "ISDP_FID": "OBJ_BT_ZAG_P.2754",
    "JE_NAZWA": "Śródmieście",
    "JE_NR": "126105_9",
    "KAT_SYMB": 0,
    "KOD": "GSPOPM",
    "KOD_NZ": "Pomnik",
    "KRG_D": "jedn. ewid. Śródmieście (Przedsiębiorstwo Geodezyjne \"GEOPROF\" s.c. Jarosław Kożuch, Sławomir Zając)",
    "KRG_N": "GD-13.6640.4461.2019",
    "MPD_D": "pomiar bezpośredni",
    "MPD_N": "O",
    "NR": " ",
    "OBR_NAZWA": " ",
    "OBR_NR": " ",
    "OPT_D": " ",
    "OPT_N": "P.1261.2019.10694",
    "REMARKS": " ",
    "SKALA_X_SY": 1,
    "SKALA_Y_SY": 1,
    "TZ": "0 - nie",
    "WID_SYMB": 1,
    "X_SYMB": 7424797.59,
    "Y_SYMB": 5548223.7
   },
   "type": "Feature"
  },
  {
   "geometry": {
    "coordinates": [
     19.949581,
     50.065433
    ],
    "type": "Point"
   },
   "id": 254,
   "properties": {
    "AKTUALNOSC": 1685318400000,
    "DKP_N": "GSPOPM",
    "DPZ": " ",
    "DTM": 1578787200000,
    "DTP": " ",
    "FID": 254,
    "ID": 45958098,
    "ID_IIP": "4EAF9C5D-413E-4BCF-B8E0-001467930107",
    "ISDP_FID": "OBJ_BT_ZAG_P.2755",
    "JE_NAZWA": "Śródmieście",
    "JE_NR": "126105_9",
    "KAT_SYMB": 0,
    "KOD": "GSPOPM",
    "KOD_NZ": "Pomnik",
    "KRG_D": "jedn. ewid. Śródmieście (Przedsiębiorstwo Geodezyjne \"GEOPROF\" s.c. Jarosław Kożuch, Sławomir Zając)",
    "KRG_N": "GD-13.6640.4461.2019",
    "MPD_D": "pomiar bezpośredni",
    "MPD_N": "O",
    "NR": " ",
    "OBR_NAZWA": " ",
    "OBR_NR": " ",
    "OPT_D": " ",
    "OPT_N": "P.1261.2019.10694",
    "REMARKS": " ",
    "SKALA_X_SY": 1,
    "SKALA_Y_SY": 1,
    "TZ": "0 - nie",
    "WID_SYMB": 1,
    "X_SYMB": 7424798.23,
    "Y_SYMB": 5548226.55
   },
   "type": "Feature"
  },
  {
   "geometry": {
    "coordinates": [
     19.949588,
     50.065456
    ],
    "type": "Point"
   },
   "id": 255,
   "properties": {
    "AKTUALNOSC": 1685318400000,
    "DKP_N": "GSPOPM",
    "DPZ": " ",
    "DTM": 1578787200000,
    "DTP": " ",
    "FID": 255,
    "ID": 45958099,
    "ID_IIP": "4EAF9C5D-413E-4BCF-B8E0-001467940107",
    "ISDP_FID": "OBJ_BT_ZAG_P.2756",
    "JE_NAZWA": "Śródmieście",
    "JE_NR": "126105_9",
    "KAT_SYMB": 0,
    "KOD": "GSPOPM",
    "KOD_NZ": "Pomnik",
    "KRG_D": "jedn. ewid. Śródmieście (Przedsiębiorstwo Geodezyjne \"GEOPROF\" s.c. Jarosław Kożuch, Sławomir Zając)",
    "KRG_N": "GD-13.6640.4461.2019",
    "MPD_D": "pomiar bezpośredni",
    "MPD_N": "O",
    "NR": " ",
    "OBR_NAZWA": " ",
    "OBR_NR": " ",
    "OPT_D": " ",
    "OPT_N": "P.1261.2019.10694",
    "REMARKS": " ",
    "SKALA_X_SY": 1,
    "SKALA_Y_SY": 1,
    "TZ": "0 - nie",
    "WID_SYMB": 1,
    "X_SYMB": 7424798.78,
    "Y_SYMB": 5548229.13
   },
   "type": "Feature"
  },
  {
   "geometry": {
    "coordinates": [
     19.949595,
     50.06548
    ],
    "type": "Point"
   },
   "id": 256,
   "properties": {
    "AKTUALNOSC": 1685318400000,
    "DKP_N": "GSPOPM",
    "DPZ": " ",
    "DTM": 1578787200000,
    "DTP": " ",
    "FID": 256,
    "ID": 45958100,
    "ID_IIP": "4EAF9C5D-413E-4BCF-B8E0-001467950107",
    "ISDP_FID": "OBJ_BT_ZAG_P.2757",
    "JE_NAZWA": "Śródmieście",
    "JE_NR": "126105_9",
    "KAT_SYMB": 0,
    "KOD": "GSPOPM",
    "KOD_NZ": "Pomnik",
    "KRG_D": "jedn. ewid. Śródmieście (Przedsiębiorstwo Geodezyjne \"GEOPROF\" s.c. Jarosław Kożuch, Sławomir Zając)",
    "KRG_N": "GD-13.6640.4461.2019",
    "MPD_D": "pomiar bezpośredni",
    "MPD_N": "O",
    "NR": " ",
    "OBR_NAZWA": " ",
    "OBR_NR": " ",
    "OPT_D": " ",
    "OPT_N": "P.1261.2019.10694",
    "REMARKS": " ",
    "SKALA_X_SY": 1,
    "SKALA_Y_SY": 1,
    "TZ": "0 - nie",
    "WID_SYMB": 1,
    "X_SYMB": 7424799.32,
    "Y_SYMB": 5548231.78
   },
   "type": "Feature"
  },
  {
   "geometry": {
    "coordinates": [
     19.949604,
     50.065507
    ],
    "type": "Point"
   },
   "id": 257,
   "properties": {
    "AKTUALNOSC": 1685318400000,
    "DKP_N": "GSPOPM",
    "DPZ": " ",
    "DTM": 1578787200000,
    "DTP": " ",
    "FID": 257,
    "ID": 45958101,
    "ID_IIP": "4EAF9C5D-413E-4BCF-B8E0-001467960107",
    "ISDP_FID": "OBJ_BT_ZAG_P.2758",
    "JE_NAZWA": "Śródmieście",
    "JE_NR": "126105_9",
    "KAT_SYMB": 0,
    "KOD": "GSPOPM",
    "KOD_NZ": "Pomnik",
    "KRG_D": "jedn. ewid. Śródmieście (Przedsiębiorstwo Geodezyjne \"GEOPROF\" s.c. Jarosław Kożuch, Sławomir Zając)",
    "KRG_N": "GD-13.6640.4461.2019",
    "MPD_D": "pomiar bezpośredni",
    "MPD_N": "O",
    "NR": " ",
    "OBR_NAZWA": " ",
    "OBR_NR": " ",
    "OPT_D": " ",
    "OPT_N": "P.1261.2019.10694",
    "REMARKS": " ",
    "SKALA_X_SY": 1,
    "SKALA_Y_SY": 1,
    "TZ": "0 - nie",
    "WID_SYMB": 1,
    "X_SYMB": 7424799.94,
    "Y_SYMB": 5548234.75
   },
   "type": "Feature"
  },
  {
   "geometry": {
    "coordinates": [
     19.949611,
     50.065531
    ],
    "type": "Point"
   },
   "id": 258,
   "properties": {
    "AKTUALNOSC": 1685318400000,
    "DKP_N": "GSPOPM",
    "DPZ": " ",
    "DTM": 1578787200000,
    "DTP": " ",
    "FID": 258,
    "ID": 45958102,
    "ID_IIP": "4EAF9C5D-413E-4BCF-B8E0-001467970107",
    "ISDP_FID": "OBJ_BT_ZAG_P.2759",
    "JE_NAZWA": "Śródmieście",
    "JE_NR": "126105_9",
    "KAT_SYMB": 0,
    "KOD": "GSPOPM",
    "KOD_NZ": "Pomnik",
    "KRG_D": "jedn. ewid. Śródmieście (Przedsiębiorstwo Geodezyjne \"GEOPROF\" s.c. Jarosław Kożuch, Sławomir Zając)",
    "KRG_N": "GD-13.6640.4461.2019",
    "MPD_D": "pomiar bezpośredni",
    "MPD_N": "O",
    "NR": " ",
    "OBR_NAZWA": " ",
    "OBR_NR": " ",
    "OPT_D": " ",
    "OPT_N": "P.1261.2019.10694",
    "REMARKS": " ",
    "SKALA_X_SY": 1,
    "SKALA_Y_SY": 1,
    "TZ": "0 - nie",
    "WID_SYMB": 1,
    "X_SYMB": 7424800.49,
    "Y_SYMB": 5548237.42
   },
   "type": "Feature"
  },
  {
   "geometry": {
    "coordinates": [
     19.949617,
     50.065553
    ],
    "type": "Point"
   },
   "id": 259,
   "properties": {
    "AKTUALNOSC": 1685318400000,
    "DKP_N": "GSPOPM",
    "DPZ": " ",
    "DTM": 1578787200000,
    "DTP": " ",
    "FID": 259,
    "ID": 45958103,
    "ID_IIP": "4EAF9C5D-413E-4BCF-B8E0-001467980107",
    "ISDP_FID": "OBJ_BT_ZAG_P.2760",
    "JE_NAZWA": "Śródmieście",
    "JE_NR": "126105_9",
    "KAT_SYMB": 0,
    "KOD": "GSPOPM",
    "KOD_NZ": "Pomnik",
    "KRG_D": "jedn. ewid. Śródmieście (Przedsiębiorstwo Geodezyjne \"GEOPROF\" s.c. Jarosław Kożuch, Sławomir Zając)",
    "KRG_N": "GD-13.6640.4461.2019",
    "MPD_D": "pomiar bezpośredni",
    "MPD_N": "O",
    "NR": " ",
    "OBR_NAZWA": " ",
    "OBR_NR": " ",
    "OPT_D": " ",
    "OPT_N": "P.1261.2019.10694",
    "REMARKS": " ",
    "SKALA_X_SY": 1,
    "SKALA_Y_SY": 1,
    "TZ": "0 - nie",
    "WID_SYMB": 1,
    "X_SYMB": 7424800.99,
    "Y_SYMB": 5548239.87
   },
   "type": "Feature"
  },
  {
   "geometry": {
    "coordinates": [
     19.949622,
     50.065571
    ],
    "type": "Point"
   },
   "id": 260,
   "properties": {
    "AKTUALNOSC": 1685318400000,
    "DKP_N": "GSPOPM",
    "DPZ": " ",
    "DTM": 1578787200000,
    "DTP": " ",
    "FID": 260,
    "ID": 45958104,
    "ID_IIP": "4EAF9C5D-413E-4BCF-B8E0-001467990107",
    "ISDP_FID": "OBJ_BT_ZAG_P.2761",
    "JE_NAZWA": "Śródmieście",
    "JE_NR": "126105_9",
    "KAT_SYMB": 0,
    "KOD": "GSPOPM",
    "KOD_NZ": "Pomnik",
    "KRG_D": "jedn. ewid. Śródmieście (Przedsiębiorstwo Geodezyjne \"GEOPROF\" s.c. Jarosław Kożuch, Sławomir Zając)",
    "KRG_N": "GD-13.6640.4461.2019",
    "MPD_D": "pomiar bezpośredni",
    "MPD_N": "O",
    "NR": " ",
    "OBR_NAZWA": " ",
    "OBR_NR": " ",
    "OPT_D": " ",
    "OPT_N": "P.1261.2019.10694",
    "REMARKS": " ",
    "SKALA_X_SY": 1,
    "SKALA_Y_SY": 1,
    "TZ": "0 - nie",
    "WID_SYMB": 1,
    "X_SYMB": 7424801.38,
    "Y_SYMB": 5548241.87
   },
   "type": "Feature"
  },
  {
   "geometry": {
    "coordinates": [
     19.94963,
     50.065596
    ],
    "type": "Point"
   },
   "id": 261,
   "properties": {
    "AKTUALNOSC": 1685318400000,
    "DKP_N": "GSPOPM",
    "DPZ": " ",
    "DTM": 1578787200000,
    "DTP": " ",
    "FID": 261,
    "ID": 45958105,
    "ID_IIP": "4EAF9C5D-413E-4BCF-B8E0-001468000107",
    "ISDP_FID": "OBJ_BT_ZAG_P.2762",
    "JE_NAZWA": "Śródmieście",
    "JE_NR": "126105_9",
    "KAT_SYMB": 0,
    "KOD": "GSPOPM",
    "KOD_NZ": "Pomnik",
    "KRG_D": "jedn. ewid. Śródmieście (Przedsiębiorstwo Geodezyjne \"GEOPROF\" s.c. Jarosław Kożuch, Sławomir Zając)",
    "KRG_N": "GD-13.6640.4461.2019",
    "MPD_D": "pomiar bezpośredni",
    "MPD_N": "O",
    "NR": " ",
    "OBR_NAZWA": " ",
    "OBR_NR": " ",
    "OPT_D": " ",
    "OPT_N": "P.1261.2019.10694",
    "REMARKS": " ",
    "SKALA_X_SY": 1,
    "SKALA_Y_SY": 1,
    "TZ": "0 - nie",
    "WID_SYMB": 1,
    "X_SYMB": 7424801.97,
    "Y_SYMB": 5548244.56
   },
   "type": "Feature"
  },
  {
   "geometry": {
    "coordinates": [
     19.949637,
     50.065618
    ],
    "type": "Point"
   },
   "id": 262,
   "properties": {
    "AKTUALNOSC": 1685318400000,
    "DKP_N": "GSPOPM",
    "DPZ": " ",
    "DTM": 1578787200000,
    "DTP": " ",
    "FID": 262,
    "ID": 45958106,
    "ID_IIP": "4EAF9C5D-413E-4BCF-B8E0-001468010107",
    "ISDP_FID": "OBJ_BT_ZAG_P.2763",
    "JE_NAZWA": "Śródmieście",
    "JE_NR": "126105_9",
    "KAT_SYMB": 0,
    "KOD": "GSPOPM",
    "KOD_NZ": "Pomnik",
    "KRG_D": "jedn. ewid. Śródmieście (Przedsiębiorstwo Geodezyjne \"GEOPROF\" s.c. Jarosław Kożuch, Sławomir Zając)",
    "KRG_N": "GD-13.6640.4461.2019",
    "MPD_D": "pomiar bezpośredni",
    "MPD_N": "O",
    "NR": " ",
    "OBR_NAZWA": " ",
    "OBR_NR": " ",
    "OPT_D": " ",
    "OPT_N": "P.1261.2019.10694",
    "REMARKS": " ",
    "SKALA_X_SY": 1,
    "SKALA_Y_SY": 1,
    "TZ": "0 - nie",
    "WID_SYMB": 1,
    "X_SYMB": 7424802.49,
    "Y_SYMB": 5548247.04
   },
   "type": "Feature"
  },
  {
   "geometry": {
    "coordinates": [
     19.949645,
     50.065645
    ],
    "type": "Point"
   },
   "id": 263,
   "properties": {
    "AKTUALNOSC": 1685318400000,
    "DKP_N": "GSPOPM",
    "DPZ": " ",
    "DTM": 1578787200000,
    "DTP": " ",
    "FID": 263,
    "ID": 45958107,
    "ID_IIP": "4EAF9C5D-413E-4BCF-B8E0-001468020107",
    "ISDP_FID": "OBJ_BT_ZAG_P.2764",
    "JE_NAZWA": "Śródmieście",
    "JE_NR": "126105_9",
    "KAT_SYMB": 0,
    "KOD": "GSPOPM",
    "KOD_NZ": "Pomnik",
    "KRG_D": "jedn. ewid. Śródmieście (Przedsiębiorstwo Geodezyjne \"GEOPROF\" s.c. Jarosław Kożuch, Sławomir Zając)",
    "KRG_N": "GD-13.6640.4461.2019",
    "MPD_D": "pomiar bezpośredni",
    "MPD_N": "O",
    "NR": " ",
    "OBR_NAZWA": " ",
    "OBR_NR": " ",
    "OPT_D": " ",
    "OPT_N": "P.1261.2019.10694",
    "REMARKS": " ",
    "SKALA_X_SY": 1,
    "SKALA_Y_SY": 1,
    "TZ": "0 - nie",
    "WID_SYMB": 1,
    "X_SYMB": 7424803.15,
    "Y_SYMB": 5548250.05
   },
   "type": "Feature"
  },
  {
   "geometry": {
    "coordinates": [
     19.949653,
     50.065669
    ],
    "type": "Point"
   },
   "id": 264,
   "properties": {
    "AKTUALNOSC": 1685318400000,
    "DKP_N": "GSPOPM",
    "DPZ": " ",
    "DTM": 1578787200000,
    "DTP": " ",
    "FID": 264,
    "ID": 45958108,
    "ID_IIP": "4EAF9C5D-413E-4BCF-B8E0-001468030107",
    "ISDP_FID": "OBJ_BT_ZAG_P.2765",
    "JE_NAZWA": "Śródmieście",
    "JE_NR": "126105_9",
    "KAT_SYMB": 0,
    "KOD": "GSPOPM",
    "KOD_NZ": "Pomnik",
    "KRG_D": "jedn. ewid. Śródmieście (Przedsiębiorstwo Geodezyjne \"GEOPROF\" s.c. Jarosław Kożuch, Sławomir Zając)",
    "KRG_N": "GD-13.6640.4461.2019",
    "MPD_D": "pomiar bezpośredni",
    "MPD_N": "O",
    "NR": " ",
    "OBR_NAZWA": " ",
    "OBR_NR": " ",
    "OPT_D": " ",
    "OPT_N": "P.1261.2019.10694",
    "REMARKS": " ",
    "SKALA_X_SY": 1,
    "SKALA_Y_SY": 1,
    "TZ": "0 - nie",
    "WID_SYMB": 1,
    "X_SYMB": 7424803.73,
    "Y_SYMB": 5548252.7
   },
   "type": "Feature"
  },
  {
   "geometry": {
    "coordinates": [
     19.949661,
     50.065693
    ],
    "type": "Point"
   },
   "id": 265,
   "properties": {
    "AKTUALNOSC": 1685318400000,
    "DKP_N": "GSPOPM",
    "DPZ": " ",
    "DTM": 1578787200000,
    "DTP": " ",
    "FID": 265,
    "ID": 45958109,
    "ID_IIP": "4EAF9C5D-413E-4BCF-B8E0-001468040107",
    "ISDP_FID": "OBJ_BT_ZAG_P.2766",
    "JE_NAZWA": "Śródmieście",
    "JE_NR": "126105_9",
    "KAT_SYMB": 0,
    "KOD": "GSPOPM",
    "KOD_NZ": "Pomnik",
    "KRG_D": "jedn. ewid. Śródmieście (Przedsiębiorstwo Geodezyjne \"GEOPROF\" s.c. Jarosław Kożuch, Sławomir Zając)",
    "KRG_N": "GD-13.6640.4461.2019",
    "MPD_D": "pomiar bezpośredni",
    "MPD_N": "O",
    "NR": " ",
    "OBR_NAZWA": " ",
    "OBR_NR": " ",
    "OPT_D": " ",
    "OPT_N": "P.1261.2019.10694",
    "REMARKS": " ",
    "SKALA_X_SY": 1,
    "SKALA_Y_SY": 1,
    "TZ": "0 - nie",
    "WID_SYMB": 1,
    "X_SYMB": 7424804.35,
    "Y_SYMB": 5548255.41
   },
   "type": "Feature"
  },
  {
   "geometry": {
    "coordinates": [
     19.949712,
     50.06571
    ],
    "type": "Point"
   },
   "id": 266,
   "properties": {
    "AKTUALNOSC": 1685318400000,
    "DKP_N": "GSPOPM",
    "DPZ": " ",
    "DTM": 1578787200000,
    "DTP": " ",
    "FID": 266,
    "ID": 45958110,
    "ID_IIP": "4EAF9C5D-413E-4BCF-B8E0-001468050107",
    "ISDP_FID": "OBJ_BT_ZAG_P.2767",
    "JE_NAZWA": "Śródmieście",
    "JE_NR": "126105_9",
    "KAT_SYMB": 0,
    "KOD": "GSPOPM",
    "KOD_NZ": "Pomnik",
    "KRG_D": "jedn. ewid. Śródmieście (Przedsiębiorstwo Geodezyjne \"GEOPROF\" s.c. Jarosław Kożuch, Sławomir Zając)",
    "KRG_N": "GD-13.6640.4461.2019",
    "MPD_D": "pomiar bezpośredni",
    "MPD_N": "O",
    "NR": " ",
    "OBR_NAZWA": " ",
    "OBR_NR": " ",
    "OPT_D": " ",
    "OPT_N": "P.1261.2019.10694",
    "REMARKS": " ",
    "SKALA_X_SY": 1,
    "SKALA_Y_SY": 1,
    "TZ": "0 - nie",
    "WID_SYMB": 1,
    "X_SYMB": 7424808.02,
    "Y_SYMB": 5548257.26
   },
   "type": "Feature"
  },
  {
   "geometry": {
    "coordinates": [
     19.949722,
     50.065735
    ],
    "type": "Point"
   },
   "id": 267,
   "properties": {
    "AKTUALNOSC": 1685318400000,
    "DKP_N": "GSPOPM",
    "DPZ": " ",
    "DTM": 1578787200000,
    "DTP": " ",
    "FID": 267,
    "ID": 45958111,
    "ID_IIP": "4EAF9C5D-413E-4BCF-B8E0-001468060107",
    "ISDP_FID": "OBJ_BT_ZAG_P.2768",
    "JE_NAZWA": "Śródmieście",
    "JE_NR": "126105_9",
    "KAT_SYMB": 0,
    "KOD": "GSPOPM",
    "KOD_NZ": "Pomnik",
    "KRG_D": "jedn. ewid. Śródmieście (Przedsiębiorstwo Geodezyjne \"GEOPROF\" s.c. Jarosław Kożuch, Sławomir Zając)",
    "KRG_N": "GD-13.6640.4461.2019",
    "MPD_D": "pomiar bezpośredni",
    "MPD_N": "O",
    "NR": " ",
    "OBR_NAZWA": " ",
    "OBR_NR": " ",
    "OPT_D": " ",
    "OPT_N": "P.1261.2019.10694",
    "REMARKS": " ",
    "SKALA_X_SY": 1,
    "SKALA_Y_SY": 1,
    "TZ": "0 - nie",
    "WID_SYMB": 1,
    "X_SYMB": 7424808.74,
    "Y_SYMB": 5548259.96
   },
   "type": "Feature"
  },
  {
   "geometry": {
    "coordinates": [
     19.949731,
     50.065759
    ],
    "type": "Point"
   },
   "id": 268,
   "properties": {
    "AKTUALNOSC": 1685318400000,
    "DKP_N": "GSPOPM",
    "DPZ": " ",
    "DTM": 1578787200000,
    "DTP": " ",
    "FID": 268,
    "ID": 45958112,
    "ID_IIP": "4EAF9C5D-413E-4BCF-B8E0-001468070107",
    "ISDP_FID": "OBJ_BT_ZAG_P.2769",
    "JE_NAZWA": "Śródmieście",
    "JE_NR": "126105_9",
    "KAT_SYMB": 0,
    "KOD": "GSPOPM",
    "KOD_NZ": "Pomnik",
    "KRG_D": "jedn. ewid. Śródmieście (Przedsiębiorstwo Geodezyjne \"GEOPROF\" s.c. Jarosław Kożuch, Sławomir Zając)",
    "KRG_N": "GD-13.6640.4461.2019",
    "MPD_D": "pomiar bezpośredni",
    "MPD_N": "O",
    "NR": " ",
    "OBR_NAZWA": " ",
    "OBR_NR": " ",
    "OPT_D": " ",
    "OPT_N": "P.1261.2019.10694",
    "REMARKS": " ",
    "SKALA_X_SY": 1,
    "SKALA_Y_SY": 1,
    "TZ": "0 - nie",
    "WID_SYMB": 1,
    "X_SYMB": 7424809.43,
    "Y_SYMB": 5548262.66
   },
   "type": "Feature"
  },
  {
   "geometry": {
    "coordinates": [
     19.94974,
     50.065785
    ],
    "type": "Point"
   },
   "id": 269,
   "properties": {
    "AKTUALNOSC": 1685318400000,
    "DKP_N": "GSPOPM",
    "DPZ": " ",
    "DTM": 1578787200000,
    "DTP": " ",
    "FID": 269,
    "ID": 45958113,
    "ID_IIP": "4EAF9C5D-413E-4BCF-B8E0-001468080107",
    "ISDP_FID": "OBJ_BT_ZAG_P.2770",
    "JE_NAZWA": "Śródmieście",
    "JE_NR": "126105_9",
    "KAT_SYMB": 0,
    "KOD": "GSPOPM",
    "KOD_NZ": "Pomnik",
    "KRG_D": "jedn. ewid. Śródmieście (Przedsiębiorstwo Geodezyjne \"GEOPROF\" s.c. Jarosław Kożuch, Sławomir Zając)",
    "KRG_N": "GD-13.6640.4461.2019",
    "MPD_D": "pomiar bezpośredni",
    "MPD_N": "O",
    "NR": " ",
    "OBR_NAZWA": " ",
    "OBR_NR": " ",
    "OPT_D": " ",
    "OPT_N": "P.1261.2019.10694",
    "REMARKS": " ",
    "SKALA_X_SY": 1,
    "SKALA_Y_SY": 1,
    "TZ": "0 - nie",
    "WID_SYMB": 1,
    "X_SYMB": 7424810.13,
    "Y_SYMB": 5548265.48
   },
   "type": "Feature"
  },
  {
   "geometry": {
    "coordinates": [
     19.949749,
     50.06581
    ],
    "type": "Point"
   },
   "id": 270,
   "properties": {
    "AKTUALNOSC": 1685318400000,
    "DKP_N": "GSPOPM",
    "DPZ": " ",
    "DTM": 1578787200000,
    "DTP": " ",
    "FID": 270,
    "ID": 45958114,
    "ID_IIP": "4EAF9C5D-413E-4BCF-B8E0-001468090107",
    "ISDP_FID": "OBJ_BT_ZAG_P.2771",
    "JE_NAZWA": "Śródmieście",
    "JE_NR": "126105_9",
    "KAT_SYMB": 0,
    "KOD": "GSPOPM",
    "KOD_NZ": "Pomnik",
    "KRG_D": "jedn. ewid. Śródmieście (Przedsiębiorstwo Geodezyjne \"GEOPROF\" s.c. Jarosław Kożuch, Sławomir Zając)",
    "KRG_N": "GD-13.6640.4461.2019",
    "MPD_D": "pomiar bezpośredni",
    "MPD_N": "O",
    "NR": " ",
    "OBR_NAZWA": " ",
    "OBR_NR": " ",
    "OPT_D": " ",
    "OPT_N": "P.1261.2019.10694",
    "REMARKS": " ",
    "SKALA_X_SY": 1,
    "SKALA_Y_SY": 1,
    "TZ": "0 - nie",
    "WID_SYMB": 1,
    "X_SYMB": 7424810.84,
    "Y_SYMB": 5548268.25
   },
   "type": "Feature"
  },
  {
   "geometry": {
    "coordinates": [
     19.949764,
     50.065849
    ],
    "type": "Point"
   },
   "id": 271,
   "properties": {
    "AKTUALNOSC": 1685318400000,
    "DKP_N": "GSPOPM",
    "DPZ": " ",
    "DTM": 1578787200000,
    "DTP": " ",
    "FID": 271,
    "ID": 45958115,
    "ID_IIP": "4EAF9C5D-413E-4BCF-B8E0-001468100107",
    "ISDP_FID": "OBJ_BT_ZAG_P.2772",
    "JE_NAZWA": "Śródmieście",
    "JE_NR": "126105_9",
    "KAT_SYMB": 0,
    "KOD": "GSPOPM",
    "KOD_NZ": "Pomnik",
    "KRG_D": "jedn. ewid. Śródmieście (Przedsiębiorstwo Geodezyjne \"GEOPROF\" s.c. Jarosław Kożuch, Sławomir Zając)",
    "KRG_N": "GD-13.6640.4461.2019",
    "MPD_D": "pomiar bezpośredni",
    "MPD_N": "O",
    "NR": " ",
    "OBR_NAZWA": " ",
    "OBR_NR": " ",
    "OPT_D": " ",
    "OPT_N": "P.1261.2019.10694",
    "REMARKS": " ",
    "SKALA_X_SY": 1,
    "SKALA_Y_SY": 1,
    "TZ": "0 - nie",
    "WID_SYMB": 1,
    "X_SYMB": 7424811.93,
    "Y_SYMB": 5548272.63
   },
   "type": "Feature"
  },
  {
   "geometry": {
    "coordinates": [
     19.949773,
     50.065873
    ],
    "type": "Point"
   },
   "id": 272,
   "properties": {
    "AKTUALNOSC": 1685318400000,
    "DKP_N": "GSPOPM",
    "DPZ": " ",
    "DTM": 1578787200000,
    "DTP": " ",
    "FID": 272,
    "ID": 45958116,
    "ID_IIP": "4EAF9C5D-413E-4BCF-B8E0-001468110107",
    "ISDP_FID": "OBJ_BT_ZAG_P.2773",
    "JE_NAZWA": "Śródmieście",
    "JE_NR": "126105_9",
    "KAT_SYMB": 0,
    "KOD": "GSPOPM",
    "KOD_NZ": "Pomnik",
    "KRG_D": "jedn. ewid. Śródmieście (Przedsiębiorstwo Geodezyjne \"GEOPROF\" s.c. Jarosław Kożuch, Sławomir Zając)",
    "KRG_N": "GD-13.6640.4461.2019",
    "MPD_D": "pomiar bezpośredni",
    "MPD_N": "O",
    "NR": " ",
    "OBR_NAZWA": " ",
    "OBR_NR": " ",
    "OPT_D": " ",
    "OPT_N": "P.1261.2019.10694",
    "REMARKS": " ",
    "SKALA_X_SY": 1,
    "SKALA_Y_SY": 1,
    "TZ": "0 - nie",
    "WID_SYMB": 1,
    "X_SYMB": 7424812.63,
    "Y_SYMB": 5548275.31
   },
   "type": "Feature"
  },
  {
   "geometry": {
    "coordinates": [
     19.949783,
     50.065898
    ],
    "type": "Point"
   },
   "id": 273,
   "properties": {
    "AKTUALNOSC": 1685318400000,
    "DKP_N": "GSPOPM",
    "DPZ": " ",
    "DTM": 1578787200000,
    "DTP": " ",
    "FID": 273,
    "ID": 45958117,
    "ID_IIP": "4EAF9C5D-413E-4BCF-B8E0-001468120107",
    "ISDP_FID": "OBJ_BT_ZAG_P.2774",
    "JE_NAZWA": "Śródmieście",
    "JE_NR": "126105_9",
    "KAT_SYMB": 0,
    "KOD": "GSPOPM",
    "KOD_NZ": "Pomnik",
    "KRG_D": "jedn. ewid. Śródmieście (Przedsiębiorstwo Geodezyjne \"GEOPROF\" s.c. Jarosław Kożuch, Sławomir Zając)",
    "KRG_N": "GD-13.6640.4461.2019",
    "MPD_D": "pomiar bezpośredni",
    "MPD_N": "O",
    "NR": " ",
    "OBR_NAZWA": " ",
    "OBR_NR": " ",
    "OPT_D": " ",
    "OPT_N": "P.1261.2019.10694",
    "REMARKS": " ",
    "SKALA_X_SY": 1,
    "SKALA_Y_SY": 1,
    "TZ": "0 - nie",
    "WID_SYMB": 1,
    "X_SYMB": 7424813.37,
    "Y_SYMB": 5548278.05
   },
   "type": "Feature"
  },
  {
   "geometry": {
    "coordinates": [
     19.949791,
     50.065922
    ],
    "type": "Point"
   },
   "id": 274,
   "properties": {
    "AKTUALNOSC": 1685318400000,
    "DKP_N": "GSPOPM",
    "DPZ": " ",
    "DTM": 1578787200000,
    "DTP": " ",
    "FID": 274,
    "ID": 45958118,
    "ID_IIP": "4EAF9C5D-413E-4BCF-B8E0-001468130107",
    "ISDP_FID": "OBJ_BT_ZAG_P.2775",
    "JE_NAZWA": "Śródmieście",
    "JE_NR": "126105_9",
    "KAT_SYMB": 0,
    "KOD": "GSPOPM",
    "KOD_NZ": "Pomnik",
    "KRG_D": "jedn. ewid. Śródmieście (Przedsiębiorstwo Geodezyjne \"GEOPROF\" s.c. Jarosław Kożuch, Sławomir Zając)",
    "KRG_N": "GD-13.6640.4461.2019",
    "MPD_D": "pomiar bezpośredni",
    "MPD_N": "O",
    "NR": " ",
    "OBR_NAZWA": " ",
    "OBR_NR": " ",
    "OPT_D": " ",
    "OPT_N": "P.1261.2019.10694",
    "REMARKS": " ",
    "SKALA_X_SY": 1,
    "SKALA_Y_SY": 1,
    "TZ": "0 - nie",
    "WID_SYMB": 1,
    "X_SYMB": 7424814.03,
    "Y_SYMB": 5548280.73
   },
   "type": "Feature"
  },
  {
   "geometry": {
    "coordinates": [
     19.949801,
     50.065947
    ],
    "type": "Point"
   },
   "id": 275,
   "properties": {
    "AKTUALNOSC": 1685318400000,
    "DKP_N": "GSPOPM",
    "DPZ": " ",
    "DTM": 1578787200000,
    "DTP": " ",
    "FID": 275,
    "ID": 45958119,
    "ID_IIP": "4EAF9C5D-413E-4BCF-B8E0-001468140107",
    "ISDP_FID": "OBJ_BT_ZAG_P.2776",
    "JE_NAZWA": "Śródmieście",
    "JE_NR": "126105_9",
    "KAT_SYMB": 0,
    "KOD": "GSPOPM",
    "KOD_NZ": "Pomnik",
    "KRG_D": "jedn. ewid. Śródmieście (Przedsiębiorstwo Geodezyjne \"GEOPROF\" s.c. Jarosław Kożuch, Sławomir Zając)",
    "KRG_N": "GD-13.6640.4461.2019",
    "MPD_D": "pomiar bezpośredni",
    "MPD_N": "O",
    "NR": " ",
    "OBR_NAZWA": " ",
    "OBR_NR": " ",
    "OPT_D": " ",
    "OPT_N": "P.1261.2019.10694",
    "REMARKS": " ",
    "SKALA_X_SY": 1,
    "SKALA_Y_SY": 1,
    "TZ": "0 - nie",
    "WID_SYMB": 1,
    "X_SYMB": 7424814.75,
    "Y_SYMB": 5548283.53
   },
   "type": "Feature"
  },
  {
   "geometry": {
    "coordinates": [
     19.949809,
     50.06597
    ],
    "type": "Point"
   },
   "id": 276,
   "properties": {
    "AKTUALNOSC": 1685318400000,
    "DKP_N": "GSPOPM",
    "DPZ": " ",
    "DTM": 1578787200000,
    "DTP": " ",
    "FID": 276,
    "ID": 45958120,
    "ID_IIP": "4EAF9C5D-413E-4BCF-B8E0-001468150107",
    "ISDP_FID": "OBJ_BT_ZAG_P.2777",
    "JE_NAZWA": "Śródmieście",
    "JE_NR": "126105_9",
    "KAT_SYMB": 0,
    "KOD": "GSPOPM",
    "KOD_NZ": "Pomnik",
    "KRG_D": "jedn. ewid. Śródmieście (Przedsiębiorstwo Geodezyjne \"GEOPROF\" s.c. Jarosław Kożuch, Sławomir Zając)",
    "KRG_N": "GD-13.6640.4461.2019",
    "MPD_D": "pomiar bezpośredni",
    "MPD_N": "O",
    "NR": " ",
    "OBR_NAZWA": " ",
    "OBR_NR": " ",
    "OPT_D": " ",
    "OPT_N": "P.1261.2019.10694",
    "REMARKS": " ",
    "SKALA_X_SY": 1,
    "SKALA_Y_SY": 1,
    "TZ": "0 - nie",
    "WID_SYMB": 1,
    "X_SYMB": 7424815.36,
    "Y_SYMB": 5548286.07
   },
   "type": "Feature"
  },
  {
   "geometry": {
    "coordinates": [
     19.936743,
     50.055959
    ],
    "type": "Point"
   },
   "id": 277,
   "properties": {
    "AKTUALNOSC": 1685318400000,
    "DKP_N": "GSPOPM",
    "DPZ": " ",
    "DTM": 1578787200000,
    "DTP": " ",
    "FID": 277,
    "ID": 45895588,
    "ID_IIP": "4EAF9C5D-413E-4BCF-B8E0-002087650107",
    "ISDP_FID": "OBJ_BT_ZAG_P.2562",
    "JE_NAZWA": "Śródmieście",
    "JE_NR": "126105_9",
    "KAT_SYMB": 0,
    "KOD": "GSPOPM",
    "KOD_NZ": "Pomnik",
    "KRG_D": "jedn. ewid. Śródmieście (Przedsiębiorstwo Geodezyjne \"GEOPROF\" s.c. Jarosław Kożuch, Sławomir Zając)",
    "KRG_N": "GD-13.6640.4461.2019",
    "MPD_D": "pomiar bezpośredni",
    "MPD_N": "O",
    "NR": " ",
    "OBR_NAZWA": " ",
    "OBR_NR": " ",
    "OPT_D": " ",
    "OPT_N": "P.1261.2019.10694",
    "REMARKS": " ",
    "SKALA_X_SY": 1,
    "SKALA_Y_SY": 1,
    "TZ": "0 - nie",
    "WID_SYMB": 1,
    "X_SYMB": 7423864.13,
    "Y_SYMB": 5547185.83
   },
   "type": "Feature"
  },
  {
   "geometry": {
    "coordinates": [
     19.939007,
     50.063196
    ],
    "type": "Point"
   },
   "id": 278,
   "properties": {
    "AKTUALNOSC": 1685318400000,
    "DKP_N": "GSPOPM",
    "DPZ": " ",
    "DTM": 1578787200000,
    "DTP": " ",
    "FID": 278,
    "ID": 45895639,
    "ID_IIP": "4EAF9C5D-413E-4BCF-B8E0-002100920107",
    "ISDP_FID": "OBJ_BT_ZAG_P.2566",
    "JE_NAZWA": "Śródmieście",
    "JE_NR": "126105_9",
    "KAT_SYMB": 0,
    "KOD": "GSPOPM",
    "KOD_NZ": "Pomnik",
    "KRG_D": "jedn. ewid. Śródmieście (Przedsiębiorstwo Geodezyjne \"GEOPROF\" s.c. Jarosław Kożuch, Sławomir Zając)",
    "KRG_N": "GD-13.6640.4461.2019",
    "MPD_D": "pomiar bezpośredni",
    "MPD_N": "O",
    "NR": " ",
    "OBR_NAZWA": " ",
    "OBR_NR": " ",
    "OPT_D": " ",
    "OPT_N": "P.1261.2019.10694",
    "REMARKS": " ",
    "SKALA_X_SY": 1,
    "SKALA_Y_SY": 1,
    "TZ": "0 - nie",
    "WID_SYMB": 1,
    "X_SYMB": 7424037.64,
    "Y_SYMB": 5547988.48
   },
   "type": "Feature"
  },
  {
   "geometry": {
    "coordinates": [
     19.937639,
     50.056019
    ],
    "type": "Point"
   },
   "id": 279,
   "properties": {
    "AKTUALNOSC": 1685318400000,
    "DKP_N": "GSPOPM",
    "DPZ": " ",
    "DTM": 1578787200000,
    "DTP": " ",
    "FID": 279,
    "ID": 45895713,
    "ID_IIP": "4EAF9C5D-413E-4BCF-B8E0-002123330107",
    "ISDP_FID": "OBJ_BT_ZAG_P.2572",
    "JE_NAZWA": "Śródmieście",
    "JE_NR": "126105_9",
    "KAT_SYMB": 0,
    "KOD": "GSPOPM",
    "KOD_NZ": "Pomnik",
    "KRG_D": "jedn. ewid. Śródmieście (Przedsiębiorstwo Geodezyjne \"GEOPROF\" s.c. Jarosław Kożuch, Sławomir Zając)",
    "KRG_N": "GD-13.6640.4461.2019",
    "MPD_D": "pomiar bezpośredni",
    "MPD_N": "O",
    "NR": " ",
    "OBR_NAZWA": " ",
    "OBR_NR": " ",
    "OPT_D": " ",
    "OPT_N": "P.1261.2019.10694",
    "REMARKS": " ",
    "SKALA_X_SY": 1,
    "SKALA_Y_SY": 1,
    "TZ": "0 - nie",
    "WID_SYMB": 1,
    "X_SYMB": 7423928.41,
    "Y_SYMB": 5547191.56
   },
   "type": "Feature"
  },
  {
   "geometry": {
    "coordinates": [
     19.933972,
     50.062132
    ],
    "type": "Point"
   },
   "id": 280,
   "properties": {
    "AKTUALNOSC": 1685318400000,
    "DKP_N": "GSPOPM",
    "DPZ": " ",
    "DTM": 1578787200000,
    "DTP": " ",
    "FID": 280,
    "ID": 45895793,
    "ID_IIP": "4EAF9C5D-413E-4BCF-B8E0-002135260107",
    "ISDP_FID": "OBJ_BT_ZAG_P.2576",
    "JE_NAZWA": "Śródmieście",
    "JE_NR": "126105_9",
    "KAT_SYMB": 0,
    "KOD": "GSPOPM",
    "KOD_NZ": "Pomnik",
    "KRG_D": "jedn. ewid. Śródmieście (Przedsiębiorstwo Geodezyjne \"GEOPROF\" s.c. Jarosław Kożuch, Sławomir Zając)",
    "KRG_N": "GD-13.6640.4461.2019",
    "MPD_D": "pomiar bezpośredni",
    "MPD_N": "O",
    "NR": " ",
    "OBR_NAZWA": " ",
    "OBR_NR": " ",
    "OPT_D": " ",
    "OPT_N": "P.1261.2019.10694",
    "REMARKS": " ",
    "SKALA_X_SY": 1,
    "SKALA_Y_SY": 1,
    "TZ": "0 - nie",
    "WID_SYMB": 1,
    "X_SYMB": 7423675.5,
    "Y_SYMB": 5547875.25
   },
   "type": "Feature"
  },
  {
   "geometry": {
    "coordinates": [
     19.943272,
     50.069324
    ],
    "type": "Point"
   },
   "id": 281,
   "properties": {
    "AKTUALNOSC": 1685318400000,
    "DKP_N": "GSPOPM",
    "DPZ": " ",
    "DTM": 1578787200000,
    "DTP": " ",
    "FID": 281,
    "ID": 46031984,
    "ID_IIP": "4EAF9C5D-413E-4BCF-B8E0-001803980107",
    "ISDP_FID": "OBJ_BT_ZAG_P.3733",
    "JE_NAZWA": "Śródmieście",
    "JE_NR": "126105_9",
    "KAT_SYMB": 0,
    "KOD": "GSPOPM",
    "KOD_NZ": "Pomnik",
    "KRG_D": "jedn. ewid. Śródmieście (Przedsiębiorstwo Geodezyjne \"GEOPROF\" s.c. Jarosław Kożuch, Sławomir Zając)",
    "KRG_N": "GD-13.6640.4461.2019",
    "MPD_D": "pomiar bezpośredni",
    "MPD_N": "O",
    "NR": " ",
    "OBR_NAZWA": " ",
    "OBR_NR": " ",
    "OPT_D": " ",
    "OPT_N": "P.1261.2019.10694",
    "REMARKS": " ",
    "SKALA_X_SY": 1,
    "SKALA_Y_SY": 1,
    "TZ": "0 - nie",
    "WID_SYMB": 1,
    "X_SYMB": 7424352.68,
    "Y_SYMB": 5548665.6
   },
   "type": "Feature"
  },
  {
   "geometry": {
    "coordinates": [
     19.943192,
     50.071729
    ],
    "type": "Point"
   },
   "id": 282,
   "properties": {
    "AKTUALNOSC": 1685318400000,
    "DKP_N": "GSPOPM",
    "DPZ": " ",
    "DTM": 1578787200000,
    "DTP": " ",
    "FID": 282,
    "ID": 46031985,
    "ID_IIP": "4EAF9C5D-413E-4BCF-B8E0-001871470107",
    "ISDP_FID": "OBJ_BT_ZAG_P.3734",
    "JE_NAZWA": "Śródmieście",
    "JE_NR": "126105_9",
    "KAT_SYMB": 0,
    "KOD": "GSPOPM",
    "KOD_NZ": "Pomnik",
    "KRG_D": "jedn. ewid. Śródmieście (Przedsiębiorstwo Geodezyjne \"GEOPROF\" s.c. Jarosław Kożuch, Sławomir Zając)",
    "KRG_N": "GD-13.6640.4461.2019",
    "MPD_D": "pomiar bezpośredni",
    "MPD_N": "O",
    "NR": " ",
    "OBR_NAZWA": " ",
    "OBR_NR": " ",
    "OPT_D": " ",
    "OPT_N": "P.1261.2019.10694",
    "REMARKS": " ",
    "SKALA_X_SY": 1,
    "SKALA_Y_SY": 1,
    "TZ": "0 - nie",
    "WID_SYMB": 1,
    "X_SYMB": 7424350.75,
    "Y_SYMB": 5548933.18
   },
   "type": "Feature"
  },
  {
   "geometry": {
    "coordinates": [
     19.915041,
     50.056297
    ],
    "type": "Point"
   },
   "id": 283,
   "properties": {
    "AKTUALNOSC": 1685318400000,
    "DKP_N": "GSPOPM",
    "DPZ": " ",
    "DTM": 1621987200000,
    "DTP": "2021-05-12",
    "FID": 283,
    "ID": 52172117,
    "ID_IIP": "3764DE41-8BEB-4294-86CC-CD2DCF2C5410",
    "ISDP_FID": "OBJ_BT_ZAG_P.3754",
    "JE_NAZWA": "Krowodrza",
    "JE_NR": "126102_9",
    "KAT_SYMB": 0,
    "KOD": "GSPOPM",
    "KOD_NZ": "Pomnik",
    "KRG_D": "(Firma Geodezyjna Geo-Pol Jan Jurka, Rafał Jurka Spółka Cywilna)",
    "KRG_N": "GD-13.6640.3698.2021",
    "MPD_D": "pomiar bezpośredni",
    "MPD_N": "O",
    "NR": " ",
    "OBR_NAZWA": " ",
    "OBR_NR": " ",
    "OPT_D": " ",
    "OPT_N": "P.1261.2021.4357",
    "REMARKS": " ",
    "SKALA_X_SY": 1,
    "SKALA_Y_SY": 1,
    "TZ": "0 - nie",
    "WID_SYMB": 1,
    "X_SYMB": 7422310.7,
    "Y_SYMB": 5547245.77
   },
   "type": "Feature"
  },
  {
   "geometry": {
    "coordinates": [
     19.951678,
     50.063132
    ],
    "type": "Point"
   },
   "id": 284,
   "properties": {
    "AKTUALNOSC": 1685318400000,
    "DKP_N": "GSPOPM",
    "DPZ": " ",
    "DTM": 1578787200000,
    "DTP": " ",
    "FID": 284,
    "ID": 45958146,
    "ID_IIP": "4EAF9C5D-413E-4BCF-B8E0-006185540107",
    "ISDP_FID": "OBJ_BT_ZAG_P.3431",
    "JE_NAZWA": "Śródmieście",
    "JE_NR": "126105_9",
    "KAT_SYMB": 0,
    "KOD": "GSPOPM",
    "KOD_NZ": "Pomnik",
    "KRG_D": "jedn. ewid. Śródmieście (Przedsiębiorstwo Geodezyjne \"GEOPROF\" s.c. Jarosław Kożuch, Sławomir Zając)",
    "KRG_N": "GD-13.6640.4461.2019",
    "MPD_D": "wektoryzacja",
    "MPD_N": "D",
    "NR": " ",
    "OBR_NAZWA": " ",
    "OBR_NR": " ",
    "OPT_D": " ",
    "OPT_N": "P.1261.2019.10694",
    "REMARKS": " ",
    "SKALA_X_SY": 1,
    "SKALA_Y_SY": 1,
    "TZ": "0 - nie",
    "WID_SYMB": 1,
    "X_SYMB": 7424944.76,
    "Y_SYMB": 5547968.48
   },
   "type": "Feature"
  },
  {
   "geometry": {
    "coordinates": [
     19.958182,
     50.06283
    ],
    "type": "Point"
   },
   "id": 285,
   "properties": {
    "AKTUALNOSC": 1685318400000,
    "DKP_N": "GSPOPM",
    "DPZ": " ",
    "DTM": 1578787200000,
    "DTP": " ",
    "FID": 285,
    "ID": 45958147,
    "ID_IIP": "4EAF9C5D-413E-4BCF-B8E0-005970710107",
    "ISDP_FID": "OBJ_BT_ZAG_P.3432",
    "JE_NAZWA": "Śródmieście",
    "JE_NR": "126105_9",
    "KAT_SYMB": 0,
    "KOD": "GSPOPM",
    "KOD_NZ": "Pomnik",
    "KRG_D": "jedn. ewid. Śródmieście (Przedsiębiorstwo Geodezyjne \"GEOPROF\" s.c. Jarosław Kożuch, Sławomir Zając)",
    "KRG_N": "GD-13.6640.4461.2019",
    "MPD_D": "wektoryzacja",
    "MPD_N": "D",
    "NR": " ",
    "OBR_NAZWA": " ",
    "OBR_NR": " ",
    "OPT_D": " ",
    "OPT_N": "P.1261.2019.10694",
    "REMARKS": " ",
    "SKALA_X_SY": 1,
    "SKALA_Y_SY": 1,
    "TZ": "0 - nie",
    "WID_SYMB": 1,
    "X_SYMB": 7425409.92,
    "Y_SYMB": 5547928.4
   },
   "type": "Feature"
  },
  {
   "geometry": {
    "coordinates": [
     19.956336,
     50.06331
    ],
    "type": "Point"
   },
   "id": 286,
   "properties": {
    "AKTUALNOSC": 1685318400000,
    "DKP_N": "GSPOPM",
    "DPZ": " ",
    "DTM": 1578787200000,
    "DTP": " ",
    "FID": 286,
    "ID": 45958148,
    "ID_IIP": "4EAF9C5D-413E-4BCF-B8E0-005974820107",
    "ISDP_FID": "OBJ_BT_ZAG_P.3433",
    "JE_NAZWA": "Śródmieście",
    "JE_NR": "126105_9",
    "KAT_SYMB": 0,
    "KOD": "GSPOPM",
    "KOD_NZ": "Pomnik",
    "KRG_D": "jedn. ewid. Śródmieście (Przedsiębiorstwo Geodezyjne \"GEOPROF\" s.c. Jarosław Kożuch, Sławomir Zając)",
    "KRG_N": "GD-13.6640.4461.2019",
    "MPD_D": "wektoryzacja",
    "MPD_N": "D",
    "NR": " ",
    "OBR_NAZWA": " ",
    "OBR_NR": " ",
    "OPT_D": " ",
    "OPT_N": "P.1261.2019.10694",
    "REMARKS": " ",
    "SKALA_X_SY": 1,
    "SKALA_Y_SY": 1,
    "TZ": "0 - nie",
    "WID_SYMB": 1,
    "X_SYMB": 7425278.5,
    "Y_SYMB": 5547983.69
   },
   "type": "Feature"
  },
  {
   "geometry": {
    "coordinates": [
     19.958946,
     50.061044
    ],
    "type": "Point"
   },
   "id": 287,
   "properties": {
    "AKTUALNOSC": 1685318400000,
    "DKP_N": "GSPOPM",
    "DPZ": " ",
    "DTM": 1578787200000,
    "DTP": "2015-10-07",
    "FID": 287,
    "ID": 45958149,
    "ID_IIP": "4EAF9C5D-413E-4BCF-B8E0-006124190107",
    "ISDP_FID": "OBJ_BT_ZAG_P.3434",
    "JE_NAZWA": "Śródmieście",
    "JE_NR": "126105_9",
    "KAT_SYMB": 0,
    "KOD": "GSPOPM",
    "KOD_NZ": "Pomnik",
    "KRG_D": "jedn. ewid. Śródmieście (Przedsiębiorstwo Geodezyjne \"GEOPROF\" s.c. Jarosław Kożuch, Sławomir Zając)",
    "KRG_N": "GD-13.6640.4461.2019",
    "MPD_D": "pomiar bezpośredni",
    "MPD_N": "O",
    "NR": " ",
    "OBR_NAZWA": " ",
    "OBR_NR": " ",
    "OPT_D": " ",
    "OPT_N": "P.1261.2019.10694",
    "REMARKS": " ",
    "SKALA_X_SY": 1,
    "SKALA_Y_SY": 1,
    "TZ": "0 - nie",
    "WID_SYMB": 1,
    "X_SYMB": 7425461.84,
    "Y_SYMB": 5547729.03
   },
   "type": "Feature"
  },
  {
   "geometry": {
    "coordinates": [
     19.949467,
     50.065297
    ],
    "type": "Point"
   },
   "id": 288,
   "properties": {
    "AKTUALNOSC": 1685318400000,
    "DKP_N": "GSPOPM",
    "DPZ": " ",
    "DTM": 1578787200000,
    "DTP": "2016-05-10",
    "FID": 288,
    "ID": 45958150,
    "ID_IIP": "34BEDA2E-3E6A-0ED5-E053-B80B10AC1504",
    "ISDP_FID": "OBJ_BT_ZAG_P.3435",
    "JE_NAZWA": "Śródmieście",
    "JE_NR": "126105_9",
    "KAT_SYMB": 0,
    "KOD": "GSPOPM",
    "KOD_NZ": "Pomnik",
    "KRG_D": "jedn. ewid. Śródmieście (Przedsiębiorstwo Geodezyjne \"GEOPROF\" s.c. Jarosław Kożuch, Sławomir Zając)",
    "KRG_N": "GD-13.6640.4461.2019",
    "MPD_D": "pomiar bezpośredni",
    "MPD_N": "O",
    "NR": "1",
    "OBR_NAZWA": " ",
    "OBR_NR": " ",
    "OPT_D": " ",
    "OPT_N": "P.1261.2019.10694",
    "REMARKS": " ",
    "SKALA_X_SY": 1,
    "SKALA_Y_SY": 1,
    "TZ": "0 - nie",
    "WID_SYMB": 1,
    "X_SYMB": 7424789.84,
    "Y_SYMB": 5548211.47
   },
   "type": "Feature"
  },
  {
   "geometry": {
    "coordinates": [
     19.949748,
     50.065308
    ],
    "type": "Point"
   },
   "id": 289,
   "properties": {
    "AKTUALNOSC": 1685318400000,
    "DKP_N": "GSPOPM",
    "DPZ": " ",
    "DTM": 1578787200000,
    "DTP": "2016-05-10",
    "FID": 289,
    "ID": 45958151,
    "ID_IIP": "34BEDA2E-3E8E-0ED5-E053-B80B10AC1504",
    "ISDP_FID": "OBJ_BT_ZAG_P.3436",
    "JE_NAZWA": "Śródmieście",
    "JE_NR": "126105_9",
    "KAT_SYMB": 0,
    "KOD": "GSPOPM",
    "KOD_NZ": "Pomnik",
    "KRG_D": "jedn. ewid. Śródmieście (Przedsiębiorstwo Geodezyjne \"GEOPROF\" s.c. Jarosław Kożuch, Sławomir Zając)",
    "KRG_N": "GD-13.6640.4461.2019",
    "MPD_D": "pomiar bezpośredni",
    "MPD_N": "O",
    "NR": "37",
    "OBR_NAZWA": " ",
    "OBR_NR": " ",
    "OPT_D": " ",
    "OPT_N": "P.1261.2019.10694",
    "REMARKS": " ",
    "SKALA_X_SY": 1,
    "SKALA_Y_SY": 1,
    "TZ": "0 - nie",
    "WID_SYMB": 1,
    "X_SYMB": 7424810,
    "Y_SYMB": 5548212.42
   },
   "type": "Feature"
  },
  {
   "geometry": {
    "coordinates": [
     19.944676,
     50.053052
    ],
    "type": "Point"
   },
   "id": 290,
   "properties": {
    "AKTUALNOSC": 1685318400000,
    "DKP_N": "GSPOPM",
    "DPZ": " ",
    "DTM": 1578787200000,
    "DTP": "2016-11-17",
    "FID": 290,
    "ID": 45958152,
    "ID_IIP": "59C87206-1215-48EB-94E2-FB367C98F08E",
    "ISDP_FID": "OBJ_BT_ZAG_P.3437",
    "JE_NAZWA": "Śródmieście",
    "JE_NR": "126105_9",
    "KAT_SYMB": 0,
    "KOD": "GSPOPM",
    "KOD_NZ": "Pomnik",
    "KRG_D": "jedn. ewid. Śródmieście (Przedsiębiorstwo Geodezyjne \"GEOPROF\" s.c. Jarosław Kożuch, Sławomir Zając)",
    "KRG_N": "GD-13.6640.4461.2019",
    "MPD_D": "pomiar bezpośredni",
    "MPD_N": "O",
    "NR": " ",
    "OBR_NAZWA": " ",
    "OBR_NR": " ",
    "OPT_D": " ",
    "OPT_N": "P.1261.2019.10694",
    "REMARKS": " ",
    "SKALA_X_SY": 1,
    "SKALA_Y_SY": 1,
    "TZ": "0 - nie",
    "WID_SYMB": 1,
    "X_SYMB": 7424427.59,
    "Y_SYMB": 5546854.44
   },
   "type": "Feature"
  },
  {
   "geometry": {
    "coordinates": [
     19.950436,
     50.067023
    ],
    "type": "Point"
   },
   "id": 291,
   "properties": {
    "AKTUALNOSC": 1685318400000,
    "DKP_N": "GSPOPM",
    "DPZ": " ",
    "DTM": 1578787200000,
    "DTP": "2017-10-28",
    "FID": 291,
    "ID": 45958153,
    "ID_IIP": "CB06F45F-99F3-44DF-94F0-308B1733FDE1",
    "ISDP_FID": "OBJ_BT_ZAG_P.3438",
    "JE_NAZWA": "Śródmieście",
    "JE_NR": "126105_9",
    "KAT_SYMB": 0,
    "KOD": "GSPOPM",
    "KOD_NZ": "Pomnik",
    "KRG_D": "jedn. ewid. Śródmieście (Przedsiębiorstwo Geodezyjne \"GEOPROF\" s.c. Jarosław Kożuch, Sławomir Zając)",
    "KRG_N": "GD-13.6640.4461.2019",
    "MPD_D": "pomiar bezpośredni",
    "MPD_N": "O",
    "NR": "20",
    "OBR_NAZWA": " ",
    "OBR_NR": " ",
    "OPT_D": " ",
    "OPT_N": "P.1261.2019.10694",
    "REMARKS": " ",
    "SKALA_X_SY": 1,
    "SKALA_Y_SY": 1,
    "TZ": "0 - nie",
    "WID_SYMB": 1,
    "X_SYMB": 7424861.93,
    "Y_SYMB": 5548402.5
   },
   "type": "Feature"
  },
  {
   "geometry": {
    "coordinates": [
     19.835555,
     50.060274
    ],
    "type": "Point"
   },
   "id": 292,
   "properties": {
    "AKTUALNOSC": 1685318400000,
    "DKP_N": "GSPOPM",
    "DPZ": " ",
    "DTM": 1606435200000,
    "DTP": " ",
    "FID": 292,
    "ID": 50005924,
    "ID_IIP": "4EAF9C5D-413E-4BCF-B8E0-015069610107",
    "ISDP_FID": "OBJ_BT_ZAG_P.3075",
    "JE_NAZWA": "Krowodrza",
    "JE_NR": "126102_9",
    "KAT_SYMB": 0,
    "KOD": "GSPOPM",
    "KOD_NZ": "Pomnik",
    "KRG_D": "Budowa bazy BDOT500, JE 126102_9 Krowodrza,  Obręby: K1-K4, K6-K10, K12, K19, K20, K24-K33, K41-K46, K51-K53 (GEOXY Spółka z o.",
    "KRG_N": "GD-13.6640.4728.2020",
    "MPD_D": "pomiar bezpośredni",
    "MPD_N": "O",
    "NR": " ",
    "OBR_NAZWA": " ",
    "OBR_NR": " ",
    "OPT_D": " ",
    "OPT_N": "P.1261.2014.1797",
    "REMARKS": " ",
    "SKALA_X_SY": 1,
    "SKALA_Y_SY": 1,
    "TZ": "0 - nie",
    "WID_SYMB": 1,
    "X_SYMB": 7416626.06,
    "Y_SYMB": 5547773.81
   },
   "type": "Feature"
  },
  {
   "geometry": {
    "coordinates": [
     19.953278,
     50.065087
    ],
    "type": "Point"
   },
   "id": 293,
   "properties": {
    "AKTUALNOSC": 1685318400000,
    "DKP_N": "GSPOPM",
    "DPZ": " ",
    "DTM": 1646352000000,
    "DTP": "2022-01-11",
    "FID": 293,
    "ID": 55413082,
    "ID_IIP": "4EAF9C5D-413E-4BCF-B8E0-003562730107",
    "ISDP_FID": "OBJ_BT_ZAG_P.4170",
    "JE_NAZWA": "Śródmieście",
    "JE_NR": "126105_9",
    "KAT_SYMB": 0,
    "KOD": "GSPOPM",
    "KOD_NZ": "Pomnik",
    "KRG_D": "(\"AMIGEO\" Migut Garstecki Sp. j.)",
    "KRG_N": "GD-13.6640.77.2022",
    "MPD_D": "pomiar bezpośredni",
    "MPD_N": "O",
    "NR": "P.106",
    "OBR_NAZWA": " ",
    "OBR_NR": " ",
    "OPT_D": " ",
    "OPT_N": "P.1261.2022.1917",
    "REMARKS": " ",
    "SKALA_X_SY": 1,
    "SKALA_Y_SY": 1,
    "TZ": "0 - nie",
    "WID_SYMB": 1,
    "X_SYMB": 7425062.32,
    "Y_SYMB": 5548184.29
   },
   "type": "Feature"
  },
  {
   "geometry": {
    "coordinates": [
     20.064272,
     50.094826
    ],
    "type": "Point"
   },
   "id": 294,
   "properties": {
    "AKTUALNOSC": 1685318400000,
    "DKP_N": "GSPOPM",
    "DPZ": " ",
    "DTM": 1582156800000,
    "DTP": "2020-02-04",
    "FID": 294,
    "ID": 46665909,
    "ID_IIP": "5BFDCED8-9657-4B2D-9061-92C4520DBC66",
    "ISDP_FID": "OBJ_BT_ZAG_P.3839",
    "JE_NAZWA": "Nowa Huta",
    "JE_NR": "126103_9",
    "KAT_SYMB": 0,
    "KOD": "GSPOPM",
    "KOD_NZ": "Pomnik",
    "KRG_D": "ul. Kocmyrzowska (RWG Rafał Wocławek)",
    "KRG_N": "GD-13.6640.10603.2019",
    "MPD_D": "pomiar bezpośredni",
    "MPD_N": "O",
    "NR": " ",
    "OBR_NAZWA": " ",
    "OBR_NR": " ",
    "OPT_D": " ",
    "OPT_N": "P.1261.2020.1471",
    "REMARKS": " ",
    "SKALA_X_SY": 1,
    "SKALA_Y_SY": 1,
    "TZ": "0 - nie",
    "WID_SYMB": 1,
    "X_SYMB": 7433050.01,
    "Y_SYMB": 5551386.43
   },
   "type": "Feature"
  },
  {
   "geometry": {
    "coordinates": [
     19.949818,
     50.065995
    ],
    "type": "Point"
   },
   "id": 295,
   "properties": {
    "AKTUALNOSC": 1685318400000,
    "DKP_N": "GSPOPM",
    "DPZ": " ",
    "DTM": 1578787200000,
    "DTP": " ",
    "FID": 295,
    "ID": 45958121,
    "ID_IIP": "4EAF9C5D-413E-4BCF-B8E0-001468160107",
    "ISDP_FID": "OBJ_BT_ZAG_P.2778",
    "JE_NAZWA": "Śródmieście",
    "JE_NR": "126105_9",
    "KAT_SYMB": 0,
    "KOD": "GSPOPM",
    "KOD_NZ": "Pomnik",
    "KRG_D": "jedn. ewid. Śródmieście (Przedsiębiorstwo Geodezyjne \"GEOPROF\" s.c. Jarosław Kożuch, Sławomir Zając)",
    "KRG_N": "GD-13.6640.4461.2019",
    "MPD_D": "pomiar bezpośredni",
    "MPD_N": "O",
    "NR": " ",
    "OBR_NAZWA": " ",
    "OBR_NR": " ",
    "OPT_D": " ",
    "OPT_N": "P.1261.2019.10694",
    "REMARKS": " ",
    "SKALA_X_SY": 1,
    "SKALA_Y_SY": 1,
    "TZ": "0 - nie",
    "WID_SYMB": 1,
    "X_SYMB": 7424816.06,
    "Y_SYMB": 5548288.82
   },
   "type": "Feature"
  },
  {
   "geometry": {
    "coordinates": [
     19.949828,
     50.066021
    ],
    "type": "Point"
   },
   "id": 296,
   "properties": {
    "AKTUALNOSC": 1685318400000,
    "DKP_N": "GSPOPM",
    "DPZ": " ",
    "DTM": 1578787200000,
    "DTP": " ",
    "FID": 296,
    "ID": 45958122,
    "ID_IIP": "4EAF9C5D-413E-4BCF-B8E0-001468170107",
    "ISDP_FID": "OBJ_BT_ZAG_P.2779",
    "JE_NAZWA": "Śródmieście",
    "JE_NR": "126105_9",
    "KAT_SYMB": 0,
    "KOD": "GSPOPM",
    "KOD_NZ": "Pomnik",
    "KRG_D": "jedn. ewid. Śródmieście (Przedsiębiorstwo Geodezyjne \"GEOPROF\" s.c. Jarosław Kożuch, Sławomir Zając)",
    "KRG_N": "GD-13.6640.4461.2019",
    "MPD_D": "pomiar bezpośredni",
    "MPD_N": "O",
    "NR": " ",
    "OBR_NAZWA": " ",
    "OBR_NR": " ",
    "OPT_D": " ",
    "OPT_N": "P.1261.2019.10694",
    "REMARKS": " ",
    "SKALA_X_SY": 1,
    "SKALA_Y_SY": 1,
    "TZ": "0 - nie",
    "WID_SYMB": 1,
    "X_SYMB": 7424816.81,
    "Y_SYMB": 5548291.67
   },
   "type": "Feature"
  },
  {
   "geometry": {
    "coordinates": [
     19.933998,
     50.062162
    ],
    "type": "Point"
   },
   "id": 297,
   "properties": {
    "AKTUALNOSC": 1685318400000,
    "DKP_N": "GSPOPM",
    "DPZ": " ",
    "DTM": 1578787200000,
    "DTP": " ",
    "FID": 297,
    "ID": 45895796,
    "ID_IIP": "4EAF9C5D-413E-4BCF-B8E0-002135270107",
    "ISDP_FID": "OBJ_BT_ZAG_P.2780",
    "JE_NAZWA": "Śródmieście",
    "JE_NR": "126105_9",
    "KAT_SYMB": 0,
    "KOD": "GSPOPM",
    "KOD_NZ": "Pomnik",
    "KRG_D": "jedn. ewid. Śródmieście (Przedsiębiorstwo Geodezyjne \"GEOPROF\" s.c. Jarosław Kożuch, Sławomir Zając)",
    "KRG_N": "GD-13.6640.4461.2019",
    "MPD_D": "pomiar bezpośredni",
    "MPD_N": "O",
    "NR": " ",
    "OBR_NAZWA": " ",
    "OBR_NR": " ",
    "OPT_D": " ",
    "OPT_N": "P.1261.2019.10694",
    "REMARKS": " ",
    "SKALA_X_SY": 1,
    "SKALA_Y_SY": 1,
    "TZ": "0 - nie",
    "WID_SYMB": 1,
    "X_SYMB": 7423677.39,
    "Y_SYMB": 5547878.5
   },
   "type": "Feature"
  },
  {
   "geometry": {
    "coordinates": [
     19.941154,
     50.059295
    ],
    "type": "Point"
   },
   "id": 298,
   "properties": {
    "AKTUALNOSC": 1685318400000,
    "DKP_N": "GSPOPM",
    "DPZ": " ",
    "DTM": 1578787200000,
    "DTP": " ",
    "FID": 298,
    "ID": 45896044,
    "ID_IIP": "4EAF9C5D-413E-4BCF-B8E0-002155150107",
    "ISDP_FID": "OBJ_BT_ZAG_P.2790",
    "JE_NAZWA": "Śródmieście",
    "JE_NR": "126105_9",
    "KAT_SYMB": 0,
    "KOD": "GSPOPM",
    "KOD_NZ": "Pomnik",
    "KRG_D": "jedn. ewid. Śródmieście (Przedsiębiorstwo Geodezyjne \"GEOPROF\" s.c. Jarosław Kożuch, Sławomir Zając)",
    "KRG_N": "GD-13.6640.4461.2019",
    "MPD_D": "pomiar bezpośredni",
    "MPD_N": "O",
    "NR": " ",
    "OBR_NAZWA": " ",
    "OBR_NR": " ",
    "OPT_D": " ",
    "OPT_N": "P.1261.2019.10694",
    "REMARKS": " ",
    "SKALA_X_SY": 1,
    "SKALA_Y_SY": 1,
    "TZ": "0 - nie",
    "WID_SYMB": 1,
    "X_SYMB": 7424185.22,
    "Y_SYMB": 5547552.4
   },
   "type": "Feature"
  },
  {
   "geometry": {
    "coordinates": [
     19.942445,
     50.064142
    ],
    "type": "Point"
   },
   "id": 299,
   "properties": {
    "AKTUALNOSC": 1685318400000,
    "DKP_N": "GSPOPM",
    "DPZ": " ",
    "DTM": 1578787200000,
    "DTP": " ",
    "FID": 299,
    "ID": 45896047,
    "ID_IIP": "4EAF9C5D-413E-4BCF-B8E0-002157570107",
    "ISDP_FID": "OBJ_BT_ZAG_P.2791",
    "JE_NAZWA": "Śródmieście",
    "JE_NR": "126105_9",
    "KAT_SYMB": 0,
    "KOD": "GSPOPM",
    "KOD_NZ": "Pomnik",
    "KRG_D": "jedn. ewid. Śródmieście (Przedsiębiorstwo Geodezyjne \"GEOPROF\" s.c. Jarosław Kożuch, Sławomir Zając)",
    "KRG_N": "GD-13.6640.4461.2019",
    "MPD_D": "wektoryzacja",
    "MPD_N": "D",
    "NR": " ",
    "OBR_NAZWA": " ",
    "OBR_NR": " ",
    "OPT_D": " ",
    "OPT_N": "P.1261.2019.10694",
    "REMARKS": " ",
    "SKALA_X_SY": 1,
    "SKALA_Y_SY": 1,
    "TZ": "0 - nie",
    "WID_SYMB": 1,
    "X_SYMB": 7424285.33,
    "Y_SYMB": 5548090.17
   },
   "type": "Feature"
  },
  {
   "geometry": {
    "coordinates": [
     19.938393,
     50.055901
    ],
    "type": "Point"
   },
   "id": 300,
   "properties": {
    "AKTUALNOSC": 1685318400000,
    "DKP_N": "GSPOPM",
    "DPZ": " ",
    "DTM": 1578787200000,
    "DTP": " ",
    "FID": 300,
    "ID": 45896050,
    "ID_IIP": "4EAF9C5D-413E-4BCF-B8E0-002168200107",
    "ISDP_FID": "OBJ_BT_ZAG_P.2792",
    "JE_NAZWA": "Śródmieście",
    "JE_NR": "126105_9",
    "KAT_SYMB": 0,
    "KOD": "GSPOPM",
    "KOD_NZ": "Pomnik",
    "KRG_D": "jedn. ewid. Śródmieście (Przedsiębiorstwo Geodezyjne \"GEOPROF\" s.c. Jarosław Kożuch, Sławomir Zając)",
    "KRG_N": "GD-13.6640.4461.2019",
    "MPD_D": "pomiar bezpośredni",
    "MPD_N": "O",
    "NR": " ",
    "OBR_NAZWA": " ",
    "OBR_NR": " ",
    "OPT_D": " ",
    "OPT_N": "P.1261.2019.10694",
    "REMARKS": " ",
    "SKALA_X_SY": 1,
    "SKALA_Y_SY": 1,
    "TZ": "0 - nie",
    "WID_SYMB": 1,
    "X_SYMB": 7423982.21,
    "Y_SYMB": 5547177.74
   },
   "type": "Feature"
  },
  {
   "geometry": {
    "coordinates": [
     19.943393,
     50.064876
    ],
    "type": "Point"
   },
   "id": 301,
   "properties": {
    "AKTUALNOSC": 1685318400000,
    "DKP_N": "GSPOPM",
    "DPZ": " ",
    "DTM": 1578787200000,
    "DTP": " ",
    "FID": 301,
    "ID": 45896129,
    "ID_IIP": "4EAF9C5D-413E-4BCF-B8E0-002181430107",
    "ISDP_FID": "OBJ_BT_ZAG_P.2794",
    "JE_NAZWA": "Śródmieście",
    "JE_NR": "126105_9",
    "KAT_SYMB": 0,
    "KOD": "GSPOPM",
    "KOD_NZ": "Pomnik",
    "KRG_D": "jedn. ewid. Śródmieście (Przedsiębiorstwo Geodezyjne \"GEOPROF\" s.c. Jarosław Kożuch, Sławomir Zając)",
    "KRG_N": "GD-13.6640.4461.2019",
    "MPD_D": "pomiar bezpośredni",
    "MPD_N": "O",
    "NR": " ",
    "OBR_NAZWA": " ",
    "OBR_NR": " ",
    "OPT_D": " ",
    "OPT_N": "P.1261.2019.10694",
    "REMARKS": " ",
    "SKALA_X_SY": 1,
    "SKALA_Y_SY": 1,
    "TZ": "0 - nie",
    "WID_SYMB": 1,
    "X_SYMB": 7424354.34,
    "Y_SYMB": 5548170.83
   },
   "type": "Feature"
  },
  {
   "geometry": {
    "coordinates": [
     19.940307,
     50.065943
    ],
    "type": "Point"
   },
   "id": 302,
   "properties": {
    "AKTUALNOSC": 1685318400000,
    "DKP_N": "GSPOPM",
    "DPZ": " ",
    "DTM": 1578787200000,
    "DTP": " ",
    "FID": 302,
    "ID": 45896132,
    "ID_IIP": "4EAF9C5D-413E-4BCF-B8E0-002191320107",
    "ISDP_FID": "OBJ_BT_ZAG_P.2795",
    "JE_NAZWA": "Śródmieście",
    "JE_NR": "126105_9",
    "KAT_SYMB": 0,
    "KOD": "GSPOPM",
    "KOD_NZ": "Pomnik",
    "KRG_D": "jedn. ewid. Śródmieście (Przedsiębiorstwo Geodezyjne \"GEOPROF\" s.c. Jarosław Kożuch, Sławomir Zając)",
    "KRG_N": "GD-13.6640.4461.2019",
    "MPD_D": "pomiar bezpośredni",
    "MPD_N": "O",
    "NR": " ",
    "OBR_NAZWA": " ",
    "OBR_NR": " ",
    "OPT_D": " ",
    "OPT_N": "P.1261.2019.10694",
    "REMARKS": " ",
    "SKALA_X_SY": 1,
    "SKALA_Y_SY": 1,
    "TZ": "0 - nie",
    "WID_SYMB": 1,
    "X_SYMB": 7424135.09,
    "Y_SYMB": 5548292.62
   },
   "type": "Feature"
  },
  {
   "geometry": {
    "coordinates": [
     19.93431,
     50.064219
    ],
    "type": "Point"
   },
   "id": 303,
   "properties": {
    "AKTUALNOSC": 1685318400000,
    "DKP_N": "GSPOPM",
    "DPZ": " ",
    "DTM": 1578787200000,
    "DTP": " ",
    "FID": 303,
    "ID": 45896134,
    "ID_IIP": "4EAF9C5D-413E-4BCF-B8E0-002207390107",
    "ISDP_FID": "OBJ_BT_ZAG_P.2796",
    "JE_NAZWA": "Śródmieście",
    "JE_NR": "126105_9",
    "KAT_SYMB": 0,
    "KOD": "GSPOPM",
    "KOD_NZ": "Pomnik",
    "KRG_D": "jedn. ewid. Śródmieście (Przedsiębiorstwo Geodezyjne \"GEOPROF\" s.c. Jarosław Kożuch, Sławomir Zając)",
    "KRG_N": "GD-13.6640.4461.2019",
    "MPD_D": "pomiar bezpośredni",
    "MPD_N": "O",
    "NR": " ",
    "OBR_NAZWA": " ",
    "OBR_NR": " ",
    "OPT_D": " ",
    "OPT_N": "P.1261.2019.10694",
    "REMARKS": " ",
    "SKALA_X_SY": 1,
    "SKALA_Y_SY": 1,
    "TZ": "0 - nie",
    "WID_SYMB": 1,
    "X_SYMB": 7423703.02,
    "Y_SYMB": 5548107.05
   },
   "type": "Feature"
  },
  {
   "geometry": {
    "coordinates": [
     19.932756,
     50.061323
    ],
    "type": "Point"
   },
   "id": 304,
   "properties": {
    "AKTUALNOSC": 1685318400000,
    "DKP_N": "GSPOPM",
    "DPZ": " ",
    "DTM": 1578787200000,
    "DTP": " ",
    "FID": 304,
    "ID": 45896137,
    "ID_IIP": "4EAF9C5D-413E-4BCF-B8E0-002215810107",
    "ISDP_FID": "OBJ_BT_ZAG_P.2797",
    "JE_NAZWA": "Śródmieście",
    "JE_NR": "126105_9",
    "KAT_SYMB": 0,
    "KOD": "GSPOPM",
    "KOD_NZ": "Pomnik",
    "KRG_D": "jedn. ewid. Śródmieście (Przedsiębiorstwo Geodezyjne \"GEOPROF\" s.c. Jarosław Kożuch, Sławomir Zając)",
    "KRG_N": "GD-13.6640.4461.2019",
    "MPD_D": "pomiar bezpośredni",
    "MPD_N": "O",
    "NR": " ",
    "OBR_NAZWA": " ",
    "OBR_NR": " ",
    "OPT_D": " ",
    "OPT_N": "P.1261.2019.10694",
    "REMARKS": " ",
    "SKALA_X_SY": 1,
    "SKALA_Y_SY": 1,
    "TZ": "0 - nie",
    "WID_SYMB": 1,
    "X_SYMB": 7423587.19,
    "Y_SYMB": 5547786.52
   },
   "type": "Feature"
  },
  {
   "geometry": {
    "coordinates": [
     19.933205,
     50.060452
    ],
    "type": "Point"
   },
   "id": 305,
   "properties": {
    "AKTUALNOSC": 1685318400000,
    "DKP_N": "GSPOPM",
    "DPZ": " ",
    "DTM": 1578787200000,
    "DTP": " ",
    "FID": 305,
    "ID": 45896140,
    "ID_IIP": "4EAF9C5D-413E-4BCF-B8E0-002219070107",
    "ISDP_FID": "OBJ_BT_ZAG_P.2798",
    "JE_NAZWA": "Śródmieście",
    "JE_NR": "126105_9",
    "KAT_SYMB": 0,
    "KOD": "GSPOPM",
    "KOD_NZ": "Pomnik",
    "KRG_D": "jedn. ewid. Śródmieście (Przedsiębiorstwo Geodezyjne \"GEOPROF\" s.c. Jarosław Kożuch, Sławomir Zając)",
    "KRG_N": "GD-13.6640.4461.2019",
    "MPD_D": "pomiar bezpośredni",
    "MPD_N": "O",
    "NR": " ",
    "OBR_NAZWA": " ",
    "OBR_NR": " ",
    "OPT_D": " ",
    "OPT_N": "P.1261.2019.10694",
    "REMARKS": " ",
    "SKALA_X_SY": 1,
    "SKALA_Y_SY": 1,
    "TZ": "0 - nie",
    "WID_SYMB": 1,
    "X_SYMB": 7423617.93,
    "Y_SYMB": 5547689.18
   },
   "type": "Feature"
  },
  {
   "geometry": {
    "coordinates": [
     19.933432,
     50.061354
    ],
    "type": "Point"
   },
   "id": 306,
   "properties": {
    "AKTUALNOSC": 1685318400000,
    "DKP_N": "GSPOPM",
    "DPZ": " ",
    "DTM": 1578787200000,
    "DTP": " ",
    "FID": 306,
    "ID": 45896142,
    "ID_IIP": "4EAF9C5D-413E-4BCF-B8E0-002268650107",
    "ISDP_FID": "OBJ_BT_ZAG_P.2799",
    "JE_NAZWA": "Śródmieście",
    "JE_NR": "126105_9",
    "KAT_SYMB": 0,
    "KOD": "GSPOPM",
    "KOD_NZ": "Pomnik",
    "KRG_D": "jedn. ewid. Śródmieście (Przedsiębiorstwo Geodezyjne \"GEOPROF\" s.c. Jarosław Kożuch, Sławomir Zając)",
    "KRG_N": "GD-13.6640.4461.2019",
    "MPD_D": "pomiar bezpośredni",
    "MPD_N": "O",
    "NR": " ",
    "OBR_NAZWA": " ",
    "OBR_NR": " ",
    "OPT_D": " ",
    "OPT_N": "P.1261.2019.10694",
    "REMARKS": " ",
    "SKALA_X_SY": 1,
    "SKALA_Y_SY": 1,
    "TZ": "0 - nie",
    "WID_SYMB": 1,
    "X_SYMB": 7423635.58,
    "Y_SYMB": 5547789.27
   },
   "type": "Feature"
  },
  {
   "geometry": {
    "coordinates": [
     19.936191,
     50.061541
    ],
    "type": "Point"
   },
   "id": 307,
   "properties": {
    "AKTUALNOSC": 1685318400000,
    "DKP_N": "GSPOPM",
    "DPZ": " ",
    "DTM": 1578787200000,
    "DTP": " ",
    "FID": 307,
    "ID": 45896145,
    "ID_IIP": "4EAF9C5D-413E-4BCF-B8E0-002269580107",
    "ISDP_FID": "OBJ_BT_ZAG_P.2800",
    "JE_NAZWA": "Śródmieście",
    "JE_NR": "126105_9",
    "KAT_SYMB": 0,
    "KOD": "GSPOPM",
    "KOD_NZ": "Pomnik",
    "KRG_D": "jedn. ewid. Śródmieście (Przedsiębiorstwo Geodezyjne \"GEOPROF\" s.c. Jarosław Kożuch, Sławomir Zając)",
    "KRG_N": "GD-13.6640.4461.2019",
    "MPD_D": "pomiar bezpośredni",
    "MPD_N": "O",
    "NR": " ",
    "OBR_NAZWA": " ",
    "OBR_NR": " ",
    "OPT_D": " ",
    "OPT_N": "P.1261.2019.10694",
    "REMARKS": " ",
    "SKALA_X_SY": 1,
    "SKALA_Y_SY": 1,
    "TZ": "0 - nie",
    "WID_SYMB": 1,
    "X_SYMB": 7423833.41,
    "Y_SYMB": 5547807.22
   },
   "type": "Feature"
  },
  {
   "geometry": {
    "coordinates": [
     19.944025,
     50.063364
    ],
    "type": "Point"
   },
   "id": 308,
   "properties": {
    "AKTUALNOSC": 1685318400000,
    "DKP_N": "GSPOPM",
    "DPZ": " ",
    "DTM": 1578787200000,
    "DTP": " ",
    "FID": 308,
    "ID": 45896149,
    "ID_IIP": "4EAF9C5D-413E-4BCF-B8E0-002270100107",
    "ISDP_FID": "OBJ_BT_ZAG_P.2801",
    "JE_NAZWA": "Śródmieście",
    "JE_NR": "126105_9",
    "KAT_SYMB": 0,
    "KOD": "GSPOPM",
    "KOD_NZ": "Pomnik",
    "KRG_D": "jedn. ewid. Śródmieście (Przedsiębiorstwo Geodezyjne \"GEOPROF\" s.c. Jarosław Kożuch, Sławomir Zając)",
    "KRG_N": "GD-13.6640.4461.2019",
    "MPD_D": "pomiar bezpośredni",
    "MPD_N": "O",
    "NR": " ",
    "OBR_NAZWA": " ",
    "OBR_NR": " ",
    "OPT_D": " ",
    "OPT_N": "P.1261.2019.10694",
    "REMARKS": " ",
    "SKALA_X_SY": 1,
    "SKALA_Y_SY": 1,
    "TZ": "0 - nie",
    "WID_SYMB": 1,
    "X_SYMB": 7424397.17,
    "Y_SYMB": 5548002.08
   },
   "type": "Feature"
  },
  {
   "geometry": {
    "coordinates": [
     19.933799,
     50.06129
    ],
    "type": "Point"
   },
   "id": 309,
   "properties": {
    "AKTUALNOSC": 1685318400000,
    "DKP_N": "GSPOPM",
    "DPZ": " ",
    "DTM": 1578787200000,
    "DTP": " ",
    "FID": 309,
    "ID": 45896150,
    "ID_IIP": "4EAF9C5D-413E-4BCF-B8E0-014157810107",
    "ISDP_FID": "OBJ_BT_ZAG_P.2802",
    "JE_NAZWA": "Śródmieście",
    "JE_NR": "126105_9",
    "KAT_SYMB": 0,
    "KOD": "GSPOPM",
    "KOD_NZ": "Pomnik",
    "KRG_D": "jedn. ewid. Śródmieście (Przedsiębiorstwo Geodezyjne \"GEOPROF\" s.c. Jarosław Kożuch, Sławomir Zając)",
    "KRG_N": "GD-13.6640.4461.2019",
    "MPD_D": "wektoryzacja",
    "MPD_N": "D",
    "NR": " ",
    "OBR_NAZWA": " ",
    "OBR_NR": " ",
    "OPT_D": " ",
    "OPT_N": "P.1261.2019.10694",
    "REMARKS": " ",
    "SKALA_X_SY": 1,
    "SKALA_Y_SY": 1,
    "TZ": "0 - nie",
    "WID_SYMB": 1,
    "X_SYMB": 7423661.76,
    "Y_SYMB": 5547781.76
   },
   "type": "Feature"
  },
  {
   "geometry": {
    "coordinates": [
     19.933769,
     50.061254
    ],
    "type": "Point"
   },
   "id": 310,
   "properties": {
    "AKTUALNOSC": 1685318400000,
    "DKP_N": "GSPOPM",
    "DPZ": " ",
    "DTM": 1578787200000,
    "DTP": " ",
    "FID": 310,
    "ID": 45896153,
    "ID_IIP": "4EAF9C5D-413E-4BCF-B8E0-014157820107",
    "ISDP_FID": "OBJ_BT_ZAG_P.2803",
    "JE_NAZWA": "Śródmieście",
    "JE_NR": "126105_9",
    "KAT_SYMB": 0,
    "KOD": "GSPOPM",
    "KOD_NZ": "Pomnik",
    "KRG_D": "jedn. ewid. Śródmieście (Przedsiębiorstwo Geodezyjne \"GEOPROF\" s.c. Jarosław Kożuch, Sławomir Zając)",
    "KRG_N": "GD-13.6640.4461.2019",
    "MPD_D": "wektoryzacja",
    "MPD_N": "D",
    "NR": " ",
    "OBR_NAZWA": " ",
    "OBR_NR": " ",
    "OPT_D": " ",
    "OPT_N": "P.1261.2019.10694",
    "REMARKS": " ",
    "SKALA_X_SY": 1,
    "SKALA_Y_SY": 1,
    "TZ": "0 - nie",
    "WID_SYMB": 1,
    "X_SYMB": 7423659.6,
    "Y_SYMB": 5547777.76
   },
   "type": "Feature"
  },
  {
   "geometry": {
    "coordinates": [
     19.934278,
     50.061066
    ],
    "type": "Point"
   },
   "id": 311,
   "properties": {
    "AKTUALNOSC": 1685318400000,
    "DKP_N": "GSPOPM",
    "DPZ": " ",
    "DTM": 1578787200000,
    "DTP": " ",
    "FID": 311,
    "ID": 45896156,
    "ID_IIP": "4EAF9C5D-413E-4BCF-B8E0-014759340107",
    "ISDP_FID": "OBJ_BT_ZAG_P.2804",
    "JE_NAZWA": "Śródmieście",
    "JE_NR": "126105_9",
    "KAT_SYMB": 0,
    "KOD": "GSPOPM",
    "KOD_NZ": "Pomnik",
    "KRG_D": "jedn. ewid. Śródmieście (Przedsiębiorstwo Geodezyjne \"GEOPROF\" s.c. Jarosław Kożuch, Sławomir Zając)",
    "KRG_N": "GD-13.6640.4461.2019",
    "MPD_D": "pomiar bezpośredni",
    "MPD_N": "O",
    "NR": " ",
    "OBR_NAZWA": " ",
    "OBR_NR": " ",
    "OPT_D": " ",
    "OPT_N": "P.1261.2019.10694",
    "REMARKS": " ",
    "SKALA_X_SY": 1,
    "SKALA_Y_SY": 1,
    "TZ": "0 - nie",
    "WID_SYMB": 1,
    "X_SYMB": 7423695.7,
    "Y_SYMB": 5547756.33
   },
   "type": "Feature"
  },
  {
   "geometry": {
    "coordinates": [
     19.941052,
     50.065383
    ],
    "type": "Point"
   },
   "id": 312,
   "properties": {
    "AKTUALNOSC": 1685318400000,
    "DKP_N": "GSPOPM",
    "DPZ": " ",
    "DTM": 1578787200000,
    "DTP": "2014-01-17",
    "FID": 312,
    "ID": 45896159,
    "ID_IIP": "4EAF9C5D-413E-4BCF-B8E0-015144670107",
    "ISDP_FID": "OBJ_BT_ZAG_P.2805",
    "JE_NAZWA": "Śródmieście",
    "JE_NR": "126105_9",
    "KAT_SYMB": 0,
    "KOD": "GSPOPM",
    "KOD_NZ": "Pomnik",
    "KRG_D": "jedn. ewid. Śródmieście (Przedsiębiorstwo Geodezyjne \"GEOPROF\" s.c. Jarosław Kożuch, Sławomir Zając)",
    "KRG_N": "GD-13.6640.4461.2019",
    "MPD_D": "pomiar bezpośredni",
    "MPD_N": "O",
    "NR": " ",
    "OBR_NAZWA": " ",
    "OBR_NR": " ",
    "OPT_D": " ",
    "OPT_N": "P.1261.2019.10694",
    "REMARKS": " ",
    "SKALA_X_SY": 1,
    "SKALA_Y_SY": 1,
    "TZ": "0 - nie",
    "WID_SYMB": 1,
    "X_SYMB": 7424187.54,
    "Y_SYMB": 5548229.64
   },
   "type": "Feature"
  },
  {
   "geometry": {
    "coordinates": [
     19.939767,
     50.061535
    ],
    "type": "Point"
   },
   "id": 313,
   "properties": {
    "AKTUALNOSC": 1685318400000,
    "DKP_N": "GSPOPM",
    "DPZ": " ",
    "DTM": 1578787200000,
    "DTP": " ",
    "FID": 313,
    "ID": 45896164,
    "ID_IIP": "4EAF9C5D-413E-4BCF-B8E0-016258980107",
    "ISDP_FID": "OBJ_BT_ZAG_P.2806",
    "JE_NAZWA": "Śródmieście",
    "JE_NR": "126105_9",
    "KAT_SYMB": 0,
    "KOD": "GSPOPM",
    "KOD_NZ": "Pomnik",
    "KRG_D": "jedn. ewid. Śródmieście (Przedsiębiorstwo Geodezyjne \"GEOPROF\" s.c. Jarosław Kożuch, Sławomir Zając)",
    "KRG_N": "GD-13.6640.4461.2019",
    "MPD_D": "wektoryzacja",
    "MPD_N": "D",
    "NR": " ",
    "OBR_NAZWA": " ",
    "OBR_NR": " ",
    "OPT_D": " ",
    "OPT_N": "P.1261.2019.10694",
    "REMARKS": " ",
    "SKALA_X_SY": 1,
    "SKALA_Y_SY": 1,
    "TZ": "0 - nie",
    "WID_SYMB": 1,
    "X_SYMB": 7424089.45,
    "Y_SYMB": 5547802.98
   },
   "type": "Feature"
  },
  {
   "geometry": {
    "coordinates": [
     19.938957,
     50.061511
    ],
    "type": "Point"
   },
   "id": 314,
   "properties": {
    "AKTUALNOSC": 1685318400000,
    "DKP_N": "GSPOPM",
    "DPZ": " ",
    "DTM": 1578787200000,
    "DTP": " ",
    "FID": 314,
    "ID": 45896168,
    "ID_IIP": "4EAF9C5D-413E-4BCF-B8E0-016259560107",
    "ISDP_FID": "OBJ_BT_ZAG_P.2807",
    "JE_NAZWA": "Śródmieście",
    "JE_NR": "126105_9",
    "KAT_SYMB": 0,
    "KOD": "GSPOPM",
    "KOD_NZ": "Pomnik",
    "KRG_D": "jedn. ewid. Śródmieście (Przedsiębiorstwo Geodezyjne \"GEOPROF\" s.c. Jarosław Kożuch, Sławomir Zając)",
    "KRG_N": "GD-13.6640.4461.2019",
    "MPD_D": "wektoryzacja",
    "MPD_N": "D",
    "NR": " ",
    "OBR_NAZWA": " ",
    "OBR_NR": " ",
    "OPT_D": " ",
    "OPT_N": "P.1261.2019.10694",
    "REMARKS": " ",
    "SKALA_X_SY": 1,
    "SKALA_Y_SY": 1,
    "TZ": "0 - nie",
    "WID_SYMB": 1,
    "X_SYMB": 7424031.42,
    "Y_SYMB": 5547801.08
   },
   "type": "Feature"
  },
  {
   "geometry": {
    "coordinates": [
     19.932481,
     50.062211
    ],
    "type": "Point"
   },
   "id": 315,
   "properties": {
    "AKTUALNOSC": 1685318400000,
    "DKP_N": "GSPOPM",
    "DPZ": " ",
    "DTM": 1578787200000,
    "DTP": " ",
    "FID": 315,
    "ID": 45896171,
    "ID_IIP": "4EAF9C5D-413E-4BCF-B8E0-016435810107",
    "ISDP_FID": "OBJ_BT_ZAG_P.2808",
    "JE_NAZWA": "Śródmieście",
    "JE_NR": "126105_9",
    "KAT_SYMB": 0,
    "KOD": "GSPOPM",
    "KOD_NZ": "Pomnik",
    "KRG_D": "jedn. ewid. Śródmieście (Przedsiębiorstwo Geodezyjne \"GEOPROF\" s.c. Jarosław Kożuch, Sławomir Zając)",
    "KRG_N": "GD-13.6640.4461.2019",
    "MPD_D": "pomiar bezpośredni",
    "MPD_N": "O",
    "NR": " ",
    "OBR_NAZWA": " ",
    "OBR_NR": " ",
    "OPT_D": " ",
    "OPT_N": "P.1261.2019.10694",
    "REMARKS": " ",
    "SKALA_X_SY": 1,
    "SKALA_Y_SY": 1,
    "TZ": "0 - nie",
    "WID_SYMB": 1,
    "X_SYMB": 7423568.91,
    "Y_SYMB": 5547885.56
   },
   "type": "Feature"
  },
  {
   "geometry": {
    "coordinates": [
     19.934533,
     50.052347
    ],
    "type": "Point"
   },
   "id": 316,
   "properties": {
    "AKTUALNOSC": 1685318400000,
    "DKP_N": "GSPOPM",
    "DPZ": " ",
    "DTM": 1578787200000,
    "DTP": " ",
    "FID": 316,
    "ID": 45896174,
    "ID_IIP": "4EAF9C5D-413E-4BCF-B8E0-016672390107",
    "ISDP_FID": "OBJ_BT_ZAG_P.2809",
    "JE_NAZWA": "Śródmieście",
    "JE_NR": "126105_9",
    "KAT_SYMB": 0,
    "KOD": "GSPOPM",
    "KOD_NZ": "Pomnik",
    "KRG_D": "jedn. ewid. Śródmieście (Przedsiębiorstwo Geodezyjne \"GEOPROF\" s.c. Jarosław Kożuch, Sławomir Zając)",
    "KRG_N": "GD-13.6640.4461.2019",
    "MPD_D": "pomiar bezpośredni",
    "MPD_N": "O",
    "NR": " ",
    "OBR_NAZWA": " ",
    "OBR_NR": " ",
    "OPT_D": " ",
    "OPT_N": "P.1261.2019.10694",
    "REMARKS": " ",
    "SKALA_X_SY": 1,
    "SKALA_Y_SY": 1,
    "TZ": "0 - nie",
    "WID_SYMB": 1,
    "X_SYMB": 7423700.18,
    "Y_SYMB": 5546786.34
   },
   "type": "Feature"
  },
  {
   "geometry": {
    "coordinates": [
     19.946202,
     50.06047
    ],
    "type": "Point"
   },
   "id": 317,
   "properties": {
    "AKTUALNOSC": 1685318400000,
    "DKP_N": "GSPOPM",
    "DPZ": " ",
    "DTM": 1578787200000,
    "DTP": " ",
    "FID": 317,
    "ID": 45904307,
    "ID_IIP": "4EAF9C5D-413E-4BCF-B8E0-002039770107",
    "ISDP_FID": "OBJ_BT_ZAG_P.2811",
    "JE_NAZWA": "Śródmieście",
    "JE_NR": "126105_9",
    "KAT_SYMB": 0,
    "KOD": "GSPOPM",
    "KOD_NZ": "Pomnik",
    "KRG_D": "jedn. ewid. Śródmieście (Przedsiębiorstwo Geodezyjne \"GEOPROF\" s.c. Jarosław Kożuch, Sławomir Zając)",
    "KRG_N": "GD-13.6640.4461.2019",
    "MPD_D": "pomiar bezpośredni",
    "MPD_N": "O",
    "NR": " ",
    "OBR_NAZWA": " ",
    "OBR_NR": " ",
    "OPT_D": " ",
    "OPT_N": "P.1261.2019.10694",
    "REMARKS": " ",
    "SKALA_X_SY": 1,
    "SKALA_Y_SY": 1,
    "TZ": "0 - nie",
    "WID_SYMB": 1,
    "X_SYMB": 7424548.54,
    "Y_SYMB": 5547677.96
   },
   "type": "Feature"
  },
  {
   "geometry": {
    "coordinates": [
     19.946225,
     50.060549
    ],
    "type": "Point"
   },
   "id": 318,
   "properties": {
    "AKTUALNOSC": 1685318400000,
    "DKP_N": "GSPOPM",
    "DPZ": " ",
    "DTM": 1578787200000,
    "DTP": " ",
    "FID": 318,
    "ID": 45904329,
    "ID_IIP": "4EAF9C5D-413E-4BCF-B8E0-002039820107",
    "ISDP_FID": "OBJ_BT_ZAG_P.2812",
    "JE_NAZWA": "Śródmieście",
    "JE_NR": "126105_9",
    "KAT_SYMB": 0,
    "KOD": "GSPOPM",
    "KOD_NZ": "Pomnik",
    "KRG_D": "jedn. ewid. Śródmieście (Przedsiębiorstwo Geodezyjne \"GEOPROF\" s.c. Jarosław Kożuch, Sławomir Zając)",
    "KRG_N": "GD-13.6640.4461.2019",
    "MPD_D": "pomiar bezpośredni",
    "MPD_N": "O",
    "NR": " ",
    "OBR_NAZWA": " ",
    "OBR_NR": " ",
    "OPT_D": " ",
    "OPT_N": "P.1261.2019.10694",
    "REMARKS": " ",
    "SKALA_X_SY": 1,
    "SKALA_Y_SY": 1,
    "TZ": "0 - nie",
    "WID_SYMB": 1,
    "X_SYMB": 7424550.27,
    "Y_SYMB": 5547686.67
   },
   "type": "Feature"
  },
  {
   "geometry": {
    "coordinates": [
     19.94744,
     50.061088
    ],
    "type": "Point"
   },
   "id": 319,
   "properties": {
    "AKTUALNOSC": 1685318400000,
    "DKP_N": "GSPOPM",
    "DPZ": " ",
    "DTM": 1578787200000,
    "DTP": " ",
    "FID": 319,
    "ID": 45904368,
    "ID_IIP": "4EAF9C5D-413E-4BCF-B8E0-002045560107",
    "ISDP_FID": "OBJ_BT_ZAG_P.2815",
    "JE_NAZWA": "Śródmieście",
    "JE_NR": "126105_9",
    "KAT_SYMB": 0,
    "KOD": "GSPOPM",
    "KOD_NZ": "Pomnik",
    "KRG_D": "jedn. ewid. Śródmieście (Przedsiębiorstwo Geodezyjne \"GEOPROF\" s.c. Jarosław Kożuch, Sławomir Zając)",
    "KRG_N": "GD-13.6640.4461.2019",
    "MPD_D": "pomiar bezpośredni",
    "MPD_N": "O",
    "NR": " ",
    "OBR_NAZWA": " ",
    "OBR_NR": " ",
    "OPT_D": " ",
    "OPT_N": "P.1261.2019.10694",
    "REMARKS": " ",
    "SKALA_X_SY": 1,
    "SKALA_Y_SY": 1,
    "TZ": "0 - nie",
    "WID_SYMB": 1,
    "X_SYMB": 7424638.15,
    "Y_SYMB": 5547745.42
   },
   "type": "Feature"
  },
  {
   "geometry": {
    "coordinates": [
     19.947237,
     50.061084
    ],
    "type": "Point"
   },
   "id": 320,
   "properties": {
    "AKTUALNOSC": 1685318400000,
    "DKP_N": "GSPOPM",
    "DPZ": " ",
    "DTM": 1578787200000,
    "DTP": " ",
    "FID": 320,
    "ID": 45904370,
    "ID_IIP": "4EAF9C5D-413E-4BCF-B8E0-002045610107",
    "ISDP_FID": "OBJ_BT_ZAG_P.2816",
    "JE_NAZWA": "Śródmieście",
    "JE_NR": "126105_9",
    "KAT_SYMB": 0,
    "KOD": "GSPOPM",
    "KOD_NZ": "Pomnik",
    "KRG_D": "jedn. ewid. Śródmieście (Przedsiębiorstwo Geodezyjne \"GEOPROF\" s.c. Jarosław Kożuch, Sławomir Zając)",
    "KRG_N": "GD-13.6640.4461.2019",
    "MPD_D": "pomiar bezpośredni",
    "MPD_N": "O",
    "NR": " ",
    "OBR_NAZWA": " ",
    "OBR_NR": " ",
    "OPT_D": " ",
    "OPT_N": "P.1261.2019.10694",
    "REMARKS": " ",
    "SKALA_X_SY": 1,
    "SKALA_Y_SY": 1,
    "TZ": "0 - nie",
    "WID_SYMB": 1,
    "X_SYMB": 7424623.59,
    "Y_SYMB": 5547745.21
   },
   "type": "Feature"
  },
  {
   "geometry": {
    "coordinates": [
     19.946461,
     50.060951
    ],
    "type": "Point"
   },
   "id": 321,
   "properties": {
    "AKTUALNOSC": 1685318400000,
    "DKP_N": "GSPOPM",
    "DPZ": " ",
    "DTM": 1578787200000,
    "DTP": " ",
    "FID": 321,
    "ID": 45904406,
    "ID_IIP": "4EAF9C5D-413E-4BCF-B8E0-002045030107",
    "ISDP_FID": "OBJ_BT_ZAG_P.2818",
    "JE_NAZWA": "Śródmieście",
    "JE_NR": "126105_9",
    "KAT_SYMB": 0,
    "KOD": "GSPOPM",
    "KOD_NZ": "Pomnik",
    "KRG_D": "jedn. ewid. Śródmieście (Przedsiębiorstwo Geodezyjne \"GEOPROF\" s.c. Jarosław Kożuch, Sławomir Zając)",
    "KRG_N": "GD-13.6640.4461.2019",
    "MPD_D": "pomiar bezpośredni",
    "MPD_N": "O",
    "NR": " ",
    "OBR_NAZWA": " ",
    "OBR_NR": " ",
    "OPT_D": " ",
    "OPT_N": "P.1261.2019.10694",
    "REMARKS": " ",
    "SKALA_X_SY": 1,
    "SKALA_Y_SY": 1,
    "TZ": "0 - nie",
    "WID_SYMB": 1,
    "X_SYMB": 7424567.81,
    "Y_SYMB": 5547731.17
   },
   "type": "Feature"
  },
  {
   "geometry": {
    "coordinates": [
     19.957306,
     50.086381
    ],
    "type": "Point"
   },
   "id": 322,
   "properties": {
    "AKTUALNOSC": 1685318400000,
    "DKP_N": "GSPOPM",
    "DPZ": " ",
    "DTM": 1578787200000,
    "DTP": " ",
    "FID": 322,
    "ID": 45907099,
    "ID_IIP": "4EAF9C5D-413E-4BCF-B8E0-000164810107",
    "ISDP_FID": "OBJ_BT_ZAG_P.2820",
    "JE_NAZWA": "Śródmieście",
    "JE_NR": "126105_9",
    "KAT_SYMB": 0,
    "KOD": "GSPOPM",
    "KOD_NZ": "Pomnik",
    "KRG_D": "jedn. ewid. Śródmieście (Przedsiębiorstwo Geodezyjne \"GEOPROF\" s.c. Jarosław Kożuch, Sławomir Zając)",
    "KRG_N": "GD-13.6640.4461.2019",
    "MPD_D": "pomiar bezpośredni",
    "MPD_N": "O",
    "NR": " ",
    "OBR_NAZWA": " ",
    "OBR_NR": " ",
    "OPT_D": " ",
    "OPT_N": "P.1261.2019.10694",
    "REMARKS": " ",
    "SKALA_X_SY": 1,
    "SKALA_Y_SY": 1,
    "TZ": "0 - nie",
    "WID_SYMB": 1,
    "X_SYMB": 7425383.78,
    "Y_SYMB": 5550548.61
   },
   "type": "Feature"
  },
  {
   "geometry": {
    "coordinates": [
     19.971806,
     50.087486
    ],
    "type": "Point"
   },
   "id": 323,
   "properties": {
    "AKTUALNOSC": 1685318400000,
    "DKP_N": "GSPOPM",
    "DPZ": " ",
    "DTM": 1578787200000,
    "DTP": " ",
    "FID": 323,
    "ID": 45907261,
    "ID_IIP": "4EAF9C5D-413E-4BCF-B8E0-001173210107",
    "ISDP_FID": "OBJ_BT_ZAG_P.2824",
    "JE_NAZWA": "Śródmieście",
    "JE_NR": "126105_9",
    "KAT_SYMB": 0,
    "KOD": "GSPOPM",
    "KOD_NZ": "Pomnik",
    "KRG_D": "jedn. ewid. Śródmieście (Przedsiębiorstwo Geodezyjne \"GEOPROF\" s.c. Jarosław Kożuch, Sławomir Zając)",
    "KRG_N": "GD-13.6640.4461.2019",
    "MPD_D": "pomiar bezpośredni",
    "MPD_N": "O",
    "NR": " ",
    "OBR_NAZWA": " ",
    "OBR_NR": " ",
    "OPT_D": " ",
    "OPT_N": "P.1261.2019.10694",
    "REMARKS": " ",
    "SKALA_X_SY": 1,
    "SKALA_Y_SY": 1,
    "TZ": "0 - nie",
    "WID_SYMB": 1,
    "X_SYMB": 7426423.06,
    "Y_SYMB": 5550657.11
   },
   "type": "Feature"
  },
  {
   "geometry": {
    "coordinates": [
     19.952592,
     50.084344
    ],
    "type": "Point"
   },
   "id": 324,
   "properties": {
    "AKTUALNOSC": 1685318400000,
    "DKP_N": "GSPOPM",
    "DPZ": " ",
    "DTM": 1578787200000,
    "DTP": " ",
    "FID": 324,
    "ID": 45907341,
    "ID_IIP": "4EAF9C5D-413E-4BCF-B8E0-015957080107",
    "ISDP_FID": "OBJ_BT_ZAG_P.2836",
    "JE_NAZWA": "Śródmieście",
    "JE_NR": "126105_9",
    "KAT_SYMB": 0,
    "KOD": "GSPOPM",
    "KOD_NZ": "Pomnik",
    "KRG_D": "jedn. ewid. Śródmieście (Przedsiębiorstwo Geodezyjne \"GEOPROF\" s.c. Jarosław Kożuch, Sławomir Zając)",
    "KRG_N": "GD-13.6640.4461.2019",
    "MPD_D": "pomiar bezpośredni",
    "MPD_N": "O",
    "NR": " ",
    "OBR_NAZWA": " ",
    "OBR_NR": " ",
    "OPT_D": " ",
    "OPT_N": "P.1261.2019.10694",
    "REMARKS": " ",
    "SKALA_X_SY": 1,
    "SKALA_Y_SY": 1,
    "TZ": "0 - nie",
    "WID_SYMB": 1,
    "X_SYMB": 7425043.25,
    "Y_SYMB": 5550326.76
   },
   "type": "Feature"
  },
  {
   "geometry": {
    "coordinates": [
     19.935396,
     50.066014
    ],
    "type": "Point"
   },
   "id": 325,
   "properties": {
    "AKTUALNOSC": 1685318400000,
    "DKP_N": "GSPOPM",
    "DPZ": " ",
    "DTM": 1578787200000,
    "DTP": " ",
    "FID": 325,
    "ID": 45966860,
    "ID_IIP": "4EAF9C5D-413E-4BCF-B8E0-000333290107",
    "ISDP_FID": "OBJ_BT_ZAG_P.3543",
    "JE_NAZWA": "Śródmieście",
    "JE_NR": "126105_9",
    "KAT_SYMB": 0,
    "KOD": "GSPOPM",
    "KOD_NZ": "Pomnik",
    "KRG_D": "jedn. ewid. Śródmieście (Przedsiębiorstwo Geodezyjne \"GEOPROF\" s.c. Jarosław Kożuch, Sławomir Zając)",
    "KRG_N": "GD-13.6640.4461.2019",
    "MPD_D": "pomiar bezpośredni",
    "MPD_N": "O",
    "NR": " ",
    "OBR_NAZWA": " ",
    "OBR_NR": " ",
    "OPT_D": " ",
    "OPT_N": "P.1261.2019.10694",
    "REMARKS": " ",
    "SKALA_X_SY": 1,
    "SKALA_Y_SY": 1,
    "TZ": "0 - nie",
    "WID_SYMB": 1,
    "X_SYMB": 7423783.64,
    "Y_SYMB": 5548305.56
   },
   "type": "Feature"
  },
  {
   "geometry": {
    "coordinates": [
     19.935553,
     50.072667
    ],
    "type": "Point"
   },
   "id": 326,
   "properties": {
    "AKTUALNOSC": 1685318400000,
    "DKP_N": "GSPOPM",
    "DPZ": " ",
    "DTM": 1578787200000,
    "DTP": " ",
    "FID": 326,
    "ID": 45966861,
    "ID_IIP": "4EAF9C5D-413E-4BCF-B8E0-000915420107",
    "ISDP_FID": "OBJ_BT_ZAG_P.3544",
    "JE_NAZWA": "Śródmieście",
    "JE_NR": "126105_9",
    "KAT_SYMB": 0,
    "KOD": "GSPOPM",
    "KOD_NZ": "Pomnik",
    "KRG_D": "jedn. ewid. Śródmieście (Przedsiębiorstwo Geodezyjne \"GEOPROF\" s.c. Jarosław Kożuch, Sławomir Zając)",
    "KRG_N": "GD-13.6640.4461.2019",
    "MPD_D": "pomiar bezpośredni",
    "MPD_N": "O",
    "NR": " ",
    "OBR_NAZWA": " ",
    "OBR_NR": " ",
    "OPT_D": " ",
    "OPT_N": "P.1261.2019.10694",
    "REMARKS": " ",
    "SKALA_X_SY": 1,
    "SKALA_Y_SY": 1,
    "TZ": "0 - nie",
    "WID_SYMB": 1,
    "X_SYMB": 7423805.38,
    "Y_SYMB": 5549045.29
   },
   "type": "Feature"
  },
  {
   "geometry": {
    "coordinates": [
     19.930382,
     50.061882
    ],
    "type": "Point"
   },
   "id": 327,
   "properties": {
    "AKTUALNOSC": 1685318400000,
    "DKP_N": "GSPOPM",
    "DPZ": " ",
    "DTM": 1578787200000,
    "DTP": " ",
    "FID": 327,
    "ID": 45966862,
    "ID_IIP": "4EAF9C5D-413E-4BCF-B8E0-001297680107",
    "ISDP_FID": "OBJ_BT_ZAG_P.3545",
    "JE_NAZWA": "Śródmieście",
    "JE_NR": "126105_9",
    "KAT_SYMB": 0,
    "KOD": "GSPOPM",
    "KOD_NZ": "Pomnik",
    "KRG_D": "jedn. ewid. Śródmieście (Przedsiębiorstwo Geodezyjne \"GEOPROF\" s.c. Jarosław Kożuch, Sławomir Zając)",
    "KRG_N": "GD-13.6640.4461.2019",
    "MPD_D": "pomiar bezpośredni",
    "MPD_N": "O",
    "NR": " ",
    "OBR_NAZWA": " ",
    "OBR_NR": " ",
    "OPT_D": " ",
    "OPT_N": "P.1261.2019.10694",
    "REMARKS": " ",
    "SKALA_X_SY": 1,
    "SKALA_Y_SY": 1,
    "TZ": "0 - nie",
    "WID_SYMB": 1,
    "X_SYMB": 7423418.09,
    "Y_SYMB": 5547851.08
   },
   "type": "Feature"
  },
  {
   "geometry": {
    "coordinates": [
     19.927587,
     50.059922
    ],
    "type": "Point"
   },
   "id": 328,
   "properties": {
    "AKTUALNOSC": 1685318400000,
    "DKP_N": "GSPOPM",
    "DPZ": " ",
    "DTM": 1578787200000,
    "DTP": "2009-02-24",
    "FID": 328,
    "ID": 45966864,
    "ID_IIP": "4EAF9C5D-413E-4BCF-B8E0-001454090107",
    "ISDP_FID": "OBJ_BT_ZAG_P.3546",
    "JE_NAZWA": "Śródmieście",
    "JE_NR": "126105_9",
    "KAT_SYMB": 0,
    "KOD": "GSPOPM",
    "KOD_NZ": "Pomnik",
    "KRG_D": "jedn. ewid. Śródmieście (Przedsiębiorstwo Geodezyjne \"GEOPROF\" s.c. Jarosław Kożuch, Sławomir Zając)",
    "KRG_N": "GD-13.6640.4461.2019",
    "MPD_D": "pomiar bezpośredni",
    "MPD_N": "O",
    "NR": " ",
    "OBR_NAZWA": " ",
    "OBR_NR": " ",
    "OPT_D": " ",
    "OPT_N": "P.1261.2019.10694",
    "REMARKS": " ",
    "SKALA_X_SY": 1,
    "SKALA_Y_SY": 1,
    "TZ": "0 - nie",
    "WID_SYMB": 1,
    "X_SYMB": 7423214.86,
    "Y_SYMB": 5547635.97
   },
   "type": "Feature"
  },
  {
   "geometry": {
    "coordinates": [
     19.927601,
     50.060018
    ],
    "type": "Point"
   },
   "id": 329,
   "properties": {
    "AKTUALNOSC": 1685318400000,
    "DKP_N": "GSPOPM",
    "DPZ": " ",
    "DTM": 1578787200000,
    "DTP": "2009-02-24",
    "FID": 329,
    "ID": 45966865,
    "ID_IIP": "4EAF9C5D-413E-4BCF-B8E0-001454100107",
    "ISDP_FID": "OBJ_BT_ZAG_P.3547",
    "JE_NAZWA": "Śródmieście",
    "JE_NR": "126105_9",
    "KAT_SYMB": 0,
    "KOD": "GSPOPM",
    "KOD_NZ": "Pomnik",
    "KRG_D": "jedn. ewid. Śródmieście (Przedsiębiorstwo Geodezyjne \"GEOPROF\" s.c. Jarosław Kożuch, Sławomir Zając)",
    "KRG_N": "GD-13.6640.4461.2019",
    "MPD_D": "pomiar bezpośredni",
    "MPD_N": "O",
    "NR": " ",
    "OBR_NAZWA": " ",
    "OBR_NR": " ",
    "OPT_D": " ",
    "OPT_N": "P.1261.2019.10694",
    "REMARKS": " ",
    "SKALA_X_SY": 1,
    "SKALA_Y_SY": 1,
    "TZ": "0 - nie",
    "WID_SYMB": 1,
    "X_SYMB": 7423216.03,
    "Y_SYMB": 5547646.61
   },
   "type": "Feature"
  },
  {
   "geometry": {
    "coordinates": [
     19.930395,
     50.070985
    ],
    "type": "Point"
   },
   "id": 330,
   "properties": {
    "AKTUALNOSC": 1685318400000,
    "DKP_N": "GSPOPM",
    "DPZ": " ",
    "DTM": 1578787200000,
    "DTP": " ",
    "FID": 330,
    "ID": 45966866,
    "ID_IIP": "4EAF9C5D-413E-4BCF-B8E0-001720600107",
    "ISDP_FID": "OBJ_BT_ZAG_P.3548",
    "JE_NAZWA": "Śródmieście",
    "JE_NR": "126105_9",
    "KAT_SYMB": 0,
    "KOD": "GSPOPM",
    "KOD_NZ": "Pomnik",
    "KRG_D": "jedn. ewid. Śródmieście (Przedsiębiorstwo Geodezyjne \"GEOPROF\" s.c. Jarosław Kożuch, Sławomir Zając)",
    "KRG_N": "GD-13.6640.4461.2019",
    "MPD_D": "pomiar bezpośredni",
    "MPD_N": "O",
    "NR": " ",
    "OBR_NAZWA": " ",
    "OBR_NR": " ",
    "OPT_D": " ",
    "OPT_N": "P.1261.2019.10694",
    "REMARKS": " ",
    "SKALA_X_SY": 1,
    "SKALA_Y_SY": 1,
    "TZ": "0 - nie",
    "WID_SYMB": 1,
    "X_SYMB": 7423433.51,
    "Y_SYMB": 5548863.52
   },
   "type": "Feature"
  },
  {
   "geometry": {
    "coordinates": [
     19.931846,
     50.068987
    ],
    "type": "Point"
   },
   "id": 331,
   "properties": {
    "AKTUALNOSC": 1685318400000,
    "DKP_N": "GSPOPM",
    "DPZ": " ",
    "DTM": 1578787200000,
    "DTP": " ",
    "FID": 331,
    "ID": 45966867,
    "ID_IIP": "4EAF9C5D-413E-4BCF-B8E0-001733500107",
    "ISDP_FID": "OBJ_BT_ZAG_P.3549",
    "JE_NAZWA": "Śródmieście",
    "JE_NR": "126105_9",
    "KAT_SYMB": 0,
    "KOD": "GSPOPM",
    "KOD_NZ": "Pomnik",
    "KRG_D": "jedn. ewid. Śródmieście (Przedsiębiorstwo Geodezyjne \"GEOPROF\" s.c. Jarosław Kożuch, Sławomir Zając)",
    "KRG_N": "GD-13.6640.4461.2019",
    "MPD_D": "pomiar bezpośredni",
    "MPD_N": "O",
    "NR": " ",
    "OBR_NAZWA": " ",
    "OBR_NR": " ",
    "OPT_D": " ",
    "OPT_N": "P.1261.2019.10694",
    "REMARKS": " ",
    "SKALA_X_SY": 1,
    "SKALA_Y_SY": 1,
    "TZ": "0 - nie",
    "WID_SYMB": 1,
    "X_SYMB": 7423534.2,
    "Y_SYMB": 5548639.78
   },
   "type": "Feature"
  },
  {
   "geometry": {
    "coordinates": [
     19.931878,
     50.068939
    ],
    "type": "Point"
   },
   "id": 332,
   "properties": {
    "AKTUALNOSC": 1685318400000,
    "DKP_N": "GSPOPM",
    "DPZ": " ",
    "DTM": 1578787200000,
    "DTP": " ",
    "FID": 332,
    "ID": 45966868,
    "ID_IIP": "4EAF9C5D-413E-4BCF-B8E0-001733510107",
    "ISDP_FID": "OBJ_BT_ZAG_P.3550",
    "JE_NAZWA": "Śródmieście",
    "JE_NR": "126105_9",
    "KAT_SYMB": 0,
    "KOD": "GSPOPM",
    "KOD_NZ": "Pomnik",
    "KRG_D": "jedn. ewid. Śródmieście (Przedsiębiorstwo Geodezyjne \"GEOPROF\" s.c. Jarosław Kożuch, Sławomir Zając)",
    "KRG_N": "GD-13.6640.4461.2019",
    "MPD_D": "pomiar bezpośredni",
    "MPD_N": "O",
    "NR": " ",
    "OBR_NAZWA": " ",
    "OBR_NR": " ",
    "OPT_D": " ",
    "OPT_N": "P.1261.2019.10694",
    "REMARKS": " ",
    "SKALA_X_SY": 1,
    "SKALA_Y_SY": 1,
    "TZ": "0 - nie",
    "WID_SYMB": 1,
    "X_SYMB": 7423536.4,
    "Y_SYMB": 5548634.44
   },
   "type": "Feature"
  },
  {
   "geometry": {
    "coordinates": [
     19.953557,
     50.068613
    ],
    "type": "Point"
   },
   "id": 333,
   "properties": {
    "AKTUALNOSC": 1685318400000,
    "DKP_N": "GSPOPM",
    "DPZ": " ",
    "DTM": 1617753600000,
    "DTP": "2021-02-22",
    "FID": 333,
    "ID": 51674621,
    "ID_IIP": "1F666FD3-204E-4FB0-BE4D-31E15C629CAD",
    "ISDP_FID": "OBJ_BT_ZAG_P.3562",
    "JE_NAZWA": "Śródmieście",
    "JE_NR": "126105_9",
    "KAT_SYMB": 0,
    "KOD": "GSPOPM",
    "KOD_NZ": "Pomnik",
    "KRG_D": "(Firma Geodezyjna Geo-Pol Jan Jurka, Rafał Jurka Spółka Cywilna)",
    "KRG_N": "GD-13.6640.7953.2020",
    "MPD_D": "pomiar bezpośredni",
    "MPD_N": "O",
    "NR": "114",
    "OBR_NAZWA": " ",
    "OBR_NR": " ",
    "OPT_D": " ",
    "OPT_N": "P.1261.2021.2763",
    "REMARKS": " ",
    "SKALA_X_SY": 1,
    "SKALA_Y_SY": 1,
    "TZ": "0 - nie",
    "WID_SYMB": 1,
    "X_SYMB": 7425087.84,
    "Y_SYMB": 5548576.18
   },
   "type": "Feature"
  },
  {
   "geometry": {
    "coordinates": [
     19.976195,
     50.083933
    ],
    "type": "Point"
   },
   "id": 334,
   "properties": {
    "AKTUALNOSC": 1685318400000,
    "DKP_N": "GSPOPM",
    "DPZ": " ",
    "DTM": 1578787200000,
    "DTP": " ",
    "FID": 334,
    "ID": 45917164,
    "ID_IIP": "4EAF9C5D-413E-4BCF-B8E0-000891060107",
    "ISDP_FID": "OBJ_BT_ZAG_P.2845",
    "JE_NAZWA": "Śródmieście",
    "JE_NR": "126105_9",
    "KAT_SYMB": 0,
    "KOD": "GSPOPM",
    "KOD_NZ": "Pomnik",
    "KRG_D": "jedn. ewid. Śródmieście (Przedsiębiorstwo Geodezyjne \"GEOPROF\" s.c. Jarosław Kożuch, Sławomir Zając)",
    "KRG_N": "GD-13.6640.4461.2019",
    "MPD_D": "pomiar bezpośredni",
    "MPD_N": "O",
    "NR": " ",
    "OBR_NAZWA": " ",
    "OBR_NR": " ",
    "OPT_D": " ",
    "OPT_N": "P.1261.2019.10694",
    "REMARKS": " ",
    "SKALA_X_SY": 1,
    "SKALA_Y_SY": 1,
    "TZ": "0 - nie",
    "WID_SYMB": 1,
    "X_SYMB": 7426731.7,
    "Y_SYMB": 5550257.59
   },
   "type": "Feature"
  },
  {
   "geometry": {
    "coordinates": [
     19.98575,
     50.079257
    ],
    "type": "Point"
   },
   "id": 335,
   "properties": {
    "AKTUALNOSC": 1685318400000,
    "DKP_N": "GSPOPM",
    "DPZ": " ",
    "DTM": 1578787200000,
    "DTP": " ",
    "FID": 335,
    "ID": 45917165,
    "ID_IIP": "4EAF9C5D-413E-4BCF-B8E0-002814510107",
    "ISDP_FID": "OBJ_BT_ZAG_P.2846",
    "JE_NAZWA": "Śródmieście",
    "JE_NR": "126105_9",
    "KAT_SYMB": 0,
    "KOD": "GSPOPM",
    "KOD_NZ": "Pomnik",
    "KRG_D": "jedn. ewid. Śródmieście (Przedsiębiorstwo Geodezyjne \"GEOPROF\" s.c. Jarosław Kożuch, Sławomir Zając)",
    "KRG_N": "GD-13.6640.4461.2019",
    "MPD_D": "wektoryzacja",
    "MPD_N": "D",
    "NR": " ",
    "OBR_NAZWA": " ",
    "OBR_NR": " ",
    "OPT_D": " ",
    "OPT_N": "P.1261.2019.10694",
    "REMARKS": " ",
    "SKALA_X_SY": 1,
    "SKALA_Y_SY": 1,
    "TZ": "0 - nie",
    "WID_SYMB": 1,
    "X_SYMB": 7427408.44,
    "Y_SYMB": 5549728.22
   },
   "type": "Feature"
  },
  {
   "geometry": {
    "coordinates": [
     19.988301,
     50.073576
    ],
    "type": "Point"
   },
   "id": 336,
   "properties": {
    "AKTUALNOSC": 1685318400000,
    "DKP_N": "GSPOPM",
    "DPZ": " ",
    "DTM": 1578787200000,
    "DTP": " ",
    "FID": 336,
    "ID": 45917166,
    "ID_IIP": "4EAF9C5D-413E-4BCF-B8E0-003055150107",
    "ISDP_FID": "OBJ_BT_ZAG_P.2847",
    "JE_NAZWA": "Śródmieście",
    "JE_NR": "126105_9",
    "KAT_SYMB": 0,
    "KOD": "GSPOPM",
    "KOD_NZ": "Pomnik",
    "KRG_D": "jedn. ewid. Śródmieście (Przedsiębiorstwo Geodezyjne \"GEOPROF\" s.c. Jarosław Kożuch, Sławomir Zając)",
    "KRG_N": "GD-13.6640.4461.2019",
    "MPD_D": "wektoryzacja",
    "MPD_N": "D",
    "NR": " ",
    "OBR_NAZWA": " ",
    "OBR_NR": " ",
    "OPT_D": " ",
    "OPT_N": "P.1261.2019.10694",
    "REMARKS": " ",
    "SKALA_X_SY": 1,
    "SKALA_Y_SY": 1,
    "TZ": "0 - nie",
    "WID_SYMB": 1,
    "X_SYMB": 7427582.49,
    "Y_SYMB": 5549093.88
   },
   "type": "Feature"
  },
  {
   "geometry": {
    "coordinates": [
     19.957961,
     50.065734
    ],
    "type": "Point"
   },
   "id": 337,
   "properties": {
    "AKTUALNOSC": 1685318400000,
    "DKP_N": "GSPOPM",
    "DPZ": " ",
    "DTM": 1578787200000,
    "DTP": " ",
    "FID": 337,
    "ID": 45917167,
    "ID_IIP": "4EAF9C5D-413E-4BCF-B8E0-003414980107",
    "ISDP_FID": "OBJ_BT_ZAG_P.2848",
    "JE_NAZWA": "Śródmieście",
    "JE_NR": "126105_9",
    "KAT_SYMB": 0,
    "KOD": "GSPOPM",
    "KOD_NZ": "Pomnik",
    "KRG_D": "jedn. ewid. Śródmieście (Przedsiębiorstwo Geodezyjne \"GEOPROF\" s.c. Jarosław Kożuch, Sławomir Zając)",
    "KRG_N": "GD-13.6640.4461.2019",
    "MPD_D": "wektoryzacja",
    "MPD_N": "D",
    "NR": " ",
    "OBR_NAZWA": " ",
    "OBR_NR": " ",
    "OPT_D": " ",
    "OPT_N": "P.1261.2019.10694",
    "REMARKS": " ",
    "SKALA_X_SY": 1,
    "SKALA_Y_SY": 1,
    "TZ": "0 - nie",
    "WID_SYMB": 1,
    "X_SYMB": 7425398.58,
    "Y_SYMB": 5548251.58
   },
   "type": "Feature"
  },
  {
   "geometry": {
    "coordinates": [
     19.980678,
     50.063076
    ],
    "type": "Point"
   },
   "id": 338,
   "properties": {
    "AKTUALNOSC": 1685318400000,
    "DKP_N": "GSPOPM",
    "DPZ": " ",
    "DTM": 1578787200000,
    "DTP": " ",
    "FID": 338,
    "ID": 45917168,
    "ID_IIP": "4EAF9C5D-413E-4BCF-B8E0-004442440107",
    "ISDP_FID": "OBJ_BT_ZAG_P.2849",
    "JE_NAZWA": "Śródmieście",
    "JE_NR": "126105_9",
    "KAT_SYMB": 0,
    "KOD": "GSPOPM",
    "KOD_NZ": "Pomnik",
    "KRG_D": "jedn. ewid. Śródmieście (Przedsiębiorstwo Geodezyjne \"GEOPROF\" s.c. Jarosław Kożuch, Sławomir Zając)",
    "KRG_N": "GD-13.6640.4461.2019",
    "MPD_D": "pomiar bezpośredni",
    "MPD_N": "O",
    "NR": " ",
    "OBR_NAZWA": " ",
    "OBR_NR": " ",
    "OPT_D": " ",
    "OPT_N": "P.1261.2019.10694",
    "REMARKS": " ",
    "SKALA_X_SY": 1,
    "SKALA_Y_SY": 1,
    "TZ": "0 - nie",
    "WID_SYMB": 1,
    "X_SYMB": 7427020.92,
    "Y_SYMB": 5547933.53
   },
   "type": "Feature"
  },
  {
   "geometry": {
    "coordinates": [
     19.977959,
     50.066815
    ],
    "type": "Point"
   },
   "id": 339,
   "properties": {
    "AKTUALNOSC": 1685318400000,
    "DKP_N": "GSPOPM",
    "DPZ": " ",
    "DTM": 1578787200000,
    "DTP": " ",
    "FID": 339,
    "ID": 45917169,
    "ID_IIP": "4EAF9C5D-413E-4BCF-B8E0-015586700107",
    "ISDP_FID": "OBJ_BT_ZAG_P.2850",
    "JE_NAZWA": "Śródmieście",
    "JE_NR": "126105_9",
    "KAT_SYMB": 0,
    "KOD": "GSPOPM",
    "KOD_NZ": "Pomnik",
    "KRG_D": "jedn. ewid. Śródmieście (Przedsiębiorstwo Geodezyjne \"GEOPROF\" s.c. Jarosław Kożuch, Sławomir Zając)",
    "KRG_N": "GD-13.6640.4461.2019",
    "MPD_D": "pomiar bezpośredni",
    "MPD_N": "O",
    "NR": " ",
    "OBR_NAZWA": " ",
    "OBR_NR": " ",
    "OPT_D": " ",
    "OPT_N": "P.1261.2019.10694",
    "REMARKS": " ",
    "SKALA_X_SY": 1,
    "SKALA_Y_SY": 1,
    "TZ": "0 - nie",
    "WID_SYMB": 1,
    "X_SYMB": 7426831.95,
    "Y_SYMB": 5548352.04
   },
   "type": "Feature"
  },
  {
   "geometry": {
    "coordinates": [
     19.934684,
     50.052336
    ],
    "type": "Point"
   },
   "id": 340,
   "properties": {
    "AKTUALNOSC": 1685318400000,
    "DKP_N": "GSPOPM",
    "DPZ": " ",
    "DTM": 1585526400000,
    "DTP": "2020-01-29",
    "FID": 340,
    "ID": 47031495,
    "ID_IIP": "4A48BA10-C366-4B3D-B2F8-95BC314E901A",
    "ISDP_FID": "OBJ_BT_ZAG_P.3923",
    "JE_NAZWA": "Śródmieście",
    "JE_NR": "126105_9",
    "KAT_SYMB": 0,
    "KOD": "GSPOPM",
    "KOD_NZ": "Pomnik",
    "KRG_D": "rz. Wisła - Bulwary (ROBERT FLAGA GEODEZJA I KARTOGRAFIA)",
    "KRG_N": "GD-13.6640.10216.2019",
    "MPD_D": "pomiar bezpośredni",
    "MPD_N": "O",
    "NR": "575",
    "OBR_NAZWA": " ",
    "OBR_NR": " ",
    "OPT_D": " ",
    "OPT_N": "P.1261.2020.2370",
    "REMARKS": " ",
    "SKALA_X_SY": 1,
    "SKALA_Y_SY": 1,
    "TZ": "0 - nie",
    "WID_SYMB": 1,
    "X_SYMB": 7423710.99,
    "Y_SYMB": 5546785.02
   },
   "type": "Feature"
  },
  {
   "geometry": {
    "coordinates": [
     19.95041,
     50.047034
    ],
    "type": "Point"
   },
   "id": 341,
   "properties": {
    "AKTUALNOSC": 1685318400000,
    "DKP_N": "GSPOPM",
    "DPZ": " ",
    "DTM": 1585526400000,
    "DTP": "2020-02-28",
    "FID": 341,
    "ID": 47032480,
    "ID_IIP": "84265E02-04F1-4C49-8B65-2F6FE9CC5AAD",
    "ISDP_FID": "OBJ_BT_ZAG_P.3924",
    "JE_NAZWA": "Podgórze",
    "JE_NR": "126104_9",
    "KAT_SYMB": 0,
    "KOD": "GSPOPM",
    "KOD_NZ": "Pomnik",
    "KRG_D": "rz. Wisła - Bulwary (ROBERT FLAGA GEODEZJA I KARTOGRAFIA)",
    "KRG_N": "GD-13.6640.10216.2019",
    "MPD_D": "pomiar bezpośredni",
    "MPD_N": "O",
    "NR": "1488",
    "OBR_NAZWA": " ",
    "OBR_NR": " ",
    "OPT_D": " ",
    "OPT_N": "P.1261.2020.2370",
    "REMARKS": " ",
    "SKALA_X_SY": 1,
    "SKALA_Y_SY": 1,
    "TZ": "0 - nie",
    "WID_SYMB": 1,
    "X_SYMB": 7424828.835,
    "Y_SYMB": 5546179.348
   },
   "type": "Feature"
  },
  {
   "geometry": {
    "coordinates": [
     19.99061,
     50.024326
    ],
    "type": "Point"
   },
   "id": 342,
   "properties": {
    "AKTUALNOSC": 1685318400000,
    "DKP_N": "GSPOPM",
    "DPZ": " ",
    "DTM": 1587945600000,
    "DTP": "2020-03-23",
    "FID": 342,
    "ID": 47364992,
    "ID_IIP": "E789DF0B-ABFF-4D13-A41C-C74777369F2D",
    "ISDP_FID": "OBJ_BT_ZAG_P.3935",
    "JE_NAZWA": "Podgórze",
    "JE_NR": "126104_9",
    "KAT_SYMB": 0,
    "KOD": "GSPOPM",
    "KOD_NZ": "Pomnik",
    "KRG_D": "Ul. Popławskiego l.ks.rob.: 76/2020 (\"PW GPI\" s.c. Sławomir Plewa, Maciej Rybka)",
    "KRG_N": "GD-13.6640.1668.2020",
    "MPD_D": "pomiar bezpośredni",
    "MPD_N": "O",
    "NR": " ",
    "OBR_NAZWA": " ",
    "OBR_NR": " ",
    "OPT_D": " ",
    "OPT_N": "P.1261.2020.3306",
    "REMARKS": " ",
    "SKALA_X_SY": 1,
    "SKALA_Y_SY": 1,
    "TZ": "0 - nie",
    "WID_SYMB": 1,
    "X_SYMB": 7427673.78,
    "Y_SYMB": 5543614.22
   },
   "type": "Feature"
  },
  {
   "geometry": {
    "coordinates": [
     19.953847,
     50.078637
    ],
    "type": "Point"
   },
   "id": 343,
   "properties": {
    "AKTUALNOSC": 1685318400000,
    "DKP_N": "GSPOPM",
    "DPZ": " ",
    "DTM": 1578787200000,
    "DTP": " ",
    "FID": 343,
    "ID": 45919535,
    "ID_IIP": "4EAF9C5D-413E-4BCF-B8E0-005298230107",
    "ISDP_FID": "OBJ_BT_ZAG_P.2862",
    "JE_NAZWA": "Śródmieście",
    "JE_NR": "126105_9",
    "KAT_SYMB": 0,
    "KOD": "GSPOPM",
    "KOD_NZ": "Pomnik",
    "KRG_D": "jedn. ewid. Śródmieście (Przedsiębiorstwo Geodezyjne \"GEOPROF\" s.c. Jarosław Kożuch, Sławomir Zając)",
    "KRG_N": "GD-13.6640.4461.2019",
    "MPD_D": "wektoryzacja",
    "MPD_N": "D",
    "NR": " ",
    "OBR_NAZWA": " ",
    "OBR_NR": " ",
    "OPT_D": " ",
    "OPT_N": "P.1261.2019.10694",
    "REMARKS": " ",
    "SKALA_X_SY": 1,
    "SKALA_Y_SY": 1,
    "TZ": "0 - nie",
    "WID_SYMB": 1,
    "X_SYMB": 7425124.19,
    "Y_SYMB": 5549690.8
   },
   "type": "Feature"
  },
  {
   "geometry": {
    "coordinates": [
     19.955541,
     50.077676
    ],
    "type": "Point"
   },
   "id": 344,
   "properties": {
    "AKTUALNOSC": 1685318400000,
    "DKP_N": "GSPOPM",
    "DPZ": " ",
    "DTM": 1578787200000,
    "DTP": " ",
    "FID": 344,
    "ID": 45919538,
    "ID_IIP": "4EAF9C5D-413E-4BCF-B8E0-005298240107",
    "ISDP_FID": "OBJ_BT_ZAG_P.2863",
    "JE_NAZWA": "Śródmieście",
    "JE_NR": "126105_9",
    "KAT_SYMB": 0,
    "KOD": "GSPOPM",
    "KOD_NZ": "Pomnik",
    "KRG_D": "jedn. ewid. Śródmieście (Przedsiębiorstwo Geodezyjne \"GEOPROF\" s.c. Jarosław Kożuch, Sławomir Zając)",
    "KRG_N": "GD-13.6640.4461.2019",
    "MPD_D": "wektoryzacja",
    "MPD_N": "D",
    "NR": " ",
    "OBR_NAZWA": " ",
    "OBR_NR": " ",
    "OPT_D": " ",
    "OPT_N": "P.1261.2019.10694",
    "REMARKS": " ",
    "SKALA_X_SY": 1,
    "SKALA_Y_SY": 1,
    "TZ": "0 - nie",
    "WID_SYMB": 1,
    "X_SYMB": 7425243.94,
    "Y_SYMB": 5549582.25
   },
   "type": "Feature"
  },
  {
   "geometry": {
    "coordinates": [
     19.94205,
     50.066269
    ],
    "type": "Point"
   },
   "id": 345,
   "properties": {
    "AKTUALNOSC": 1685318400000,
    "DKP_N": "GSPOPM",
    "DPZ": " ",
    "DTM": 1578787200000,
    "DTP": " ",
    "FID": 345,
    "ID": 45966869,
    "ID_IIP": "4EAF9C5D-413E-4BCF-B8E0-001785230110",
    "ISDP_FID": "OBJ_BT_ZAG_P.3628",
    "JE_NAZWA": "Śródmieście",
    "JE_NR": "126105_9",
    "KAT_SYMB": 0,
    "KOD": "GSPOPM",
    "KOD_NZ": "Pomnik",
    "KRG_D": "jedn. ewid. Śródmieście (Przedsiębiorstwo Geodezyjne \"GEOPROF\" s.c. Jarosław Kożuch, Sławomir Zając)",
    "KRG_N": "GD-13.6640.4461.2019",
    "MPD_D": "pomiar bezpośredni",
    "MPD_N": "O",
    "NR": " ",
    "OBR_NAZWA": " ",
    "OBR_NR": " ",
    "OPT_D": " ",
    "OPT_N": "P.1261.2019.10694",
    "REMARKS": " ",
    "SKALA_X_SY": 1,
    "SKALA_Y_SY": 1,
    "TZ": "0 - nie",
    "WID_SYMB": 1,
    "X_SYMB": 7424260.34,
    "Y_SYMB": 5548327.07
   },
   "type": "Feature"
  },
  {
   "geometry": {
    "coordinates": [
     19.92434,
     50.061539
    ],
    "type": "Point"
   },
   "id": 346,
   "properties": {
    "AKTUALNOSC": 1685318400000,
    "DKP_N": "GSPOPM",
    "DPZ": " ",
    "DTM": 1578787200000,
    "DTP": " ",
    "FID": 346,
    "ID": 45966870,
    "ID_IIP": "4EAF9C5D-413E-4BCF-B8E0-001789180107",
    "ISDP_FID": "OBJ_BT_ZAG_P.3629",
    "JE_NAZWA": "Śródmieście",
    "JE_NR": "126105_9",
    "KAT_SYMB": 0,
    "KOD": "GSPOPM",
    "KOD_NZ": "Pomnik",
    "KRG_D": "jedn. ewid. Śródmieście (Przedsiębiorstwo Geodezyjne \"GEOPROF\" s.c. Jarosław Kożuch, Sławomir Zając)",
    "KRG_N": "GD-13.6640.4461.2019",
    "MPD_D": "pomiar bezpośredni",
    "MPD_N": "O",
    "NR": " ",
    "OBR_NAZWA": " ",
    "OBR_NR": " ",
    "OPT_D": " ",
    "OPT_N": "P.1261.2019.10694",
    "REMARKS": " ",
    "SKALA_X_SY": 1,
    "SKALA_Y_SY": 1,
    "TZ": "0 - nie",
    "WID_SYMB": 1,
    "X_SYMB": 7422984.97,
    "Y_SYMB": 5547819.11
   },
   "type": "Feature"
  },
  {
   "geometry": {
    "coordinates": [
     19.924423,
     50.061377
    ],
    "type": "Point"
   },
   "id": 347,
   "properties": {
    "AKTUALNOSC": 1685318400000,
    "DKP_N": "GSPOPM",
    "DPZ": " ",
    "DTM": 1578787200000,
    "DTP": " ",
    "FID": 347,
    "ID": 45966871,
    "ID_IIP": "4EAF9C5D-413E-4BCF-B8E0-001789190107",
    "ISDP_FID": "OBJ_BT_ZAG_P.3630",
    "JE_NAZWA": "Śródmieście",
    "JE_NR": "126105_9",
    "KAT_SYMB": 0,
    "KOD": "GSPOPM",
    "KOD_NZ": "Pomnik",
    "KRG_D": "jedn. ewid. Śródmieście (Przedsiębiorstwo Geodezyjne \"GEOPROF\" s.c. Jarosław Kożuch, Sławomir Zając)",
    "KRG_N": "GD-13.6640.4461.2019",
    "MPD_D": "pomiar bezpośredni",
    "MPD_N": "O",
    "NR": " ",
    "OBR_NAZWA": " ",
    "OBR_NR": " ",
    "OPT_D": " ",
    "OPT_N": "P.1261.2019.10694",
    "REMARKS": " ",
    "SKALA_X_SY": 1,
    "SKALA_Y_SY": 1,
    "TZ": "0 - nie",
    "WID_SYMB": 1,
    "X_SYMB": 7422990.62,
    "Y_SYMB": 5547801.03
   },
   "type": "Feature"
  },
  {
   "geometry": {
    "coordinates": [
     19.938615,
     50.073281
    ],
    "type": "Point"
   },
   "id": 348,
   "properties": {
    "AKTUALNOSC": 1685318400000,
    "DKP_N": "GSPOPM",
    "DPZ": " ",
    "DTM": 1578787200000,
    "DTP": " ",
    "FID": 348,
    "ID": 45966872,
    "ID_IIP": "4EAF9C5D-413E-4BCF-B8E0-001876950107",
    "ISDP_FID": "OBJ_BT_ZAG_P.3631",
    "JE_NAZWA": "Śródmieście",
    "JE_NR": "126105_9",
    "KAT_SYMB": 0,
    "KOD": "GSPOPM",
    "KOD_NZ": "Pomnik",
    "KRG_D": "jedn. ewid. Śródmieście (Przedsiębiorstwo Geodezyjne \"GEOPROF\" s.c. Jarosław Kożuch, Sławomir Zając)",
    "KRG_N": "GD-13.6640.4461.2019",
    "MPD_D": "pomiar bezpośredni",
    "MPD_N": "O",
    "NR": " ",
    "OBR_NAZWA": " ",
    "OBR_NR": " ",
    "OPT_D": " ",
    "OPT_N": "P.1261.2019.10694",
    "REMARKS": " ",
    "SKALA_X_SY": 1,
    "SKALA_Y_SY": 1,
    "TZ": "0 - nie",
    "WID_SYMB": 1,
    "X_SYMB": 7424025.56,
    "Y_SYMB": 5549110.48
   },
   "type": "Feature"
  },
  {
   "geometry": {
    "coordinates": [
     19.937621,
     50.073066
    ],
    "type": "Point"
   },
   "id": 349,
   "properties": {
    "AKTUALNOSC": 1685318400000,
    "DKP_N": "GSPOPM",
    "DPZ": " ",
    "DTM": 1578787200000,
    "DTP": " ",
    "FID": 349,
    "ID": 45966873,
    "ID_IIP": "4EAF9C5D-413E-4BCF-B8E0-001879990107",
    "ISDP_FID": "OBJ_BT_ZAG_P.3632",
    "JE_NAZWA": "Śródmieście",
    "JE_NR": "126105_9",
    "KAT_SYMB": 0,
    "KOD": "GSPOPM",
    "KOD_NZ": "Pomnik",
    "KRG_D": "jedn. ewid. Śródmieście (Przedsiębiorstwo Geodezyjne \"GEOPROF\" s.c. Jarosław Kożuch, Sławomir Zając)",
    "KRG_N": "GD-13.6640.4461.2019",
    "MPD_D": "pomiar bezpośredni",
    "MPD_N": "O",
    "NR": " ",
    "OBR_NAZWA": " ",
    "OBR_NR": " ",
    "OPT_D": " ",
    "OPT_N": "P.1261.2019.10694",
    "REMARKS": " ",
    "SKALA_X_SY": 1,
    "SKALA_Y_SY": 1,
    "TZ": "0 - nie",
    "WID_SYMB": 1,
    "X_SYMB": 7423954.05,
    "Y_SYMB": 5549087.56
   },
   "type": "Feature"
  },
  {
   "geometry": {
    "coordinates": [
     19.937899,
     50.069425
    ],
    "type": "Point"
   },
   "id": 350,
   "properties": {
    "AKTUALNOSC": 1685318400000,
    "DKP_N": "GSPOPM",
    "DPZ": " ",
    "DTM": 1578787200000,
    "DTP": " ",
    "FID": 350,
    "ID": 45966874,
    "ID_IIP": "4EAF9C5D-413E-4BCF-B8E0-001912640107",
    "ISDP_FID": "OBJ_BT_ZAG_P.3633",
    "JE_NAZWA": "Śródmieście",
    "JE_NR": "126105_9",
    "KAT_SYMB": 0,
    "KOD": "GSPOPM",
    "KOD_NZ": "Pomnik",
    "KRG_D": "jedn. ewid. Śródmieście (Przedsiębiorstwo Geodezyjne \"GEOPROF\" s.c. Jarosław Kożuch, Sławomir Zając)",
    "KRG_N": "GD-13.6640.4461.2019",
    "MPD_D": "pomiar bezpośredni",
    "MPD_N": "O",
    "NR": " ",
    "OBR_NAZWA": " ",
    "OBR_NR": " ",
    "OPT_D": " ",
    "OPT_N": "P.1261.2019.10694",
    "REMARKS": " ",
    "SKALA_X_SY": 1,
    "SKALA_Y_SY": 1,
    "TZ": "0 - nie",
    "WID_SYMB": 1,
    "X_SYMB": 7423968.17,
    "Y_SYMB": 5548682.3
   },
   "type": "Feature"
  },
  {
   "geometry": {
    "coordinates": [
     19.929176,
     50.055713
    ],
    "type": "Point"
   },
   "id": 351,
   "properties": {
    "AKTUALNOSC": 1685318400000,
    "DKP_N": "GSPOPM",
    "DPZ": " ",
    "DTM": 1578787200000,
    "DTP": " ",
    "FID": 351,
    "ID": 45966875,
    "ID_IIP": "4EAF9C5D-413E-4BCF-B8E0-002050310107",
    "ISDP_FID": "OBJ_BT_ZAG_P.3634",
    "JE_NAZWA": "Śródmieście",
    "JE_NR": "126105_9",
    "KAT_SYMB": 0,
    "KOD": "GSPOPM",
    "KOD_NZ": "Pomnik",
    "KRG_D": "jedn. ewid. Śródmieście (Przedsiębiorstwo Geodezyjne \"GEOPROF\" s.c. Jarosław Kożuch, Sławomir Zając)",
    "KRG_N": "GD-13.6640.4461.2019",
    "MPD_D": "pomiar bezpośredni",
    "MPD_N": "O",
    "NR": " ",
    "OBR_NAZWA": " ",
    "OBR_NR": " ",
    "OPT_D": " ",
    "OPT_N": "P.1261.2019.10694",
    "REMARKS": " ",
    "SKALA_X_SY": 1,
    "SKALA_Y_SY": 1,
    "TZ": "0 - nie",
    "WID_SYMB": 1,
    "X_SYMB": 7423321.9,
    "Y_SYMB": 5547166.2
   },
   "type": "Feature"
  },
  {
   "geometry": {
    "coordinates": [
     19.93199,
     50.058763
    ],
    "type": "Point"
   },
   "id": 352,
   "properties": {
    "AKTUALNOSC": 1685318400000,
    "DKP_N": "GSPOPM",
    "DPZ": " ",
    "DTM": 1578787200000,
    "DTP": " ",
    "FID": 352,
    "ID": 45966876,
    "ID_IIP": "4EAF9C5D-413E-4BCF-B8E0-002080680107",
    "ISDP_FID": "OBJ_BT_ZAG_P.3635",
    "JE_NAZWA": "Śródmieście",
    "JE_NR": "126105_9",
    "KAT_SYMB": 0,
    "KOD": "GSPOPM",
    "KOD_NZ": "Pomnik",
    "KRG_D": "jedn. ewid. Śródmieście (Przedsiębiorstwo Geodezyjne \"GEOPROF\" s.c. Jarosław Kożuch, Sławomir Zając)",
    "KRG_N": "GD-13.6640.4461.2019",
    "MPD_D": "pomiar bezpośredni",
    "MPD_N": "O",
    "NR": " ",
    "OBR_NAZWA": " ",
    "OBR_NR": " ",
    "OPT_D": " ",
    "OPT_N": "P.1261.2019.10694",
    "REMARKS": " ",
    "SKALA_X_SY": 1,
    "SKALA_Y_SY": 1,
    "TZ": "0 - nie",
    "WID_SYMB": 1,
    "X_SYMB": 7423528.25,
    "Y_SYMB": 5547502.57
   },
   "type": "Feature"
  },
  {
   "geometry": {
    "coordinates": [
     19.935989,
     50.06837
    ],
    "type": "Point"
   },
   "id": 353,
   "properties": {
    "AKTUALNOSC": 1685318400000,
    "DKP_N": "GSPOPM",
    "DPZ": " ",
    "DTM": 1578787200000,
    "DTP": " ",
    "FID": 353,
    "ID": 45966877,
    "ID_IIP": "4EAF9C5D-413E-4BCF-B8E0-002155790107",
    "ISDP_FID": "OBJ_BT_ZAG_P.3636",
    "JE_NAZWA": "Śródmieście",
    "JE_NR": "126105_9",
    "KAT_SYMB": 0,
    "KOD": "GSPOPM",
    "KOD_NZ": "Pomnik",
    "KRG_D": "jedn. ewid. Śródmieście (Przedsiębiorstwo Geodezyjne \"GEOPROF\" s.c. Jarosław Kożuch, Sławomir Zając)",
    "KRG_N": "GD-13.6640.4461.2019",
    "MPD_D": "wektoryzacja",
    "MPD_N": "D",
    "NR": " ",
    "OBR_NAZWA": " ",
    "OBR_NR": " ",
    "OPT_D": " ",
    "OPT_N": "P.1261.2019.10694",
    "REMARKS": " ",
    "SKALA_X_SY": 1,
    "SKALA_Y_SY": 1,
    "TZ": "0 - nie",
    "WID_SYMB": 1,
    "X_SYMB": 7423829.82,
    "Y_SYMB": 5548566.9
   },
   "type": "Feature"
  },
  {
   "geometry": {
    "coordinates": [
     19.936505,
     50.068292
    ],
    "type": "Point"
   },
   "id": 354,
   "properties": {
    "AKTUALNOSC": 1685318400000,
    "DKP_N": "GSPOPM",
    "DPZ": " ",
    "DTM": 1578787200000,
    "DTP": " ",
    "FID": 354,
    "ID": 45966878,
    "ID_IIP": "4EAF9C5D-413E-4BCF-B8E0-002156600107",
    "ISDP_FID": "OBJ_BT_ZAG_P.3637",
    "JE_NAZWA": "Śródmieście",
    "JE_NR": "126105_9",
    "KAT_SYMB": 0,
    "KOD": "GSPOPM",
    "KOD_NZ": "Pomnik",
    "KRG_D": "jedn. ewid. Śródmieście (Przedsiębiorstwo Geodezyjne \"GEOPROF\" s.c. Jarosław Kożuch, Sławomir Zając)",
    "KRG_N": "GD-13.6640.4461.2019",
    "MPD_D": "wektoryzacja",
    "MPD_N": "D",
    "NR": " ",
    "OBR_NAZWA": " ",
    "OBR_NR": " ",
    "OPT_D": " ",
    "OPT_N": "P.1261.2019.10694",
    "REMARKS": " ",
    "SKALA_X_SY": 1,
    "SKALA_Y_SY": 1,
    "TZ": "0 - nie",
    "WID_SYMB": 1,
    "X_SYMB": 7423866.65,
    "Y_SYMB": 5548557.77
   },
   "type": "Feature"
  },
  {
   "geometry": {
    "coordinates": [
     19.942146,
     50.066415
    ],
    "type": "Point"
   },
   "id": 355,
   "properties": {
    "AKTUALNOSC": 1685318400000,
    "DKP_N": "GSPOPM",
    "DPZ": " ",
    "DTM": 1578787200000,
    "DTP": " ",
    "FID": 355,
    "ID": 45966879,
    "ID_IIP": "4EAF9C5D-413E-4BCF-B8E0-013795790110",
    "ISDP_FID": "OBJ_BT_ZAG_P.3638",
    "JE_NAZWA": "Śródmieście",
    "JE_NR": "126105_9",
    "KAT_SYMB": 0,
    "KOD": "GSPOPM",
    "KOD_NZ": "Pomnik",
    "KRG_D": "jedn. ewid. Śródmieście (Przedsiębiorstwo Geodezyjne \"GEOPROF\" s.c. Jarosław Kożuch, Sławomir Zając)",
    "KRG_N": "GD-13.6640.4461.2019",
    "MPD_D": "pomiar bezpośredni",
    "MPD_N": "O",
    "NR": " ",
    "OBR_NAZWA": " ",
    "OBR_NR": " ",
    "OPT_D": " ",
    "OPT_N": "P.1261.2019.10694",
    "REMARKS": " ",
    "SKALA_X_SY": 1,
    "SKALA_Y_SY": 1,
    "TZ": "0 - nie",
    "WID_SYMB": 1,
    "X_SYMB": 7424267.46,
    "Y_SYMB": 5548343.21
   },
   "type": "Feature"
  },
  {
   "geometry": {
    "coordinates": [
     19.95788,
     50.050738
    ],
    "type": "Point"
   },
   "id": 356,
   "properties": {
    "AKTUALNOSC": 1685318400000,
    "DKP_N": "GSPOPM",
    "DPZ": " ",
    "DTM": 1633305600000,
    "DTP": "2021-09-16",
    "FID": 356,
    "ID": 53295756,
    "ID_IIP": "EFD54BD4-E8F1-4852-9767-2D5D68133065",
    "ISDP_FID": "OBJ_BT_ZAG_P.2912",
    "JE_NAZWA": "Podgórze",
    "JE_NR": "126104_9",
    "KAT_SYMB": 0,
    "KOD": "GSPOPM",
    "KOD_NZ": "Pomnik",
    "KRG_D": "(\"GEOJACK\" Biuro Usług Geodezyjnych Jacek Jakóbski)",
    "KRG_N": "GD-13.6640.8237.2021",
    "MPD_D": "pomiar bezpośredni",
    "MPD_N": "O",
    "NR": " ",
    "OBR_NAZWA": " ",
    "OBR_NR": " ",
    "OPT_D": " ",
    "OPT_N": "P.1261.2021.8246",
    "REMARKS": " ",
    "SKALA_X_SY": 1,
    "SKALA_Y_SY": 1,
    "TZ": "0 - nie",
    "WID_SYMB": 1,
    "X_SYMB": 7425369.57,
    "Y_SYMB": 5546583.88
   },
   "type": "Feature"
  },
  {
   "geometry": {
    "coordinates": [
     20.013786,
     50.096306
    ],
    "type": "Point"
   },
   "id": 357,
   "properties": {
    "AKTUALNOSC": 1685318400000,
    "DKP_N": "GSPOPM",
    "DPZ": " ",
    "DTM": 1634256000000,
    "DTP": "2021-07-07",
    "FID": 357,
    "ID": 53459383,
    "ID_IIP": "F360EB2E-9EF4-4C29-8662-99DD77F54841",
    "ISDP_FID": "OBJ_BT_ZAG_P.2913",
    "JE_NAZWA": "Nowa Huta",
    "JE_NR": "126103_9",
    "KAT_SYMB": 0,
    "KOD": "GSPOPM",
    "KOD_NZ": "Pomnik",
    "KRG_D": "(RWG Rafał Wocławek)",
    "KRG_N": "GD-13.6640.5404.2021",
    "MPD_D": "pomiar bezpośredni",
    "MPD_N": "O",
    "NR": " ",
    "OBR_NAZWA": " ",
    "OBR_NR": " ",
    "OPT_D": " ",
    "OPT_N": "P.1261.2021.8655",
    "REMARKS": " ",
    "SKALA_X_SY": 1,
    "SKALA_Y_SY": 1,
    "TZ": "0 - nie",
    "WID_SYMB": 1,
    "X_SYMB": 7429440.06,
    "Y_SYMB": 5551597.51
   },
   "type": "Feature"
  },
  {
   "geometry": {
    "coordinates": [
     19.907764,
     50.06818
    ],
    "type": "Point"
   },
   "id": 358,
   "properties": {
    "AKTUALNOSC": 1685318400000,
    "DKP_N": "GSPOPM",
    "DPZ": " ",
    "DTM": 1635206400000,
    "DTP": "2020-12-18",
    "FID": 358,
    "ID": 53492529,
    "ID_IIP": "8D017B64-68E9-4750-8CCF-988D1EED8C56",
    "ISDP_FID": "OBJ_BT_ZAG_P.2914",
    "JE_NAZWA": "Krowodrza",
    "JE_NR": "126102_9",
    "KAT_SYMB": 0,
    "KOD": "GSPOPM",
    "KOD_NZ": "Pomnik",
    "KRG_D": "Krowodrza, obr.24,25,32,33,26,27,30,31,28,29,42,43,41,44,2,3,46,45,4,12 (GEOXY Spółka z o.o)",
    "KRG_N": "GD-13.6640.6.2021",
    "MPD_D": "pomiar bezpośredni",
    "MPD_N": "O",
    "NR": " ",
    "OBR_NAZWA": " ",
    "OBR_NR": " ",
    "OPT_D": " ",
    "OPT_N": "P.1261.2021.283",
    "REMARKS": " ",
    "SKALA_X_SY": 1,
    "SKALA_Y_SY": 1,
    "TZ": "0 - nie",
    "WID_SYMB": 1,
    "X_SYMB": 7421808.931,
    "Y_SYMB": 5548574.935
   },
   "type": "Feature"
  },
  {
   "geometry": {
    "coordinates": [
     19.918935,
     50.065629
    ],
    "type": "Point"
   },
   "id": 359,
   "properties": {
    "AKTUALNOSC": 1685318400000,
    "DKP_N": "GSPOPM",
    "DPZ": " ",
    "DTM": 1635206400000,
    "DTP": "2019-11-25",
    "FID": 359,
    "ID": 53492530,
    "ID_IIP": "4EAF9C5D-413E-4BCF-B8E0-010731290107",
    "ISDP_FID": "OBJ_BT_ZAG_P.2915",
    "JE_NAZWA": "Krowodrza",
    "JE_NR": "126102_9",
    "KAT_SYMB": 0,
    "KOD": "GSPOPM",
    "KOD_NZ": "Pomnik",
    "KRG_D": "Krowodrza, obr.24,25,32,33,26,27,30,31,28,29,42,43,41,44,2,3,46,45,4,12 (GEOXY Spółka z o.o)",
    "KRG_N": "GD-13.6640.6.2021",
    "MPD_D": "pomiar bezpośredni",
    "MPD_N": "O",
    "NR": " ",
    "OBR_NAZWA": " ",
    "OBR_NR": " ",
    "OPT_D": " ",
    "OPT_N": "P.1261.2020.1963",
    "REMARKS": " ",
    "SKALA_X_SY": 1,
    "SKALA_Y_SY": 1,
    "TZ": "0 - nie",
    "WID_SYMB": 1,
    "X_SYMB": 7422604.549,
    "Y_SYMB": 5548279.624
   },
   "type": "Feature"
  },
  {
   "geometry": {
    "coordinates": [
     19.917935,
     50.062536
    ],
    "type": "Point"
   },
   "id": 360,
   "properties": {
    "AKTUALNOSC": 1685318400000,
    "DKP_N": "GSPOPM",
    "DPZ": " ",
    "DTM": 1635206400000,
    "DTP": "2016-02-22",
    "FID": 360,
    "ID": 53492535,
    "ID_IIP": "4EAF9C5D-413E-4BCF-B8E0-010699920107",
    "ISDP_FID": "OBJ_BT_ZAG_P.2916",
    "JE_NAZWA": "Krowodrza",
    "JE_NR": "126102_9",
    "KAT_SYMB": 0,
    "KOD": "GSPOPM",
    "KOD_NZ": "Pomnik",
    "KRG_D": "Krowodrza, obr.24,25,32,33,26,27,30,31,28,29,42,43,41,44,2,3,46,45,4,12 (GEOXY Spółka z o.o)",
    "KRG_N": "GD-13.6640.6.2021",
    "MPD_D": "pomiar bezpośredni",
    "MPD_N": "O",
    "NR": " ",
    "OBR_NAZWA": " ",
    "OBR_NR": " ",
    "OPT_D": " ",
    "OPT_N": "P.1261.2016.2096",
    "REMARKS": " ",
    "SKALA_X_SY": 1,
    "SKALA_Y_SY": 1,
    "TZ": "0 - nie",
    "WID_SYMB": 1,
    "X_SYMB": 7422527.95,
    "Y_SYMB": 5547936.66
   },
   "type": "Feature"
  },
  {
   "geometry": {
    "coordinates": [
     19.91171,
     50.071007
    ],
    "type": "Point"
   },
   "id": 361,
   "properties": {
    "AKTUALNOSC": 1685318400000,
    "DKP_N": "GSPOPM",
    "DPZ": " ",
    "DTM": 1635206400000,
    "DTP": "2010-10-12",
    "FID": 361,
    "ID": 53492537,
    "ID_IIP": "4EAF9C5D-413E-4BCF-B8E0-006035530107",
    "ISDP_FID": "OBJ_BT_ZAG_P.2917",
    "JE_NAZWA": "Krowodrza",
    "JE_NR": "126102_9",
    "KAT_SYMB": 0,
    "KOD": "GSPOPM",
    "KOD_NZ": "Pomnik",
    "KRG_D": "Krowodrza, obr.24,25,32,33,26,27,30,31,28,29,42,43,41,44,2,3,46,45,4,12 (GEOXY Spółka z o.o)",
    "KRG_N": "GD-13.6640.6.2021",
    "MPD_D": "pomiar bezpośredni",
    "MPD_N": "O",
    "NR": " ",
    "OBR_NAZWA": " ",
    "OBR_NR": " ",
    "OPT_D": " ",
    "OPT_N": "P.1261.2010.6975",
    "REMARKS": " ",
    "SKALA_X_SY": 1,
    "SKALA_Y_SY": 1,
    "TZ": "0 - nie",
    "WID_SYMB": 1,
    "X_SYMB": 7422096.06,
    "Y_SYMB": 5548885.26
   },
   "type": "Feature"
  },
  {
   "geometry": {
    "coordinates": [
     19.870561,
     50.069964
    ],
    "type": "Point"
   },
   "id": 362,
   "properties": {
    "AKTUALNOSC": 1685318400000,
    "DKP_N": "GSPOPM",
    "DPZ": " ",
    "DTM": 1607385600000,
    "DTP": " ",
    "FID": 362,
    "ID": 50082233,
    "ID_IIP": "4EAF9C5D-413E-4BCF-B8E0-001820710107",
    "ISDP_FID": "OBJ_BT_ZAG_P.3257",
    "JE_NAZWA": "Krowodrza",
    "JE_NR": "126102_9",
    "KAT_SYMB": 0,
    "KOD": "GSPOPM",
    "KOD_NZ": "Pomnik",
    "KRG_D": "Budowa bazy BDOT500, JE 126102_9 Krowodrza,  Obręby: K1-K4, K6-K10, K12, K19, K20, K24-K33, K41-K46, K51-K53 (GEOXY Spółka z o.",
    "KRG_N": "GD-13.6640.4728.2020",
    "MPD_D": "pomiar bezpośredni",
    "MPD_N": "O",
    "NR": " ",
    "OBR_NAZWA": " ",
    "OBR_NR": " ",
    "OPT_D": " ",
    "OPT_N": "P.1261.2009.7002",
    "REMARKS": " ",
    "SKALA_X_SY": 1,
    "SKALA_Y_SY": 1,
    "TZ": "0 - nie",
    "WID_SYMB": 1,
    "X_SYMB": 7419148.74,
    "Y_SYMB": 5548813.01
   },
   "type": "Feature"
  },
  {
   "geometry": {
    "coordinates": [
     19.876462,
     50.064239
    ],
    "type": "Point"
   },
   "id": 363,
   "properties": {
    "AKTUALNOSC": 1685318400000,
    "DKP_N": "GSPOPM",
    "DPZ": " ",
    "DTM": 1607385600000,
    "DTP": " ",
    "FID": 363,
    "ID": 50082236,
    "ID_IIP": "4EAF9C5D-413E-4BCF-B8E0-003494180107",
    "ISDP_FID": "OBJ_BT_ZAG_P.3258",
    "JE_NAZWA": "Krowodrza",
    "JE_NR": "126102_9",
    "KAT_SYMB": 0,
    "KOD": "GSPOPM",
    "KOD_NZ": "Pomnik",
    "KRG_D": "Budowa bazy BDOT500, JE 126102_9 Krowodrza,  Obręby: K1-K4, K6-K10, K12, K19, K20, K24-K33, K41-K46, K51-K53 (GEOXY Spółka z o.",
    "KRG_N": "GD-13.6640.4728.2020",
    "MPD_D": "wektoryzacja",
    "MPD_N": "D",
    "NR": " ",
    "OBR_NAZWA": " ",
    "OBR_NR": " ",
    "OPT_D": " ",
    "OPT_N": "P.1261.2010.5320",
    "REMARKS": " ",
    "SKALA_X_SY": 1,
    "SKALA_Y_SY": 1,
    "TZ": "0 - nie",
    "WID_SYMB": 1,
    "X_SYMB": 7419561.56,
    "Y_SYMB": 5548169.87
   },
   "type": "Feature"
  },
  {
   "geometry": {
    "coordinates": [
     19.868663,
     50.062778
    ],
    "type": "Point"
   },
   "id": 364,
   "properties": {
    "AKTUALNOSC": 1685318400000,
    "DKP_N": "GSPOPM",
    "DPZ": " ",
    "DTM": 1607385600000,
    "DTP": " ",
    "FID": 364,
    "ID": 50082245,
    "ID_IIP": "4EAF9C5D-413E-4BCF-B8E0-008322210107",
    "ISDP_FID": "OBJ_BT_ZAG_P.3266",
    "JE_NAZWA": "Krowodrza",
    "JE_NR": "126102_9",
    "KAT_SYMB": 0,
    "KOD": "GSPOPM",
    "KOD_NZ": "Pomnik",
    "KRG_D": "Budowa bazy BDOT500, JE 126102_9 Krowodrza,  Obręby: K1-K4, K6-K10, K12, K19, K20, K24-K33, K41-K46, K51-K53 (GEOXY Spółka z o.",
    "KRG_N": "GD-13.6640.4728.2020",
    "MPD_D": "pomiar bezpośredni",
    "MPD_N": "O",
    "NR": " ",
    "OBR_NAZWA": " ",
    "OBR_NR": " ",
    "OPT_D": " ",
    "OPT_N": "P.1261.2011.884",
    "REMARKS": " ",
    "SKALA_X_SY": 1,
    "SKALA_Y_SY": 1,
    "TZ": "0 - nie",
    "WID_SYMB": 1,
    "X_SYMB": 7419000.74,
    "Y_SYMB": 5548015.83
   },
   "type": "Feature"
  },
  {
   "geometry": {
    "coordinates": [
     19.928729,
     50.055447
    ],
    "type": "Point"
   },
   "id": 365,
   "properties": {
    "AKTUALNOSC": 1685318400000,
    "DKP_N": "GSPOPM",
    "DPZ": " ",
    "DTM": 1578787200000,
    "DTP": " ",
    "FID": 365,
    "ID": 45966880,
    "ID_IIP": "4EAF9C5D-413E-4BCF-B8E0-016672380107",
    "ISDP_FID": "OBJ_BT_ZAG_P.3639",
    "JE_NAZWA": "Śródmieście",
    "JE_NR": "126105_9",
    "KAT_SYMB": 0,
    "KOD": "GSPOPM",
    "KOD_NZ": "Pomnik",
    "KRG_D": "jedn. ewid. Śródmieście (Przedsiębiorstwo Geodezyjne \"GEOPROF\" s.c. Jarosław Kożuch, Sławomir Zając)",
    "KRG_N": "GD-13.6640.4461.2019",
    "MPD_D": "pomiar bezpośredni",
    "MPD_N": "O",
    "NR": " ",
    "OBR_NAZWA": " ",
    "OBR_NR": " ",
    "OPT_D": " ",
    "OPT_N": "P.1261.2019.10694",
    "REMARKS": " ",
    "SKALA_X_SY": 1,
    "SKALA_Y_SY": 1,
    "TZ": "0 - nie",
    "WID_SYMB": 1,
    "X_SYMB": 7423289.45,
    "Y_SYMB": 5547137.14
   },
   "type": "Feature"
  },
  {
   "geometry": {
    "coordinates": [
     19.939739,
     50.051049
    ],
    "type": "Point"
   },
   "id": 366,
   "properties": {
    "AKTUALNOSC": 1685318400000,
    "DKP_N": "GSPOPM",
    "DPZ": " ",
    "DTM": 1578787200000,
    "DTP": " ",
    "FID": 366,
    "ID": 46031925,
    "ID_IIP": "4EAF9C5D-413E-4BCF-B8E0-002084560107",
    "ISDP_FID": "OBJ_BT_ZAG_P.3646",
    "JE_NAZWA": "Śródmieście",
    "JE_NR": "126105_9",
    "KAT_SYMB": 0,
    "KOD": "GSPOPM",
    "KOD_NZ": "Pomnik",
    "KRG_D": "jedn. ewid. Śródmieście (Przedsiębiorstwo Geodezyjne \"GEOPROF\" s.c. Jarosław Kożuch, Sławomir Zając)",
    "KRG_N": "GD-13.6640.4461.2019",
    "MPD_D": "pomiar bezpośredni",
    "MPD_N": "O",
    "NR": " ",
    "OBR_NAZWA": " ",
    "OBR_NR": " ",
    "OPT_D": " ",
    "OPT_N": "P.1261.2019.10694",
    "REMARKS": " ",
    "SKALA_X_SY": 1,
    "SKALA_Y_SY": 1,
    "TZ": "0 - nie",
    "WID_SYMB": 1,
    "X_SYMB": 7424070.93,
    "Y_SYMB": 5546636.74
   },
   "type": "Feature"
  },
  {
   "geometry": {
    "coordinates": [
     19.94415,
     50.062895
    ],
    "type": "Point"
   },
   "id": 367,
   "properties": {
    "AKTUALNOSC": 1685318400000,
    "DKP_N": "GSPOPM",
    "DPZ": " ",
    "DTM": 1620086400000,
    "DTP": "2021-04-21",
    "FID": 367,
    "ID": 51918092,
    "ID_IIP": "1DB754C0-08C1-497C-B510-BEE2FA25338D",
    "ISDP_FID": "OBJ_BT_ZAG_P.3653",
    "JE_NAZWA": "Śródmieście",
    "JE_NR": "126105_9",
    "KAT_SYMB": 0,
    "KOD": "GSPOPM",
    "KOD_NZ": "Pomnik",
    "KRG_D": "(Firma Geodezyjna Geo-Pol Jan Jurka, Rafał Jurka Spółka Cywilna)",
    "KRG_N": "GD-13.6640.2765.2021",
    "MPD_D": "pomiar bezpośredni",
    "MPD_N": "O",
    "NR": "65",
    "OBR_NAZWA": " ",
    "OBR_NR": " ",
    "OPT_D": " ",
    "OPT_N": "P.1261.2021.3618",
    "REMARKS": " ",
    "SKALA_X_SY": 1,
    "SKALA_Y_SY": 1,
    "TZ": "0 - nie",
    "WID_SYMB": 1,
    "X_SYMB": 7424405.38,
    "Y_SYMB": 5547949.72
   },
   "type": "Feature"
  },
  {
   "geometry": {
    "coordinates": [
     19.944199,
     50.063263
    ],
    "type": "Point"
   },
   "id": 368,
   "properties": {
    "AKTUALNOSC": 1685318400000,
    "DKP_N": "GSPOPM",
    "DPZ": " ",
    "DTM": 1620086400000,
    "DTP": "2021-04-21",
    "FID": 368,
    "ID": 51918100,
    "ID_IIP": "DDE26CD2-2BD1-482D-AA9C-187A9E8B8312",
    "ISDP_FID": "OBJ_BT_ZAG_P.3655",
    "JE_NAZWA": "Śródmieście",
    "JE_NR": "126105_9",
    "KAT_SYMB": 0,
    "KOD": "GSPOPM",
    "KOD_NZ": "Pomnik",
    "KRG_D": "(Firma Geodezyjna Geo-Pol Jan Jurka, Rafał Jurka Spółka Cywilna)",
    "KRG_N": "GD-13.6640.2765.2021",
    "MPD_D": "pomiar bezpośredni",
    "MPD_N": "O",
    "NR": "116",
    "OBR_NAZWA": " ",
    "OBR_NR": " ",
    "OPT_D": " ",
    "OPT_N": "P.1261.2021.3618",
    "REMARKS": " ",
    "SKALA_X_SY": 1,
    "SKALA_Y_SY": 1,
    "TZ": "0 - nie",
    "WID_SYMB": 1,
    "X_SYMB": 7424409.49,
    "Y_SYMB": 5547990.59
   },
   "type": "Feature"
  },
  {
   "geometry": {
    "coordinates": [
     19.82367,
     50.067576
    ],
    "type": "Point"
   },
   "id": 369,
   "properties": {
    "AKTUALNOSC": 1685318400000,
    "DKP_N": "GSPOPM",
    "DPZ": " ",
    "DTM": 1606262400000,
    "DTP": " ",
    "FID": 369,
    "ID": 49949862,
    "ID_IIP": "4EAF9C5D-413E-4BCF-B8E0-003327830107",
    "ISDP_FID": "OBJ_BT_ZAG_P.2982",
    "JE_NAZWA": "Krowodrza",
    "JE_NR": "126102_9",
    "KAT_SYMB": 0,
    "KOD": "GSPOPM",
    "KOD_NZ": "Pomnik",
    "KRG_D": "Budowa bazy BDOT500, JE 126102_9 Krowodrza,  Obręby: K1-K4, K6-K10, K12, K19, K20, K24-K33, K41-K46, K51-K53 (GEOXY Spółka z o.",
    "KRG_N": "GD-13.6640.4728.2020",
    "MPD_D": "wektoryzacja",
    "MPD_N": "D",
    "NR": " ",
    "OBR_NAZWA": " ",
    "OBR_NR": " ",
    "OPT_D": " ",
    "OPT_N": "P.1261.2010.5453",
    "REMARKS": " ",
    "SKALA_X_SY": 1,
    "SKALA_Y_SY": 1,
    "TZ": "0 - nie",
    "WID_SYMB": 1,
    "X_SYMB": 7415787.9,
    "Y_SYMB": 5548599.17
   },
   "type": "Feature"
  },
  {
   "geometry": {
    "coordinates": [
     19.833749,
     50.072393
    ],
    "type": "Point"
   },
   "id": 370,
   "properties": {
    "AKTUALNOSC": 1685318400000,
    "DKP_N": "GSPOPM",
    "DPZ": " ",
    "DTM": 1606262400000,
    "DTP": " ",
    "FID": 370,
    "ID": 49949867,
    "ID_IIP": "4EAF9C5D-413E-4BCF-B8E0-003738850107",
    "ISDP_FID": "OBJ_BT_ZAG_P.2983",
    "JE_NAZWA": "Krowodrza",
    "JE_NR": "126102_9",
    "KAT_SYMB": 0,
    "KOD": "GSPOPM",
    "KOD_NZ": "Pomnik",
    "KRG_D": "Budowa bazy BDOT500, JE 126102_9 Krowodrza,  Obręby: K1-K4, K6-K10, K12, K19, K20, K24-K33, K41-K46, K51-K53 (GEOXY Spółka z o.",
    "KRG_N": "GD-13.6640.4728.2020",
    "MPD_D": "wektoryzacja",
    "MPD_N": "D",
    "NR": " ",
    "OBR_NAZWA": " ",
    "OBR_NR": " ",
    "OPT_D": " ",
    "OPT_N": "P.1261.2010.5752",
    "REMARKS": " ",
    "SKALA_X_SY": 1,
    "SKALA_Y_SY": 1,
    "TZ": "0 - nie",
    "WID_SYMB": 1,
    "X_SYMB": 7416517.84,
    "Y_SYMB": 5549123.6
   },
   "type": "Feature"
  },
  {
   "geometry": {
    "coordinates": [
     19.934896,
     50.051278
    ],
    "type": "Point"
   },
   "id": 371,
   "properties": {
    "AKTUALNOSC": 1685318400000,
    "DKP_N": "GSPOPM",
    "DPZ": " ",
    "DTM": 1578787200000,
    "DTP": "2016-11-10",
    "FID": 371,
    "ID": 46031930,
    "ID_IIP": "FC08A414-9D72-4FE3-B4F2-5E4827CBA232",
    "ISDP_FID": "OBJ_BT_ZAG_P.3727",
    "JE_NAZWA": "Śródmieście",
    "JE_NR": "126105_9",
    "KAT_SYMB": 0,
    "KOD": "GSPOPM",
    "KOD_NZ": "Pomnik",
    "KRG_D": "jedn. ewid. Śródmieście (Przedsiębiorstwo Geodezyjne \"GEOPROF\" s.c. Jarosław Kożuch, Sławomir Zając)",
    "KRG_N": "GD-13.6640.4461.2019",
    "MPD_D": "pomiar bezpośredni",
    "MPD_N": "O",
    "NR": " ",
    "OBR_NAZWA": " ",
    "OBR_NR": " ",
    "OPT_D": " ",
    "OPT_N": "P.1261.2019.10694",
    "REMARKS": " ",
    "SKALA_X_SY": 1,
    "SKALA_Y_SY": 1,
    "TZ": "0 - nie",
    "WID_SYMB": 1,
    "X_SYMB": 7423724.49,
    "Y_SYMB": 5546667.16
   },
   "type": "Feature"
  },
  {
   "geometry": {
    "coordinates": [
     19.934749,
     50.051296
    ],
    "type": "Point"
   },
   "id": 372,
   "properties": {
    "AKTUALNOSC": 1685318400000,
    "DKP_N": "GSPOPM",
    "DPZ": " ",
    "DTM": 1578787200000,
    "DTP": "2016-11-10",
    "FID": 372,
    "ID": 46031931,
    "ID_IIP": "A3FA791B-DC77-43ED-85EA-E3E51A114F30",
    "ISDP_FID": "OBJ_BT_ZAG_P.3728",
    "JE_NAZWA": "Śródmieście",
    "JE_NR": "126105_9",
    "KAT_SYMB": 0,
    "KOD": "GSPOPM",
    "KOD_NZ": "Pomnik",
    "KRG_D": "jedn. ewid. Śródmieście (Przedsiębiorstwo Geodezyjne \"GEOPROF\" s.c. Jarosław Kożuch, Sławomir Zając)",
    "KRG_N": "GD-13.6640.4461.2019",
    "MPD_D": "pomiar bezpośredni",
    "MPD_N": "O",
    "NR": " ",
    "OBR_NAZWA": " ",
    "OBR_NR": " ",
    "OPT_D": " ",
    "OPT_N": "P.1261.2019.10694",
    "REMARKS": " ",
    "SKALA_X_SY": 1,
    "SKALA_Y_SY": 1,
    "TZ": "0 - nie",
    "WID_SYMB": 1,
    "X_SYMB": 7423713.98,
    "Y_SYMB": 5546669.23
   },
   "type": "Feature"
  },
  {
   "geometry": {
    "coordinates": [
     19.941877,
     50.068449
    ],
    "type": "Point"
   },
   "id": 373,
   "properties": {
    "AKTUALNOSC": 1685318400000,
    "DKP_N": "GSPOPM",
    "DPZ": " ",
    "DTM": 1578787200000,
    "DTP": " ",
    "FID": 373,
    "ID": 46031980,
    "ID_IIP": "4EAF9C5D-413E-4BCF-B8E0-001794400107",
    "ISDP_FID": "OBJ_BT_ZAG_P.3729",
    "JE_NAZWA": "Śródmieście",
    "JE_NR": "126105_9",
    "KAT_SYMB": 0,
    "KOD": "GSPOPM",
    "KOD_NZ": "Pomnik",
    "KRG_D": "jedn. ewid. Śródmieście (Przedsiębiorstwo Geodezyjne \"GEOPROF\" s.c. Jarosław Kożuch, Sławomir Zając)",
    "KRG_N": "GD-13.6640.4461.2019",
    "MPD_D": "pomiar bezpośredni",
    "MPD_N": "O",
    "NR": " ",
    "OBR_NAZWA": " ",
    "OBR_NR": " ",
    "OPT_D": " ",
    "OPT_N": "P.1261.2019.10694",
    "REMARKS": " ",
    "SKALA_X_SY": 1,
    "SKALA_Y_SY": 1,
    "TZ": "0 - nie",
    "WID_SYMB": 1,
    "X_SYMB": 7424251.43,
    "Y_SYMB": 5548569.7
   },
   "type": "Feature"
  },
  {
   "geometry": {
    "coordinates": [
     19.942839,
     50.068973
    ],
    "type": "Point"
   },
   "id": 374,
   "properties": {
    "AKTUALNOSC": 1685318400000,
    "DKP_N": "GSPOPM",
    "DPZ": " ",
    "DTM": 1578787200000,
    "DTP": " ",
    "FID": 374,
    "ID": 46031981,
    "ID_IIP": "4EAF9C5D-413E-4BCF-B8E0-001800530107",
    "ISDP_FID": "OBJ_BT_ZAG_P.3730",
    "JE_NAZWA": "Śródmieście",
    "JE_NR": "126105_9",
    "KAT_SYMB": 0,
    "KOD": "GSPOPM",
    "KOD_NZ": "Pomnik",
    "KRG_D": "jedn. ewid. Śródmieście (Przedsiębiorstwo Geodezyjne \"GEOPROF\" s.c. Jarosław Kożuch, Sławomir Zając)",
    "KRG_N": "GD-13.6640.4461.2019",
    "MPD_D": "pomiar bezpośredni",
    "MPD_N": "O",
    "NR": " ",
    "OBR_NAZWA": " ",
    "OBR_NR": " ",
    "OPT_D": " ",
    "OPT_N": "P.1261.2019.10694",
    "REMARKS": " ",
    "SKALA_X_SY": 1,
    "SKALA_Y_SY": 1,
    "TZ": "0 - nie",
    "WID_SYMB": 1,
    "X_SYMB": 7424321.13,
    "Y_SYMB": 5548627.07
   },
   "type": "Feature"
  },
  {
   "geometry": {
    "coordinates": [
     19.941453,
     50.068733
    ],
    "type": "Point"
   },
   "id": 375,
   "properties": {
    "AKTUALNOSC": 1685318400000,
    "DKP_N": "GSPOPM",
    "DPZ": " ",
    "DTM": 1578787200000,
    "DTP": " ",
    "FID": 375,
    "ID": 46031982,
    "ID_IIP": "4EAF9C5D-413E-4BCF-B8E0-001801620107",
    "ISDP_FID": "OBJ_BT_ZAG_P.3731",
    "JE_NAZWA": "Śródmieście",
    "JE_NR": "126105_9",
    "KAT_SYMB": 0,
    "KOD": "GSPOPM",
    "KOD_NZ": "Pomnik",
    "KRG_D": "jedn. ewid. Śródmieście (Przedsiębiorstwo Geodezyjne \"GEOPROF\" s.c. Jarosław Kożuch, Sławomir Zając)",
    "KRG_N": "GD-13.6640.4461.2019",
    "MPD_D": "pomiar bezpośredni",
    "MPD_N": "O",
    "NR": " ",
    "OBR_NAZWA": " ",
    "OBR_NR": " ",
    "OPT_D": " ",
    "OPT_N": "P.1261.2019.10694",
    "REMARKS": " ",
    "SKALA_X_SY": 1,
    "SKALA_Y_SY": 1,
    "TZ": "0 - nie",
    "WID_SYMB": 1,
    "X_SYMB": 7424221.51,
    "Y_SYMB": 5548601.73
   },
   "type": "Feature"
  },
  {
   "geometry": {
    "coordinates": [
     19.942177,
     50.068379
    ],
    "type": "Point"
   },
   "id": 376,
   "properties": {
    "AKTUALNOSC": 1685318400000,
    "DKP_N": "GSPOPM",
    "DPZ": " ",
    "DTM": 1578787200000,
    "DTP": " ",
    "FID": 376,
    "ID": 46031983,
    "ID_IIP": "4EAF9C5D-413E-4BCF-B8E0-001803870107",
    "ISDP_FID": "OBJ_BT_ZAG_P.3732",
    "JE_NAZWA": "Śródmieście",
    "JE_NR": "126105_9",
    "KAT_SYMB": 0,
    "KOD": "GSPOPM",
    "KOD_NZ": "Pomnik",
    "KRG_D": "jedn. ewid. Śródmieście (Przedsiębiorstwo Geodezyjne \"GEOPROF\" s.c. Jarosław Kożuch, Sławomir Zając)",
    "KRG_N": "GD-13.6640.4461.2019",
    "MPD_D": "pomiar bezpośredni",
    "MPD_N": "O",
    "NR": " ",
    "OBR_NAZWA": " ",
    "OBR_NR": " ",
    "OPT_D": " ",
    "OPT_N": "P.1261.2019.10694",
    "REMARKS": " ",
    "SKALA_X_SY": 1,
    "SKALA_Y_SY": 1,
    "TZ": "0 - nie",
    "WID_SYMB": 1,
    "X_SYMB": 7424272.81,
    "Y_SYMB": 5548561.62
   },
   "type": "Feature"
  },
  {
   "geometry": {
    "coordinates": [
     19.910681,
     50.087458
    ],
    "type": "Point"
   },
   "id": 377,
   "properties": {
    "AKTUALNOSC": 1685318400000,
    "DKP_N": "GSPOPM",
    "DPZ": " ",
    "DTM": 1635206400000,
    "DTP": " ",
    "FID": 377,
    "ID": 53515685,
    "ID_IIP": "4EAF9C5D-413E-4BCF-B8E0-012828890075",
    "ISDP_FID": "OBJ_BT_ZAG_P.2994",
    "JE_NAZWA": "Krowodrza",
    "JE_NR": "126102_9",
    "KAT_SYMB": 0,
    "KOD": "GSPOPM",
    "KOD_NZ": "Pomnik",
    "KRG_D": "Krowodrza, obr.24,25,32,33,26,27,30,31,28,29,42,43,41,44,2,3,46,45,4,12 (GEOXY Spółka z o.o)",
    "KRG_N": "GD-13.6640.6.2021",
    "MPD_D": "wektoryzacja",
    "MPD_N": "D",
    "NR": " ",
    "OBR_NAZWA": " ",
    "OBR_NR": " ",
    "OPT_D": " ",
    "OPT_N": "P.1261.2011.3731",
    "REMARKS": " ",
    "SKALA_X_SY": 1,
    "SKALA_Y_SY": 1,
    "TZ": "0 - nie",
    "WID_SYMB": 1,
    "X_SYMB": 7422049.05,
    "Y_SYMB": 5550716.01
   },
   "type": "Feature"
  },
  {
   "geometry": {
    "coordinates": [
     19.973746,
     50.046578
    ],
    "type": "Point"
   },
   "id": 378,
   "properties": {
    "AKTUALNOSC": 1685318400000,
    "DKP_N": "GSPOPM",
    "DPZ": " ",
    "DTM": 1676505600000,
    "DTP": "2022-12-23",
    "FID": 378,
    "ID": 60095568,
    "ID_IIP": "775242D7-C5C5-4500-876D-71FC257DB215",
    "ISDP_FID": "OBJ_BT_ZAG_P.4901",
    "JE_NAZWA": "Podgórze",
    "JE_NR": "126104_9",
    "KAT_SYMB": 0,
    "KOD": "GSPOPM",
    "KOD_NZ": "Pomnik",
    "KRG_D": "(SEBASTIAN BĄK \"NAVIGATOR\" - GEODEZJA, NIERUCHOMOŚCI)",
    "KRG_N": "GD-13.6640.11030.2022",
    "MPD_D": "pomiar bezpośredni",
    "MPD_N": "O",
    "NR": " ",
    "OBR_NAZWA": " ",
    "OBR_NR": " ",
    "OPT_D": " ",
    "OPT_N": "P.1261.2023.1126",
    "REMARKS": " ",
    "SKALA_X_SY": 1,
    "SKALA_Y_SY": 1,
    "TZ": "0 - nie",
    "WID_SYMB": 1,
    "X_SYMB": 7426499.42,
    "Y_SYMB": 5546105.44
   },
   "type": "Feature"
  },
  {
   "geometry": {
    "coordinates": [
     19.955858,
     50.051659
    ],
    "type": "Point"
   },
   "id": 379,
   "properties": {
    "AKTUALNOSC": 1685318400000,
    "DKP_N": "GSPOPM",
    "DPZ": " ",
    "DTM": 1669680000000,
    "DTP": "2022-04-13",
    "FID": 379,
    "ID": 59199097,
    "ID_IIP": "15D91B13-460A-4E31-9651-3D98A82026D3",
    "ISDP_FID": "OBJ_BT_ZAG_P.4585",
    "JE_NAZWA": "Śródmieście",
    "JE_NR": "126105_9",
    "KAT_SYMB": 0,
    "KOD": "GSPOPM",
    "KOD_NZ": "Pomnik",
    "KRG_D": "(\"iMAP geodezja\" Paweł Słodkowicz)",
    "KRG_N": "GD-13.6640.3044.2022",
    "MPD_D": "pomiar bezpośredni",
    "MPD_N": "O",
    "NR": "4189",
    "OBR_NAZWA": " ",
    "OBR_NR": " ",
    "OPT_D": " ",
    "OPT_N": "P.1261.2022.9638",
    "REMARKS": " ",
    "SKALA_X_SY": 1,
    "SKALA_Y_SY": 1,
    "TZ": "0 - nie",
    "WID_SYMB": 1,
    "X_SYMB": 7425226.15,
    "Y_SYMB": 5546688.32
   },
   "type": "Feature"
  },
  {
   "geometry": {
    "coordinates": [
     19.953398,
     50.063948
    ],
    "type": "Point"
   },
   "id": 380,
   "properties": {
    "AKTUALNOSC": 1685318400000,
    "DKP_N": "GSPOPM",
    "DPZ": " ",
    "DTM": 1578787200000,
    "DTP": " ",
    "FID": 380,
    "ID": 45958144,
    "ID_IIP": "4EAF9C5D-413E-4BCF-B8E0-003483500107",
    "ISDP_FID": "OBJ_BT_ZAG_P.4605",
    "JE_NAZWA": "Śródmieście",
    "JE_NR": "126105_9",
    "KAT_SYMB": 0,
    "KOD": "GSPOPM",
    "KOD_NZ": "Pomnik",
    "KRG_D": "jedn. ewid. Śródmieście (Przedsiębiorstwo Geodezyjne \"GEOPROF\" s.c. Jarosław Kożuch, Sławomir Zając)",
    "KRG_N": "GD-13.6640.4461.2019",
    "MPD_D": "wektoryzacja",
    "MPD_N": "D",
    "NR": " ",
    "OBR_NAZWA": " ",
    "OBR_NR": " ",
    "OPT_D": " ",
    "OPT_N": "P.1261.2019.10694",
    "REMARKS": " ",
    "SKALA_X_SY": 1,
    "SKALA_Y_SY": 1,
    "TZ": "0 - nie",
    "WID_SYMB": 1,
    "X_SYMB": 7425069.14,
    "Y_SYMB": 5548057.54
   },
   "type": "Feature"
  },
  {
   "geometry": {
    "coordinates": [
     20.04563,
     50.074917
    ],
    "type": "Point"
   },
   "id": 381,
   "properties": {
    "AKTUALNOSC": 1685318400000,
    "DKP_N": "GSPOPM",
    "DPZ": " ",
    "DTM": 1678838400000,
    "DTP": "2023-02-22",
    "FID": 381,
    "ID": 60571714,
    "ID_IIP": "15CB5291-8C4B-45D0-B3E1-02BF8B2CC396",
    "ISDP_FID": "OBJ_BT_ZAG_P.4974",
    "JE_NAZWA": "Nowa Huta",
    "JE_NR": "126103_9",
    "KAT_SYMB": 0,
    "KOD": "GSPOPM",
    "KOD_NZ": "Pomnik",
    "KRG_D": "(RAFAŁ JURKA ARMAGEO)",
    "KRG_N": "GD-13.6640.908.2023",
    "MPD_D": "pomiar bezpośredni",
    "MPD_N": "O",
    "NR": "13",
    "OBR_NAZWA": " ",
    "OBR_NR": " ",
    "OPT_D": " ",
    "OPT_N": "P.1261.2023.1837",
    "REMARKS": " ",
    "SKALA_X_SY": 1,
    "SKALA_Y_SY": 1,
    "TZ": "0 - nie",
    "WID_SYMB": 1,
    "X_SYMB": 7431687.89,
    "Y_SYMB": 5549189.03
   },
   "type": "Feature"
  },
  {
   "geometry": {
    "coordinates": [
     19.942514,
     50.068619
    ],
    "type": "Point"
   },
   "id": 382,
   "properties": {
    "AKTUALNOSC": 1685318400000,
    "DKP_N": "GSPOPM",
    "DPZ": " ",
    "DTM": 1648425600000,
    "DTP": "2022-02-28",
    "FID": 382,
    "ID": 55605229,
    "ID_IIP": "41C03C01-AFDB-44E9-B155-EDBF925A362E",
    "ISDP_FID": "OBJ_BT_ZAG_P.4256",
    "JE_NAZWA": "Śródmieście",
    "JE_NR": "126105_9",
    "KAT_SYMB": 0,
    "KOD": "GSPOPM",
    "KOD_NZ": "Pomnik",
    "KRG_D": "(\"PW GPI\" s.c. Sławomir Plewa, Maciej Rybka)",
    "KRG_N": "GD-13.6640.367.2022",
    "MPD_D": "pomiar bezpośredni",
    "MPD_N": "O",
    "NR": "12",
    "OBR_NAZWA": " ",
    "OBR_NR": " ",
    "OPT_D": " ",
    "OPT_N": "P.1261.2022.2592",
    "REMARKS": " ",
    "SKALA_X_SY": 1,
    "SKALA_Y_SY": 1,
    "TZ": "0 - nie",
    "WID_SYMB": 1,
    "X_SYMB": 7424297.3,
    "Y_SYMB": 5548587.99
   },
   "type": "Feature"
  },
  {
   "geometry": {
    "coordinates": [
     19.965296,
     50.039517
    ],
    "type": "Point"
   },
   "id": 383,
   "properties": {
    "AKTUALNOSC": 1685318400000,
    "DKP_N": "GSPOPM",
    "DPZ": " ",
    "DTM": 1657584000000,
    "DTP": "2022-07-05",
    "FID": 383,
    "ID": 56783894,
    "ID_IIP": "325F2559-9D63-4442-81ED-DB022F25A4F3",
    "ISDP_FID": "OBJ_BT_ZAG_P.5017",
    "JE_NAZWA": "Podgórze",
    "JE_NR": "126104_9",
    "KAT_SYMB": 0,
    "KOD": "GSPOPM",
    "KOD_NZ": "Pomnik",
    "KRG_D": "(\"Geo-Skala\" USŁUGI GEODEZYJNO-KARTOGRAFICZNE)",
    "KRG_N": "GD-13.6640.7178.2021",
    "MPD_D": "pomiar bezpośredni",
    "MPD_N": "O",
    "NR": "200",
    "OBR_NAZWA": " ",
    "OBR_NR": " ",
    "OPT_D": " ",
    "OPT_N": "P.1261.2022.5468",
    "REMARKS": " ",
    "SKALA_X_SY": 1,
    "SKALA_Y_SY": 1,
    "TZ": "0 - nie",
    "WID_SYMB": 1,
    "X_SYMB": 7425883.34,
    "Y_SYMB": 5545328.49
   },
   "type": "Feature"
  },
  {
   "geometry": {
    "coordinates": [
     20.045547,
     50.075036
    ],
    "type": "Point"
   },
   "id": 384,
   "properties": {
    "AKTUALNOSC": 1685318400000,
    "DKP_N": "GSPOPM",
    "DPZ": " ",
    "DTM": 1678838400000,
    "DTP": "2023-02-22",
    "FID": 384,
    "ID": 60571723,
    "ID_IIP": "EE86518C-DCDC-4FEC-B8AC-002F93C67E46",
    "ISDP_FID": "OBJ_BT_ZAG_P.5020",
    "JE_NAZWA": "Nowa Huta",
    "JE_NR": "126103_9",
    "KAT_SYMB": 0,
    "KOD": "GSPOPM",
    "KOD_NZ": "Pomnik",
    "KRG_D": "(RAFAŁ JURKA ARMAGEO)",
    "KRG_N": "GD-13.6640.908.2023",
    "MPD_D": "pomiar bezpośredni",
    "MPD_N": "O",
    "NR": "22",
    "OBR_NAZWA": " ",
    "OBR_NR": " ",
    "OPT_D": " ",
    "OPT_N": "P.1261.2023.1837",
    "REMARKS": " ",
    "SKALA_X_SY": 1,
    "SKALA_Y_SY": 1,
    "TZ": "0 - nie",
    "WID_SYMB": 1,
    "X_SYMB": 7431682.17,
    "Y_SYMB": 5549202.41
   },
   "type": "Feature"
  },
  {
   "geometry": {
    "coordinates": [
     20.04489,
     50.074992
    ],
    "type": "Point"
   },
   "id": 385,
   "properties": {
    "AKTUALNOSC": 1685318400000,
    "DKP_N": "GSPOPM",
    "DPZ": " ",
    "DTM": 1678838400000,
    "DTP": "2023-02-22",
    "FID": 385,
    "ID": 60571729,
    "ID_IIP": "87BDC617-B6D3-4D38-AA63-DE857DC030C4",
    "ISDP_FID": "OBJ_BT_ZAG_P.5021",
    "JE_NAZWA": "Nowa Huta",
    "JE_NR": "126103_9",
    "KAT_SYMB": 0,
    "KOD": "GSPOPM",
    "KOD_NZ": "Pomnik",
    "KRG_D": "(RAFAŁ JURKA ARMAGEO)",
    "KRG_N": "GD-13.6640.908.2023",
    "MPD_D": "pomiar bezpośredni",
    "MPD_N": "O",
    "NR": "27",
    "OBR_NAZWA": " ",
    "OBR_NR": " ",
    "OPT_D": " ",
    "OPT_N": "P.1261.2023.1837",
    "REMARKS": " ",
    "SKALA_X_SY": 1,
    "SKALA_Y_SY": 1,
    "TZ": "0 - nie",
    "WID_SYMB": 1,
    "X_SYMB": 7431635.09,
    "Y_SYMB": 5549198.11
   },
   "type": "Feature"
  },
  {
   "geometry": {
    "coordinates": [
     20.029362,
     50.070995
    ],
    "type": "Point"
   },
   "id": 386,
   "properties": {
    "AKTUALNOSC": 1685318400000,
    "DKP_N": "GSPOPM",
    "DPZ": " ",
    "DTM": 1630627200000,
    "DTP": "2021-06-08",
    "FID": 386,
    "ID": 53025470,
    "ID_IIP": "F4F2E630-0A04-49BD-958A-C821941E8A47",
    "ISDP_FID": "OBJ_BT_ZAG_P.4325",
    "JE_NAZWA": "Nowa Huta",
    "JE_NR": "126103_9",
    "KAT_SYMB": 0,
    "KOD": "GSPOPM",
    "KOD_NZ": "Pomnik",
    "KRG_D": "(RWG Rafał Wocławek)",
    "KRG_N": "GD-13.6640.4705.2021",
    "MPD_D": "pomiar bezpośredni",
    "MPD_N": "O",
    "NR": " ",
    "OBR_NAZWA": " ",
    "OBR_NR": " ",
    "OPT_D": " ",
    "OPT_N": "P.1261.2021.7260",
    "REMARKS": " ",
    "SKALA_X_SY": 1,
    "SKALA_Y_SY": 1,
    "TZ": "0 - nie",
    "WID_SYMB": 1,
    "X_SYMB": 7430517.85,
    "Y_SYMB": 5548767.85
   },
   "type": "Feature"
  },
  {
   "geometry": {
    "coordinates": [
     20.038205,
     50.016199
    ],
    "type": "Point"
   },
   "id": 387,
   "properties": {
    "AKTUALNOSC": 1685318400000,
    "DKP_N": "GSPOPM",
    "DPZ": "2023-04-21",
    "DTM": 1682294400000,
    "DTP": "2023-04-17",
    "FID": 387,
    "ID": 60992020,
    "ID_IIP": "0B6E9A06-ABDC-4C73-B7CC-F07338BE4BF9",
    "ISDP_FID": "OBJ_BT_ZAG_P.5103",
    "JE_NAZWA": "Podgórze",
    "JE_NR": "126104_9",
    "KAT_SYMB": 0,
    "KOD": "GSPOPM",
    "KOD_NZ": "Pomnik",
    "KRG_D": "(TAMAM Usługi Geodezyjne Bogusz Włodarczyk)",
    "KRG_N": "GD-13.6640.3230.2023",
    "MPD_D": "pomiar bezpośredni",
    "MPD_N": "O",
    "NR": "77",
    "OBR_NAZWA": " ",
    "OBR_NR": " ",
    "OPT_D": " ",
    "OPT_N": "P.1261.2023.2877",
    "REMARKS": " ",
    "SKALA_X_SY": 1,
    "SKALA_Y_SY": 1,
    "TZ": "0 - nie",
    "WID_SYMB": 1,
    "X_SYMB": 7431072.42,
    "Y_SYMB": 5542665.39
   },
   "type": "Feature"
  },
  {
   "geometry": {
    "coordinates": [
     20.046127,
     50.065255
    ],
    "type": "Point"
   },
   "id": 388,
   "properties": {
    "AKTUALNOSC": 1685318400000,
    "DKP_N": "GSPOPM",
    "DPZ": " ",
    "DTM": 1661299200000,
    "DTP": "2022-08-03",
    "FID": 388,
    "ID": 57387540,
    "ID_IIP": "4EAF9C5D-413E-4BCF-B8E0-010042150107",
    "ISDP_FID": "OBJ_BT_ZAG_P.5148",
    "JE_NAZWA": "Nowa Huta",
    "JE_NR": "126103_9",
    "KAT_SYMB": 0,
    "KOD": "GSPOPM",
    "KOD_NZ": "Pomnik",
    "KRG_D": "(Usługi Gedoezyjne WARDĘGA TOMASZ)",
    "KRG_N": "GD-13.6640.6276.2022",
    "MPD_D": "pomiar bezpośredni",
    "MPD_N": "O",
    "NR": " ",
    "OBR_NAZWA": " ",
    "OBR_NR": " ",
    "OPT_D": " ",
    "OPT_N": "P.1261.2022.6715",
    "REMARKS": " ",
    "SKALA_X_SY": 1,
    "SKALA_Y_SY": 1,
    "TZ": "0 - nie",
    "WID_SYMB": 1,
    "X_SYMB": 7431709.75,
    "Y_SYMB": 5548114
   },
   "type": "Feature"
  },
  {
   "geometry": {
    "coordinates": [
     20.046325,
     50.065219
    ],
    "type": "Point"
   },
   "id": 389,
   "properties": {
    "AKTUALNOSC": 1685318400000,
    "DKP_N": "GSPOPM",
    "DPZ": " ",
    "DTM": 1661299200000,
    "DTP": "2022-08-03",
    "FID": 389,
    "ID": 57387542,
    "ID_IIP": "4EAF9C5D-413E-4BCF-B8E0-010042160107",
    "ISDP_FID": "OBJ_BT_ZAG_P.5149",
    "JE_NAZWA": "Nowa Huta",
    "JE_NR": "126103_9",
    "KAT_SYMB": 0,
    "KOD": "GSPOPM",
    "KOD_NZ": "Pomnik",
    "KRG_D": "(Usługi Gedoezyjne WARDĘGA TOMASZ)",
    "KRG_N": "GD-13.6640.6276.2022",
    "MPD_D": "pomiar bezpośredni",
    "MPD_N": "O",
    "NR": " ",
    "OBR_NAZWA": " ",
    "OBR_NR": " ",
    "OPT_D": " ",
    "OPT_N": "P.1261.2022.6715",
    "REMARKS": " ",
    "SKALA_X_SY": 1,
    "SKALA_Y_SY": 1,
    "TZ": "0 - nie",
    "WID_SYMB": 1,
    "X_SYMB": 7431723.9,
    "Y_SYMB": 5548109.88
   },
   "type": "Feature"
  },
  {
   "geometry": {
    "coordinates": [
     20.046455,
     50.065233
    ],
    "type": "Point"
   },
   "id": 390,
   "properties": {
    "AKTUALNOSC": 1685318400000,
    "DKP_N": "GSPOPM",
    "DPZ": " ",
    "DTM": 1661299200000,
    "DTP": "2022-08-03",
    "FID": 390,
    "ID": 57387543,
    "ID_IIP": "4EAF9C5D-413E-4BCF-B8E0-010042170107",
    "ISDP_FID": "OBJ_BT_ZAG_P.5150",
    "JE_NAZWA": "Nowa Huta",
    "JE_NR": "126103_9",
    "KAT_SYMB": 0,
    "KOD": "GSPOPM",
    "KOD_NZ": "Pomnik",
    "KRG_D": "(Usługi Gedoezyjne WARDĘGA TOMASZ)",
    "KRG_N": "GD-13.6640.6276.2022",
    "MPD_D": "pomiar bezpośredni",
    "MPD_N": "O",
    "NR": " ",
    "OBR_NAZWA": " ",
    "OBR_NR": " ",
    "OPT_D": " ",
    "OPT_N": "P.1261.2022.6715",
    "REMARKS": " ",
    "SKALA_X_SY": 1,
    "SKALA_Y_SY": 1,
    "TZ": "0 - nie",
    "WID_SYMB": 1,
    "X_SYMB": 7431733.26,
    "Y_SYMB": 5548111.25
   },
   "type": "Feature"
  },
  {
   "geometry": {
    "coordinates": [
     20.046053,
     50.065013
    ],
    "type": "Point"
   },
   "id": 391,
   "properties": {
    "AKTUALNOSC": 1685318400000,
    "DKP_N": "GSPOPM",
    "DPZ": " ",
    "DTM": 1661299200000,
    "DTP": "2022-08-03",
    "FID": 391,
    "ID": 57389774,
    "ID_IIP": "A674CAF5-18BF-4A5E-B609-63C8D00BAB51",
    "ISDP_FID": "OBJ_BT_ZAG_P.5151",
    "JE_NAZWA": "Nowa Huta",
    "JE_NR": "126103_9",
    "KAT_SYMB": 0,
    "KOD": "GSPOPM",
    "KOD_NZ": "Pomnik",
    "KRG_D": "(Usługi Gedoezyjne WARDĘGA TOMASZ)",
    "KRG_N": "GD-13.6640.6276.2022",
    "MPD_D": "pomiar bezpośredni",
    "MPD_N": "O",
    "NR": " ",
    "OBR_NAZWA": " ",
    "OBR_NR": " ",
    "OPT_D": " ",
    "OPT_N": "P.1261.2022.6715",
    "REMARKS": " ",
    "SKALA_X_SY": 1,
    "SKALA_Y_SY": 1,
    "TZ": "0 - nie",
    "WID_SYMB": 1,
    "X_SYMB": 7431704.12,
    "Y_SYMB": 5548087.22
   },
   "type": "Feature"
  },
  {
   "geometry": {
    "coordinates": [
     19.926181,
     50.071871
    ],
    "type": "Point"
   },
   "id": 392,
   "properties": {
    "AKTUALNOSC": 1685318400000,
    "DKP_N": "GSPOPM",
    "DPZ": " ",
    "DTM": 1661472000000,
    "DTP": "2022-08-25",
    "FID": 392,
    "ID": 57454926,
    "ID_IIP": "6D468102-A310-441D-A57E-8F1AE5B68570",
    "ISDP_FID": "OBJ_BT_ZAG_P.5152",
    "JE_NAZWA": "Krowodrza",
    "JE_NR": "126102_9",
    "KAT_SYMB": 0,
    "KOD": "GSPOPM",
    "KOD_NZ": "Pomnik",
    "KRG_D": "(Usługi Geodezyjne MAŁGORZATA ŁAPA)",
    "KRG_N": "GD-13.6640.7489.2022",
    "MPD_D": "pomiar bezpośredni",
    "MPD_N": "O",
    "NR": " ",
    "OBR_NAZWA": " ",
    "OBR_NR": " ",
    "OPT_D": " ",
    "OPT_N": "P.1261.2022.6777",
    "REMARKS": " ",
    "SKALA_X_SY": 1,
    "SKALA_Y_SY": 1,
    "TZ": "0 - nie",
    "WID_SYMB": 1,
    "X_SYMB": 7423133.25,
    "Y_SYMB": 5548966.33
   },
   "type": "Feature"
  },
  {
   "geometry": {
    "coordinates": [
     19.847916,
     50.060032
    ],
    "type": "Point"
   },
   "id": 393,
   "properties": {
    "AKTUALNOSC": 1685318400000,
    "DKP_N": "GSPOPM",
    "DPZ": " ",
    "DTM": 1662422400000,
    "DTP": "2022-05-13",
    "FID": 393,
    "ID": 57622694,
    "ID_IIP": "E8032237-60F1-A9A7-E053-0C0A1EAC4837",
    "ISDP_FID": "OBJ_BT_ZAG_P.5210",
    "JE_NAZWA": "Krowodrza",
    "JE_NR": "126102_9",
    "KAT_SYMB": 0,
    "KOD": "GSPOPM",
    "KOD_NZ": "Pomnik",
    "KRG_D": "(Usługi Geodezyjne i Kartograficzne \"K1\" Radosław Macoń)",
    "KRG_N": "GD-13.6640.3854.2022",
    "MPD_D": "pomiar bezpośredni",
    "MPD_N": "O",
    "NR": " ",
    "OBR_NAZWA": " ",
    "OBR_NR": " ",
    "OPT_D": " ",
    "OPT_N": "P.1261.2022.7044",
    "REMARKS": " ",
    "SKALA_X_SY": 1,
    "SKALA_Y_SY": 1,
    "TZ": "0 - nie",
    "WID_SYMB": 1,
    "X_SYMB": 7417510.67,
    "Y_SYMB": 5547733.1
   },
   "type": "Feature"
  },
  {
   "geometry": {
    "coordinates": [
     19.847905,
     50.060063
    ],
    "type": "Point"
   },
   "id": 394,
   "properties": {
    "AKTUALNOSC": 1685318400000,
    "DKP_N": "GSPOPM",
    "DPZ": " ",
    "DTM": 1662422400000,
    "DTP": "2022-08-16",
    "FID": 394,
    "ID": 57622695,
    "ID_IIP": "4EAF9C5D-413E-4BCF-B8E0-002611060107",
    "ISDP_FID": "OBJ_BT_ZAG_P.5211",
    "JE_NAZWA": "Krowodrza",
    "JE_NR": "126102_9",
    "KAT_SYMB": 0,
    "KOD": "GSPOPM",
    "KOD_NZ": "Pomnik",
    "KRG_D": "(Usługi Geodezyjne i Kartograficzne \"K1\" Radosław Macoń)",
    "KRG_N": "GD-13.6640.3854.2022",
    "MPD_D": "pomiar bezpośredni",
    "MPD_N": "O",
    "NR": " ",
    "OBR_NAZWA": " ",
    "OBR_NR": " ",
    "OPT_D": " ",
    "OPT_N": "P.1261.2022.7044",
    "REMARKS": " ",
    "SKALA_X_SY": 1,
    "SKALA_Y_SY": 1,
    "TZ": "0 - nie",
    "WID_SYMB": 1,
    "X_SYMB": 7417509.94,
    "Y_SYMB": 5547736.56
   },
   "type": "Feature"
  },
  {
   "geometry": {
    "coordinates": [
     19.847167,
     50.060051
    ],
    "type": "Point"
   },
   "id": 395,
   "properties": {
    "AKTUALNOSC": 1685318400000,
    "DKP_N": "GSPOPM",
    "DPZ": " ",
    "DTM": 1662422400000,
    "DTP": "2022-05-13",
    "FID": 395,
    "ID": 57622696,
    "ID_IIP": "E8032237-60F2-A9A7-E053-0C0A1EAC4837",
    "ISDP_FID": "OBJ_BT_ZAG_P.5212",
    "JE_NAZWA": "Krowodrza",
    "JE_NR": "126102_9",
    "KAT_SYMB": 0,
    "KOD": "GSPOPM",
    "KOD_NZ": "Pomnik",
    "KRG_D": "(Usługi Geodezyjne i Kartograficzne \"K1\" Radosław Macoń)",
    "KRG_N": "GD-13.6640.3854.2022",
    "MPD_D": "pomiar bezpośredni",
    "MPD_N": "O",
    "NR": " ",
    "OBR_NAZWA": " ",
    "OBR_NR": " ",
    "OPT_D": " ",
    "OPT_N": "P.1261.2022.7044",
    "REMARKS": " ",
    "SKALA_X_SY": 1,
    "SKALA_Y_SY": 1,
    "TZ": "0 - nie",
    "WID_SYMB": 1,
    "X_SYMB": 7417457.08,
    "Y_SYMB": 5547736.06
   },
   "type": "Feature"
  }
 ],
 "meta": {
  "count": 395,
  "geometryType": "esriGeometryPoint",
  "item": {
   "access": "public",
   "accessInformation": null,
   "itemId": "03cc6f12b6104034a3f169e71165a8cb",
   "itemPage": "https://www.arcgis.com/home/item.html?id=03cc6f12b6104034a3f169e71165a8cb",
   "licence": "UNVERIFIED",
   "licenseInfo": null,
   "modified": "2025-02-07T12:13:48.000Z",
   "owner": "kozielskam",
   "title": "Pomnik"
  },
  "layerId": 0,
  "layerName": "Pomnik",
  "objectIdField": "FID",
  "query": "where=1%3D1&outFields=*&f=geojson&outSR=4326&geometryPrecision=6&orderByFields=FID+ASC&resultOffset=<paged>&resultRecordCount=1000",
  "retrievedAt": "2026-10-03T13:24:08Z",
  "service": "Pomnik",
  "source": "Kraków municipal ArcGIS Online (Zintegrowana Platforma GIS - Gmina Miejska Kraków)",
  "url": "https://services-eu1.arcgis.com/svTzSt3AvH7sK6q9/ArcGIS/rest/services/Pomnik/FeatureServer/0",
  "what": "monuments (pomniki) as surveyed points of the city base map; no name attribute (2 of 395 carry a REMARKS note)"
 },
 "type": "FeatureCollection"
}
