{
 "features": [
  {
   "geometry": {
    "coordinates": [
     19.940117,
     50.037565
    ],
    "type": "Point"
   },
   "id": 1,
   "properties": {
    "GlobalID": "c812c73f-1118-4334-86e6-136a603238af",
    "OBJECTID": 1,
    "liczba_tab": 1,
    "panel_1": "Stanisława Mitery",
    "panel_2": null,
    "panel_3": null,
    "panel_4": null,
    "panel_5": null,
    "rodzaj_mon": "E",
    "typ": "emalia biała",
    "zabytkowa": "tak"
   },
   "type": "Feature"
  },
  {
   "geometry": {
    "coordinates": [
     19.947151,
     50.054669
    ],
    "type": "Point"
   },
   "id": 7,
   "properties": {
    "GlobalID": "9c11df77-168e-4916-b867-d9fab9220e8c",
    "OBJECTID": 7,
    "liczba_tab": 1,
    "panel_1": "Starowiślna",
    "panel_2": null,
    "panel_3": null,
    "panel_4": null,
    "panel_5": null,
    "rodzaj_mon": "E",
    "typ": "emalia biała",
    "zabytkowa": "tak"
   },
   "type": "Feature"
  },
  {
   "geometry": {
    "coordinates": [
     19.89168,
     50.060896
    ],
    "type": "Point"
   },
   "id": 49,
   "properties": {
    "GlobalID": "d9a78292-e496-45b8-a364-e6d20209d8c7",
    "OBJECTID": 49,
    "liczba_tab": 1,
    "panel_1": "Stanisława Tondosa",
    "panel_2": null,
    "panel_3": null,
    "panel_4": null,
    "panel_5": null,
    "rodzaj_mon": "E",
    "typ": "emalia biała",
    "zabytkowa": "tak"
   },
   "type": "Feature"
  },
  {
   "geometry": {
    "coordinates": [
     20.037932,
     50.074805
    ],
    "type": "Point"
   },
   "id": 70,
   "properties": {
    "GlobalID": "e432c7d1-be02-46bb-b656-8d58f41ba1de",
    "OBJECTID": 70,
    "liczba_tab": 1,
    "panel_1": "Ulica Przyjaźń",
    "panel_2": null,
    "panel_3": null,
    "panel_4": null,
    "panel_5": null,
    "rodzaj_mon": "E",
    "typ": "emalia biała",
    "zabytkowa": "tak"
   },
   "type": "Feature"
  },
  {
   "geometry": {
    "coordinates": [
     19.963452,
     50.047379
    ],
    "type": "Point"
   },
   "id": 79,
   "properties": {
    "GlobalID": "5be29548-d890-4de6-be92-130fe79a39aa",
    "OBJECTID": 79,
    "liczba_tab": 1,
    "panel_1": "Lipowa",
    "panel_2": null,
    "panel_3": null,
    "panel_4": null,
    "panel_5": null,
    "rodzaj_mon": "E",
    "typ": "emalia biała",
    "zabytkowa": "tak"
   },
   "type": "Feature"
  },
  {
   "geometry": {
    "coordinates": [
     19.941398,
     50.058914
    ],
    "type": "Point"
   },
   "id": 96,
   "properties": {
    "GlobalID": "85129540-e53a-4bd0-b8ed-6a7c1ddac77a",
    "OBJECTID": 96,
    "liczba_tab": 1,
    "panel_1": "Św. Gertrudy",
    "panel_2": null,
    "panel_3": null,
    "panel_4": null,
    "panel_5": null,
    "rodzaj_mon": "E",
    "typ": "emalia biała",
    "zabytkowa": "tak"
   },
   "type": "Feature"
  },
  {
   "geometry": {
    "coordinates": [
     19.95235,
     50.049779
    ],
    "type": "Point"
   },
   "id": 99,
   "properties": {
    "GlobalID": "100a6ce6-eac9-4683-8698-a0bd7bfd4165",
    "OBJECTID": 99,
    "liczba_tab": 1,
    "panel_1": "Most Powstańców Śląskich",
    "panel_2": null,
    "panel_3": null,
    "panel_4": null,
    "panel_5": null,
    "rodzaj_mon": "O",
    "typ": "cynowa",
    "zabytkowa": "tak"
   },
   "type": "Feature"
  },
  {
   "geometry": {
    "coordinates": [
     19.94201,
     50.051691
    ],
    "type": "Point"
   },
   "id": 129,
   "properties": {
    "GlobalID": "9d48c010-45e7-4a5e-8216-60909e9f0299",
    "OBJECTID": 129,
    "liczba_tab": 1,
    "panel_1": "Józefa Dietla",
    "panel_2": null,
    "panel_3": null,
    "panel_4": null,
    "panel_5": null,
    "rodzaj_mon": "E",
    "typ": "emalia biała",
    "zabytkowa": "tak"
   },
   "type": "Feature"
  },
  {
   "geometry": {
    "coordinates": [
     19.95092,
     50.0589
    ],
    "type": "Point"
   },
   "id": 151,
   "properties": {
    "GlobalID": "361d18c2-5a24-4be0-a34d-42d7293c2112",
    "OBJECTID": 151,
    "liczba_tab": 1,
    "panel_1": "Grzegórzecka",
    "panel_2": null,
    "panel_3": null,
    "panel_4": null,
    "panel_5": null,
    "rodzaj_mon": "E",
    "typ": "emalia biała",
    "zabytkowa": "tak"
   },
   "type": "Feature"
  },
  {
   "geometry": {
    "coordinates": [
     19.949265,
     50.058943
    ],
    "type": "Point"
   },
   "id": 154,
   "properties": {
    "GlobalID": "60434a4a-398a-43d8-a486-5158358a3fc0",
    "OBJECTID": 154,
    "liczba_tab": 1,
    "panel_1": "Grzegórzecka",
    "panel_2": null,
    "panel_3": null,
    "panel_4": null,
    "panel_5": null,
    "rodzaj_mon": "E",
    "typ": "emalia biała",
    "zabytkowa": "tak"
   },
   "type": "Feature"
  },
  {
   "geometry": {
    "coordinates": [
     19.942317,
     50.050607
    ],
    "type": "Point"
   },
   "id": 212,
   "properties": {
    "GlobalID": "7a66cece-39fd-4203-9616-a57eec13a31f",
    "OBJECTID": 212,
    "liczba_tab": 1,
    "panel_1": "Krakowska",
    "panel_2": null,
    "panel_3": null,
    "panel_4": null,
    "panel_5": null,
    "rodzaj_mon": "E",
    "typ": "emalia biała",
    "zabytkowa": "tak"
   },
   "type": "Feature"
  },
  {
   "geometry": {
    "coordinates": [
     19.944748,
     50.064805
    ],
    "type": "Point"
   },
   "id": 245,
   "properties": {
    "GlobalID": "5511b796-056c-42a3-b3bf-29f3b331192a",
    "OBJECTID": 245,
    "liczba_tab": 1,
    "panel_1": "Basztowa",
    "panel_2": null,
    "panel_3": null,
    "panel_4": null,
    "panel_5": null,
    "rodzaj_mon": "E",
    "typ": "emalia biała",
    "zabytkowa": "tak"
   },
   "type": "Feature"
  },
  {
   "geometry": {
    "coordinates": [
     19.935106,
     50.066248
    ],
    "type": "Point"
   },
   "id": 255,
   "properties": {
    "GlobalID": "2eed6cbd-7601-4c3d-aaab-77030d3c0472",
    "OBJECTID": 255,
    "liczba_tab": 1,
    "panel_1": "Basztowa",
    "panel_2": null,
    "panel_3": null,
    "panel_4": null,
    "panel_5": null,
    "rodzaj_mon": "E",
    "typ": "emalia biała",
    "zabytkowa": "tak"
   },
   "type": "Feature"
  },
  {
   "geometry": {
    "coordinates": [
     19.931136,
     50.057763
    ],
    "type": "Point"
   },
   "id": 278,
   "properties": {
    "GlobalID": "3fd189cb-3cfc-4be8-a0f4-bfc8b66f76da",
    "OBJECTID": 278,
    "liczba_tab": 1,
    "panel_1": "Zwierzyniecka",
    "panel_2": null,
    "panel_3": null,
    "panel_4": null,
    "panel_5": null,
    "rodzaj_mon": "E",
    "typ": "emalia biała",
    "zabytkowa": "tak"
   },
   "type": "Feature"
  },
  {
   "geometry": {
    "coordinates": [
     19.929683,
     50.056912
    ],
    "type": "Point"
   },
   "id": 279,
   "properties": {
    "GlobalID": "8f041717-102c-4dfc-b711-b39e0ec9375f",
    "OBJECTID": 279,
    "liczba_tab": 1,
    "panel_1": "Zwierzyniecka",
    "panel_2": null,
    "panel_3": null,
    "panel_4": null,
    "panel_5": null,
    "rodzaj_mon": "E",
    "typ": "emalia biała",
    "zabytkowa": "tak"
   },
   "type": "Feature"
  },
  {
   "geometry": {
    "coordinates": [
     19.930512,
     50.057583
    ],
    "type": "Point"
   },
   "id": 280,
   "properties": {
    "GlobalID": "bb9aa5a1-c69f-4c18-87b5-bc28bd1cd0b2",
    "OBJECTID": 280,
    "liczba_tab": 1,
    "panel_1": "Zwierzyniecka",
    "panel_2": null,
    "panel_3": null,
    "panel_4": null,
    "panel_5": null,
    "rodzaj_mon": "E",
    "typ": "emalia biała",
    "zabytkowa": "tak"
   },
   "type": "Feature"
  },
  {
   "geometry": {
    "coordinates": [
     19.930087,
     50.060273
    ],
    "type": "Point"
   },
   "id": 302,
   "properties": {
    "GlobalID": "26ac423c-4b8b-40c3-a44e-31670d2dddbf",
    "OBJECTID": 302,
    "liczba_tab": 1,
    "panel_1": "marszałka Józefa Piłsudskiego",
    "panel_2": null,
    "panel_3": null,
    "panel_4": null,
    "panel_5": null,
    "rodzaj_mon": "E",
    "typ": "emalia biała",
    "zabytkowa": "tak"
   },
   "type": "Feature"
  },
  {
   "geometry": {
    "coordinates": [
     19.93031,
     50.060268
    ],
    "type": "Point"
   },
   "id": 303,
   "properties": {
    "GlobalID": "e9d3026a-17b5-4ab2-9f8e-b497df1bd743",
    "OBJECTID": 303,
    "liczba_tab": 1,
    "panel_1": "marszałka Józefa Piłsudskiego",
    "panel_2": null,
    "panel_3": null,
    "panel_4": null,
    "panel_5": null,
    "rodzaj_mon": "E",
    "typ": "emalia biała",
    "zabytkowa": "tak"
   },
   "type": "Feature"
  },
  {
   "geometry": {
    "coordinates": [
     19.938045,
     50.064523
    ],
    "type": "Point"
   },
   "id": 325,
   "properties": {
    "GlobalID": "812da7d5-6969-466c-be31-ab00b60b1779",
    "OBJECTID": 325,
    "liczba_tab": 1,
    "panel_1": "Sławkowska",
    "panel_2": null,
    "panel_3": null,
    "panel_4": null,
    "panel_5": null,
    "rodzaj_mon": "E",
    "typ": "emalia zielona",
    "zabytkowa": "tak"
   },
   "type": "Feature"
  },
  {
   "geometry": {
    "coordinates": [
     19.937907,
     50.064284
    ],
    "type": "Point"
   },
   "id": 326,
   "properties": {
    "GlobalID": "2d9beb56-ebb9-4f04-91ad-f1c4735bd007",
    "OBJECTID": 326,
    "liczba_tab": 1,
    "panel_1": "Sławkowska",
    "panel_2": null,
    "panel_3": null,
    "panel_4": null,
    "panel_5": null,
    "rodzaj_mon": "E",
    "typ": "emalia zielona",
    "zabytkowa": "tak"
   },
   "type": "Feature"
  },
  {
   "geometry": {
    "coordinates": [
     19.944084,
     50.05291
    ],
    "type": "Point"
   },
   "id": 343,
   "properties": {
    "GlobalID": "8d22b105-94c5-4e56-b2e5-69ac0f7dad8d",
    "OBJECTID": 343,
    "liczba_tab": 1,
    "panel_1": "Miodowa",
    "panel_2": null,
    "panel_3": null,
    "panel_4": null,
    "panel_5": null,
    "rodzaj_mon": "E",
    "typ": "emalia biała",
    "zabytkowa": "tak"
   },
   "type": "Feature"
  },
  {
   "geometry": {
    "coordinates": [
     19.956827,
     50.065459
    ],
    "type": "Point"
   },
   "id": 377,
   "properties": {
    "GlobalID": "76fe5080-4b69-4ff7-b7ee-2d0c649e779a",
    "OBJECTID": 377,
    "liczba_tab": 1,
    "panel_1": "Lubicz",
    "panel_2": null,
    "panel_3": null,
    "panel_4": null,
    "panel_5": null,
    "rodzaj_mon": "E",
    "typ": "emalia biała",
    "zabytkowa": "tak"
   },
   "type": "Feature"
  },
  {
   "geometry": {
    "coordinates": [
     19.954755,
     50.06559
    ],
    "type": "Point"
   },
   "id": 390,
   "properties": {
    "GlobalID": "1b2d83ba-07de-4028-bbb6-f8ec3af58928",
    "OBJECTID": 390,
    "liczba_tab": 1,
    "panel_1": "Lubicz",
    "panel_2": null,
    "panel_3": null,
    "panel_4": null,
    "panel_5": null,
    "rodzaj_mon": "E",
    "typ": "cynowa",
    "zabytkowa": "tak"
   },
   "type": "Feature"
  },
  {
   "geometry": {
    "coordinates": [
     19.951851,
     50.065264
    ],
    "type": "Point"
   },
   "id": 391,
   "properties": {
    "GlobalID": "77f9f1b5-082e-41c1-9ddf-7d5d05ee2a79",
    "OBJECTID": 391,
    "liczba_tab": 1,
    "panel_1": "Lubicz",
    "panel_2": null,
    "panel_3": null,
    "panel_4": null,
    "panel_5": null,
    "rodzaj_mon": "E",
    "typ": "emalia biała",
    "zabytkowa": "tak"
   },
   "type": "Feature"
  },
  {
   "geometry": {
    "coordinates": [
     19.951416,
     50.065223
    ],
    "type": "Point"
   },
   "id": 392,
   "properties": {
    "GlobalID": "d7510c97-5437-4561-8a45-e5ea7262187d",
    "OBJECTID": 392,
    "liczba_tab": 1,
    "panel_1": "Lubicz",
    "panel_2": null,
    "panel_3": null,
    "panel_4": null,
    "panel_5": null,
    "rodzaj_mon": "E",
    "typ": "emalia biała",
    "zabytkowa": "tak"
   },
   "type": "Feature"
  },
  {
   "geometry": {
    "coordinates": [
     19.950561,
     50.065142
    ],
    "type": "Point"
   },
   "id": 393,
   "properties": {
    "GlobalID": "2181098e-438f-497b-adab-e1557ef3e3fe",
    "OBJECTID": 393,
    "liczba_tab": 1,
    "panel_1": "Lubicz",
    "panel_2": null,
    "panel_3": null,
    "panel_4": null,
    "panel_5": null,
    "rodzaj_mon": "E",
    "typ": "emalia biała",
    "zabytkowa": "tak"
   },
   "type": "Feature"
  },
  {
   "geometry": {
    "coordinates": [
     19.949091,
     50.065024
    ],
    "type": "Point"
   },
   "id": 394,
   "properties": {
    "GlobalID": "340cf3fb-e7b9-49fb-b2f4-0905a889770e",
    "OBJECTID": 394,
    "liczba_tab": 1,
    "panel_1": "Lubicz",
    "panel_2": null,
    "panel_3": null,
    "panel_4": null,
    "panel_5": null,
    "rodzaj_mon": "E",
    "typ": "emalia biała",
    "zabytkowa": "tak"
   },
   "type": "Feature"
  },
  {
   "geometry": {
    "coordinates": [
     19.95421,
     50.06677
    ],
    "type": "Point"
   },
   "id": 405,
   "properties": {
    "GlobalID": "a5ccc15e-0e08-4495-ba4b-9c08074e7500",
    "OBJECTID": 405,
    "liczba_tab": 1,
    "panel_1": "Ariańska",
    "panel_2": null,
    "panel_3": null,
    "panel_4": null,
    "panel_5": null,
    "rodzaj_mon": "E",
    "typ": "emalia biała",
    "zabytkowa": "tak"
   },
   "type": "Feature"
  },
  {
   "geometry": {
    "coordinates": [
     19.954438,
     50.067332
    ],
    "type": "Point"
   },
   "id": 406,
   "properties": {
    "GlobalID": "318086a7-a4d7-4cfa-b9f4-d049ee977aa9",
    "OBJECTID": 406,
    "liczba_tab": 1,
    "panel_1": "Ariańska",
    "panel_2": null,
    "panel_3": null,
    "panel_4": null,
    "panel_5": null,
    "rodzaj_mon": "E",
    "typ": "emalia biała",
    "zabytkowa": "tak"
   },
   "type": "Feature"
  },
  {
   "geometry": {
    "coordinates": [
     19.954627,
     50.067281
    ],
    "type": "Point"
   },
   "id": 407,
   "properties": {
    "GlobalID": "77cf8bb7-dbd0-457e-893c-692cd46b5f4b",
    "OBJECTID": 407,
    "liczba_tab": 1,
    "panel_1": "Ariańska",
    "panel_2": null,
    "panel_3": null,
    "panel_4": null,
    "panel_5": null,
    "rodzaj_mon": "E",
    "typ": "emalia biała",
    "zabytkowa": "tak"
   },
   "type": "Feature"
  },
  {
   "geometry": {
    "coordinates": [
     19.951769,
     50.06531
    ],
    "type": "Point"
   },
   "id": 423,
   "properties": {
    "GlobalID": "db7cfed5-4772-4cfb-934e-6da1166dc844",
    "OBJECTID": 423,
    "liczba_tab": 1,
    "panel_1": "Rakowicka",
    "panel_2": null,
    "panel_3": null,
    "panel_4": null,
    "panel_5": null,
    "rodzaj_mon": "E",
    "typ": "emalia biała",
    "zabytkowa": "tak"
   },
   "type": "Feature"
  },
  {
   "geometry": {
    "coordinates": [
     19.950446,
     50.065184
    ],
    "type": "Point"
   },
   "id": 428,
   "properties": {
    "GlobalID": "e9ea86cc-211c-4167-8a63-a57e8fb895e5",
    "OBJECTID": 428,
    "liczba_tab": 1,
    "panel_1": "Zygmunta Augusta",
    "panel_2": null,
    "panel_3": null,
    "panel_4": null,
    "panel_5": null,
    "rodzaj_mon": "E",
    "typ": "emalia biała",
    "zabytkowa": "tak"
   },
   "type": "Feature"
  },
  {
   "geometry": {
    "coordinates": [
     19.929699,
     50.071942
    ],
    "type": "Point"
   },
   "id": 447,
   "properties": {
    "GlobalID": "12848599-b00b-483d-baa4-c894e515cbdd",
    "OBJECTID": 447,
    "liczba_tab": 1,
    "panel_1": "aleja Artura Grottgera",
    "panel_2": null,
    "panel_3": null,
    "panel_4": null,
    "panel_5": null,
    "rodzaj_mon": "E",
    "typ": "emalia biała",
    "zabytkowa": "tak"
   },
   "type": "Feature"
  },
  {
   "geometry": {
    "coordinates": [
     19.948213,
     50.04431
    ],
    "type": "Point"
   },
   "id": 475,
   "properties": {
    "GlobalID": "5a3fa23e-65a9-4e7c-ab73-96645c5a22e1",
    "OBJECTID": 475,
    "liczba_tab": 1,
    "panel_1": "Kalwaryjska",
    "panel_2": null,
    "panel_3": null,
    "panel_4": null,
    "panel_5": null,
    "rodzaj_mon": "E",
    "typ": "emalia biała",
    "zabytkowa": "tak"
   },
   "type": "Feature"
  },
  {
   "geometry": {
    "coordinates": [
     19.954127,
     50.04499
    ],
    "type": "Point"
   },
   "id": 481,
   "properties": {
    "GlobalID": "04694a8e-6522-4fb9-bda0-0ed8fa42864e",
    "OBJECTID": 481,
    "liczba_tab": 1,
    "panel_1": "Bolesława Limanowskiego",
    "panel_2": null,
    "panel_3": null,
    "panel_4": null,
    "panel_5": null,
    "rodzaj_mon": "E",
    "typ": "emalia biała",
    "zabytkowa": "tak"
   },
   "type": "Feature"
  },
  {
   "geometry": {
    "coordinates": [
     19.943523,
     50.06627
    ],
    "type": "Point"
   },
   "id": 487,
   "properties": {
    "GlobalID": "d7987af2-fd26-4c2a-8ba1-cb896eecb307",
    "OBJECTID": 487,
    "liczba_tab": 1,
    "panel_1": "Stanisława Worcella",
    "panel_2": null,
    "panel_3": null,
    "panel_4": null,
    "panel_5": null,
    "rodzaj_mon": "E",
    "typ": "emalia biała",
    "zabytkowa": "tak"
   },
   "type": "Feature"
  },
  {
   "geometry": {
    "coordinates": [
     19.943728,
     50.0687
    ],
    "type": "Point"
   },
   "id": 496,
   "properties": {
    "GlobalID": "9f8918ad-dbc2-451b-991c-f4ec9679636c",
    "OBJECTID": 496,
    "liczba_tab": 1,
    "panel_1": "Ogrodowa",
    "panel_2": null,
    "panel_3": null,
    "panel_4": null,
    "panel_5": null,
    "rodzaj_mon": "E",
    "typ": "emalia biała",
    "zabytkowa": "tak"
   },
   "type": "Feature"
  },
  {
   "geometry": {
    "coordinates": [
     19.943238,
     50.068893
    ],
    "type": "Point"
   },
   "id": 502,
   "properties": {
    "GlobalID": "baa3fe94-b1bd-43ed-a39a-012b7177ca76",
    "OBJECTID": 502,
    "liczba_tab": 1,
    "panel_1": "Warszawska",
    "panel_2": null,
    "panel_3": null,
    "panel_4": null,
    "panel_5": null,
    "rodzaj_mon": "E",
    "typ": "emalia biała",
    "zabytkowa": "tak"
   },
   "type": "Feature"
  },
  {
   "geometry": {
    "coordinates": [
     19.938808,
     50.067641
    ],
    "type": "Point"
   },
   "id": 510,
   "properties": {
    "GlobalID": "bae7b50b-8a5e-4412-b624-04eef6c1d3a0",
    "OBJECTID": 510,
    "liczba_tab": 1,
    "panel_1": "Krzywa",
    "panel_2": null,
    "panel_3": null,
    "panel_4": null,
    "panel_5": null,
    "rodzaj_mon": "E",
    "typ": "emalia biała",
    "zabytkowa": "tak"
   },
   "type": "Feature"
  },
  {
   "geometry": {
    "coordinates": [
     19.933357,
     50.070516
    ],
    "type": "Point"
   },
   "id": 534,
   "properties": {
    "GlobalID": "b64c8629-82c9-4cdc-b6cf-925f10eb292b",
    "OBJECTID": 534,
    "liczba_tab": 1,
    "panel_1": "Staszica",
    "panel_2": null,
    "panel_3": null,
    "panel_4": null,
    "panel_5": null,
    "rodzaj_mon": "E",
    "typ": "emalia biała",
    "zabytkowa": "tak"
   },
   "type": "Feature"
  },
  {
   "geometry": {
    "coordinates": [
     19.944852,
     50.064843
    ],
    "type": "Point"
   },
   "id": 542,
   "properties": {
    "GlobalID": "aaae3c93-771e-432d-b3b0-18f0312a5508",
    "OBJECTID": 542,
    "liczba_tab": 1,
    "panel_1": "Pawia",
    "panel_2": null,
    "panel_3": null,
    "panel_4": null,
    "panel_5": null,
    "rodzaj_mon": "E",
    "typ": "emalia biała",
    "zabytkowa": "tak"
   },
   "type": "Feature"
  },
  {
   "geometry": {
    "coordinates": [
     19.946961,
     50.062354
    ],
    "type": "Point"
   },
   "id": 750,
   "properties": {
    "GlobalID": "289889e1-9d1a-49f2-9b56-167330ed5ce5",
    "OBJECTID": 750,
    "liczba_tab": 1,
    "panel_1": "Radziwiłłowska",
    "panel_2": null,
    "panel_3": null,
    "panel_4": null,
    "panel_5": null,
    "rodzaj_mon": "E",
    "typ": "emalia biała",
    "zabytkowa": "tak"
   },
   "type": "Feature"
  },
  {
   "geometry": {
    "coordinates": [
     19.94805,
     50.060976
    ],
    "type": "Point"
   },
   "id": 774,
   "properties": {
    "GlobalID": "36f07a83-8cc4-4ba1-82c4-3aae1e9a9b24",
    "OBJECTID": 774,
    "liczba_tab": 1,
    "panel_1": "Blich",
    "panel_2": null,
    "panel_3": null,
    "panel_4": null,
    "panel_5": null,
    "rodzaj_mon": "E",
    "typ": "emalia biała",
    "zabytkowa": "tak"
   },
   "type": "Feature"
  },
  {
   "geometry": {
    "coordinates": [
     19.944145,
     50.052974
    ],
    "type": "Point"
   },
   "id": 807,
   "properties": {
    "GlobalID": "502cab9c-c420-4458-be3b-e23e706eff6e",
    "OBJECTID": 807,
    "liczba_tab": 1,
    "panel_1": "Podbrzezie",
    "panel_2": null,
    "panel_3": null,
    "panel_4": null,
    "panel_5": null,
    "rodzaj_mon": "E",
    "typ": "emalia biała",
    "zabytkowa": "tak"
   },
   "type": "Feature"
  },
  {
   "geometry": {
    "coordinates": [
     19.937375,
     50.048945
    ],
    "type": "Point"
   },
   "id": 841,
   "properties": {
    "GlobalID": "1a4f02ef-3906-4afa-803f-16788123f6db",
    "OBJECTID": 841,
    "liczba_tab": 1,
    "panel_1": "Paulińska",
    "panel_2": null,
    "panel_3": null,
    "panel_4": null,
    "panel_5": null,
    "rodzaj_mon": "E",
    "typ": "emalia biała",
    "zabytkowa": "tak"
   },
   "type": "Feature"
  },
  {
   "geometry": {
    "coordinates": [
     19.951263,
     50.051915
    ],
    "type": "Point"
   },
   "id": 919,
   "properties": {
    "GlobalID": "9f80693f-4b0c-47b8-81b2-787b47d164cd",
    "OBJECTID": 919,
    "liczba_tab": 1,
    "panel_1": "Przemyska",
    "panel_2": null,
    "panel_3": null,
    "panel_4": null,
    "panel_5": null,
    "rodzaj_mon": "E",
    "typ": "emalia biała",
    "zabytkowa": "tak"
   },
   "type": "Feature"
  },
  {
   "geometry": {
    "coordinates": [
     19.948077,
     50.042966
    ],
    "type": "Point"
   },
   "id": 1036,
   "properties": {
    "GlobalID": "fd2ca656-ac84-4a54-96f3-4011eb2988c1",
    "OBJECTID": 1036,
    "liczba_tab": 1,
    "panel_1": "Jana Zamoyskiego",
    "panel_2": null,
    "panel_3": null,
    "panel_4": null,
    "panel_5": null,
    "rodzaj_mon": "E",
    "typ": "emalia biała",
    "zabytkowa": "tak"
   },
   "type": "Feature"
  },
  {
   "geometry": {
    "coordinates": [
     19.961348,
     50.043723
    ],
    "type": "Point"
   },
   "id": 1055,
   "properties": {
    "GlobalID": "22ceac2e-d6af-43cd-83b7-61074784c010",
    "OBJECTID": 1055,
    "liczba_tab": 1,
    "panel_1": "Jana Tarnowskiego",
    "panel_2": null,
    "panel_3": null,
    "panel_4": null,
    "panel_5": null,
    "rodzaj_mon": "E",
    "typ": "emalia biała",
    "zabytkowa": "tak"
   },
   "type": "Feature"
  },
  {
   "geometry": {
    "coordinates": [
     19.949914,
     50.043734
    ],
    "type": "Point"
   },
   "id": 1066,
   "properties": {
    "GlobalID": "65b2c32c-b31f-4db7-ae60-40ab992a815c",
    "OBJECTID": 1066,
    "liczba_tab": 1,
    "panel_1": "Rękawka",
    "panel_2": null,
    "panel_3": null,
    "panel_4": null,
    "panel_5": null,
    "rodzaj_mon": "E",
    "typ": "emalia biała",
    "zabytkowa": "tak"
   },
   "type": "Feature"
  },
  {
   "geometry": {
    "coordinates": [
     19.954655,
     50.043887
    ],
    "type": "Point"
   },
   "id": 1107,
   "properties": {
    "GlobalID": "1fdf2179-f486-4c51-826e-797a552aa363",
    "OBJECTID": 1107,
    "liczba_tab": 1,
    "panel_1": "Rękawka",
    "panel_2": null,
    "panel_3": null,
    "panel_4": null,
    "panel_5": null,
    "rodzaj_mon": "E",
    "typ": "emalia biała",
    "zabytkowa": "tak"
   },
   "type": "Feature"
  },
  {
   "geometry": {
    "coordinates": [
     19.939642,
     50.038846
    ],
    "type": "Point"
   },
   "id": 1132,
   "properties": {
    "GlobalID": "4284099c-dbf8-43bf-8c8e-b29486e36ddf",
    "OBJECTID": 1132,
    "liczba_tab": 1,
    "panel_1": "St. Mitery",
    "panel_2": null,
    "panel_3": null,
    "panel_4": null,
    "panel_5": null,
    "rodzaj_mon": "E",
    "typ": "emalia biała",
    "zabytkowa": "tak"
   },
   "type": "Feature"
  },
  {
   "geometry": {
    "coordinates": [
     19.953955,
     50.046504
    ],
    "type": "Point"
   },
   "id": 1142,
   "properties": {
    "GlobalID": "5380de56-6df6-496a-911e-704352f0909f",
    "OBJECTID": 1142,
    "liczba_tab": 1,
    "panel_1": "Plac Bohaterów Getta",
    "panel_2": null,
    "panel_3": null,
    "panel_4": null,
    "panel_5": null,
    "rodzaj_mon": "E",
    "typ": "emalia biała",
    "zabytkowa": "tak"
   },
   "type": "Feature"
  },
  {
   "geometry": {
    "coordinates": [
     19.95703,
     50.045024
    ],
    "type": "Point"
   },
   "id": 1153,
   "properties": {
    "GlobalID": "a8b1d965-3680-4b57-b0dc-05436899bc0e",
    "OBJECTID": 1153,
    "liczba_tab": 1,
    "panel_1": "Józefińska",
    "panel_2": null,
    "panel_3": null,
    "panel_4": null,
    "panel_5": null,
    "rodzaj_mon": "E",
    "typ": "emalia biała",
    "zabytkowa": "tak"
   },
   "type": "Feature"
  },
  {
   "geometry": {
    "coordinates": [
     19.956023,
     50.042542
    ],
    "type": "Point"
   },
   "id": 1173,
   "properties": {
    "GlobalID": "38798cb2-415a-4416-b441-8c94b466a145",
    "OBJECTID": 1173,
    "liczba_tab": 1,
    "panel_1": "por. Antoniego Stawarza",
    "panel_2": null,
    "panel_3": null,
    "panel_4": null,
    "panel_5": null,
    "rodzaj_mon": "E",
    "typ": "emalia biała",
    "zabytkowa": "tak"
   },
   "type": "Feature"
  },
  {
   "geometry": {
    "coordinates": [
     19.954584,
     50.041888
    ],
    "type": "Point"
   },
   "id": 1174,
   "properties": {
    "GlobalID": "09ff63b3-d1f4-45e7-b1f9-bc9cf20fcad2",
    "OBJECTID": 1174,
    "liczba_tab": 1,
    "panel_1": "al. Edwarda Dembowskiego",
    "panel_2": null,
    "panel_3": null,
    "panel_4": null,
    "panel_5": null,
    "rodzaj_mon": "E",
    "typ": "emalia biała",
    "zabytkowa": "tak"
   },
   "type": "Feature"
  },
  {
   "geometry": {
    "coordinates": [
     19.958899,
     50.044848
    ],
    "type": "Point"
   },
   "id": 1193,
   "properties": {
    "GlobalID": "6eea1a5a-b2e3-40ba-9db7-d628653ea882",
    "OBJECTID": 1193,
    "liczba_tab": 1,
    "panel_1": "Dąbrowskiego",
    "panel_2": null,
    "panel_3": null,
    "panel_4": null,
    "panel_5": null,
    "rodzaj_mon": "E",
    "typ": "emalia biała",
    "zabytkowa": "tak"
   },
   "type": "Feature"
  },
  {
   "geometry": {
    "coordinates": [
     19.964799,
     50.045798
    ],
    "type": "Point"
   },
   "id": 1198,
   "properties": {
    "GlobalID": "2cee0010-3662-4ffc-ac15-ea4c3dab3d74",
    "OBJECTID": 1198,
    "liczba_tab": 1,
    "panel_1": "Mydlarska",
    "panel_2": null,
    "panel_3": null,
    "panel_4": null,
    "panel_5": null,
    "rodzaj_mon": "O",
    "typ": "emalia biała",
    "zabytkowa": "tak"
   },
   "type": "Feature"
  },
  {
   "geometry": {
    "coordinates": [
     19.968982,
     50.046747
    ],
    "type": "Point"
   },
   "id": 1210,
   "properties": {
    "GlobalID": "7a889ebb-87ad-4890-a86a-0d91e7fc3bd0",
    "OBJECTID": 1210,
    "liczba_tab": 1,
    "panel_1": "Niwy",
    "panel_2": null,
    "panel_3": null,
    "panel_4": null,
    "panel_5": null,
    "rodzaj_mon": "E",
    "typ": "emalia biała",
    "zabytkowa": "tak"
   },
   "type": "Feature"
  },
  {
   "geometry": {
    "coordinates": [
     19.966504,
     50.046136
    ],
    "type": "Point"
   },
   "id": 1218,
   "properties": {
    "GlobalID": "633bfda7-ecae-40e0-b488-c93db9a62ccb",
    "OBJECTID": 1218,
    "liczba_tab": 1,
    "panel_1": "Romana Kiełkowskiego",
    "panel_2": null,
    "panel_3": null,
    "panel_4": null,
    "panel_5": null,
    "rodzaj_mon": "E",
    "typ": "emalia biała",
    "zabytkowa": "tak"
   },
   "type": "Feature"
  },
  {
   "geometry": {
    "coordinates": [
     19.964602,
     50.044459
    ],
    "type": "Point"
   },
   "id": 1224,
   "properties": {
    "GlobalID": "13081d03-4585-4fb1-a08c-9122633cfc2b",
    "OBJECTID": 1224,
    "liczba_tab": 1,
    "panel_1": "Zaułek",
    "panel_2": null,
    "panel_3": null,
    "panel_4": null,
    "panel_5": null,
    "rodzaj_mon": "E",
    "typ": "emalia biała",
    "zabytkowa": "tak"
   },
   "type": "Feature"
  },
  {
   "geometry": {
    "coordinates": [
     19.956153,
     50.049667
    ],
    "type": "Point"
   },
   "id": 1232,
   "properties": {
    "GlobalID": "53570fec-d297-40af-9c57-80fe5e8e860b",
    "OBJECTID": 1232,
    "liczba_tab": 1,
    "panel_1": "Zabłocie",
    "panel_2": null,
    "panel_3": null,
    "panel_4": null,
    "panel_5": null,
    "rodzaj_mon": "E",
    "typ": "emalia biała",
    "zabytkowa": "tak"
   },
   "type": "Feature"
  },
  {
   "geometry": {
    "coordinates": [
     19.954139,
     50.056554
    ],
    "type": "Point"
   },
   "id": 1270,
   "properties": {
    "GlobalID": "2b4fc9fd-a335-447b-8078-cee88d5f6276",
    "OBJECTID": 1270,
    "liczba_tab": 1,
    "panel_1": "Prochowa",
    "panel_2": null,
    "panel_3": null,
    "panel_4": null,
    "panel_5": null,
    "rodzaj_mon": "E",
    "typ": "metalowa biała",
    "zabytkowa": "tak"
   },
   "type": "Feature"
  },
  {
   "geometry": {
    "coordinates": [
     19.954211,
     50.05725
    ],
    "type": "Point"
   },
   "id": 1272,
   "properties": {
    "GlobalID": "e836b15d-f092-44cd-abe2-ecc3346f661e",
    "OBJECTID": 1272,
    "liczba_tab": 1,
    "panel_1": "Chodkiewicza",
    "panel_2": null,
    "panel_3": null,
    "panel_4": null,
    "panel_5": null,
    "rodzaj_mon": "E",
    "typ": "emalia biała",
    "zabytkowa": "tak"
   },
   "type": "Feature"
  },
  {
   "geometry": {
    "coordinates": [
     19.954277,
     50.057385
    ],
    "type": "Point"
   },
   "id": 1273,
   "properties": {
    "GlobalID": "888fb7ec-696f-4f62-b8e2-d3d7d02d569d",
    "OBJECTID": 1273,
    "liczba_tab": 1,
    "panel_1": "Chodkiewicza",
    "panel_2": null,
    "panel_3": null,
    "panel_4": null,
    "panel_5": null,
    "rodzaj_mon": "E",
    "typ": "emalia biała",
    "zabytkowa": "tak"
   },
   "type": "Feature"
  },
  {
   "geometry": {
    "coordinates": [
     19.954415,
     50.057373
    ],
    "type": "Point"
   },
   "id": 1277,
   "properties": {
    "GlobalID": "e04f044a-2410-4a78-8ae4-6852e0e50c77",
    "OBJECTID": 1277,
    "liczba_tab": 1,
    "panel_1": "Chodkiewicza",
    "panel_2": null,
    "panel_3": null,
    "panel_4": null,
    "panel_5": null,
    "rodzaj_mon": "E",
    "typ": "emalia biała",
    "zabytkowa": "tak"
   },
   "type": "Feature"
  },
  {
   "geometry": {
    "coordinates": [
     19.954176,
     50.057303
    ],
    "type": "Point"
   },
   "id": 1282,
   "properties": {
    "GlobalID": "5941fa14-fccb-4910-878c-e451148b50d5",
    "OBJECTID": 1282,
    "liczba_tab": 1,
    "panel_1": "Wincentego Pola",
    "panel_2": null,
    "panel_3": null,
    "panel_4": null,
    "panel_5": null,
    "rodzaj_mon": "E",
    "typ": "emalia biała",
    "zabytkowa": "tak"
   },
   "type": "Feature"
  },
  {
   "geometry": {
    "coordinates": [
     19.948887,
     50.060695
    ],
    "type": "Point"
   },
   "id": 1308,
   "properties": {
    "GlobalID": "9bc2f8df-c301-40d1-9ba5-0fa203cdf6d5",
    "OBJECTID": 1308,
    "liczba_tab": 1,
    "panel_1": "Kołłątaja",
    "panel_2": null,
    "panel_3": null,
    "panel_4": null,
    "panel_5": null,
    "rodzaj_mon": "E",
    "typ": "emalia biała",
    "zabytkowa": "tak"
   },
   "type": "Feature"
  },
  {
   "geometry": {
    "coordinates": [
     19.950389,
     50.060971
    ],
    "type": "Point"
   },
   "id": 1309,
   "properties": {
    "GlobalID": "0f87c510-be96-4e5e-8a4c-f77e770944ba",
    "OBJECTID": 1309,
    "liczba_tab": 1,
    "panel_1": "Odona Bujwida",
    "panel_2": null,
    "panel_3": null,
    "panel_4": null,
    "panel_5": null,
    "rodzaj_mon": "E",
    "typ": "emalia biała",
    "zabytkowa": "tak"
   },
   "type": "Feature"
  },
  {
   "geometry": {
    "coordinates": [
     19.951227,
     50.06113
    ],
    "type": "Point"
   },
   "id": 1310,
   "properties": {
    "GlobalID": "ce14dc0c-cfd9-455a-bc03-e817886e2b56",
    "OBJECTID": 1310,
    "liczba_tab": 1,
    "panel_1": "Odona Bujwida",
    "panel_2": null,
    "panel_3": null,
    "panel_4": null,
    "panel_5": null,
    "rodzaj_mon": "E",
    "typ": "emalia biała",
    "zabytkowa": "tak"
   },
   "type": "Feature"
  },
  {
   "geometry": {
    "coordinates": [
     19.951162,
     50.060982
    ],
    "type": "Point"
   },
   "id": 1311,
   "properties": {
    "GlobalID": "47becff0-5f7b-4285-8037-7ebf84429fbc",
    "OBJECTID": 1311,
    "liczba_tab": 1,
    "panel_1": "Odona Bujwida",
    "panel_2": null,
    "panel_3": null,
    "panel_4": null,
    "panel_5": null,
    "rodzaj_mon": "E",
    "typ": "emalia biała",
    "zabytkowa": "tak"
   },
   "type": "Feature"
  },
  {
   "geometry": {
    "coordinates": [
     19.934256,
     50.072453
    ],
    "type": "Point"
   },
   "id": 1340,
   "properties": {
    "GlobalID": "f56356e8-d9af-4b7a-a1eb-4f8d167f302f",
    "OBJECTID": 1340,
    "liczba_tab": 1,
    "panel_1": "Jerzego Żułkowskiego",
    "panel_2": null,
    "panel_3": null,
    "panel_4": null,
    "panel_5": null,
    "rodzaj_mon": "E",
    "typ": "emalia biała",
    "zabytkowa": "tak"
   },
   "type": "Feature"
  },
  {
   "geometry": {
    "coordinates": [
     19.933234,
     50.072978
    ],
    "type": "Point"
   },
   "id": 1342,
   "properties": {
    "GlobalID": "a5bc4bf5-ebca-4d5d-a211-827a9bb09309",
    "OBJECTID": 1342,
    "liczba_tab": 1,
    "panel_1": "Jerzego Żułkowskiego",
    "panel_2": null,
    "panel_3": null,
    "panel_4": null,
    "panel_5": null,
    "rodzaj_mon": "E",
    "typ": "emalia biała",
    "zabytkowa": "tak"
   },
   "type": "Feature"
  },
  {
   "geometry": {
    "coordinates": [
     19.934359,
     50.072243
    ],
    "type": "Point"
   },
   "id": 1343,
   "properties": {
    "GlobalID": "33f40a00-8938-433c-9d8a-bc5aac3882be",
    "OBJECTID": 1343,
    "liczba_tab": 1,
    "panel_1": "Jerzego Żułkowskiego",
    "panel_2": null,
    "panel_3": null,
    "panel_4": null,
    "panel_5": null,
    "rodzaj_mon": "E",
    "typ": "emalia biała",
    "zabytkowa": "tak"
   },
   "type": "Feature"
  },
  {
   "geometry": {
    "coordinates": [
     19.934858,
     50.0708
    ],
    "type": "Point"
   },
   "id": 1353,
   "properties": {
    "GlobalID": "662741e6-6425-48c7-ade7-699c515f0267",
    "OBJECTID": 1353,
    "liczba_tab": 1,
    "panel_1": "Krowoderska",
    "panel_2": null,
    "panel_3": null,
    "panel_4": null,
    "panel_5": null,
    "rodzaj_mon": "E",
    "typ": "emalia biała",
    "zabytkowa": "tak"
   },
   "type": "Feature"
  },
  {
   "geometry": {
    "coordinates": [
     19.933951,
     50.072159
    ],
    "type": "Point"
   },
   "id": 1357,
   "properties": {
    "GlobalID": "08de01a2-ec13-4fb3-9c47-300444e9152e",
    "OBJECTID": 1357,
    "liczba_tab": 1,
    "panel_1": "Oskara Kolberga",
    "panel_2": null,
    "panel_3": null,
    "panel_4": null,
    "panel_5": null,
    "rodzaj_mon": "E",
    "typ": "emalia biała",
    "zabytkowa": "tak"
   },
   "type": "Feature"
  },
  {
   "geometry": {
    "coordinates": [
     19.933325,
     50.071458
    ],
    "type": "Point"
   },
   "id": 1362,
   "properties": {
    "GlobalID": "d6ed6350-3be1-4ecc-893d-c341da8944b4",
    "OBJECTID": 1362,
    "liczba_tab": 1,
    "panel_1": "Krowoderska",
    "panel_2": null,
    "panel_3": null,
    "panel_4": null,
    "panel_5": null,
    "rodzaj_mon": "E",
    "typ": "emalia biała",
    "zabytkowa": "tak"
   },
   "type": "Feature"
  },
  {
   "geometry": {
    "coordinates": [
     19.934556,
     50.067299
    ],
    "type": "Point"
   },
   "id": 1368,
   "properties": {
    "GlobalID": "25ee194e-f514-46f8-b015-394d861b8bc2",
    "OBJECTID": 1368,
    "liczba_tab": 1,
    "panel_1": "Biakupia",
    "panel_2": null,
    "panel_3": null,
    "panel_4": null,
    "panel_5": null,
    "rodzaj_mon": "E",
    "typ": "emalia biała",
    "zabytkowa": "tak"
   },
   "type": "Feature"
  },
  {
   "geometry": {
    "coordinates": [
     19.933688,
     50.067596
    ],
    "type": "Point"
   },
   "id": 1385,
   "properties": {
    "GlobalID": "e4bfc2e3-25fa-4438-8a40-d0594bd87fc0",
    "OBJECTID": 1385,
    "liczba_tab": 1,
    "panel_1": "Łobzowska",
    "panel_2": null,
    "panel_3": null,
    "panel_4": null,
    "panel_5": null,
    "rodzaj_mon": "E",
    "typ": "emalia biała",
    "zabytkowa": "tak"
   },
   "type": "Feature"
  },
  {
   "geometry": {
    "coordinates": [
     19.932769,
     50.06909
    ],
    "type": "Point"
   },
   "id": 1387,
   "properties": {
    "GlobalID": "b55be74b-b36d-42bf-9515-0273a4eaa7e9",
    "OBJECTID": 1387,
    "liczba_tab": 1,
    "panel_1": "Henryka Siemiradzkiego",
    "panel_2": null,
    "panel_3": null,
    "panel_4": null,
    "panel_5": null,
    "rodzaj_mon": "E",
    "typ": "emalia biała",
    "zabytkowa": "tak"
   },
   "type": "Feature"
  },
  {
   "geometry": {
    "coordinates": [
     19.930901,
     50.069149
    ],
    "type": "Point"
   },
   "id": 1388,
   "properties": {
    "GlobalID": "e0fd600e-5cea-44cb-a69b-803bf8b5ec5b",
    "OBJECTID": 1388,
    "liczba_tab": 1,
    "panel_1": "Henryka Siemiradzkiego",
    "panel_2": null,
    "panel_3": null,
    "panel_4": null,
    "panel_5": null,
    "rodzaj_mon": "E",
    "typ": "emalia biała",
    "zabytkowa": "tak"
   },
   "type": "Feature"
  },
  {
   "geometry": {
    "coordinates": [
     19.934786,
     50.06593
    ],
    "type": "Point"
   },
   "id": 1402,
   "properties": {
    "GlobalID": "5be23003-1104-444d-acfe-3bae64b05bc5",
    "OBJECTID": 1402,
    "liczba_tab": 1,
    "panel_1": "Łobzowska",
    "panel_2": null,
    "panel_3": null,
    "panel_4": null,
    "panel_5": null,
    "rodzaj_mon": "E",
    "typ": "emalia biała",
    "zabytkowa": "tak"
   },
   "type": "Feature"
  },
  {
   "geometry": {
    "coordinates": [
     19.933714,
     50.067455
    ],
    "type": "Point"
   },
   "id": 1403,
   "properties": {
    "GlobalID": "eef30447-d3de-4f7b-94a5-668c5811a585",
    "OBJECTID": 1403,
    "liczba_tab": 1,
    "panel_1": "Stefana Batorego",
    "panel_2": null,
    "panel_3": null,
    "panel_4": null,
    "panel_5": null,
    "rodzaj_mon": "E",
    "typ": "emalia biała",
    "zabytkowa": "tak"
   },
   "type": "Feature"
  },
  {
   "geometry": {
    "coordinates": [
     19.933655,
     50.067584
    ],
    "type": "Point"
   },
   "id": 1413,
   "properties": {
    "GlobalID": "9e5c1474-f770-4966-9195-250abc1d8565",
    "OBJECTID": 1413,
    "liczba_tab": 1,
    "panel_1": "Stefana Batorego",
    "panel_2": null,
    "panel_3": null,
    "panel_4": null,
    "panel_5": null,
    "rodzaj_mon": "E",
    "typ": "emalia biała",
    "zabytkowa": "tak"
   },
   "type": "Feature"
  },
  {
   "geometry": {
    "coordinates": [
     19.957989,
     50.0587
    ],
    "type": "Point"
   },
   "id": 1427,
   "properties": {
    "GlobalID": "de08af90-9130-4d6a-b080-b4878e557eff",
    "OBJECTID": 1427,
    "liczba_tab": 1,
    "panel_1": "Hetmana Żółkiewskiego",
    "panel_2": null,
    "panel_3": null,
    "panel_4": null,
    "panel_5": null,
    "rodzaj_mon": "E",
    "typ": "emalia biała",
    "zabytkowa": "tak"
   },
   "type": "Feature"
  },
  {
   "geometry": {
    "coordinates": [
     19.929965,
     50.058834
    ],
    "type": "Point"
   },
   "id": 1434,
   "properties": {
    "GlobalID": "5e8947df-25f8-461f-a2f5-d49c41808127",
    "OBJECTID": 1434,
    "liczba_tab": 1,
    "panel_1": "Bożego Miłosierdzia",
    "panel_2": null,
    "panel_3": null,
    "panel_4": null,
    "panel_5": null,
    "rodzaj_mon": "O",
    "typ": "emalia biała",
    "zabytkowa": "tak"
   },
   "type": "Feature"
  },
  {
   "geometry": {
    "coordinates": [
     19.928475,
     50.057173
    ],
    "type": "Point"
   },
   "id": 1456,
   "properties": {
    "GlobalID": "66aa0de4-94ae-48b3-aaa9-4f736415c236",
    "OBJECTID": 1456,
    "liczba_tab": 1,
    "panel_1": "Retoryka",
    "panel_2": null,
    "panel_3": null,
    "panel_4": null,
    "panel_5": null,
    "rodzaj_mon": "E",
    "typ": "emalia biała",
    "zabytkowa": "tak"
   },
   "type": "Feature"
  },
  {
   "geometry": {
    "coordinates": [
     19.928931,
     50.061552
    ],
    "type": "Point"
   },
   "id": 1472,
   "properties": {
    "GlobalID": "89606863-f033-4ce2-af12-f2569bc35d36",
    "OBJECTID": 1472,
    "liczba_tab": 1,
    "panel_1": "Plac gen. Władysława Sikorskiego",
    "panel_2": null,
    "panel_3": null,
    "panel_4": null,
    "panel_5": null,
    "rodzaj_mon": "E",
    "typ": "emalia biała",
    "zabytkowa": "tak"
   },
   "type": "Feature"
  },
  {
   "geometry": {
    "coordinates": [
     19.930418,
     50.062489
    ],
    "type": "Point"
   },
   "id": 1486,
   "properties": {
    "GlobalID": "f91a97c6-8f19-4c75-85cc-652ac7e05c42",
    "OBJECTID": 1486,
    "liczba_tab": 1,
    "panel_1": "Loretańska",
    "panel_2": null,
    "panel_3": null,
    "panel_4": null,
    "panel_5": null,
    "rodzaj_mon": "E",
    "typ": "emalia biała",
    "zabytkowa": "tak"
   },
   "type": "Feature"
  },
  {
   "geometry": {
    "coordinates": [
     19.930436,
     50.063395
    ],
    "type": "Point"
   },
   "id": 1491,
   "properties": {
    "GlobalID": "bf3d2c1b-2d59-4325-b65b-fc29b9efa20b",
    "OBJECTID": 1491,
    "liczba_tab": 1,
    "panel_1": "Loretańska",
    "panel_2": null,
    "panel_3": null,
    "panel_4": null,
    "panel_5": null,
    "rodzaj_mon": "E",
    "typ": "emalia biała",
    "zabytkowa": "tak"
   },
   "type": "Feature"
  },
  {
   "geometry": {
    "coordinates": [
     19.929162,
     50.067949
    ],
    "type": "Point"
   },
   "id": 1498,
   "properties": {
    "GlobalID": "40986b0a-130d-429c-88d2-1dc4c46af5f8",
    "OBJECTID": 1498,
    "liczba_tab": 1,
    "panel_1": "Wilhelma Feldmana",
    "panel_2": null,
    "panel_3": null,
    "panel_4": null,
    "panel_5": null,
    "rodzaj_mon": "E",
    "typ": "emalia biała",
    "zabytkowa": "tak"
   },
   "type": "Feature"
  },
  {
   "geometry": {
    "coordinates": [
     19.927461,
     50.068547
    ],
    "type": "Point"
   },
   "id": 1504,
   "properties": {
    "GlobalID": "d7dfe28f-f499-4f1b-8966-0061762132e4",
    "OBJECTID": 1504,
    "liczba_tab": 1,
    "panel_1": "Henryka Siemiradzkiego",
    "panel_2": null,
    "panel_3": null,
    "panel_4": null,
    "panel_5": null,
    "rodzaj_mon": "E",
    "typ": "emalia biała",
    "zabytkowa": "tak"
   },
   "type": "Feature"
  },
  {
   "geometry": {
    "coordinates": [
     19.926636,
     50.06664
    ],
    "type": "Point"
   },
   "id": 1512,
   "properties": {
    "GlobalID": "e55430fb-f3d5-41ab-9609-f3659840b3bc",
    "OBJECTID": 1512,
    "liczba_tab": 1,
    "panel_1": "Jana Kochanowskiego",
    "panel_2": null,
    "panel_3": null,
    "panel_4": null,
    "panel_5": null,
    "rodzaj_mon": "E",
    "typ": "emalia biała",
    "zabytkowa": "tak"
   },
   "type": "Feature"
  },
  {
   "geometry": {
    "coordinates": [
     19.92806,
     50.06579
    ],
    "type": "Point"
   },
   "id": 1516,
   "properties": {
    "GlobalID": "56d8eb9b-6bb4-4709-b821-af8be11faf88",
    "OBJECTID": 1516,
    "liczba_tab": 1,
    "panel_1": "Jana Kochanowskiego",
    "panel_2": null,
    "panel_3": null,
    "panel_4": null,
    "panel_5": null,
    "rodzaj_mon": "E",
    "typ": "emalia biała",
    "zabytkowa": "tak"
   },
   "type": "Feature"
  },
  {
   "geometry": {
    "coordinates": [
     19.929295,
     50.063551
    ],
    "type": "Point"
   },
   "id": 1529,
   "properties": {
    "GlobalID": "240c049e-80f4-49c9-9662-a6f82d6aa005",
    "OBJECTID": 1529,
    "liczba_tab": 1,
    "panel_1": "Józefa Szujskiego",
    "panel_2": null,
    "panel_3": null,
    "panel_4": null,
    "panel_5": null,
    "rodzaj_mon": "E",
    "typ": "emalia biała",
    "zabytkowa": "tak"
   },
   "type": "Feature"
  },
  {
   "geometry": {
    "coordinates": [
     19.929335,
     50.063543
    ],
    "type": "Point"
   },
   "id": 1534,
   "properties": {
    "GlobalID": "418b58c8-577b-4556-a59a-911af9782f1c",
    "OBJECTID": 1534,
    "liczba_tab": 1,
    "panel_1": "Krupnicza",
    "panel_2": null,
    "panel_3": null,
    "panel_4": null,
    "panel_5": null,
    "rodzaj_mon": "E",
    "typ": "emalia biała",
    "zabytkowa": "tak"
   },
   "type": "Feature"
  },
  {
   "geometry": {
    "coordinates": [
     19.925141,
     50.065657
    ],
    "type": "Point"
   },
   "id": 1538,
   "properties": {
    "GlobalID": "634aeaa2-ba73-47da-af21-14661bd00724",
    "OBJECTID": 1538,
    "liczba_tab": 1,
    "panel_1": "Czarnowiejska",
    "panel_2": null,
    "panel_3": null,
    "panel_4": null,
    "panel_5": null,
    "rodzaj_mon": "E",
    "typ": "emalia biała",
    "zabytkowa": "tak"
   },
   "type": "Feature"
  },
  {
   "geometry": {
    "coordinates": [
     19.926605,
     50.063911
    ],
    "type": "Point"
   },
   "id": 1541,
   "properties": {
    "GlobalID": "c79d66db-c90e-4e87-b653-6aef60613b48",
    "OBJECTID": 1541,
    "liczba_tab": 1,
    "panel_1": "Czysta",
    "panel_2": null,
    "panel_3": null,
    "panel_4": null,
    "panel_5": null,
    "rodzaj_mon": "E",
    "typ": "emalia biała",
    "zabytkowa": "tak"
   },
   "type": "Feature"
  },
  {
   "geometry": {
    "coordinates": [
     19.924252,
     50.063706
    ],
    "type": "Point"
   },
   "id": 1542,
   "properties": {
    "GlobalID": "cf948ea2-5a6a-4e36-a0cd-1bafad20cb0d",
    "OBJECTID": 1542,
    "liczba_tab": 1,
    "panel_1": "Czysta",
    "panel_2": null,
    "panel_3": null,
    "panel_4": null,
    "panel_5": null,
    "rodzaj_mon": "E",
    "typ": "emalia biała",
    "zabytkowa": "tak"
   },
   "type": "Feature"
  },
  {
   "geometry": {
    "coordinates": [
     19.926778,
     50.063686
    ],
    "type": "Point"
   },
   "id": 1543,
   "properties": {
    "GlobalID": "ee7aa905-faa9-4e5c-ab04-cfefbb3bf024",
    "OBJECTID": 1543,
    "liczba_tab": 1,
    "panel_1": "Skarbowa",
    "panel_2": null,
    "panel_3": null,
    "panel_4": null,
    "panel_5": null,
    "rodzaj_mon": "E",
    "typ": "emalia biała",
    "zabytkowa": "tak"
   },
   "type": "Feature"
  },
  {
   "geometry": {
    "coordinates": [
     19.926626,
     50.062863
    ],
    "type": "Point"
   },
   "id": 1547,
   "properties": {
    "GlobalID": "b3cc4459-a1eb-49c4-b719-fe9436a988c4",
    "OBJECTID": 1547,
    "liczba_tab": 1,
    "panel_1": "Krupnicza",
    "panel_2": null,
    "panel_3": null,
    "panel_4": null,
    "panel_5": null,
    "rodzaj_mon": "E",
    "typ": "emalia biała",
    "zabytkowa": "tak"
   },
   "type": "Feature"
  },
  {
   "geometry": {
    "coordinates": [
     19.92755,
     50.063045
    ],
    "type": "Point"
   },
   "id": 1548,
   "properties": {
    "GlobalID": "8ab881c8-92be-40fc-bfeb-3ff274ad385d",
    "OBJECTID": 1548,
    "liczba_tab": 1,
    "panel_1": "Krupnicza",
    "panel_2": null,
    "panel_3": null,
    "panel_4": null,
    "panel_5": null,
    "rodzaj_mon": "E",
    "typ": "emalia biała",
    "zabytkowa": "tak"
   },
   "type": "Feature"
  },
  {
   "geometry": {
    "coordinates": [
     19.927887,
     50.062387
    ],
    "type": "Point"
   },
   "id": 1554,
   "properties": {
    "GlobalID": "ea5abc18-42fe-43d0-a4b3-4acc9f18719b",
    "OBJECTID": 1554,
    "liczba_tab": 1,
    "panel_1": "Studencka",
    "panel_2": null,
    "panel_3": null,
    "panel_4": null,
    "panel_5": null,
    "rodzaj_mon": "E",
    "typ": "emalia biała",
    "zabytkowa": "tak"
   },
   "type": "Feature"
  },
  {
   "geometry": {
    "coordinates": [
     19.927719,
     50.061591
    ],
    "type": "Point"
   },
   "id": 1557,
   "properties": {
    "GlobalID": "2f45be5e-7d17-4d3f-b9af-a11961145a53",
    "OBJECTID": 1557,
    "liczba_tab": 1,
    "panel_1": "Garncarska",
    "panel_2": null,
    "panel_3": null,
    "panel_4": null,
    "panel_5": null,
    "rodzaj_mon": "E",
    "typ": "emalia biała",
    "zabytkowa": "tak"
   },
   "type": "Feature"
  },
  {
   "geometry": {
    "coordinates": [
     19.927583,
     50.060899
    ],
    "type": "Point"
   },
   "id": 1558,
   "properties": {
    "GlobalID": "adaf9d0f-ea80-4f1b-b99e-e6f8e1d9b7c3",
    "OBJECTID": 1558,
    "liczba_tab": 1,
    "panel_1": "Garncarska",
    "panel_2": null,
    "panel_3": null,
    "panel_4": null,
    "panel_5": null,
    "rodzaj_mon": "E",
    "typ": "emalia biała",
    "zabytkowa": "tak"
   },
   "type": "Feature"
  },
  {
   "geometry": {
    "coordinates": [
     19.92794,
     50.059945
    ],
    "type": "Point"
   },
   "id": 1560,
   "properties": {
    "GlobalID": "c1e40638-addb-409b-9e2a-53825531b77f",
    "OBJECTID": 1560,
    "liczba_tab": 1,
    "panel_1": "Garncarska",
    "panel_2": null,
    "panel_3": null,
    "panel_4": null,
    "panel_5": null,
    "rodzaj_mon": "E",
    "typ": "emalia biała",
    "zabytkowa": "tak"
   },
   "type": "Feature"
  },
  {
   "geometry": {
    "coordinates": [
     19.927261,
     50.060437
    ],
    "type": "Point"
   },
   "id": 1562,
   "properties": {
    "GlobalID": "c9b1fcde-c074-4f9c-9a87-95e4093b268c",
    "OBJECTID": 1562,
    "liczba_tab": 1,
    "panel_1": "Wenecja",
    "panel_2": null,
    "panel_3": null,
    "panel_4": null,
    "panel_5": null,
    "rodzaj_mon": "E",
    "typ": "emalia biała",
    "zabytkowa": "tak"
   },
   "type": "Feature"
  },
  {
   "geometry": {
    "coordinates": [
     19.927287,
     50.060473
    ],
    "type": "Point"
   },
   "id": 1563,
   "properties": {
    "GlobalID": "724ade15-1f3a-4605-a16d-c3083ab7d1a5",
    "OBJECTID": 1563,
    "liczba_tab": 1,
    "panel_1": "Garncarska",
    "panel_2": null,
    "panel_3": null,
    "panel_4": null,
    "panel_5": null,
    "rodzaj_mon": "E",
    "typ": "emalia biała",
    "zabytkowa": "tak"
   },
   "type": "Feature"
  },
  {
   "geometry": {
    "coordinates": [
     19.927574,
     50.063006
    ],
    "type": "Point"
   },
   "id": 1566,
   "properties": {
    "GlobalID": "8ec882ec-59f8-46ea-a493-c0ff265850e3",
    "OBJECTID": 1566,
    "liczba_tab": 1,
    "panel_1": "Garncarska",
    "panel_2": null,
    "panel_3": null,
    "panel_4": null,
    "panel_5": null,
    "rodzaj_mon": "E",
    "typ": "emalia biała",
    "zabytkowa": "tak"
   },
   "type": "Feature"
  },
  {
   "geometry": {
    "coordinates": [
     19.92704,
     50.060395
    ],
    "type": "Point"
   },
   "id": 1568,
   "properties": {
    "GlobalID": "78c00403-d718-4bc1-a026-c8338a250c00",
    "OBJECTID": 1568,
    "liczba_tab": 1,
    "panel_1": "Wenecja",
    "panel_2": null,
    "panel_3": null,
    "panel_4": null,
    "panel_5": null,
    "rodzaj_mon": "E",
    "typ": "emalia biała",
    "zabytkowa": "tak"
   },
   "type": "Feature"
  },
  {
   "geometry": {
    "coordinates": [
     19.925841,
     50.060987
    ],
    "type": "Point"
   },
   "id": 1569,
   "properties": {
    "GlobalID": "2216ea84-5552-4bd3-b254-5233db40626d",
    "OBJECTID": 1569,
    "liczba_tab": 1,
    "panel_1": "Wenecja",
    "panel_2": null,
    "panel_3": null,
    "panel_4": null,
    "panel_5": null,
    "rodzaj_mon": "E",
    "typ": "emalia biała",
    "zabytkowa": "tak"
   },
   "type": "Feature"
  },
  {
   "geometry": {
    "coordinates": [
     19.925799,
     50.061002
    ],
    "type": "Point"
   },
   "id": 1570,
   "properties": {
    "GlobalID": "0c9de512-7dc9-42c3-be91-2803a7ef0a3f",
    "OBJECTID": 1570,
    "liczba_tab": 1,
    "panel_1": "Szczepana Humberta",
    "panel_2": null,
    "panel_3": null,
    "panel_4": null,
    "panel_5": null,
    "rodzaj_mon": "E",
    "typ": "emalia biała",
    "zabytkowa": "tak"
   },
   "type": "Feature"
  },
  {
   "geometry": {
    "coordinates": [
     19.924536,
     50.06104
    ],
    "type": "Point"
   },
   "id": 1571,
   "properties": {
    "GlobalID": "44d0d83f-a62e-49b6-aa45-6855b5f034a3",
    "OBJECTID": 1571,
    "liczba_tab": 1,
    "panel_1": "Szczepana Humberta",
    "panel_2": null,
    "panel_3": null,
    "panel_4": null,
    "panel_5": null,
    "rodzaj_mon": "E",
    "typ": "emalia biała",
    "zabytkowa": "tak"
   },
   "type": "Feature"
  },
  {
   "geometry": {
    "coordinates": [
     19.925297,
     50.059599
    ],
    "type": "Point"
   },
   "id": 1572,
   "properties": {
    "GlobalID": "895ac3cd-177b-4603-91ee-8639804c9573",
    "OBJECTID": 1572,
    "liczba_tab": 1,
    "panel_1": "aleja Adama Mickiewicza",
    "panel_2": null,
    "panel_3": null,
    "panel_4": null,
    "panel_5": null,
    "rodzaj_mon": "E",
    "typ": "emalia biała",
    "zabytkowa": "tak"
   },
   "type": "Feature"
  },
  {
   "geometry": {
    "coordinates": [
     19.924145,
     50.063661
    ],
    "type": "Point"
   },
   "id": 1575,
   "properties": {
    "GlobalID": "cfad44f3-6e30-4c9c-9aae-7df0da727f12",
    "OBJECTID": 1575,
    "liczba_tab": 1,
    "panel_1": "aleja Adama Mickiewicza",
    "panel_2": null,
    "panel_3": null,
    "panel_4": null,
    "panel_5": null,
    "rodzaj_mon": "E",
    "typ": "emalia biała",
    "zabytkowa": "tak"
   },
   "type": "Feature"
  },
  {
   "geometry": {
    "coordinates": [
     19.952026,
     50.055781
    ],
    "type": "Point"
   },
   "id": 1600,
   "properties": {
    "GlobalID": "d91c88c5-5032-4610-8dc7-c9fffc08fd70",
    "OBJECTID": 1600,
    "liczba_tab": 1,
    "panel_1": "Wiślisko",
    "panel_2": null,
    "panel_3": null,
    "panel_4": null,
    "panel_5": null,
    "rodzaj_mon": "E",
    "typ": "emalia biała",
    "zabytkowa": "tak"
   },
   "type": "Feature"
  },
  {
   "geometry": {
    "coordinates": [
     19.951691,
     50.056087
    ],
    "type": "Point"
   },
   "id": 1601,
   "properties": {
    "GlobalID": "aeac9012-4787-4e92-bb24-fb89b496bc6e",
    "OBJECTID": 1601,
    "liczba_tab": 1,
    "panel_1": "Wiślisko",
    "panel_2": null,
    "panel_3": null,
    "panel_4": null,
    "panel_5": null,
    "rodzaj_mon": "E",
    "typ": "emalia biała",
    "zabytkowa": "tak"
   },
   "type": "Feature"
  },
  {
   "geometry": {
    "coordinates": [
     19.95098,
     50.055931
    ],
    "type": "Point"
   },
   "id": 1605,
   "properties": {
    "GlobalID": "49d47b10-212e-4e72-ac83-a4a0a9ddf3f3",
    "OBJECTID": 1605,
    "liczba_tab": 1,
    "panel_1": "ks. Franciszka Blachnickiego ",
    "panel_2": null,
    "panel_3": null,
    "panel_4": null,
    "panel_5": null,
    "rodzaj_mon": "E",
    "typ": "emalia biała",
    "zabytkowa": "tak"
   },
   "type": "Feature"
  },
  {
   "geometry": {
    "coordinates": [
     19.951553,
     50.055927
    ],
    "type": "Point"
   },
   "id": 1606,
   "properties": {
    "GlobalID": "2654a26e-f1a5-4a84-af73-1aec7c6a8876",
    "OBJECTID": 1606,
    "liczba_tab": 1,
    "panel_1": "Wiślisko",
    "panel_2": null,
    "panel_3": null,
    "panel_4": null,
    "panel_5": null,
    "rodzaj_mon": "E",
    "typ": "emalia biała",
    "zabytkowa": "tak"
   },
   "type": "Feature"
  },
  {
   "geometry": {
    "coordinates": [
     19.951308,
     50.056167
    ],
    "type": "Point"
   },
   "id": 1607,
   "properties": {
    "GlobalID": "7963412f-faba-41fb-9300-51cd2912fe2d",
    "OBJECTID": 1607,
    "liczba_tab": 1,
    "panel_1": "Wiślisko",
    "panel_2": null,
    "panel_3": null,
    "panel_4": null,
    "panel_5": null,
    "rodzaj_mon": "E",
    "typ": "emalia biała",
    "zabytkowa": "tak"
   },
   "type": "Feature"
  },
  {
   "geometry": {
    "coordinates": [
     19.989136,
     50.095429
    ],
    "type": "Point"
   },
   "id": 1654,
   "properties": {
    "GlobalID": "5bea2cb2-4b82-4d48-96a7-aa352f86690e",
    "OBJECTID": 1654,
    "liczba_tab": 1,
    "panel_1": "ks. Mikołaja Kuczkowskiego",
    "panel_2": null,
    "panel_3": null,
    "panel_4": null,
    "panel_5": null,
    "rodzaj_mon": "E",
    "typ": "emalia biała",
    "zabytkowa": "tak"
   },
   "type": "Feature"
  },
  {
   "geometry": {
    "coordinates": [
     20.038416,
     50.072702
    ],
    "type": "Point"
   },
   "id": 1737,
   "properties": {
    "GlobalID": "69a042db-52bc-4623-8825-2bf94d1efcb1",
    "OBJECTID": 1737,
    "liczba_tab": 1,
    "panel_1": "Centrum „B”",
    "panel_2": null,
    "panel_3": null,
    "panel_4": null,
    "panel_5": null,
    "rodzaj_mon": "E",
    "typ": "emalia niebieska",
    "zabytkowa": "tak"
   },
   "type": "Feature"
  },
  {
   "geometry": {
    "coordinates": [
     20.037814,
     50.072903
    ],
    "type": "Point"
   },
   "id": 1740,
   "properties": {
    "GlobalID": "a9fd89d9-4122-4e07-b390-346d22b76d86",
    "OBJECTID": 1740,
    "liczba_tab": 1,
    "panel_1": "Aleja Róż",
    "panel_2": null,
    "panel_3": null,
    "panel_4": null,
    "panel_5": null,
    "rodzaj_mon": "E",
    "typ": "emalia biała",
    "zabytkowa": "tak"
   },
   "type": "Feature"
  },
  {
   "geometry": {
    "coordinates": [
     20.037814,
     50.072903
    ],
    "type": "Point"
   },
   "id": 1741,
   "properties": {
    "GlobalID": "64e07deb-03a4-4e30-ac21-b4a74add4e8f",
    "OBJECTID": 1741,
    "liczba_tab": 1,
    "panel_1": "Centrum „B”",
    "panel_2": null,
    "panel_3": null,
    "panel_4": null,
    "panel_5": null,
    "rodzaj_mon": "E",
    "typ": "emalia niebieska",
    "zabytkowa": "tak"
   },
   "type": "Feature"
  },
  {
   "geometry": {
    "coordinates": [
     20.037442,
     50.07295
    ],
    "type": "Point"
   },
   "id": 1742,
   "properties": {
    "GlobalID": "997b367a-4339-4c89-b2a4-5fe1f14f010e",
    "OBJECTID": 1742,
    "liczba_tab": 1,
    "panel_1": "Osiedle Centrum C",
    "panel_2": null,
    "panel_3": null,
    "panel_4": null,
    "panel_5": null,
    "rodzaj_mon": "E",
    "typ": "emalia biała",
    "zabytkowa": "tak"
   },
   "type": "Feature"
  },
  {
   "geometry": {
    "coordinates": [
     20.037442,
     50.07295
    ],
    "type": "Point"
   },
   "id": 1743,
   "properties": {
    "GlobalID": "5fbdc7c9-5146-4629-bb9d-66987aa79a42",
    "OBJECTID": 1743,
    "liczba_tab": 1,
    "panel_1": "Aleja Róż",
    "panel_2": null,
    "panel_3": null,
    "panel_4": null,
    "panel_5": null,
    "rodzaj_mon": "E",
    "typ": "emalia biała",
    "zabytkowa": "tak"
   },
   "type": "Feature"
  },
  {
   "geometry": {
    "coordinates": [
     20.029828,
     50.072593
    ],
    "type": "Point"
   },
   "id": 1750,
   "properties": {
    "GlobalID": "f6d3851d-bc46-4ad6-be33-cbe0509ee213",
    "OBJECTID": 1750,
    "liczba_tab": 1,
    "panel_1": "Aleja Jana Pawła II",
    "panel_2": null,
    "panel_3": null,
    "panel_4": null,
    "panel_5": null,
    "rodzaj_mon": "E",
    "typ": "emalia biała",
    "zabytkowa": "tak"
   },
   "type": "Feature"
  },
  {
   "geometry": {
    "coordinates": [
     20.042551,
     50.070791
    ],
    "type": "Point"
   },
   "id": 1752,
   "properties": {
    "GlobalID": "52852555-584f-4496-80f9-85e5bd233880",
    "OBJECTID": 1752,
    "liczba_tab": 1,
    "panel_1": "Jana Gajocha",
    "panel_2": null,
    "panel_3": null,
    "panel_4": null,
    "panel_5": null,
    "rodzaj_mon": "E",
    "typ": "emalia biała",
    "zabytkowa": "tak"
   },
   "type": "Feature"
  },
  {
   "geometry": {
    "coordinates": [
     20.046241,
     50.07017
    ],
    "type": "Point"
   },
   "id": 1754,
   "properties": {
    "GlobalID": "40b95285-9f6d-415c-b02c-726b9b7d6368",
    "OBJECTID": 1754,
    "liczba_tab": 1,
    "panel_1": "Osiedle Wandy",
    "panel_2": null,
    "panel_3": null,
    "panel_4": null,
    "panel_5": null,
    "rodzaj_mon": "E",
    "typ": "emalia niebieska",
    "zabytkowa": "tak"
   },
   "type": "Feature"
  },
  {
   "geometry": {
    "coordinates": [
     20.048185,
     50.069714
    ],
    "type": "Point"
   },
   "id": 1756,
   "properties": {
    "GlobalID": "e7516ff0-817c-4349-afb3-fe52c5da20d3",
    "OBJECTID": 1756,
    "liczba_tab": 1,
    "panel_1": "Osiedle Wandy",
    "panel_2": null,
    "panel_3": null,
    "panel_4": null,
    "panel_5": null,
    "rodzaj_mon": "E",
    "typ": "emalia niebieska",
    "zabytkowa": "tak"
   },
   "type": "Feature"
  },
  {
   "geometry": {
    "coordinates": [
     20.049805,
     50.069453
    ],
    "type": "Point"
   },
   "id": 1757,
   "properties": {
    "GlobalID": "df1397a8-d5e6-433c-b3a0-2e1f18b8d1df",
    "OBJECTID": 1757,
    "liczba_tab": 1,
    "panel_1": "Aleja Jana Pawła II",
    "panel_2": null,
    "panel_3": null,
    "panel_4": null,
    "panel_5": null,
    "rodzaj_mon": "E",
    "typ": "emalia biała",
    "zabytkowa": "tak"
   },
   "type": "Feature"
  },
  {
   "geometry": {
    "coordinates": [
     20.050314,
     50.07121
    ],
    "type": "Point"
   },
   "id": 1763,
   "properties": {
    "GlobalID": "d56c2ce3-b172-4b66-ad93-30db0a49ab05",
    "OBJECTID": 1763,
    "liczba_tab": 1,
    "panel_1": "Stanisława Mierzwy",
    "panel_2": null,
    "panel_3": null,
    "panel_4": null,
    "panel_5": null,
    "rodzaj_mon": "E",
    "typ": "emalia biała",
    "zabytkowa": "tak"
   },
   "type": "Feature"
  },
  {
   "geometry": {
    "coordinates": [
     20.050421,
     50.070628
    ],
    "type": "Point"
   },
   "id": 1765,
   "properties": {
    "GlobalID": "4484f2fa-1d7d-4cdd-9808-d79a9646114b",
    "OBJECTID": 1765,
    "liczba_tab": 1,
    "panel_1": "Osiedle Wandy",
    "panel_2": null,
    "panel_3": null,
    "panel_4": null,
    "panel_5": null,
    "rodzaj_mon": "E",
    "typ": "emalia niebieska",
    "zabytkowa": "tak"
   },
   "type": "Feature"
  },
  {
   "geometry": {
    "coordinates": [
     20.050183,
     50.070031
    ],
    "type": "Point"
   },
   "id": 1766,
   "properties": {
    "GlobalID": "cb122f4b-4eff-4b62-a558-198d9c25ede8",
    "OBJECTID": 1766,
    "liczba_tab": 1,
    "panel_1": "Osiedle Wandy",
    "panel_2": null,
    "panel_3": null,
    "panel_4": null,
    "panel_5": null,
    "rodzaj_mon": "E",
    "typ": "emalia niebieska",
    "zabytkowa": "tak"
   },
   "type": "Feature"
  },
  {
   "geometry": {
    "coordinates": [
     20.050002,
     50.069658
    ],
    "type": "Point"
   },
   "id": 1767,
   "properties": {
    "GlobalID": "9c355018-df93-4e1b-9c19-67b03cee6f48",
    "OBJECTID": 1767,
    "liczba_tab": 1,
    "panel_1": "Osiedle Wandy",
    "panel_2": null,
    "panel_3": null,
    "panel_4": null,
    "panel_5": null,
    "rodzaj_mon": "E",
    "typ": "emalia niebieska",
    "zabytkowa": "tak"
   },
   "type": "Feature"
  },
  {
   "geometry": {
    "coordinates": [
     20.048868,
     50.071552
    ],
    "type": "Point"
   },
   "id": 1768,
   "properties": {
    "GlobalID": "fd6d941b-c6a7-41d6-a9ed-389525aed18d",
    "OBJECTID": 1768,
    "liczba_tab": 1,
    "panel_1": "Osiedle Willowe",
    "panel_2": null,
    "panel_3": null,
    "panel_4": null,
    "panel_5": null,
    "rodzaj_mon": "E",
    "typ": "emalia niebieska",
    "zabytkowa": "tak"
   },
   "type": "Feature"
  },
  {
   "geometry": {
    "coordinates": [
     20.048454,
     50.071621
    ],
    "type": "Point"
   },
   "id": 1769,
   "properties": {
    "GlobalID": "23111509-ef7e-4696-b36c-09a07a8d6fae",
    "OBJECTID": 1769,
    "liczba_tab": 1,
    "panel_1": "Osiedle Willowe",
    "panel_2": null,
    "panel_3": null,
    "panel_4": null,
    "panel_5": null,
    "rodzaj_mon": "E",
    "typ": "emalia niebieska",
    "zabytkowa": "tak"
   },
   "type": "Feature"
  },
  {
   "geometry": {
    "coordinates": [
     20.047917,
     50.07171
    ],
    "type": "Point"
   },
   "id": 1770,
   "properties": {
    "GlobalID": "81210172-475d-4031-8a09-bf4f9c00419d",
    "OBJECTID": 1770,
    "liczba_tab": 1,
    "panel_1": "Stanisława Mierzwy",
    "panel_2": null,
    "panel_3": null,
    "panel_4": null,
    "panel_5": null,
    "rodzaj_mon": "E",
    "typ": "emalia biała",
    "zabytkowa": "tak"
   },
   "type": "Feature"
  },
  {
   "geometry": {
    "coordinates": [
     20.047524,
     50.071513
    ],
    "type": "Point"
   },
   "id": 1771,
   "properties": {
    "GlobalID": "d09cb4b6-6a20-445f-8cdd-a9eca5ad4697",
    "OBJECTID": 1771,
    "liczba_tab": 1,
    "panel_1": "Osiedle Wandy",
    "panel_2": null,
    "panel_3": null,
    "panel_4": null,
    "panel_5": null,
    "rodzaj_mon": "E",
    "typ": "emalia niebieska",
    "zabytkowa": "tak"
   },
   "type": "Feature"
  },
  {
   "geometry": {
    "coordinates": [
     20.048238,
     50.0713
    ],
    "type": "Point"
   },
   "id": 1772,
   "properties": {
    "GlobalID": "2088cfbc-20b2-4f10-99dd-b0bf6bc83ec1",
    "OBJECTID": 1772,
    "liczba_tab": 1,
    "panel_1": "Osiedle Wandy",
    "panel_2": null,
    "panel_3": null,
    "panel_4": null,
    "panel_5": null,
    "rodzaj_mon": "E",
    "typ": "emalia niebieska",
    "zabytkowa": "tak"
   },
   "type": "Feature"
  },
  {
   "geometry": {
    "coordinates": [
     20.038787,
     50.07145
    ],
    "type": "Point"
   },
   "id": 1773,
   "properties": {
    "GlobalID": "db9179cf-5ada-4412-ac17-680c89c89495",
    "OBJECTID": 1773,
    "liczba_tab": 1,
    "panel_1": "Jana Pawła II",
    "panel_2": null,
    "panel_3": null,
    "panel_4": null,
    "panel_5": null,
    "rodzaj_mon": "E",
    "typ": "emalia biała",
    "zabytkowa": "tak"
   },
   "type": "Feature"
  },
  {
   "geometry": {
    "coordinates": [
     19.964536,
     50.0937
    ],
    "type": "Point"
   },
   "id": 1796,
   "properties": {
    "GlobalID": "f3b3adb7-9d26-4969-8312-53f3ef728c81",
    "OBJECTID": 1796,
    "liczba_tab": 1,
    "panel_1": "Liliowa ",
    "panel_2": null,
    "panel_3": null,
    "panel_4": null,
    "panel_5": null,
    "rodzaj_mon": "E",
    "typ": "emalia biała",
    "zabytkowa": "tak"
   },
   "type": "Feature"
  },
  {
   "geometry": {
    "coordinates": [
     19.926741,
     50.01912
    ],
    "type": "Point"
   },
   "id": 1809,
   "properties": {
    "GlobalID": "9e79e751-5648-4f00-821a-3d5ba77f82d6",
    "OBJECTID": 1809,
    "liczba_tab": 1,
    "panel_1": "Niemcewicza",
    "panel_2": null,
    "panel_3": null,
    "panel_4": null,
    "panel_5": null,
    "rodzaj_mon": "E",
    "typ": "emalia biała",
    "zabytkowa": "tak"
   },
   "type": "Feature"
  },
  {
   "geometry": {
    "coordinates": [
     19.925991,
     50.017898
    ],
    "type": "Point"
   },
   "id": 1815,
   "properties": {
    "GlobalID": "4dd530a1-433b-4c28-b65f-d107ad395d50",
    "OBJECTID": 1815,
    "liczba_tab": 1,
    "panel_1": "Na Zrębie",
    "panel_2": null,
    "panel_3": null,
    "panel_4": null,
    "panel_5": null,
    "rodzaj_mon": "E",
    "typ": "emalia biała",
    "zabytkowa": "tak"
   },
   "type": "Feature"
  },
  {
   "geometry": {
    "coordinates": [
     19.924608,
     50.018714
    ],
    "type": "Point"
   },
   "id": 1818,
   "properties": {
    "GlobalID": "980203ab-d043-4c71-b9ce-d82755f1080d",
    "OBJECTID": 1818,
    "liczba_tab": 1,
    "panel_1": "Chłodna",
    "panel_2": null,
    "panel_3": null,
    "panel_4": null,
    "panel_5": null,
    "rodzaj_mon": "E",
    "typ": "emalia biała",
    "zabytkowa": "tak"
   },
   "type": "Feature"
  },
  {
   "geometry": {
    "coordinates": [
     19.920685,
     50.019356
    ],
    "type": "Point"
   },
   "id": 1823,
   "properties": {
    "GlobalID": "4b2ed5ad-c933-4c50-93be-1a2515f34927",
    "OBJECTID": 1823,
    "liczba_tab": 1,
    "panel_1": "Stefana Okrzei",
    "panel_2": null,
    "panel_3": null,
    "panel_4": null,
    "panel_5": null,
    "rodzaj_mon": "E",
    "typ": "emalia biała",
    "zabytkowa": "tak"
   },
   "type": "Feature"
  },
  {
   "geometry": {
    "coordinates": [
     19.922119,
     50.017927
    ],
    "type": "Point"
   },
   "id": 1826,
   "properties": {
    "GlobalID": "8958c267-4477-49b4-a69c-aa979cc09dd6",
    "OBJECTID": 1826,
    "liczba_tab": 1,
    "panel_1": "Kowalska",
    "panel_2": null,
    "panel_3": null,
    "panel_4": null,
    "panel_5": null,
    "rodzaj_mon": "E",
    "typ": "emalia biała",
    "zabytkowa": "tak"
   },
   "type": "Feature"
  },
  {
   "geometry": {
    "coordinates": [
     19.923274,
     50.017801
    ],
    "type": "Point"
   },
   "id": 1829,
   "properties": {
    "GlobalID": "584af41d-b63a-4891-bf08-4ac3edd06655",
    "OBJECTID": 1829,
    "liczba_tab": 1,
    "panel_1": "Nowogródzka",
    "panel_2": null,
    "panel_3": null,
    "panel_4": null,
    "panel_5": null,
    "rodzaj_mon": "E",
    "typ": "emalia biała",
    "zabytkowa": "tak"
   },
   "type": "Feature"
  },
  {
   "geometry": {
    "coordinates": [
     19.924425,
     50.017918
    ],
    "type": "Point"
   },
   "id": 1840,
   "properties": {
    "GlobalID": "4fe54026-3f4a-4ce2-b8d4-51060d4af32c",
    "OBJECTID": 1840,
    "liczba_tab": 1,
    "panel_1": "Tęczowa",
    "panel_2": null,
    "panel_3": null,
    "panel_4": null,
    "panel_5": null,
    "rodzaj_mon": "E",
    "typ": "emalia biała",
    "zabytkowa": "tak"
   },
   "type": "Feature"
  },
  {
   "geometry": {
    "coordinates": [
     19.92519,
     50.017468
    ],
    "type": "Point"
   },
   "id": 1845,
   "properties": {
    "GlobalID": "0ad64d0c-dcc4-4b4b-ad98-f3c3dd2850f8",
    "OBJECTID": 1845,
    "liczba_tab": 1,
    "panel_1": "Na Zrębie",
    "panel_2": null,
    "panel_3": null,
    "panel_4": null,
    "panel_5": null,
    "rodzaj_mon": "O",
    "typ": "emalia biała",
    "zabytkowa": "tak"
   },
   "type": "Feature"
  },
  {
   "geometry": {
    "coordinates": [
     19.926415,
     50.016767
    ],
    "type": "Point"
   },
   "id": 1846,
   "properties": {
    "GlobalID": "702da472-4856-426c-bd23-17c121923485",
    "OBJECTID": 1846,
    "liczba_tab": 1,
    "panel_1": "Niemcewicza",
    "panel_2": null,
    "panel_3": null,
    "panel_4": null,
    "panel_5": null,
    "rodzaj_mon": "E",
    "typ": "emalia biała",
    "zabytkowa": "tak"
   },
   "type": "Feature"
  },
  {
   "geometry": {
    "coordinates": [
     19.929342,
     50.015919
    ],
    "type": "Point"
   },
   "id": 1854,
   "properties": {
    "GlobalID": "28dba58e-75eb-4492-93c8-7d0d2ef0731d",
    "OBJECTID": 1854,
    "liczba_tab": 1,
    "panel_1": "Kościuszkowców",
    "panel_2": null,
    "panel_3": null,
    "panel_4": null,
    "panel_5": null,
    "rodzaj_mon": "E",
    "typ": "emalia biała",
    "zabytkowa": "tak"
   },
   "type": "Feature"
  },
  {
   "geometry": {
    "coordinates": [
     19.967581,
     50.088545
    ],
    "type": "Point"
   },
   "id": 1879,
   "properties": {
    "GlobalID": "3c7ca6d4-ee77-4669-8ff9-d133718f995f",
    "OBJECTID": 1879,
    "liczba_tab": 1,
    "panel_1": "Naczelna",
    "panel_2": null,
    "panel_3": null,
    "panel_4": null,
    "panel_5": null,
    "rodzaj_mon": "E",
    "typ": "emalia biała",
    "zabytkowa": "tak"
   },
   "type": "Feature"
  },
  {
   "geometry": {
    "coordinates": [
     19.968437,
     50.087507
    ],
    "type": "Point"
   },
   "id": 1885,
   "properties": {
    "GlobalID": "060f76a7-a706-4ba5-b99b-16eede3ff841",
    "OBJECTID": 1885,
    "liczba_tab": 1,
    "panel_1": "Promienistych",
    "panel_2": null,
    "panel_3": null,
    "panel_4": null,
    "panel_5": null,
    "rodzaj_mon": "E",
    "typ": "emalia biała",
    "zabytkowa": "tak"
   },
   "type": "Feature"
  },
  {
   "geometry": {
    "coordinates": [
     19.922347,
     50.023024
    ],
    "type": "Point"
   },
   "id": 1889,
   "properties": {
    "GlobalID": "f7641987-7f2a-4bf4-9e85-d317451c386f",
    "OBJECTID": 1889,
    "liczba_tab": 1,
    "panel_1": "Falowa",
    "panel_2": null,
    "panel_3": null,
    "panel_4": null,
    "panel_5": null,
    "rodzaj_mon": "E",
    "typ": "emalia biała",
    "zabytkowa": "tak"
   },
   "type": "Feature"
  },
  {
   "geometry": {
    "coordinates": [
     19.970617,
     50.086767
    ],
    "type": "Point"
   },
   "id": 1899,
   "properties": {
    "GlobalID": "8dfbd64e-bc89-4e5f-ba3d-cb49b8d5cc2b",
    "OBJECTID": 1899,
    "liczba_tab": 1,
    "panel_1": "Olgi Boznańskiej ",
    "panel_2": null,
    "panel_3": null,
    "panel_4": null,
    "panel_5": null,
    "rodzaj_mon": "O",
    "typ": "emalia biała",
    "zabytkowa": "tak"
   },
   "type": "Feature"
  },
  {
   "geometry": {
    "coordinates": [
     19.960769,
     50.087352
    ],
    "type": "Point"
   },
   "id": 1916,
   "properties": {
    "GlobalID": "a5a5ce4f-4e2a-4276-a71f-141a871435ed",
    "OBJECTID": 1916,
    "liczba_tab": 1,
    "panel_1": "Dominikanów ",
    "panel_2": null,
    "panel_3": null,
    "panel_4": null,
    "panel_5": null,
    "rodzaj_mon": "E",
    "typ": "emalia biała",
    "zabytkowa": "tak"
   },
   "type": "Feature"
  },
  {
   "geometry": {
    "coordinates": [
     19.963055,
     50.092463
    ],
    "type": "Point"
   },
   "id": 1920,
   "properties": {
    "GlobalID": "2fb6efdd-ac73-4e9f-9264-af056f9abe4c",
    "OBJECTID": 1920,
    "liczba_tab": 1,
    "panel_1": "Łepkowskiego",
    "panel_2": null,
    "panel_3": null,
    "panel_4": null,
    "panel_5": null,
    "rodzaj_mon": "O",
    "typ": "emalia biała",
    "zabytkowa": "tak"
   },
   "type": "Feature"
  },
  {
   "geometry": {
    "coordinates": [
     19.968776,
     50.092674
    ],
    "type": "Point"
   },
   "id": 1923,
   "properties": {
    "GlobalID": "08d677fb-2b38-441a-ab5c-3a92617af233",
    "OBJECTID": 1923,
    "liczba_tab": 1,
    "panel_1": "Władysława Łuszczkiewicza ",
    "panel_2": null,
    "panel_3": null,
    "panel_4": null,
    "panel_5": null,
    "rodzaj_mon": "E",
    "typ": "emalia biała",
    "zabytkowa": "tak"
   },
   "type": "Feature"
  },
  {
   "geometry": {
    "coordinates": [
     19.976165,
     50.093248
    ],
    "type": "Point"
   },
   "id": 1927,
   "properties": {
    "GlobalID": "a6edb0eb-eddc-4e0e-8464-e2bc93b95cd9",
    "OBJECTID": 1927,
    "liczba_tab": 1,
    "panel_1": "Strzelców ",
    "panel_2": null,
    "panel_3": null,
    "panel_4": null,
    "panel_5": null,
    "rodzaj_mon": "E",
    "typ": "emalia biała",
    "zabytkowa": "tak"
   },
   "type": "Feature"
  },
  {
   "geometry": {
    "coordinates": [
     19.853233,
     49.992709
    ],
    "type": "Point"
   },
   "id": 1943,
   "properties": {
    "GlobalID": "77dbede5-3868-4161-9ccb-8afeafe166bb",
    "OBJECTID": 1943,
    "liczba_tab": 1,
    "panel_1": "Ulica Tadeusza Hollendra",
    "panel_2": null,
    "panel_3": null,
    "panel_4": null,
    "panel_5": null,
    "rodzaj_mon": "O",
    "typ": "emalia biała",
    "zabytkowa": "tak"
   },
   "type": "Feature"
  },
  {
   "geometry": {
    "coordinates": [
     19.852683,
     49.992596
    ],
    "type": "Point"
   },
   "id": 1945,
   "properties": {
    "GlobalID": "05c686d0-3ace-4857-8cf2-59d00a0c24e2",
    "OBJECTID": 1945,
    "liczba_tab": 1,
    "panel_1": "Ulica Bernarda Wapowskiego",
    "panel_2": null,
    "panel_3": null,
    "panel_4": null,
    "panel_5": null,
    "rodzaj_mon": "E",
    "typ": "emalia biała",
    "zabytkowa": "tak"
   },
   "type": "Feature"
  },
  {
   "geometry": {
    "coordinates": [
     19.857162,
     49.994231
    ],
    "type": "Point"
   },
   "id": 1948,
   "properties": {
    "GlobalID": "4b1a9bee-d351-45d6-a01c-66a6227316fe",
    "OBJECTID": 1948,
    "liczba_tab": 1,
    "panel_1": "Ulica Mieczysława Wrony",
    "panel_2": null,
    "panel_3": null,
    "panel_4": null,
    "panel_5": null,
    "rodzaj_mon": "E",
    "typ": "emalia biała",
    "zabytkowa": "tak"
   },
   "type": "Feature"
  },
  {
   "geometry": {
    "coordinates": [
     19.98947,
     50.096059
    ],
    "type": "Point"
   },
   "id": 1951,
   "properties": {
    "GlobalID": "f1aac983-687c-4ae0-82db-4780fd6fd614",
    "OBJECTID": 1951,
    "liczba_tab": 1,
    "panel_1": "Jerzego Zawieyskiego ",
    "panel_2": null,
    "panel_3": null,
    "panel_4": null,
    "panel_5": null,
    "rodzaj_mon": "O",
    "typ": "emalia biała",
    "zabytkowa": "tak"
   },
   "type": "Feature"
  },
  {
   "geometry": {
    "coordinates": [
     19.859802,
     49.989974
    ],
    "type": "Point"
   },
   "id": 1953,
   "properties": {
    "GlobalID": "a4471ee5-8214-49ab-b81e-c4ba5594ab4b",
    "OBJECTID": 1953,
    "liczba_tab": 1,
    "panel_1": "Ulica Mieczysława Wrony",
    "panel_2": null,
    "panel_3": null,
    "panel_4": null,
    "panel_5": null,
    "rodzaj_mon": "E",
    "typ": "emalia biała",
    "zabytkowa": "tak"
   },
   "type": "Feature"
  },
  {
   "geometry": {
    "coordinates": [
     19.873471,
     49.986835
    ],
    "type": "Point"
   },
   "id": 2003,
   "properties": {
    "GlobalID": "3f621449-4343-422a-957d-0e744745251c",
    "OBJECTID": 2003,
    "liczba_tab": 1,
    "panel_1": "Ulica Chlebiczna",
    "panel_2": null,
    "panel_3": null,
    "panel_4": null,
    "panel_5": null,
    "rodzaj_mon": "O",
    "typ": "emalia biała",
    "zabytkowa": "tak"
   },
   "type": "Feature"
  },
  {
   "geometry": {
    "coordinates": [
     19.935508,
     50.026787
    ],
    "type": "Point"
   },
   "id": 2019,
   "properties": {
    "GlobalID": "f615b7bc-4e7f-4ad6-88c0-c438ee2456cd",
    "OBJECTID": 2019,
    "liczba_tab": 1,
    "panel_1": "Ogrodniki",
    "panel_2": null,
    "panel_3": null,
    "panel_4": null,
    "panel_5": null,
    "rodzaj_mon": "E",
    "typ": "emalia biała",
    "zabytkowa": "tak"
   },
   "type": "Feature"
  },
  {
   "geometry": {
    "coordinates": [
     19.969072,
     50.066697
    ],
    "type": "Point"
   },
   "id": 2062,
   "properties": {
    "GlobalID": "19435183-a104-45e2-b9cf-336e9cf1b7ce",
    "OBJECTID": 2062,
    "liczba_tab": 1,
    "panel_1": "Rymarska",
    "panel_2": null,
    "panel_3": null,
    "panel_4": null,
    "panel_5": null,
    "rodzaj_mon": "E",
    "typ": "emalia biała",
    "zabytkowa": "tak"
   },
   "type": "Feature"
  },
  {
   "geometry": {
    "coordinates": [
     19.96557,
     50.066808
    ],
    "type": "Point"
   },
   "id": 2064,
   "properties": {
    "GlobalID": "b23685cd-0880-4171-b81d-0636741de05c",
    "OBJECTID": 2064,
    "liczba_tab": 1,
    "panel_1": "Grunwaldzka",
    "panel_2": null,
    "panel_3": null,
    "panel_4": null,
    "panel_5": null,
    "rodzaj_mon": "E",
    "typ": "emalia biała",
    "zabytkowa": "tak"
   },
   "type": "Feature"
  },
  {
   "geometry": {
    "coordinates": [
     19.965587,
     50.067482
    ],
    "type": "Point"
   },
   "id": 2066,
   "properties": {
    "GlobalID": "c5a40909-018c-4a63-9615-08db669fece2",
    "OBJECTID": 2066,
    "liczba_tab": 1,
    "panel_1": "Grunwaldzka",
    "panel_2": null,
    "panel_3": null,
    "panel_4": null,
    "panel_5": null,
    "rodzaj_mon": "E",
    "typ": "emalia biała",
    "zabytkowa": "tak"
   },
   "type": "Feature"
  },
  {
   "geometry": {
    "coordinates": [
     19.965339,
     50.067735
    ],
    "type": "Point"
   },
   "id": 2069,
   "properties": {
    "GlobalID": "07703a93-a877-42b7-bbd8-5ebe7696935e",
    "OBJECTID": 2069,
    "liczba_tab": 1,
    "panel_1": "Grunwaldzka",
    "panel_2": null,
    "panel_3": null,
    "panel_4": null,
    "panel_5": null,
    "rodzaj_mon": "E",
    "typ": "emalia biała",
    "zabytkowa": "tak"
   },
   "type": "Feature"
  },
  {
   "geometry": {
    "coordinates": [
     19.965165,
     50.067488
    ],
    "type": "Point"
   },
   "id": 2074,
   "properties": {
    "GlobalID": "4492168e-f11e-49e7-a4b1-ce76ecf8d29e",
    "OBJECTID": 2074,
    "liczba_tab": 1,
    "panel_1": "Zaleskiego",
    "panel_2": null,
    "panel_3": null,
    "panel_4": null,
    "panel_5": null,
    "rodzaj_mon": "E",
    "typ": "emalia biała",
    "zabytkowa": "tak"
   },
   "type": "Feature"
  },
  {
   "geometry": {
    "coordinates": [
     19.962895,
     50.067503
    ],
    "type": "Point"
   },
   "id": 2098,
   "properties": {
    "GlobalID": "cb2da7ba-2e88-472c-8af0-2e3b9ed54fc8",
    "OBJECTID": 2098,
    "liczba_tab": 1,
    "panel_1": "Kielecka",
    "panel_2": null,
    "panel_3": null,
    "panel_4": null,
    "panel_5": null,
    "rodzaj_mon": "E",
    "typ": "emalia biała",
    "zabytkowa": "tak"
   },
   "type": "Feature"
  },
  {
   "geometry": {
    "coordinates": [
     19.962554,
     50.067771
    ],
    "type": "Point"
   },
   "id": 2103,
   "properties": {
    "GlobalID": "6429bbb6-a13f-49e3-945c-c1a26a75c7f2",
    "OBJECTID": 2103,
    "liczba_tab": 1,
    "panel_1": "Kielecka",
    "panel_2": null,
    "panel_3": null,
    "panel_4": null,
    "panel_5": null,
    "rodzaj_mon": "E",
    "typ": "emalia biała",
    "zabytkowa": "tak"
   },
   "type": "Feature"
  },
  {
   "geometry": {
    "coordinates": [
     19.961601,
     50.0677
    ],
    "type": "Point"
   },
   "id": 2107,
   "properties": {
    "GlobalID": "50da90d3-341c-4a59-ba38-83b2db86763d",
    "OBJECTID": 2107,
    "liczba_tab": 1,
    "panel_1": "Gen. Józefa Chłopickiego",
    "panel_2": null,
    "panel_3": null,
    "panel_4": null,
    "panel_5": null,
    "rodzaj_mon": "O",
    "typ": "emalia biała",
    "zabytkowa": "tak"
   },
   "type": "Feature"
  },
  {
   "geometry": {
    "coordinates": [
     19.961752,
     50.067657
    ],
    "type": "Point"
   },
   "id": 2108,
   "properties": {
    "GlobalID": "7c08b6df-5e37-457c-8650-fd8ab15ffd77",
    "OBJECTID": 2108,
    "liczba_tab": 1,
    "panel_1": "Gen. Józefa Chłopickiego",
    "panel_2": null,
    "panel_3": null,
    "panel_4": null,
    "panel_5": null,
    "rodzaj_mon": "O",
    "typ": "emalia biała",
    "zabytkowa": "tak"
   },
   "type": "Feature"
  },
  {
   "geometry": {
    "coordinates": [
     19.961419,
     50.067225
    ],
    "type": "Point"
   },
   "id": 2109,
   "properties": {
    "GlobalID": "a1760250-1b9c-4d79-89ea-8f04b9d87723",
    "OBJECTID": 2109,
    "liczba_tab": 1,
    "panel_1": "Gen. Józefa Chłopickiego",
    "panel_2": null,
    "panel_3": null,
    "panel_4": null,
    "panel_5": null,
    "rodzaj_mon": "O",
    "typ": "emalia biała",
    "zabytkowa": "tak"
   },
   "type": "Feature"
  },
  {
   "geometry": {
    "coordinates": [
     19.961154,
     50.066584
    ],
    "type": "Point"
   },
   "id": 2112,
   "properties": {
    "GlobalID": "8d0f1ca2-33b9-4a27-b721-3e1e77c3ace1",
    "OBJECTID": 2112,
    "liczba_tab": 1,
    "panel_1": "Gen. Józefa Chłopickiego",
    "panel_2": null,
    "panel_3": null,
    "panel_4": null,
    "panel_5": null,
    "rodzaj_mon": "O",
    "typ": "emalia biała",
    "zabytkowa": "tak"
   },
   "type": "Feature"
  },
  {
   "geometry": {
    "coordinates": [
     19.960104,
     50.068434
    ],
    "type": "Point"
   },
   "id": 2119,
   "properties": {
    "GlobalID": "be784369-1a53-4b67-8a9f-b8250264df5c",
    "OBJECTID": 2119,
    "liczba_tab": 1,
    "panel_1": "Brodowicza",
    "panel_2": null,
    "panel_3": null,
    "panel_4": null,
    "panel_5": null,
    "rodzaj_mon": "E",
    "typ": "emalia biała",
    "zabytkowa": "tak"
   },
   "type": "Feature"
  },
  {
   "geometry": {
    "coordinates": [
     19.964955,
     50.067723
    ],
    "type": "Point"
   },
   "id": 2120,
   "properties": {
    "GlobalID": "817c4794-b4e5-4699-bc0f-e7b6925c0a9b",
    "OBJECTID": 2120,
    "liczba_tab": 1,
    "panel_1": "Bohdana Zaleskiego",
    "panel_2": null,
    "panel_3": null,
    "panel_4": null,
    "panel_5": null,
    "rodzaj_mon": "E",
    "typ": "emalia biała",
    "zabytkowa": "tak"
   },
   "type": "Feature"
  },
  {
   "geometry": {
    "coordinates": [
     19.968096,
     50.06769
    ],
    "type": "Point"
   },
   "id": 2121,
   "properties": {
    "GlobalID": "480253d9-df3e-4e52-979b-85778a97ee50",
    "OBJECTID": 2121,
    "liczba_tab": 1,
    "panel_1": "Zaleskiego",
    "panel_2": null,
    "panel_3": null,
    "panel_4": null,
    "panel_5": null,
    "rodzaj_mon": "E",
    "typ": "emalia biała",
    "zabytkowa": "tak"
   },
   "type": "Feature"
  },
  {
   "geometry": {
    "coordinates": [
     19.96804,
     50.068232
    ],
    "type": "Point"
   },
   "id": 2130,
   "properties": {
    "GlobalID": "aef0247d-f7f9-4cf4-b085-ec3a033dea1a",
    "OBJECTID": 2130,
    "liczba_tab": 1,
    "panel_1": "Jana Kasprowicza",
    "panel_2": null,
    "panel_3": null,
    "panel_4": null,
    "panel_5": null,
    "rodzaj_mon": "E",
    "typ": "emalia biała",
    "zabytkowa": "tak"
   },
   "type": "Feature"
  },
  {
   "geometry": {
    "coordinates": [
     19.967389,
     50.069548
    ],
    "type": "Point"
   },
   "id": 2158,
   "properties": {
    "GlobalID": "a69cb613-1831-4b21-a377-8f55381dedd9",
    "OBJECTID": 2158,
    "liczba_tab": 1,
    "panel_1": "Eisenberga",
    "panel_2": null,
    "panel_3": null,
    "panel_4": null,
    "panel_5": null,
    "rodzaj_mon": "O",
    "typ": "emalia biała",
    "zabytkowa": "tak"
   },
   "type": "Feature"
  },
  {
   "geometry": {
    "coordinates": [
     19.966854,
     50.06966
    ],
    "type": "Point"
   },
   "id": 2159,
   "properties": {
    "GlobalID": "13031d2b-79d7-45cc-b51f-f177a11d2cfe",
    "OBJECTID": 2159,
    "liczba_tab": 1,
    "panel_1": "Filipa Eisenberga",
    "panel_2": null,
    "panel_3": null,
    "panel_4": null,
    "panel_5": null,
    "rodzaj_mon": "E",
    "typ": "emalia biała",
    "zabytkowa": "tak"
   },
   "type": "Feature"
  },
  {
   "geometry": {
    "coordinates": [
     19.965741,
     50.069672
    ],
    "type": "Point"
   },
   "id": 2162,
   "properties": {
    "GlobalID": "579acd87-24b5-48d4-ba17-546add324f88",
    "OBJECTID": 2162,
    "liczba_tab": 1,
    "panel_1": "Grunwaldzka",
    "panel_2": null,
    "panel_3": null,
    "panel_4": null,
    "panel_5": null,
    "rodzaj_mon": "E",
    "typ": "emalia biała",
    "zabytkowa": "tak"
   },
   "type": "Feature"
  },
  {
   "geometry": {
    "coordinates": [
     19.965731,
     50.069678
    ],
    "type": "Point"
   },
   "id": 2164,
   "properties": {
    "GlobalID": "464f03c6-2956-444b-80e2-57967c92aef4",
    "OBJECTID": 2164,
    "liczba_tab": 1,
    "panel_1": "Garczyńskiego",
    "panel_2": null,
    "panel_3": null,
    "panel_4": null,
    "panel_5": null,
    "rodzaj_mon": "E",
    "typ": "emalia biała",
    "zabytkowa": "tak"
   },
   "type": "Feature"
  },
  {
   "geometry": {
    "coordinates": [
     19.965763,
     50.069816
    ],
    "type": "Point"
   },
   "id": 2167,
   "properties": {
    "GlobalID": "b6ee8b08-1cfc-4757-9b40-801b227048df",
    "OBJECTID": 2167,
    "liczba_tab": 1,
    "panel_1": "Grunwaldzka",
    "panel_2": null,
    "panel_3": null,
    "panel_4": null,
    "panel_5": null,
    "rodzaj_mon": "E",
    "typ": "emalia biała",
    "zabytkowa": "tak"
   },
   "type": "Feature"
  },
  {
   "geometry": {
    "coordinates": [
     19.964176,
     50.070657
    ],
    "type": "Point"
   },
   "id": 2172,
   "properties": {
    "GlobalID": "24c42b5b-e31c-42c1-8d86-4d1ec7cd1388",
    "OBJECTID": 2172,
    "liczba_tab": 1,
    "panel_1": "Sowińskiego",
    "panel_2": null,
    "panel_3": null,
    "panel_4": null,
    "panel_5": null,
    "rodzaj_mon": "E",
    "typ": "emalia biała",
    "zabytkowa": "tak"
   },
   "type": "Feature"
  },
  {
   "geometry": {
    "coordinates": [
     19.964134,
     50.070643
    ],
    "type": "Point"
   },
   "id": 2173,
   "properties": {
    "GlobalID": "2ac61410-ee77-4a98-8bab-c2c6e00e7073",
    "OBJECTID": 2173,
    "liczba_tab": 1,
    "panel_1": "Juliana Konstantego Ordona",
    "panel_2": null,
    "panel_3": null,
    "panel_4": null,
    "panel_5": null,
    "rodzaj_mon": "E",
    "typ": "emalia biała",
    "zabytkowa": "tak"
   },
   "type": "Feature"
  },
  {
   "geometry": {
    "coordinates": [
     19.96721,
     50.073222
    ],
    "type": "Point"
   },
   "id": 2202,
   "properties": {
    "GlobalID": "166ebbfd-b6d5-48ed-b685-9406d64256af",
    "OBJECTID": 2202,
    "liczba_tab": 1,
    "panel_1": "Józefa Narzymskiego",
    "panel_2": null,
    "panel_3": null,
    "panel_4": null,
    "panel_5": null,
    "rodzaj_mon": "E",
    "typ": "emalia biała",
    "zabytkowa": "tak"
   },
   "type": "Feature"
  },
  {
   "geometry": {
    "coordinates": [
     19.966393,
     50.071173
    ],
    "type": "Point"
   },
   "id": 2213,
   "properties": {
    "GlobalID": "6cd96ac8-9d91-4175-99cc-d70a550c3088",
    "OBJECTID": 2213,
    "liczba_tab": 1,
    "panel_1": "Grunwaldzka",
    "panel_2": null,
    "panel_3": null,
    "panel_4": null,
    "panel_5": null,
    "rodzaj_mon": "E",
    "typ": "emalia biała",
    "zabytkowa": "tak"
   },
   "type": "Feature"
  },
  {
   "geometry": {
    "coordinates": [
     19.959655,
     50.068622
    ],
    "type": "Point"
   },
   "id": 2221,
   "properties": {
    "GlobalID": "6f642855-6712-41e6-8308-238883698c06",
    "OBJECTID": 2221,
    "liczba_tab": 1,
    "panel_1": "Aleja Płk. Wł. Beliny-Prażmowskiego",
    "panel_2": null,
    "panel_3": null,
    "panel_4": null,
    "panel_5": null,
    "rodzaj_mon": "E",
    "typ": "emalia biała",
    "zabytkowa": "tak"
   },
   "type": "Feature"
  },
  {
   "geometry": {
    "coordinates": [
     19.960304,
     50.068607
    ],
    "type": "Point"
   },
   "id": 2223,
   "properties": {
    "GlobalID": "4bfecdc6-495e-43c7-801c-1446683c319c",
    "OBJECTID": 2223,
    "liczba_tab": 1,
    "panel_1": "Ks. Bpa Wł. Bandurskiego",
    "panel_2": null,
    "panel_3": null,
    "panel_4": null,
    "panel_5": null,
    "rodzaj_mon": "E",
    "typ": "emalia biała",
    "zabytkowa": "tak"
   },
   "type": "Feature"
  },
  {
   "geometry": {
    "coordinates": [
     19.96303,
     50.070789
    ],
    "type": "Point"
   },
   "id": 2226,
   "properties": {
    "GlobalID": "5a681161-e2b8-4c34-8010-c10356212a62",
    "OBJECTID": 2226,
    "liczba_tab": 1,
    "panel_1": "Olszańska",
    "panel_2": null,
    "panel_3": null,
    "panel_4": null,
    "panel_5": null,
    "rodzaj_mon": "E",
    "typ": "emalia biała",
    "zabytkowa": "tak"
   },
   "type": "Feature"
  },
  {
   "geometry": {
    "coordinates": [
     19.963071,
     50.070797
    ],
    "type": "Point"
   },
   "id": 2227,
   "properties": {
    "GlobalID": "d3861c45-1164-48b3-8f11-790f67315dc6",
    "OBJECTID": 2227,
    "liczba_tab": 1,
    "panel_1": "Brodowicza",
    "panel_2": null,
    "panel_3": null,
    "panel_4": null,
    "panel_5": null,
    "rodzaj_mon": "E",
    "typ": "metalowa niebieska",
    "zabytkowa": "tak"
   },
   "type": "Feature"
  },
  {
   "geometry": {
    "coordinates": [
     19.963436,
     50.076227
    ],
    "type": "Point"
   },
   "id": 2235,
   "properties": {
    "GlobalID": "ae361d4d-7a30-40f8-91c1-4284e97bb1d9",
    "OBJECTID": 2235,
    "liczba_tab": 1,
    "panel_1": "Ignacego Łukasiewicza",
    "panel_2": null,
    "panel_3": null,
    "panel_4": null,
    "panel_5": null,
    "rodzaj_mon": "S",
    "typ": "emalia biała",
    "zabytkowa": "tak"
   },
   "type": "Feature"
  },
  {
   "geometry": {
    "coordinates": [
     19.962623,
     50.077717
    ],
    "type": "Point"
   },
   "id": 2236,
   "properties": {
    "GlobalID": "d0259221-1a82-4602-b7c1-c8659c3985a1",
    "OBJECTID": 2236,
    "liczba_tab": 1,
    "panel_1": "Dukatów",
    "panel_2": null,
    "panel_3": null,
    "panel_4": null,
    "panel_5": null,
    "rodzaj_mon": "E",
    "typ": "emalia biała",
    "zabytkowa": "tak"
   },
   "type": "Feature"
  },
  {
   "geometry": {
    "coordinates": [
     19.962582,
     50.077717
    ],
    "type": "Point"
   },
   "id": 2238,
   "properties": {
    "GlobalID": "4596ba9f-03ac-4db9-b0ff-6e6515abc90e",
    "OBJECTID": 2238,
    "liczba_tab": 1,
    "panel_1": "Kąt",
    "panel_2": null,
    "panel_3": null,
    "panel_4": null,
    "panel_5": null,
    "rodzaj_mon": "E",
    "typ": "emalia biała",
    "zabytkowa": "tak"
   },
   "type": "Feature"
  },
  {
   "geometry": {
    "coordinates": [
     19.959619,
     50.076248
    ],
    "type": "Point"
   },
   "id": 2244,
   "properties": {
    "GlobalID": "c7ac346c-6fdb-4a88-809e-5c972efc1655",
    "OBJECTID": 2244,
    "liczba_tab": 1,
    "panel_1": "Mjr. Idzikowskiego",
    "panel_2": null,
    "panel_3": null,
    "panel_4": null,
    "panel_5": null,
    "rodzaj_mon": "E",
    "typ": "emalia biała",
    "zabytkowa": "tak"
   },
   "type": "Feature"
  },
  {
   "geometry": {
    "coordinates": [
     19.961367,
     50.075871
    ],
    "type": "Point"
   },
   "id": 2249,
   "properties": {
    "GlobalID": "05b164bd-e60e-4cca-bd25-823184756ae2",
    "OBJECTID": 2249,
    "liczba_tab": 1,
    "panel_1": "Na Wiankach",
    "panel_2": null,
    "panel_3": null,
    "panel_4": null,
    "panel_5": null,
    "rodzaj_mon": "E",
    "typ": "emalia biała",
    "zabytkowa": "tak"
   },
   "type": "Feature"
  },
  {
   "geometry": {
    "coordinates": [
     19.966989,
     50.074239
    ],
    "type": "Point"
   },
   "id": 2253,
   "properties": {
    "GlobalID": "a0c3756d-2512-4713-8c5b-b0d9f93cf9db",
    "OBJECTID": 2253,
    "liczba_tab": 1,
    "panel_1": "Lesista",
    "panel_2": null,
    "panel_3": null,
    "panel_4": null,
    "panel_5": null,
    "rodzaj_mon": "E",
    "typ": "emalia biała",
    "zabytkowa": "tak"
   },
   "type": "Feature"
  },
  {
   "geometry": {
    "coordinates": [
     19.96697,
     50.074235
    ],
    "type": "Point"
   },
   "id": 2254,
   "properties": {
    "GlobalID": "63adbe05-d3d3-4d65-8101-aa84aac26d3a",
    "OBJECTID": 2254,
    "liczba_tab": 1,
    "panel_1": "Olszyny",
    "panel_2": null,
    "panel_3": null,
    "panel_4": null,
    "panel_5": null,
    "rodzaj_mon": "E",
    "typ": "emalia biała",
    "zabytkowa": "tak"
   },
   "type": "Feature"
  },
  {
   "geometry": {
    "coordinates": [
     19.960101,
     50.073946
    ],
    "type": "Point"
   },
   "id": 2266,
   "properties": {
    "GlobalID": "7f506dd1-ec6b-42f0-a626-6a71b95e6c7e",
    "OBJECTID": 2266,
    "liczba_tab": 1,
    "panel_1": "Norwida",
    "panel_2": null,
    "panel_3": null,
    "panel_4": null,
    "panel_5": null,
    "rodzaj_mon": "E",
    "typ": "emalia biała",
    "zabytkowa": "tak"
   },
   "type": "Feature"
  },
  {
   "geometry": {
    "coordinates": [
     19.959875,
     50.074814
    ],
    "type": "Point"
   },
   "id": 2278,
   "properties": {
    "GlobalID": "a0316140-a5b6-456a-8dfd-8789c3df7e03",
    "OBJECTID": 2278,
    "liczba_tab": 1,
    "panel_1": "Domki",
    "panel_2": null,
    "panel_3": null,
    "panel_4": null,
    "panel_5": null,
    "rodzaj_mon": "E",
    "typ": "emalia biała",
    "zabytkowa": "tak"
   },
   "type": "Feature"
  },
  {
   "geometry": {
    "coordinates": [
     19.957676,
     50.075971
    ],
    "type": "Point"
   },
   "id": 2287,
   "properties": {
    "GlobalID": "3ec8223a-2862-462d-916a-3f79a74829de",
    "OBJECTID": 2287,
    "liczba_tab": 1,
    "panel_1": " Biskupa Jana Prandoty",
    "panel_2": null,
    "panel_3": null,
    "panel_4": null,
    "panel_5": null,
    "rodzaj_mon": "O",
    "typ": "emalia biała",
    "zabytkowa": "tak"
   },
   "type": "Feature"
  },
  {
   "geometry": {
    "coordinates": [
     19.95925,
     50.071984
    ],
    "type": "Point"
   },
   "id": 2290,
   "properties": {
    "GlobalID": "d32bfb4e-873b-4dc2-adf4-b9bac03ce9f8",
    "OBJECTID": 2290,
    "liczba_tab": 1,
    "panel_1": "Aleja Płk. Wł. Beliny-Prażmowskiego",
    "panel_2": null,
    "panel_3": null,
    "panel_4": null,
    "panel_5": null,
    "rodzaj_mon": "E",
    "typ": "emalia biała",
    "zabytkowa": "tak"
   },
   "type": "Feature"
  },
  {
   "geometry": {
    "coordinates": [
     19.960057,
     50.071787
    ],
    "type": "Point"
   },
   "id": 2294,
   "properties": {
    "GlobalID": "542a267a-cbff-403b-b429-87c83b8d87a0",
    "OBJECTID": 2294,
    "liczba_tab": 1,
    "panel_1": "Ks. Bpa Władysława Bandurskiego",
    "panel_2": null,
    "panel_3": null,
    "panel_4": null,
    "panel_5": null,
    "rodzaj_mon": "E",
    "typ": "emalia biała",
    "zabytkowa": "tak"
   },
   "type": "Feature"
  },
  {
   "geometry": {
    "coordinates": [
     19.960245,
     50.072604
    ],
    "type": "Point"
   },
   "id": 2299,
   "properties": {
    "GlobalID": "1927d378-2e43-429c-a3c5-51c73c9678ec",
    "OBJECTID": 2299,
    "liczba_tab": 1,
    "panel_1": "Orląt Lwowskich",
    "panel_2": null,
    "panel_3": null,
    "panel_4": null,
    "panel_5": null,
    "rodzaj_mon": "E",
    "typ": "emalia biała",
    "zabytkowa": "tak"
   },
   "type": "Feature"
  },
  {
   "geometry": {
    "coordinates": [
     19.960227,
     50.072591
    ],
    "type": "Point"
   },
   "id": 2300,
   "properties": {
    "GlobalID": "4d991fb9-ffdf-4f28-82a9-5dc3dd14a181",
    "OBJECTID": 2300,
    "liczba_tab": 1,
    "panel_1": "Ks. Bpa Władysława Bandurskiego",
    "panel_2": null,
    "panel_3": null,
    "panel_4": null,
    "panel_5": null,
    "rodzaj_mon": "E",
    "typ": "emalia biała",
    "zabytkowa": "tak"
   },
   "type": "Feature"
  },
  {
   "geometry": {
    "coordinates": [
     19.960245,
     50.070176
    ],
    "type": "Point"
   },
   "id": 2311,
   "properties": {
    "GlobalID": "1eb1bf3e-42b7-466f-a258-7f5eb8b4b7ef",
    "OBJECTID": 2311,
    "liczba_tab": 1,
    "panel_1": "Ks. Bpa Wł. Bandurskiego",
    "panel_2": null,
    "panel_3": null,
    "panel_4": null,
    "panel_5": null,
    "rodzaj_mon": "E",
    "typ": "emalia biała",
    "zabytkowa": "tak"
   },
   "type": "Feature"
  },
  {
   "geometry": {
    "coordinates": [
     19.962125,
     50.069574
    ],
    "type": "Point"
   },
   "id": 2319,
   "properties": {
    "GlobalID": "5d4726ec-4142-4335-bfa1-4d97d48cc1f1",
    "OBJECTID": 2319,
    "liczba_tab": 1,
    "panel_1": "Brodowicza",
    "panel_2": null,
    "panel_3": null,
    "panel_4": null,
    "panel_5": null,
    "rodzaj_mon": "E",
    "typ": "emalia biała",
    "zabytkowa": "tak"
   },
   "type": "Feature"
  },
  {
   "geometry": {
    "coordinates": [
     19.952453,
     50.068276
    ],
    "type": "Point"
   },
   "id": 2325,
   "properties": {
    "GlobalID": "e501abfd-f29a-449c-8e82-357c87fb97cd",
    "OBJECTID": 2325,
    "liczba_tab": 1,
    "panel_1": "Rakowicka",
    "panel_2": null,
    "panel_3": null,
    "panel_4": null,
    "panel_5": null,
    "rodzaj_mon": "O",
    "typ": "emalia niebieska",
    "zabytkowa": "tak"
   },
   "type": "Feature"
  },
  {
   "geometry": {
    "coordinates": [
     19.94695,
     50.08007
    ],
    "type": "Point"
   },
   "id": 2329,
   "properties": {
    "GlobalID": "fab61a78-ff82-4fa6-98ec-1e133a235b91",
    "OBJECTID": 2329,
    "liczba_tab": 1,
    "panel_1": "Rogatka",
    "panel_2": null,
    "panel_3": null,
    "panel_4": null,
    "panel_5": null,
    "rodzaj_mon": "O",
    "typ": "emalia biała",
    "zabytkowa": "tak"
   },
   "type": "Feature"
  },
  {
   "geometry": {
    "coordinates": [
     19.947433,
     50.080533
    ],
    "type": "Point"
   },
   "id": 2330,
   "properties": {
    "GlobalID": "32376f03-3eaf-491a-86e0-3603cfb395d2",
    "OBJECTID": 2330,
    "liczba_tab": 1,
    "panel_1": "Mariana Langiewicza",
    "panel_2": null,
    "panel_3": null,
    "panel_4": null,
    "panel_5": null,
    "rodzaj_mon": "E",
    "typ": "emalia biała",
    "zabytkowa": "tak"
   },
   "type": "Feature"
  },
  {
   "geometry": {
    "coordinates": [
     19.949806,
     50.079815
    ],
    "type": "Point"
   },
   "id": 2331,
   "properties": {
    "GlobalID": "e43b13a4-5f8b-4b68-a410-b312b22f5470",
    "OBJECTID": 2331,
    "liczba_tab": 1,
    "panel_1": "Mariana Langiewicza",
    "panel_2": null,
    "panel_3": null,
    "panel_4": null,
    "panel_5": null,
    "rodzaj_mon": "E",
    "typ": "emalia biała",
    "zabytkowa": "tak"
   },
   "type": "Feature"
  },
  {
   "geometry": {
    "coordinates": [
     19.949631,
     50.079539
    ],
    "type": "Point"
   },
   "id": 2332,
   "properties": {
    "GlobalID": "7c7c80b3-c740-4be6-85f9-34338615efa9",
    "OBJECTID": 2332,
    "liczba_tab": 1,
    "panel_1": "Aleja 29-go Listopada",
    "panel_2": null,
    "panel_3": null,
    "panel_4": null,
    "panel_5": null,
    "rodzaj_mon": "E",
    "typ": "emalia biała",
    "zabytkowa": "tak"
   },
   "type": "Feature"
  },
  {
   "geometry": {
    "coordinates": [
     19.94768,
     50.077099
    ],
    "type": "Point"
   },
   "id": 2334,
   "properties": {
    "GlobalID": "c5292634-00a5-4d80-b1bd-ae10b360d3df",
    "OBJECTID": 2334,
    "liczba_tab": 1,
    "panel_1": "Kamienna",
    "panel_2": null,
    "panel_3": null,
    "panel_4": null,
    "panel_5": null,
    "rodzaj_mon": "E",
    "typ": "emalia biała",
    "zabytkowa": "tak"
   },
   "type": "Feature"
  },
  {
   "geometry": {
    "coordinates": [
     19.9445,
     50.076415
    ],
    "type": "Point"
   },
   "id": 2335,
   "properties": {
    "GlobalID": "d4cc5f44-8d35-4375-9f22-baa45fe2af85",
    "OBJECTID": 2335,
    "liczba_tab": 1,
    "panel_1": "Towarowa",
    "panel_2": null,
    "panel_3": null,
    "panel_4": null,
    "panel_5": null,
    "rodzaj_mon": "E",
    "typ": "emalia biała",
    "zabytkowa": "tak"
   },
   "type": "Feature"
  },
  {
   "geometry": {
    "coordinates": [
     19.943264,
     50.076626
    ],
    "type": "Point"
   },
   "id": 2336,
   "properties": {
    "GlobalID": "6877464d-4245-4c16-aa52-e788971528be",
    "OBJECTID": 2336,
    "liczba_tab": 1,
    "panel_1": "Towarowa",
    "panel_2": null,
    "panel_3": null,
    "panel_4": null,
    "panel_5": null,
    "rodzaj_mon": "E",
    "typ": "emalia biała",
    "zabytkowa": "tak"
   },
   "type": "Feature"
  },
  {
   "geometry": {
    "coordinates": [
     19.948378,
     50.0771
    ],
    "type": "Point"
   },
   "id": 2357,
   "properties": {
    "GlobalID": "76390fea-5e58-4727-b652-36aed9c5b58a",
    "OBJECTID": 2357,
    "liczba_tab": 1,
    "panel_1": "Aleja 29go Listopada",
    "panel_2": null,
    "panel_3": null,
    "panel_4": null,
    "panel_5": null,
    "rodzaj_mon": "E",
    "typ": "emalia biała",
    "zabytkowa": "tak"
   },
   "type": "Feature"
  },
  {
   "geometry": {
    "coordinates": [
     19.946554,
     50.073882
    ],
    "type": "Point"
   },
   "id": 2358,
   "properties": {
    "GlobalID": "88e5183b-c823-46f2-a89d-16ea6249b87f",
    "OBJECTID": 2358,
    "liczba_tab": 1,
    "panel_1": "Kątowa",
    "panel_2": null,
    "panel_3": null,
    "panel_4": null,
    "panel_5": null,
    "rodzaj_mon": "E",
    "typ": "emalia biała",
    "zabytkowa": "tak"
   },
   "type": "Feature"
  },
  {
   "geometry": {
    "coordinates": [
     19.931211,
     50.02899
    ],
    "type": "Point"
   },
   "id": 2421,
   "properties": {
    "GlobalID": "5679c981-3a2d-4ddc-9ca7-a000476cbd28",
    "OBJECTID": 2421,
    "liczba_tab": 1,
    "panel_1": "Kędzierzyńska",
    "panel_2": null,
    "panel_3": null,
    "panel_4": null,
    "panel_5": null,
    "rodzaj_mon": "E",
    "typ": "emalia biała",
    "zabytkowa": "tak"
   },
   "type": "Feature"
  },
  {
   "geometry": {
    "coordinates": [
     19.932383,
     50.030073
    ],
    "type": "Point"
   },
   "id": 2424,
   "properties": {
    "GlobalID": "b2f6ff10-c451-4608-bba2-6538d6a68da0",
    "OBJECTID": 2424,
    "liczba_tab": 1,
    "panel_1": "Jana Brożka",
    "panel_2": null,
    "panel_3": null,
    "panel_4": null,
    "panel_5": null,
    "rodzaj_mon": "E",
    "typ": "emalia biała",
    "zabytkowa": "tak"
   },
   "type": "Feature"
  },
  {
   "geometry": {
    "coordinates": [
     19.931729,
     50.075314
    ],
    "type": "Point"
   },
   "id": 2454,
   "properties": {
    "GlobalID": "0e8baed5-4601-4a66-ae6c-f117bf5f232d",
    "OBJECTID": 2454,
    "liczba_tab": 1,
    "panel_1": "Śląska",
    "panel_2": null,
    "panel_3": null,
    "panel_4": null,
    "panel_5": null,
    "rodzaj_mon": "E",
    "typ": "emalia biała",
    "zabytkowa": "tak"
   },
   "type": "Feature"
  },
  {
   "geometry": {
    "coordinates": [
     19.92902,
     50.080533
    ],
    "type": "Point"
   },
   "id": 2462,
   "properties": {
    "GlobalID": "ad16f10d-590c-43fe-96f6-cbeded04b4ad",
    "OBJECTID": 2462,
    "liczba_tab": 1,
    "panel_1": "Składowa",
    "panel_2": null,
    "panel_3": null,
    "panel_4": null,
    "panel_5": null,
    "rodzaj_mon": "E",
    "typ": "emalia biała",
    "zabytkowa": "tak"
   },
   "type": "Feature"
  },
  {
   "geometry": {
    "coordinates": [
     19.917774,
     50.078758
    ],
    "type": "Point"
   },
   "id": 2484,
   "properties": {
    "GlobalID": "9fbd7214-f885-4b3b-b6a1-0125383c4eda",
    "OBJECTID": 2484,
    "liczba_tab": 1,
    "panel_1": "Aleja Kijowska",
    "panel_2": null,
    "panel_3": null,
    "panel_4": null,
    "panel_5": null,
    "rodzaj_mon": "E",
    "typ": "emalia biała",
    "zabytkowa": "tak"
   },
   "type": "Feature"
  },
  {
   "geometry": {
    "coordinates": [
     19.918046,
     50.078016
    ],
    "type": "Point"
   },
   "id": 2485,
   "properties": {
    "GlobalID": "2af8b172-ee12-4806-82d9-e06c7fdc875b",
    "OBJECTID": 2485,
    "liczba_tab": 1,
    "panel_1": "Aleja Kijowska",
    "panel_2": null,
    "panel_3": null,
    "panel_4": null,
    "panel_5": null,
    "rodzaj_mon": "E",
    "typ": "emalia biała",
    "zabytkowa": "tak"
   },
   "type": "Feature"
  },
  {
   "geometry": {
    "coordinates": [
     19.91556,
     50.022598
    ],
    "type": "Point"
   },
   "id": 2512,
   "properties": {
    "GlobalID": "e171d400-2662-4eb2-9439-6db53352c128",
    "OBJECTID": 2512,
    "liczba_tab": 1,
    "panel_1": "Pszczelna",
    "panel_2": null,
    "panel_3": null,
    "panel_4": null,
    "panel_5": null,
    "rodzaj_mon": "E",
    "typ": "emalia biała",
    "zabytkowa": "tak"
   },
   "type": "Feature"
  },
  {
   "geometry": {
    "coordinates": [
     19.87168,
     49.988129
    ],
    "type": "Point"
   },
   "id": 2516,
   "properties": {
    "GlobalID": "03549f32-2a98-47f8-a42b-424bcb4fc14c",
    "OBJECTID": 2516,
    "liczba_tab": 1,
    "panel_1": "Mieczysława Wrony",
    "panel_2": null,
    "panel_3": null,
    "panel_4": null,
    "panel_5": null,
    "rodzaj_mon": "E",
    "typ": "emalia biała",
    "zabytkowa": "tak"
   },
   "type": "Feature"
  },
  {
   "geometry": {
    "coordinates": [
     19.878437,
     49.986749
    ],
    "type": "Point"
   },
   "id": 2518,
   "properties": {
    "GlobalID": "ce60ab47-6542-4754-9212-6951ff1d28ac",
    "OBJECTID": 2518,
    "liczba_tab": 1,
    "panel_1": "Ulica Chlebiczna",
    "panel_2": null,
    "panel_3": null,
    "panel_4": null,
    "panel_5": null,
    "rodzaj_mon": "O",
    "typ": "emalia biała",
    "zabytkowa": "tak"
   },
   "type": "Feature"
  },
  {
   "geometry": {
    "coordinates": [
     19.888174,
     49.985119
    ],
    "type": "Point"
   },
   "id": 2523,
   "properties": {
    "GlobalID": "bf99d764-3447-4b59-846b-6a81af338d25",
    "OBJECTID": 2523,
    "liczba_tab": 1,
    "panel_1": "Ulica Solówki",
    "panel_2": null,
    "panel_3": null,
    "panel_4": null,
    "panel_5": null,
    "rodzaj_mon": "O",
    "typ": "emalia biała",
    "zabytkowa": "tak"
   },
   "type": "Feature"
  },
  {
   "geometry": {
    "coordinates": [
     19.878024,
     49.974363
    ],
    "type": "Point"
   },
   "id": 2540,
   "properties": {
    "GlobalID": "60716ee0-9b22-4e61-9f37-72121131ff01",
    "OBJECTID": 2540,
    "liczba_tab": 1,
    "panel_1": "Ulica Żyzna",
    "panel_2": null,
    "panel_3": null,
    "panel_4": null,
    "panel_5": null,
    "rodzaj_mon": "E",
    "typ": "emalia biała",
    "zabytkowa": "tak"
   },
   "type": "Feature"
  },
  {
   "geometry": {
    "coordinates": [
     20.050374,
     50.095281
    ],
    "type": "Point"
   },
   "id": 2552,
   "properties": {
    "GlobalID": "ee740f8d-d2a0-49c2-9ea6-6620994c2bb3",
    "OBJECTID": 2552,
    "liczba_tab": 1,
    "panel_1": "Leszka Białego ",
    "panel_2": null,
    "panel_3": null,
    "panel_4": null,
    "panel_5": null,
    "rodzaj_mon": "O",
    "typ": "emalia biała",
    "zabytkowa": "tak"
   },
   "type": "Feature"
  },
  {
   "geometry": {
    "coordinates": [
     20.045147,
     50.094665
    ],
    "type": "Point"
   },
   "id": 2555,
   "properties": {
    "GlobalID": "10498ced-4d02-4609-aea7-cdeae0b32d61",
    "OBJECTID": 2555,
    "liczba_tab": 1,
    "panel_1": "Rycerska",
    "panel_2": null,
    "panel_3": null,
    "panel_4": null,
    "panel_5": null,
    "rodzaj_mon": "O",
    "typ": "emalia biała",
    "zabytkowa": "tak"
   },
   "type": "Feature"
  },
  {
   "geometry": {
    "coordinates": [
     20.044869,
     50.09439
    ],
    "type": "Point"
   },
   "id": 2557,
   "properties": {
    "GlobalID": "ac9b8a3e-886d-4c50-bb13-3cfe255604d2",
    "OBJECTID": 2557,
    "liczba_tab": 1,
    "panel_1": "Mikołaja Wierzynka",
    "panel_2": null,
    "panel_3": null,
    "panel_4": null,
    "panel_5": null,
    "rodzaj_mon": "O",
    "typ": "emalia biała",
    "zabytkowa": "tak"
   },
   "type": "Feature"
  },
  {
   "geometry": {
    "coordinates": [
     19.880028,
     49.975938
    ],
    "type": "Point"
   },
   "id": 2558,
   "properties": {
    "GlobalID": "8d80a80e-6295-4f31-aaff-8159a16087bc",
    "OBJECTID": 2558,
    "liczba_tab": 1,
    "panel_1": "Ulica Medalionów",
    "panel_2": null,
    "panel_3": null,
    "panel_4": null,
    "panel_5": null,
    "rodzaj_mon": "O",
    "typ": "emalia biała",
    "zabytkowa": "tak"
   },
   "type": "Feature"
  },
  {
   "geometry": {
    "coordinates": [
     20.049467,
     50.094438
    ],
    "type": "Point"
   },
   "id": 2561,
   "properties": {
    "GlobalID": "52e9a33f-f551-4b29-806d-53b8a2cc10c7",
    "OBJECTID": 2561,
    "liczba_tab": 1,
    "panel_1": "Kazimierza Sprawiedliwego ",
    "panel_2": null,
    "panel_3": null,
    "panel_4": null,
    "panel_5": null,
    "rodzaj_mon": "O",
    "typ": "emalia biała",
    "zabytkowa": "tak"
   },
   "type": "Feature"
  },
  {
   "geometry": {
    "coordinates": [
     20.049712,
     50.094186
    ],
    "type": "Point"
   },
   "id": 2564,
   "properties": {
    "GlobalID": "3c8083d3-da73-4566-83bf-8b65e70853f9",
    "OBJECTID": 2564,
    "liczba_tab": 1,
    "panel_1": "Kazimierza Jagiellończyka ",
    "panel_2": null,
    "panel_3": null,
    "panel_4": null,
    "panel_5": null,
    "rodzaj_mon": "O",
    "typ": "emalia biała",
    "zabytkowa": "tak"
   },
   "type": "Feature"
  },
  {
   "geometry": {
    "coordinates": [
     19.874222,
     49.980779
    ],
    "type": "Point"
   },
   "id": 2570,
   "properties": {
    "GlobalID": "668d336d-ac3d-4e58-9602-c26868f1e1d0",
    "OBJECTID": 2570,
    "liczba_tab": 1,
    "panel_1": "Ulica Leona Petrażyckiego",
    "panel_2": null,
    "panel_3": null,
    "panel_4": null,
    "panel_5": null,
    "rodzaj_mon": "O",
    "typ": "emalia biała",
    "zabytkowa": "tak"
   },
   "type": "Feature"
  },
  {
   "geometry": {
    "coordinates": [
     20.045051,
     50.092979
    ],
    "type": "Point"
   },
   "id": 2571,
   "properties": {
    "GlobalID": "0cace3dd-9ea7-4e65-8e71-880c9d8ea077",
    "OBJECTID": 2571,
    "liczba_tab": 1,
    "panel_1": "Juliana Przybosia",
    "panel_2": null,
    "panel_3": null,
    "panel_4": null,
    "panel_5": null,
    "rodzaj_mon": "O",
    "typ": "emalia biała",
    "zabytkowa": "tak"
   },
   "type": "Feature"
  },
  {
   "geometry": {
    "coordinates": [
     20.046793,
     50.092628
    ],
    "type": "Point"
   },
   "id": 2574,
   "properties": {
    "GlobalID": "8407f958-6946-47af-80a8-281b4e2cb08b",
    "OBJECTID": 2574,
    "liczba_tab": 1,
    "panel_1": "Jana Kazimierza ",
    "panel_2": null,
    "panel_3": null,
    "panel_4": null,
    "panel_5": null,
    "rodzaj_mon": "E",
    "typ": "emalia biała",
    "zabytkowa": "tak"
   },
   "type": "Feature"
  },
  {
   "geometry": {
    "coordinates": [
     20.049763,
     50.09359
    ],
    "type": "Point"
   },
   "id": 2576,
   "properties": {
    "GlobalID": "b1cf83fc-213a-4346-b1ff-1844d67036c1",
    "OBJECTID": 2576,
    "liczba_tab": 1,
    "panel_1": "Władysława IV",
    "panel_2": null,
    "panel_3": null,
    "panel_4": null,
    "panel_5": null,
    "rodzaj_mon": "O",
    "typ": "emalia biała",
    "zabytkowa": "tak"
   },
   "type": "Feature"
  },
  {
   "geometry": {
    "coordinates": [
     20.049672,
     50.093824
    ],
    "type": "Point"
   },
   "id": 2578,
   "properties": {
    "GlobalID": "10a48106-afb6-4fc1-b016-b5524747486d",
    "OBJECTID": 2578,
    "liczba_tab": 1,
    "panel_1": "Jana Olbrachta ",
    "panel_2": null,
    "panel_3": null,
    "panel_4": null,
    "panel_5": null,
    "rodzaj_mon": "E",
    "typ": "emalia biała",
    "zabytkowa": "tak"
   },
   "type": "Feature"
  },
  {
   "geometry": {
    "coordinates": [
     20.047119,
     50.093154
    ],
    "type": "Point"
   },
   "id": 2589,
   "properties": {
    "GlobalID": "6a3a6ad2-3dcf-4e9b-a43f-9bb458eaee6b",
    "OBJECTID": 2589,
    "liczba_tab": 1,
    "panel_1": "Henryka Brodatego ",
    "panel_2": null,
    "panel_3": null,
    "panel_4": null,
    "panel_5": null,
    "rodzaj_mon": "E",
    "typ": "emalia biała",
    "zabytkowa": "tak"
   },
   "type": "Feature"
  },
  {
   "geometry": {
    "coordinates": [
     20.046994,
     50.093697
    ],
    "type": "Point"
   },
   "id": 2591,
   "properties": {
    "GlobalID": "0c470475-0267-4b71-ba43-d3e8ee1c5f5b",
    "OBJECTID": 2591,
    "liczba_tab": 1,
    "panel_1": "Mikołaja Jaskra ",
    "panel_2": null,
    "panel_3": null,
    "panel_4": null,
    "panel_5": null,
    "rodzaj_mon": "I",
    "typ": "emalia biała",
    "zabytkowa": "tak"
   },
   "type": "Feature"
  },
  {
   "geometry": {
    "coordinates": [
     20.047572,
     50.09431
    ],
    "type": "Point"
   },
   "id": 2593,
   "properties": {
    "GlobalID": "5281be03-d5b0-4343-85a9-cbf7ecc415d0",
    "OBJECTID": 2593,
    "liczba_tab": 1,
    "panel_1": "Kazimierza Sprawiedliwego ",
    "panel_2": null,
    "panel_3": null,
    "panel_4": null,
    "panel_5": null,
    "rodzaj_mon": "I",
    "typ": "emalia biała",
    "zabytkowa": "tak"
   },
   "type": "Feature"
  },
  {
   "geometry": {
    "coordinates": [
     19.912072,
     49.983244
    ],
    "type": "Point"
   },
   "id": 2599,
   "properties": {
    "GlobalID": "c407e1ba-fecb-4e19-8931-469986748330",
    "OBJECTID": 2599,
    "liczba_tab": 1,
    "panel_1": "Ulica Tadeusza Ważewskiego",
    "panel_2": null,
    "panel_3": null,
    "panel_4": null,
    "panel_5": null,
    "rodzaj_mon": "O",
    "typ": "emalia biała",
    "zabytkowa": "tak"
   },
   "type": "Feature"
  },
  {
   "geometry": {
    "coordinates": [
     19.932715,
     50.074274
    ],
    "type": "Point"
   },
   "id": 2601,
   "properties": {
    "GlobalID": "3608964f-ccfb-4c4b-af64-438aa04c40f7",
    "OBJECTID": 2601,
    "liczba_tab": 1,
    "panel_1": "Lubelska",
    "panel_2": null,
    "panel_3": null,
    "panel_4": null,
    "panel_5": null,
    "rodzaj_mon": "E",
    "typ": "emalia biała",
    "zabytkowa": "tak"
   },
   "type": "Feature"
  },
  {
   "geometry": {
    "coordinates": [
     19.93167,
     50.07521
    ],
    "type": "Point"
   },
   "id": 2617,
   "properties": {
    "GlobalID": "eccc1fc5-0340-4429-b020-cc284f8a6cf4",
    "OBJECTID": 2617,
    "liczba_tab": 1,
    "panel_1": "Cieszyńska",
    "panel_2": null,
    "panel_3": null,
    "panel_4": null,
    "panel_5": null,
    "rodzaj_mon": "E",
    "typ": "emalia biała",
    "zabytkowa": "tak"
   },
   "type": "Feature"
  },
  {
   "geometry": {
    "coordinates": [
     19.928767,
     50.074443
    ],
    "type": "Point"
   },
   "id": 2622,
   "properties": {
    "GlobalID": "90f183b5-2ecf-4fcf-879b-d108fb6c171c",
    "OBJECTID": 2622,
    "liczba_tab": 1,
    "panel_1": "Świętokrzyska",
    "panel_2": null,
    "panel_3": null,
    "panel_4": null,
    "panel_5": null,
    "rodzaj_mon": "E",
    "typ": "emalia biała",
    "zabytkowa": "tak"
   },
   "type": "Feature"
  },
  {
   "geometry": {
    "coordinates": [
     19.92871,
     50.074433
    ],
    "type": "Point"
   },
   "id": 2623,
   "properties": {
    "GlobalID": "80633af4-969f-492a-acfa-38efe2912936",
    "OBJECTID": 2623,
    "liczba_tab": 1,
    "panel_1": "Mazowiecka",
    "panel_2": null,
    "panel_3": null,
    "panel_4": null,
    "panel_5": null,
    "rodzaj_mon": "E",
    "typ": "emalia biała",
    "zabytkowa": "tak"
   },
   "type": "Feature"
  },
  {
   "geometry": {
    "coordinates": [
     19.928617,
     50.07413
    ],
    "type": "Point"
   },
   "id": 2625,
   "properties": {
    "GlobalID": "8d0dd837-6dba-4b8e-b98b-682f3df9d88c",
    "OBJECTID": 2625,
    "liczba_tab": 1,
    "panel_1": "Henryka Sienkiewicza",
    "panel_2": null,
    "panel_3": null,
    "panel_4": null,
    "panel_5": null,
    "rodzaj_mon": "E",
    "typ": "emalia biała",
    "zabytkowa": "tak"
   },
   "type": "Feature"
  },
  {
   "geometry": {
    "coordinates": [
     19.924462,
     50.073914
    ],
    "type": "Point"
   },
   "id": 2632,
   "properties": {
    "GlobalID": "1cc5fadd-f0a3-472c-ad8d-9ce3ee8745de",
    "OBJECTID": 2632,
    "liczba_tab": 1,
    "panel_1": "Aleja Artura Grottgera",
    "panel_2": null,
    "panel_3": null,
    "panel_4": null,
    "panel_5": null,
    "rodzaj_mon": "E",
    "typ": "emalia biała",
    "zabytkowa": "tak"
   },
   "type": "Feature"
  },
  {
   "geometry": {
    "coordinates": [
     19.92902,
     50.072714
    ],
    "type": "Point"
   },
   "id": 2636,
   "properties": {
    "GlobalID": "efa6b855-7611-4732-9933-2ff6b8810ab6",
    "OBJECTID": 2636,
    "liczba_tab": 1,
    "panel_1": "Gzymsików",
    "panel_2": null,
    "panel_3": null,
    "panel_4": null,
    "panel_5": null,
    "rodzaj_mon": "E",
    "typ": "emalia biała",
    "zabytkowa": "tak"
   },
   "type": "Feature"
  },
  {
   "geometry": {
    "coordinates": [
     19.925415,
     50.072216
    ],
    "type": "Point"
   },
   "id": 2657,
   "properties": {
    "GlobalID": "a0e6ec38-a67c-4c1d-a0ba-9f8c4bdcd518",
    "OBJECTID": 2657,
    "liczba_tab": 1,
    "panel_1": "Plac Teodora Axentowicza",
    "panel_2": null,
    "panel_3": null,
    "panel_4": null,
    "panel_5": null,
    "rodzaj_mon": "E",
    "typ": "emalia biała",
    "zabytkowa": "tak"
   },
   "type": "Feature"
  },
  {
   "geometry": {
    "coordinates": [
     19.924054,
     50.072515
    ],
    "type": "Point"
   },
   "id": 2672,
   "properties": {
    "GlobalID": "6215a2f4-ea70-4202-af85-7474bbf24771",
    "OBJECTID": 2672,
    "liczba_tab": 1,
    "panel_1": "Edmunda Biernackiego",
    "panel_2": null,
    "panel_3": null,
    "panel_4": null,
    "panel_5": null,
    "rodzaj_mon": "E",
    "typ": "emalia biała",
    "zabytkowa": "tak"
   },
   "type": "Feature"
  },
  {
   "geometry": {
    "coordinates": [
     19.925372,
     50.071158
    ],
    "type": "Point"
   },
   "id": 2680,
   "properties": {
    "GlobalID": "97ba1119-8ef5-4585-9510-db024f948ffd",
    "OBJECTID": 2680,
    "liczba_tab": 1,
    "panel_1": "Pomorska",
    "panel_2": null,
    "panel_3": null,
    "panel_4": null,
    "panel_5": null,
    "rodzaj_mon": "E",
    "typ": "emalia biała",
    "zabytkowa": "tak"
   },
   "type": "Feature"
  },
  {
   "geometry": {
    "coordinates": [
     19.9254,
     50.072226
    ],
    "type": "Point"
   },
   "id": 2684,
   "properties": {
    "GlobalID": "a155ba41-0db6-4fe2-88da-817b2f1be843",
    "OBJECTID": 2684,
    "liczba_tab": 1,
    "panel_1": "Stanisława Wyspiańskiego",
    "panel_2": null,
    "panel_3": null,
    "panel_4": null,
    "panel_5": null,
    "rodzaj_mon": "E",
    "typ": "emalia biała",
    "zabytkowa": "tak"
   },
   "type": "Feature"
  },
  {
   "geometry": {
    "coordinates": [
     19.925122,
     50.070178
    ],
    "type": "Point"
   },
   "id": 2689,
   "properties": {
    "GlobalID": "9602977e-1800-4963-8821-b7825aedb8b8",
    "OBJECTID": 2689,
    "liczba_tab": 1,
    "panel_1": "Plac Inwalidów",
    "panel_2": null,
    "panel_3": null,
    "panel_4": null,
    "panel_5": null,
    "rodzaj_mon": "E",
    "typ": "emalia biała",
    "zabytkowa": "tak"
   },
   "type": "Feature"
  },
  {
   "geometry": {
    "coordinates": [
     19.922059,
     50.071294
    ],
    "type": "Point"
   },
   "id": 2705,
   "properties": {
    "GlobalID": "94637035-70b5-4317-ac58-eef91730b6d9",
    "OBJECTID": 2705,
    "liczba_tab": 1,
    "panel_1": "Królewska",
    "panel_2": null,
    "panel_3": null,
    "panel_4": null,
    "panel_5": null,
    "rodzaj_mon": "E",
    "typ": "emalia biała",
    "zabytkowa": "tak"
   },
   "type": "Feature"
  },
  {
   "geometry": {
    "coordinates": [
     19.921492,
     50.071474
    ],
    "type": "Point"
   },
   "id": 2708,
   "properties": {
    "GlobalID": "e157b8e8-4df1-4fad-836b-0f92f5127d35",
    "OBJECTID": 2708,
    "liczba_tab": 1,
    "panel_1": "Królewska",
    "panel_2": null,
    "panel_3": null,
    "panel_4": null,
    "panel_5": null,
    "rodzaj_mon": "E",
    "typ": "emalia biała",
    "zabytkowa": "tak"
   },
   "type": "Feature"
  },
  {
   "geometry": {
    "coordinates": [
     19.920177,
     50.071851
    ],
    "type": "Point"
   },
   "id": 2711,
   "properties": {
    "GlobalID": "2dc7346b-4744-4c94-9600-13db83d6aa04",
    "OBJECTID": 2711,
    "liczba_tab": 1,
    "panel_1": "Królewska",
    "panel_2": null,
    "panel_3": null,
    "panel_4": null,
    "panel_5": null,
    "rodzaj_mon": "E",
    "typ": "emalia biała",
    "zabytkowa": "tak"
   },
   "type": "Feature"
  },
  {
   "geometry": {
    "coordinates": [
     19.914734,
     50.071063
    ],
    "type": "Point"
   },
   "id": 2728,
   "properties": {
    "GlobalID": "08831c14-1152-4af9-91c5-68f8ffb795a2",
    "OBJECTID": 2728,
    "liczba_tab": 1,
    "panel_1": "Aleja Kijowska",
    "panel_2": null,
    "panel_3": null,
    "panel_4": null,
    "panel_5": null,
    "rodzaj_mon": "E",
    "typ": "emalia biała",
    "zabytkowa": "tak"
   },
   "type": "Feature"
  },
  {
   "geometry": {
    "coordinates": [
     19.914762,
     50.071082
    ],
    "type": "Point"
   },
   "id": 2729,
   "properties": {
    "GlobalID": "2b2d91c5-6978-4326-9b93-bed9fd4af21c",
    "OBJECTID": 2729,
    "liczba_tab": 1,
    "panel_1": "Juliusza Lea",
    "panel_2": null,
    "panel_3": null,
    "panel_4": null,
    "panel_5": null,
    "rodzaj_mon": "E",
    "typ": "emalia biała",
    "zabytkowa": "tak"
   },
   "type": "Feature"
  },
  {
   "geometry": {
    "coordinates": [
     19.916866,
     50.070989
    ],
    "type": "Point"
   },
   "id": 2733,
   "properties": {
    "GlobalID": "c31dbc42-5f82-4919-95c2-e5d04d416e71",
    "OBJECTID": 2733,
    "liczba_tab": 1,
    "panel_1": "Juliusza Lea",
    "panel_2": null,
    "panel_3": null,
    "panel_4": null,
    "panel_5": null,
    "rodzaj_mon": "E",
    "typ": "emalia biała",
    "zabytkowa": "tak"
   },
   "type": "Feature"
  },
  {
   "geometry": {
    "coordinates": [
     19.921608,
     50.06846
    ],
    "type": "Point"
   },
   "id": 2761,
   "properties": {
    "GlobalID": "3d784a12-0145-468b-bf21-a9fe6da05737",
    "OBJECTID": 2761,
    "liczba_tab": 1,
    "panel_1": "Fryderyka Chopina",
    "panel_2": null,
    "panel_3": null,
    "panel_4": null,
    "panel_5": null,
    "rodzaj_mon": "E",
    "typ": "emalia biała",
    "zabytkowa": "tak"
   },
   "type": "Feature"
  },
  {
   "geometry": {
    "coordinates": [
     19.92283,
     50.066857
    ],
    "type": "Point"
   },
   "id": 2784,
   "properties": {
    "GlobalID": "6180dd39-7468-4add-99c7-b7355e148c8e",
    "OBJECTID": 2784,
    "liczba_tab": 1,
    "panel_1": "Karola Szymanowskiego",
    "panel_2": null,
    "panel_3": null,
    "panel_4": null,
    "panel_5": null,
    "rodzaj_mon": "E",
    "typ": "emalia biała",
    "zabytkowa": "tak"
   },
   "type": "Feature"
  },
  {
   "geometry": {
    "coordinates": [
     19.92117,
     50.067262
    ],
    "type": "Point"
   },
   "id": 2785,
   "properties": {
    "GlobalID": "76266c03-b361-4422-ab54-970077125398",
    "OBJECTID": 2785,
    "liczba_tab": 1,
    "panel_1": "Mieczysława Karłowicza",
    "panel_2": null,
    "panel_3": null,
    "panel_4": null,
    "panel_5": null,
    "rodzaj_mon": "E",
    "typ": "emalia biała",
    "zabytkowa": "tak"
   },
   "type": "Feature"
  },
  {
   "geometry": {
    "coordinates": [
     19.922203,
     50.067881
    ],
    "type": "Point"
   },
   "id": 2788,
   "properties": {
    "GlobalID": "948017fb-04ea-4dd5-9d0f-c986c3b62098",
    "OBJECTID": 2788,
    "liczba_tab": 1,
    "panel_1": "Symfoniczna",
    "panel_2": null,
    "panel_3": null,
    "panel_4": null,
    "panel_5": null,
    "rodzaj_mon": "E",
    "typ": "emalia biała",
    "zabytkowa": "tak"
   },
   "type": "Feature"
  },
  {
   "geometry": {
    "coordinates": [
     19.92237,
     50.067541
    ],
    "type": "Point"
   },
   "id": 2789,
   "properties": {
    "GlobalID": "7e3b85b3-6217-4c14-885a-d8b749d7b60e",
    "OBJECTID": 2789,
    "liczba_tab": 1,
    "panel_1": "Symfoniczna",
    "panel_2": null,
    "panel_3": null,
    "panel_4": null,
    "panel_5": null,
    "rodzaj_mon": "E",
    "typ": "emalia biała",
    "zabytkowa": "tak"
   },
   "type": "Feature"
  },
  {
   "geometry": {
    "coordinates": [
     19.923171,
     50.068204
    ],
    "type": "Point"
   },
   "id": 2791,
   "properties": {
    "GlobalID": "fb985cfe-16e3-4060-924b-265c6880e2fe",
    "OBJECTID": 2791,
    "liczba_tab": 1,
    "panel_1": "Mieczysława Karłowicza",
    "panel_2": null,
    "panel_3": null,
    "panel_4": null,
    "panel_5": null,
    "rodzaj_mon": "E",
    "typ": "emalia biała",
    "zabytkowa": "tak"
   },
   "type": "Feature"
  },
  {
   "geometry": {
    "coordinates": [
     20.043114,
     50.096597
    ],
    "type": "Point"
   },
   "id": 2798,
   "properties": {
    "GlobalID": "fcaa00bb-bcaf-4697-a9bf-fcf6420df79c",
    "OBJECTID": 2798,
    "liczba_tab": 1,
    "panel_1": "Marii Kownackiej",
    "panel_2": null,
    "panel_3": null,
    "panel_4": null,
    "panel_5": null,
    "rodzaj_mon": "O",
    "typ": "emalia biała",
    "zabytkowa": "tak"
   },
   "type": "Feature"
  },
  {
   "geometry": {
    "coordinates": [
     20.044325,
     50.096184
    ],
    "type": "Point"
   },
   "id": 2800,
   "properties": {
    "GlobalID": "62c9061d-3a11-4570-8ac4-876775f34024",
    "OBJECTID": 2800,
    "liczba_tab": 1,
    "panel_1": "Hanny Mortkowicz Olczakowej",
    "panel_2": null,
    "panel_3": null,
    "panel_4": null,
    "panel_5": null,
    "rodzaj_mon": "I",
    "typ": "emalia biała",
    "zabytkowa": "tak"
   },
   "type": "Feature"
  },
  {
   "geometry": {
    "coordinates": [
     20.046895,
     50.095245
    ],
    "type": "Point"
   },
   "id": 2802,
   "properties": {
    "GlobalID": "a6943c43-6fe0-48c9-beea-4aa7c44197a2",
    "OBJECTID": 2802,
    "liczba_tab": 1,
    "panel_1": "Jasia i Małgosi ",
    "panel_2": null,
    "panel_3": null,
    "panel_4": null,
    "panel_5": null,
    "rodzaj_mon": "O",
    "typ": "emalia biała",
    "zabytkowa": "tak"
   },
   "type": "Feature"
  },
  {
   "geometry": {
    "coordinates": [
     20.045363,
     50.096426
    ],
    "type": "Point"
   },
   "id": 2806,
   "properties": {
    "GlobalID": "d3fd0585-ca6d-414e-9281-904dc181f3d5",
    "OBJECTID": 2806,
    "liczba_tab": 1,
    "panel_1": "Płomyczka ",
    "panel_2": null,
    "panel_3": null,
    "panel_4": null,
    "panel_5": null,
    "rodzaj_mon": "O",
    "typ": "emalia biała",
    "zabytkowa": "tak"
   },
   "type": "Feature"
  },
  {
   "geometry": {
    "coordinates": [
     20.046185,
     50.096244
    ],
    "type": "Point"
   },
   "id": 2810,
   "properties": {
    "GlobalID": "338cc9ec-6d19-4d84-a074-1e01f8d13c5c",
    "OBJECTID": 2810,
    "liczba_tab": 1,
    "panel_1": "Płomyczka",
    "panel_2": null,
    "panel_3": null,
    "panel_4": null,
    "panel_5": null,
    "rodzaj_mon": "O",
    "typ": "emalia biała",
    "zabytkowa": "tak"
   },
   "type": "Feature"
  },
  {
   "geometry": {
    "coordinates": [
     20.048925,
     50.097257
    ],
    "type": "Point"
   },
   "id": 2815,
   "properties": {
    "GlobalID": "ec348475-746f-46fe-aa9d-a471ebce8751",
    "OBJECTID": 2815,
    "liczba_tab": 1,
    "panel_1": "Grażyny Bacewiczówny ",
    "panel_2": null,
    "panel_3": null,
    "panel_4": null,
    "panel_5": null,
    "rodzaj_mon": "E",
    "typ": "emalia biała",
    "zabytkowa": "tak"
   },
   "type": "Feature"
  },
  {
   "geometry": {
    "coordinates": [
     19.918078,
     50.075693
    ],
    "type": "Point"
   },
   "id": 2827,
   "properties": {
    "GlobalID": "174b8097-ae71-4390-ac2a-111bc7c969bc",
    "OBJECTID": 2827,
    "liczba_tab": 1,
    "panel_1": "Bytomska",
    "panel_2": null,
    "panel_3": null,
    "panel_4": null,
    "panel_5": null,
    "rodzaj_mon": "E",
    "typ": "emalia biała",
    "zabytkowa": "tak"
   },
   "type": "Feature"
  },
  {
   "geometry": {
    "coordinates": [
     19.917412,
     50.074208
    ],
    "type": "Point"
   },
   "id": 2829,
   "properties": {
    "GlobalID": "05cc9f9d-2e5a-4944-a1a8-081a76dc3836",
    "OBJECTID": 2829,
    "liczba_tab": 1,
    "panel_1": "Bytomska",
    "panel_2": null,
    "panel_3": null,
    "panel_4": null,
    "panel_5": null,
    "rodzaj_mon": "E",
    "typ": "emalia biała",
    "zabytkowa": "tak"
   },
   "type": "Feature"
  },
  {
   "geometry": {
    "coordinates": [
     20.055739,
     50.094191
    ],
    "type": "Point"
   },
   "id": 2831,
   "properties": {
    "GlobalID": "266ccb5a-d66b-434d-814a-28a437d6dd89",
    "OBJECTID": 2831,
    "liczba_tab": 1,
    "panel_1": "Poległych w Krzesławicach ",
    "panel_2": null,
    "panel_3": null,
    "panel_4": null,
    "panel_5": null,
    "rodzaj_mon": "E",
    "typ": "emalia biała",
    "zabytkowa": "tak"
   },
   "type": "Feature"
  },
  {
   "geometry": {
    "coordinates": [
     19.914889,
     50.075839
    ],
    "type": "Point"
   },
   "id": 2839,
   "properties": {
    "GlobalID": "c2a2160e-62c6-4580-a64c-2ce2e16c5fe9",
    "OBJECTID": 2839,
    "liczba_tab": 1,
    "panel_1": "Zakątek",
    "panel_2": null,
    "panel_3": null,
    "panel_4": null,
    "panel_5": null,
    "rodzaj_mon": "E",
    "typ": "emalia biała",
    "zabytkowa": "tak"
   },
   "type": "Feature"
  },
  {
   "geometry": {
    "coordinates": [
     19.914456,
     50.074778
    ],
    "type": "Point"
   },
   "id": 2846,
   "properties": {
    "GlobalID": "02961d11-28d9-4bbc-9c4c-ba4b892401a4",
    "OBJECTID": 2846,
    "liczba_tab": 1,
    "panel_1": "Lucjana Siemieńskiego",
    "panel_2": null,
    "panel_3": null,
    "panel_4": null,
    "panel_5": null,
    "rodzaj_mon": "E",
    "typ": "emalia biała",
    "zabytkowa": "tak"
   },
   "type": "Feature"
  },
  {
   "geometry": {
    "coordinates": [
     19.912145,
     50.074741
    ],
    "type": "Point"
   },
   "id": 2849,
   "properties": {
    "GlobalID": "16c66b47-8b37-4b15-b4f6-cba9c22ca434",
    "OBJECTID": 2849,
    "liczba_tab": 1,
    "panel_1": "Kadecka",
    "panel_2": null,
    "panel_3": null,
    "panel_4": null,
    "panel_5": null,
    "rodzaj_mon": "E",
    "typ": "emalia biała",
    "zabytkowa": "tak"
   },
   "type": "Feature"
  },
  {
   "geometry": {
    "coordinates": [
     19.906388,
     50.075424
    ],
    "type": "Point"
   },
   "id": 2856,
   "properties": {
    "GlobalID": "8a8dca6c-6f78-4ad8-968d-f9ee84886218",
    "OBJECTID": 2856,
    "liczba_tab": 1,
    "panel_1": "Piastowska",
    "panel_2": null,
    "panel_3": null,
    "panel_4": null,
    "panel_5": null,
    "rodzaj_mon": "E",
    "typ": "emalia biała",
    "zabytkowa": "tak"
   },
   "type": "Feature"
  },
  {
   "geometry": {
    "coordinates": [
     19.907406,
     50.074497
    ],
    "type": "Point"
   },
   "id": 2860,
   "properties": {
    "GlobalID": "85b97e3f-0ca6-4bcd-b6e4-67adb73bdeb0",
    "OBJECTID": 2860,
    "liczba_tab": 1,
    "panel_1": "Warmijska",
    "panel_2": null,
    "panel_3": null,
    "panel_4": null,
    "panel_5": null,
    "rodzaj_mon": "E",
    "typ": "emalia biała",
    "zabytkowa": "tak"
   },
   "type": "Feature"
  },
  {
   "geometry": {
    "coordinates": [
     19.915973,
     50.074501
    ],
    "type": "Point"
   },
   "id": 2871,
   "properties": {
    "GlobalID": "9b3b0adb-c60a-4943-97a0-c73a6b8756e6",
    "OBJECTID": 2871,
    "liczba_tab": 1,
    "panel_1": "Kazimierza Wielkiego",
    "panel_2": null,
    "panel_3": null,
    "panel_4": null,
    "panel_5": null,
    "rodzaj_mon": "E",
    "typ": "emalia biała",
    "zabytkowa": "tak"
   },
   "type": "Feature"
  },
  {
   "geometry": {
    "coordinates": [
     19.916331,
     50.074502
    ],
    "type": "Point"
   },
   "id": 2873,
   "properties": {
    "GlobalID": "f7bfc99c-43d9-4d62-9dfa-4fd6dae35165",
    "OBJECTID": 2873,
    "liczba_tab": 1,
    "panel_1": "Aleja Kijowska",
    "panel_2": null,
    "panel_3": null,
    "panel_4": null,
    "panel_5": null,
    "rodzaj_mon": "E",
    "typ": "emalia biała",
    "zabytkowa": "tak"
   },
   "type": "Feature"
  },
  {
   "geometry": {
    "coordinates": [
     19.910757,
     50.071534
    ],
    "type": "Point"
   },
   "id": 2885,
   "properties": {
    "GlobalID": "19d7aa6d-ef2a-4092-9cf5-4a035c75b963",
    "OBJECTID": 2885,
    "liczba_tab": 1,
    "panel_1": "Stanisława Skarbińskiego",
    "panel_2": null,
    "panel_3": null,
    "panel_4": null,
    "panel_5": null,
    "rodzaj_mon": "E",
    "typ": "emalia biała",
    "zabytkowa": "tak"
   },
   "type": "Feature"
  },
  {
   "geometry": {
    "coordinates": [
     19.910635,
     50.071561
    ],
    "type": "Point"
   },
   "id": 2886,
   "properties": {
    "GlobalID": "1316d218-84ab-459c-8dd0-aa1055c0106a",
    "OBJECTID": 2886,
    "liczba_tab": 1,
    "panel_1": "Juliusza Lea",
    "panel_2": null,
    "panel_3": null,
    "panel_4": null,
    "panel_5": null,
    "rodzaj_mon": "E",
    "typ": "emalia biała",
    "zabytkowa": "tak"
   },
   "type": "Feature"
  },
  {
   "geometry": {
    "coordinates": [
     19.913857,
     50.095697
    ],
    "type": "Point"
   },
   "id": 2921,
   "properties": {
    "GlobalID": "23db589e-f89b-4247-bd5a-88590603b4a2",
    "OBJECTID": 2921,
    "liczba_tab": 1,
    "panel_1": "Nawigacyjna",
    "panel_2": null,
    "panel_3": null,
    "panel_4": null,
    "panel_5": null,
    "rodzaj_mon": "O",
    "typ": "emalia biała",
    "zabytkowa": "tak"
   },
   "type": "Feature"
  },
  {
   "geometry": {
    "coordinates": [
     19.907641,
     50.072089
    ],
    "type": "Point"
   },
   "id": 2930,
   "properties": {
    "GlobalID": "6019f306-2c6e-4a41-9669-3e046af00e72",
    "OBJECTID": 2930,
    "liczba_tab": 1,
    "panel_1": "Juliusza Lea",
    "panel_2": null,
    "panel_3": null,
    "panel_4": null,
    "panel_5": null,
    "rodzaj_mon": "E",
    "typ": "emalia biała",
    "zabytkowa": "tak"
   },
   "type": "Feature"
  },
  {
   "geometry": {
    "coordinates": [
     19.909881,
     50.069031
    ],
    "type": "Point"
   },
   "id": 2952,
   "properties": {
    "GlobalID": "a6140db0-f50b-432f-85b9-816138dc0fe6",
    "OBJECTID": 2952,
    "liczba_tab": 1,
    "panel_1": "Kawiory",
    "panel_2": null,
    "panel_3": null,
    "panel_4": null,
    "panel_5": null,
    "rodzaj_mon": "E",
    "typ": "emalia biała",
    "zabytkowa": "tak"
   },
   "type": "Feature"
  },
  {
   "geometry": {
    "coordinates": [
     19.912719,
     50.071034
    ],
    "type": "Point"
   },
   "id": 2954,
   "properties": {
    "GlobalID": "7914116d-d0ce-455d-bf35-e4f38c35be8a",
    "OBJECTID": 2954,
    "liczba_tab": 1,
    "panel_1": "Misjonarska",
    "panel_2": null,
    "panel_3": null,
    "panel_4": null,
    "panel_5": null,
    "rodzaj_mon": "E",
    "typ": "emalia biała",
    "zabytkowa": "tak"
   },
   "type": "Feature"
  },
  {
   "geometry": {
    "coordinates": [
     19.903528,
     50.067041
    ],
    "type": "Point"
   },
   "id": 2972,
   "properties": {
    "GlobalID": "a3e6ba51-e6b9-4b7c-87ae-801141af4796",
    "OBJECTID": 2972,
    "liczba_tab": 1,
    "panel_1": "Wł. Reymonta",
    "panel_2": null,
    "panel_3": null,
    "panel_4": null,
    "panel_5": null,
    "rodzaj_mon": "E",
    "typ": "emalia biała",
    "zabytkowa": "tak"
   },
   "type": "Feature"
  },
  {
   "geometry": {
    "coordinates": [
     19.906893,
     50.065787
    ],
    "type": "Point"
   },
   "id": 2974,
   "properties": {
    "GlobalID": "793612d8-b3da-47ba-90c9-24dde3a090d5",
    "OBJECTID": 2974,
    "liczba_tab": 1,
    "panel_1": "Walerego Goetla",
    "panel_2": null,
    "panel_3": null,
    "panel_4": null,
    "panel_5": null,
    "rodzaj_mon": "E",
    "typ": "emalia biała",
    "zabytkowa": "tak"
   },
   "type": "Feature"
  },
  {
   "geometry": {
    "coordinates": [
     19.903071,
     50.063607
    ],
    "type": "Point"
   },
   "id": 2991,
   "properties": {
    "GlobalID": "9fe54c5b-14d8-4a82-aa6b-f0b4fcf107a2",
    "OBJECTID": 2991,
    "liczba_tab": 1,
    "panel_1": "Piastowska",
    "panel_2": null,
    "panel_3": null,
    "panel_4": null,
    "panel_5": null,
    "rodzaj_mon": "E",
    "typ": "emalia biała",
    "zabytkowa": "tak"
   },
   "type": "Feature"
  },
  {
   "geometry": {
    "coordinates": [
     19.90449,
     50.064391
    ],
    "type": "Point"
   },
   "id": 2999,
   "properties": {
    "GlobalID": "63eb7e3e-86e1-41c8-b7d5-bb554ce041bd",
    "OBJECTID": 2999,
    "liczba_tab": 1,
    "panel_1": "Maurycego Beniowskiego",
    "panel_2": null,
    "panel_3": null,
    "panel_4": null,
    "panel_5": null,
    "rodzaj_mon": "E",
    "typ": "emalia biała",
    "zabytkowa": "tak"
   },
   "type": "Feature"
  },
  {
   "geometry": {
    "coordinates": [
     19.938717,
     50.021153
    ],
    "type": "Point"
   },
   "id": 3029,
   "properties": {
    "GlobalID": "c5d241de-f55e-4b86-9894-1fcb4714a4b8",
    "OBJECTID": 3029,
    "liczba_tab": 1,
    "panel_1": "Siostry Faustyny",
    "panel_2": null,
    "panel_3": null,
    "panel_4": null,
    "panel_5": null,
    "rodzaj_mon": "E",
    "typ": "emalia biała",
    "zabytkowa": "tak"
   },
   "type": "Feature"
  },
  {
   "geometry": {
    "coordinates": [
     19.938551,
     50.020708
    ],
    "type": "Point"
   },
   "id": 3033,
   "properties": {
    "GlobalID": "0e70b2a5-73bf-479d-8187-ad2d01c44ab7",
    "OBJECTID": 3033,
    "liczba_tab": 1,
    "panel_1": "Pocztowa",
    "panel_2": null,
    "panel_3": null,
    "panel_4": null,
    "panel_5": null,
    "rodzaj_mon": "E",
    "typ": "inna",
    "zabytkowa": "tak"
   },
   "type": "Feature"
  },
  {
   "geometry": {
    "coordinates": [
     19.940177,
     50.019753
    ],
    "type": "Point"
   },
   "id": 3039,
   "properties": {
    "GlobalID": "7565a70d-6abe-4dc1-9412-43e8e7fbe9fe",
    "OBJECTID": 3039,
    "liczba_tab": 1,
    "panel_1": "Siostry Faustyny",
    "panel_2": null,
    "panel_3": null,
    "panel_4": null,
    "panel_5": null,
    "rodzaj_mon": "E",
    "typ": "emalia biała",
    "zabytkowa": "tak"
   },
   "type": "Feature"
  },
  {
   "geometry": {
    "coordinates": [
     19.940686,
     50.019864
    ],
    "type": "Point"
   },
   "id": 3047,
   "properties": {
    "GlobalID": "c6a9c6de-50e4-4c2f-9200-1d7d3e4469cc",
    "OBJECTID": 3047,
    "liczba_tab": 1,
    "panel_1": "Kołodziejska",
    "panel_2": null,
    "panel_3": null,
    "panel_4": null,
    "panel_5": null,
    "rodzaj_mon": "E",
    "typ": "emalia biała",
    "zabytkowa": "tak"
   },
   "type": "Feature"
  },
  {
   "geometry": {
    "coordinates": [
     19.936895,
     50.024745
    ],
    "type": "Point"
   },
   "id": 3071,
   "properties": {
    "GlobalID": "c1050dc0-014c-4934-9476-8696f89ae681",
    "OBJECTID": 3071,
    "liczba_tab": 1,
    "panel_1": "Pasieczna",
    "panel_2": null,
    "panel_3": null,
    "panel_4": null,
    "panel_5": null,
    "rodzaj_mon": "E",
    "typ": "emalia biała",
    "zabytkowa": "tak"
   },
   "type": "Feature"
  },
  {
   "geometry": {
    "coordinates": [
     19.940018,
     50.024096
    ],
    "type": "Point"
   },
   "id": 3074,
   "properties": {
    "GlobalID": "4cbedd04-6965-4f34-8fab-e726993a6111",
    "OBJECTID": 3074,
    "liczba_tab": 1,
    "panel_1": "Urocza",
    "panel_2": null,
    "panel_3": null,
    "panel_4": null,
    "panel_5": null,
    "rodzaj_mon": "E",
    "typ": "emalia biała",
    "zabytkowa": "tak"
   },
   "type": "Feature"
  },
  {
   "geometry": {
    "coordinates": [
     19.939755,
     50.024489
    ],
    "type": "Point"
   },
   "id": 3076,
   "properties": {
    "GlobalID": "3aaf11bb-1c62-4af8-8977-4fb0facbe8b5",
    "OBJECTID": 3076,
    "liczba_tab": 1,
    "panel_1": "Juliana Goslara",
    "panel_2": null,
    "panel_3": null,
    "panel_4": null,
    "panel_5": null,
    "rodzaj_mon": "E",
    "typ": "emalia biała",
    "zabytkowa": "tak"
   },
   "type": "Feature"
  },
  {
   "geometry": {
    "coordinates": [
     19.940094,
     50.026959
    ],
    "type": "Point"
   },
   "id": 3090,
   "properties": {
    "GlobalID": "1231d398-578f-4bad-a888-44abd06b24c5",
    "OBJECTID": 3090,
    "liczba_tab": 1,
    "panel_1": "Malutka",
    "panel_2": null,
    "panel_3": null,
    "panel_4": null,
    "panel_5": null,
    "rodzaj_mon": "O",
    "typ": "emalia biała",
    "zabytkowa": "tak"
   },
   "type": "Feature"
  },
  {
   "geometry": {
    "coordinates": [
     19.940952,
     50.025223
    ],
    "type": "Point"
   },
   "id": 3091,
   "properties": {
    "GlobalID": "209fbb34-849a-4078-ab24-4b1b6e1c5bfb",
    "OBJECTID": 3091,
    "liczba_tab": 1,
    "panel_1": "Włodarska",
    "panel_2": null,
    "panel_3": null,
    "panel_4": null,
    "panel_5": null,
    "rodzaj_mon": "E",
    "typ": "emalia biała",
    "zabytkowa": "tak"
   },
   "type": "Feature"
  },
  {
   "geometry": {
    "coordinates": [
     19.941679,
     50.024683
    ],
    "type": "Point"
   },
   "id": 3096,
   "properties": {
    "GlobalID": "7c85350d-e48b-43fc-a84c-11c158521996",
    "OBJECTID": 3096,
    "liczba_tab": 1,
    "panel_1": "Harcerska",
    "panel_2": null,
    "panel_3": null,
    "panel_4": null,
    "panel_5": null,
    "rodzaj_mon": "E",
    "typ": "inna",
    "zabytkowa": "tak"
   },
   "type": "Feature"
  },
  {
   "geometry": {
    "coordinates": [
     19.936271,
     50.026732
    ],
    "type": "Point"
   },
   "id": 3103,
   "properties": {
    "GlobalID": "65417b84-4a90-44df-bbc4-3edf8ef20452",
    "OBJECTID": 3103,
    "liczba_tab": 1,
    "panel_1": "Na Grządkach",
    "panel_2": null,
    "panel_3": null,
    "panel_4": null,
    "panel_5": null,
    "rodzaj_mon": "E",
    "typ": "emalia biała",
    "zabytkowa": "tak"
   },
   "type": "Feature"
  },
  {
   "geometry": {
    "coordinates": [
     19.919512,
     50.015296
    ],
    "type": "Point"
   },
   "id": 3106,
   "properties": {
    "GlobalID": "121b8697-b502-440a-9713-62a467926440",
    "OBJECTID": 3106,
    "liczba_tab": 1,
    "panel_1": "Goryczkowa",
    "panel_2": null,
    "panel_3": null,
    "panel_4": null,
    "panel_5": null,
    "rodzaj_mon": "E",
    "typ": "emalia biała",
    "zabytkowa": "tak"
   },
   "type": "Feature"
  },
  {
   "geometry": {
    "coordinates": [
     19.909546,
     50.011856
    ],
    "type": "Point"
   },
   "id": 3135,
   "properties": {
    "GlobalID": "de373f0f-314a-4003-a526-9ff95e224f2c",
    "OBJECTID": 3135,
    "liczba_tab": 1,
    "panel_1": "Benedykta Cesarza",
    "panel_2": null,
    "panel_3": null,
    "panel_4": null,
    "panel_5": null,
    "rodzaj_mon": "E",
    "typ": "emalia biała",
    "zabytkowa": "tak"
   },
   "type": "Feature"
  },
  {
   "geometry": {
    "coordinates": [
     19.908526,
     50.010992
    ],
    "type": "Point"
   },
   "id": 3140,
   "properties": {
    "GlobalID": "2522f4c9-e308-4583-8219-f3f60a7f6aeb",
    "OBJECTID": 3140,
    "liczba_tab": 1,
    "panel_1": "Henryka Kułakowskiego",
    "panel_2": null,
    "panel_3": null,
    "panel_4": null,
    "panel_5": null,
    "rodzaj_mon": "E",
    "typ": "emalia biała",
    "zabytkowa": "tak"
   },
   "type": "Feature"
  },
  {
   "geometry": {
    "coordinates": [
     20.074432,
     50.085444
    ],
    "type": "Point"
   },
   "id": 3163,
   "properties": {
    "GlobalID": "d5615884-0c15-4bf6-97c1-9bcb9d3a2d65",
    "OBJECTID": 3163,
    "liczba_tab": 1,
    "panel_1": "Blokowa",
    "panel_2": null,
    "panel_3": null,
    "panel_4": null,
    "panel_5": null,
    "rodzaj_mon": "E",
    "typ": "emalia biała",
    "zabytkowa": "tak"
   },
   "type": "Feature"
  },
  {
   "geometry": {
    "coordinates": [
     19.940326,
     50.088321
    ],
    "type": "Point"
   },
   "id": 3196,
   "properties": {
    "GlobalID": "3b33e593-0457-4397-bec7-589ac4839faa",
    "OBJECTID": 3196,
    "liczba_tab": 1,
    "panel_1": "Księdza Siemaszki ",
    "panel_2": null,
    "panel_3": null,
    "panel_4": null,
    "panel_5": null,
    "rodzaj_mon": "E",
    "typ": "emalia biała",
    "zabytkowa": "tak"
   },
   "type": "Feature"
  },
  {
   "geometry": {
    "coordinates": [
     19.938744,
     50.086492
    ],
    "type": "Point"
   },
   "id": 3207,
   "properties": {
    "GlobalID": "ca0485b5-9862-4a28-9d1f-106f31123cfc",
    "OBJECTID": 3207,
    "liczba_tab": 1,
    "panel_1": "Lekarska",
    "panel_2": null,
    "panel_3": null,
    "panel_4": null,
    "panel_5": null,
    "rodzaj_mon": "E",
    "typ": "emalia biała",
    "zabytkowa": "tak"
   },
   "type": "Feature"
  },
  {
   "geometry": {
    "coordinates": [
     20.060338,
     50.080755
    ],
    "type": "Point"
   },
   "id": 3210,
   "properties": {
    "GlobalID": "de0acce2-aaeb-4b44-b2fa-5ed0acae8371",
    "OBJECTID": 3210,
    "liczba_tab": 1,
    "panel_1": "Juliusza Kleinera",
    "panel_2": null,
    "panel_3": null,
    "panel_4": null,
    "panel_5": null,
    "rodzaj_mon": "O",
    "typ": "emalia biała",
    "zabytkowa": "tak"
   },
   "type": "Feature"
  },
  {
   "geometry": {
    "coordinates": [
     20.058074,
     50.085191
    ],
    "type": "Point"
   },
   "id": 3224,
   "properties": {
    "GlobalID": "9d25fff0-e70e-44aa-aebe-d214a4f398dc",
    "OBJECTID": 3224,
    "liczba_tab": 1,
    "panel_1": "Wąwozowa ",
    "panel_2": null,
    "panel_3": null,
    "panel_4": null,
    "panel_5": null,
    "rodzaj_mon": "O",
    "typ": "emalia biała",
    "zabytkowa": "tak"
   },
   "type": "Feature"
  },
  {
   "geometry": {
    "coordinates": [
     20.047052,
     50.086678
    ],
    "type": "Point"
   },
   "id": 3229,
   "properties": {
    "GlobalID": "e7377505-5bf3-4e68-8fb0-6de1024ec1d5",
    "OBJECTID": 3229,
    "liczba_tab": 1,
    "panel_1": "Melchiora Wańkowicza ",
    "panel_2": null,
    "panel_3": null,
    "panel_4": null,
    "panel_5": null,
    "rodzaj_mon": "E",
    "typ": "emalia biała",
    "zabytkowa": "tak"
   },
   "type": "Feature"
  },
  {
   "geometry": {
    "coordinates": [
     20.051652,
     50.084464
    ],
    "type": "Point"
   },
   "id": 3232,
   "properties": {
    "GlobalID": "a4eef4e2-2524-431d-b0e4-c91ecfb74ed9",
    "OBJECTID": 3232,
    "liczba_tab": 1,
    "panel_1": "Józefa Krasnowolskiego ",
    "panel_2": null,
    "panel_3": null,
    "panel_4": null,
    "panel_5": null,
    "rodzaj_mon": "O",
    "typ": "emalia biała",
    "zabytkowa": "tak"
   },
   "type": "Feature"
  },
  {
   "geometry": {
    "coordinates": [
     20.055694,
     50.111707
    ],
    "type": "Point"
   },
   "id": 3274,
   "properties": {
    "GlobalID": "2fa5a5cf-2f05-4bfc-9fd1-64b34b0e08fe",
    "OBJECTID": 3274,
    "liczba_tab": 1,
    "panel_1": "Zakole",
    "panel_2": null,
    "panel_3": null,
    "panel_4": null,
    "panel_5": null,
    "rodzaj_mon": "O",
    "typ": "emalia biała",
    "zabytkowa": "tak"
   },
   "type": "Feature"
  },
  {
   "geometry": {
    "coordinates": [
     19.957353,
     50.080652
    ],
    "type": "Point"
   },
   "id": 3324,
   "properties": {
    "GlobalID": "0573141d-6c17-468c-948c-5bba81e98e24",
    "OBJECTID": 3324,
    "liczba_tab": 1,
    "panel_1": "Gdańska ",
    "panel_2": null,
    "panel_3": null,
    "panel_4": null,
    "panel_5": null,
    "rodzaj_mon": "E",
    "typ": "emalia biała",
    "zabytkowa": "tak"
   },
   "type": "Feature"
  },
  {
   "geometry": {
    "coordinates": [
     19.958604,
     50.08018
    ],
    "type": "Point"
   },
   "id": 3331,
   "properties": {
    "GlobalID": "1ead74e3-cda0-4b24-a0bf-235eb282860c",
    "OBJECTID": 3331,
    "liczba_tab": 1,
    "panel_1": "Piotra Trębacza ",
    "panel_2": null,
    "panel_3": null,
    "panel_4": null,
    "panel_5": null,
    "rodzaj_mon": "E",
    "typ": "emalia biała",
    "zabytkowa": "tak"
   },
   "type": "Feature"
  },
  {
   "geometry": {
    "coordinates": [
     20.079283,
     50.108088
    ],
    "type": "Point"
   },
   "id": 3337,
   "properties": {
    "GlobalID": "d506acbc-d2be-4c0d-b51e-edfedac1146e",
    "OBJECTID": 3337,
    "liczba_tab": 1,
    "panel_1": "Kocmyrzowska ",
    "panel_2": null,
    "panel_3": null,
    "panel_4": null,
    "panel_5": null,
    "rodzaj_mon": "O",
    "typ": "emalia biała",
    "zabytkowa": "tak"
   },
   "type": "Feature"
  },
  {
   "geometry": {
    "coordinates": [
     20.07659,
     50.103193
    ],
    "type": "Point"
   },
   "id": 3346,
   "properties": {
    "GlobalID": "4ed7fa4f-e6a4-4764-8890-191997d4c195",
    "OBJECTID": 3346,
    "liczba_tab": 1,
    "panel_1": "Mieczysława Kamberskiego ",
    "panel_2": null,
    "panel_3": null,
    "panel_4": null,
    "panel_5": null,
    "rodzaj_mon": "O",
    "typ": "emalia biała",
    "zabytkowa": "tak"
   },
   "type": "Feature"
  },
  {
   "geometry": {
    "coordinates": [
     20.074607,
     50.10217
    ],
    "type": "Point"
   },
   "id": 3359,
   "properties": {
    "GlobalID": "a33e213b-9be8-4701-b6de-dc98466bcb24",
    "OBJECTID": 3359,
    "liczba_tab": 1,
    "panel_1": "Głębinowa",
    "panel_2": null,
    "panel_3": null,
    "panel_4": null,
    "panel_5": null,
    "rodzaj_mon": "E",
    "typ": "emalia biała",
    "zabytkowa": "tak"
   },
   "type": "Feature"
  },
  {
   "geometry": {
    "coordinates": [
     20.071759,
     50.101955
    ],
    "type": "Point"
   },
   "id": 3364,
   "properties": {
    "GlobalID": "0de506ca-f140-4c5c-91cc-d2a620d8f2f9",
    "OBJECTID": 3364,
    "liczba_tab": 1,
    "panel_1": "Przymiarki",
    "panel_2": null,
    "panel_3": null,
    "panel_4": null,
    "panel_5": null,
    "rodzaj_mon": "E",
    "typ": "emalia biała",
    "zabytkowa": "tak"
   },
   "type": "Feature"
  },
  {
   "geometry": {
    "coordinates": [
     19.966172,
     50.080934
    ],
    "type": "Point"
   },
   "id": 3382,
   "properties": {
    "GlobalID": "667e7860-09b2-4ffd-8502-cb36d9468f47",
    "OBJECTID": 3382,
    "liczba_tab": 1,
    "panel_1": "Kanonierów ",
    "panel_2": null,
    "panel_3": null,
    "panel_4": null,
    "panel_5": null,
    "rodzaj_mon": "E",
    "typ": "emalia biała",
    "zabytkowa": "tak"
   },
   "type": "Feature"
  },
  {
   "geometry": {
    "coordinates": [
     19.965399,
     50.080024
    ],
    "type": "Point"
   },
   "id": 3403,
   "properties": {
    "GlobalID": "cbcb95d2-92a5-4121-aa64-4f7b57277432",
    "OBJECTID": 3403,
    "liczba_tab": 1,
    "panel_1": "Partyzantów ",
    "panel_2": null,
    "panel_3": null,
    "panel_4": null,
    "panel_5": null,
    "rodzaj_mon": "E",
    "typ": "emalia biała",
    "zabytkowa": "tak"
   },
   "type": "Feature"
  },
  {
   "geometry": {
    "coordinates": [
     19.97435,
     50.081213
    ],
    "type": "Point"
   },
   "id": 3434,
   "properties": {
    "GlobalID": "65b46c16-4000-4624-bdb3-985e0494c852",
    "OBJECTID": 3434,
    "liczba_tab": 1,
    "panel_1": "Pilotów ",
    "panel_2": null,
    "panel_3": null,
    "panel_4": null,
    "panel_5": null,
    "rodzaj_mon": "E",
    "typ": "emalia biała",
    "zabytkowa": "tak"
   },
   "type": "Feature"
  },
  {
   "geometry": {
    "coordinates": [
     19.942923,
     50.017398
    ],
    "type": "Point"
   },
   "id": 3441,
   "properties": {
    "GlobalID": "037b34ba-cb10-4d17-a819-84b4412c9a0b",
    "OBJECTID": 3441,
    "liczba_tab": 1,
    "panel_1": "Narcyzy Żmichowskiej",
    "panel_2": null,
    "panel_3": null,
    "panel_4": null,
    "panel_5": null,
    "rodzaj_mon": "O",
    "typ": "emalia biała",
    "zabytkowa": "tak"
   },
   "type": "Feature"
  },
  {
   "geometry": {
    "coordinates": [
     19.942639,
     50.018714
    ],
    "type": "Point"
   },
   "id": 3444,
   "properties": {
    "GlobalID": "2e9f3ecb-273f-493e-9326-f425d2108b02",
    "OBJECTID": 3444,
    "liczba_tab": 1,
    "panel_1": "Aleksandra Fredry",
    "panel_2": null,
    "panel_3": null,
    "panel_4": null,
    "panel_5": null,
    "rodzaj_mon": "E",
    "typ": "emalia biała",
    "zabytkowa": "tak"
   },
   "type": "Feature"
  },
  {
   "geometry": {
    "coordinates": [
     19.942968,
     50.020641
    ],
    "type": "Point"
   },
   "id": 3450,
   "properties": {
    "GlobalID": "b1f67184-6dc0-4deb-9ab9-9a24b184dc15",
    "OBJECTID": 3450,
    "liczba_tab": 1,
    "panel_1": "Strumienna",
    "panel_2": null,
    "panel_3": null,
    "panel_4": null,
    "panel_5": null,
    "rodzaj_mon": "E",
    "typ": "emalia biała",
    "zabytkowa": "tak"
   },
   "type": "Feature"
  },
  {
   "geometry": {
    "coordinates": [
     20.074792,
     50.092682
    ],
    "type": "Point"
   },
   "id": 3480,
   "properties": {
    "GlobalID": "285b9833-c3aa-4679-b013-1f1d3636ca0a",
    "OBJECTID": 3480,
    "liczba_tab": 1,
    "panel_1": "Karola Darwina ",
    "panel_2": null,
    "panel_3": null,
    "panel_4": null,
    "panel_5": null,
    "rodzaj_mon": "E",
    "typ": "emalia biała",
    "zabytkowa": "tak"
   },
   "type": "Feature"
  },
  {
   "geometry": {
    "coordinates": [
     20.076688,
     50.098532
    ],
    "type": "Point"
   },
   "id": 3494,
   "properties": {
    "GlobalID": "831e7187-8f7f-4bd7-8d1a-6130ea4d2c80",
    "OBJECTID": 3494,
    "liczba_tab": 1,
    "panel_1": "Studzienna ",
    "panel_2": null,
    "panel_3": null,
    "panel_4": null,
    "panel_5": null,
    "rodzaj_mon": "O",
    "typ": "emalia biała",
    "zabytkowa": "tak"
   },
   "type": "Feature"
  },
  {
   "geometry": {
    "coordinates": [
     20.081217,
     50.098521
    ],
    "type": "Point"
   },
   "id": 3503,
   "properties": {
    "GlobalID": "7518a4a2-4e6e-4f7b-9bad-0a2305b16386",
    "OBJECTID": 3503,
    "liczba_tab": 1,
    "panel_1": "Pomykany",
    "panel_2": null,
    "panel_3": null,
    "panel_4": null,
    "panel_5": null,
    "rodzaj_mon": "O",
    "typ": "emalia biała",
    "zabytkowa": "tak"
   },
   "type": "Feature"
  },
  {
   "geometry": {
    "coordinates": [
     20.092978,
     50.096942
    ],
    "type": "Point"
   },
   "id": 3508,
   "properties": {
    "GlobalID": "1b532c1f-ca67-421d-a12d-73181c3220f7",
    "OBJECTID": 3508,
    "liczba_tab": 1,
    "panel_1": "Łuczanowicka",
    "panel_2": null,
    "panel_3": null,
    "panel_4": null,
    "panel_5": null,
    "rodzaj_mon": "O",
    "typ": "emalia biała",
    "zabytkowa": "tak"
   },
   "type": "Feature"
  },
  {
   "geometry": {
    "coordinates": [
     20.093375,
     50.096567
    ],
    "type": "Point"
   },
   "id": 3510,
   "properties": {
    "GlobalID": "9debec6b-23f8-4438-a55f-62d3907fe134",
    "OBJECTID": 3510,
    "liczba_tab": 1,
    "panel_1": "Łuczanowicka",
    "panel_2": null,
    "panel_3": null,
    "panel_4": null,
    "panel_5": null,
    "rodzaj_mon": "E",
    "typ": "emalia biała",
    "zabytkowa": "tak"
   },
   "type": "Feature"
  },
  {
   "geometry": {
    "coordinates": [
     20.093574,
     50.096551
    ],
    "type": "Point"
   },
   "id": 3512,
   "properties": {
    "GlobalID": "53b909ea-6122-4119-a1d4-0c1d3bf11f9e",
    "OBJECTID": 3512,
    "liczba_tab": 1,
    "panel_1": "Marglowa",
    "panel_2": null,
    "panel_3": null,
    "panel_4": null,
    "panel_5": null,
    "rodzaj_mon": "E",
    "typ": "emalia biała",
    "zabytkowa": "tak"
   },
   "type": "Feature"
  },
  {
   "geometry": {
    "coordinates": [
     20.085562,
     50.092541
    ],
    "type": "Point"
   },
   "id": 3529,
   "properties": {
    "GlobalID": "40b8621e-b8ab-4363-8f57-329f12328911",
    "OBJECTID": 3529,
    "liczba_tab": 1,
    "panel_1": "Łazowa",
    "panel_2": null,
    "panel_3": null,
    "panel_4": null,
    "panel_5": null,
    "rodzaj_mon": "E",
    "typ": "emalia biała",
    "zabytkowa": "tak"
   },
   "type": "Feature"
  },
  {
   "geometry": {
    "coordinates": [
     19.926648,
     50.007228
    ],
    "type": "Point"
   },
   "id": 3532,
   "properties": {
    "GlobalID": "e71e5f13-2fed-4b8d-ba3c-dbcc0bbf20e8",
    "OBJECTID": 3532,
    "liczba_tab": 1,
    "panel_1": "Jugowicka",
    "panel_2": null,
    "panel_3": null,
    "panel_4": null,
    "panel_5": null,
    "rodzaj_mon": "Se",
    "typ": "emalia biała",
    "zabytkowa": "tak"
   },
   "type": "Feature"
  },
  {
   "geometry": {
    "coordinates": [
     19.928278,
     50.007345
    ],
    "type": "Point"
   },
   "id": 3533,
   "properties": {
    "GlobalID": "37b10d76-ef18-417f-b0cf-1c5f96ceee33",
    "OBJECTID": 3533,
    "liczba_tab": 1,
    "panel_1": "Jugowicka",
    "panel_2": null,
    "panel_3": null,
    "panel_4": null,
    "panel_5": null,
    "rodzaj_mon": "E",
    "typ": "emalia niebieska",
    "zabytkowa": "tak"
   },
   "type": "Feature"
  },
  {
   "geometry": {
    "coordinates": [
     19.931271,
     50.007387
    ],
    "type": "Point"
   },
   "id": 3540,
   "properties": {
    "GlobalID": "1b456b26-e694-407c-ab4a-2bf57ec09b7b",
    "OBJECTID": 3540,
    "liczba_tab": 1,
    "panel_1": "Jugowicka",
    "panel_2": null,
    "panel_3": null,
    "panel_4": null,
    "panel_5": null,
    "rodzaj_mon": "O",
    "typ": "emalia biała",
    "zabytkowa": "tak"
   },
   "type": "Feature"
  },
  {
   "geometry": {
    "coordinates": [
     19.931384,
     50.004924
    ],
    "type": "Point"
   },
   "id": 3547,
   "properties": {
    "GlobalID": "e8e32b3e-e2e6-46b3-9c77-696fe7920d45",
    "OBJECTID": 3547,
    "liczba_tab": 1,
    "panel_1": "Adama Ciołkosza",
    "panel_2": null,
    "panel_3": null,
    "panel_4": null,
    "panel_5": null,
    "rodzaj_mon": "O",
    "typ": "emalia biała",
    "zabytkowa": "tak"
   },
   "type": "Feature"
  },
  {
   "geometry": {
    "coordinates": [
     19.926379,
     50.005968
    ],
    "type": "Point"
   },
   "id": 3597,
   "properties": {
    "GlobalID": "211204cc-4e59-4706-be63-17a8d92e2091",
    "OBJECTID": 3597,
    "liczba_tab": 1,
    "panel_1": "A. Szyllinga",
    "panel_2": null,
    "panel_3": null,
    "panel_4": null,
    "panel_5": null,
    "rodzaj_mon": "O",
    "typ": "emalia biała",
    "zabytkowa": "tak"
   },
   "type": "Feature"
  },
  {
   "geometry": {
    "coordinates": [
     19.926707,
     50.000747
    ],
    "type": "Point"
   },
   "id": 3623,
   "properties": {
    "GlobalID": "a13db2c6-fbb3-4791-87cd-b8e81b150ffc",
    "OBJECTID": 3623,
    "liczba_tab": 1,
    "panel_1": "Hubalczyków",
    "panel_2": null,
    "panel_3": null,
    "panel_4": null,
    "panel_5": null,
    "rodzaj_mon": "Se",
    "typ": "emalia biała",
    "zabytkowa": "tak"
   },
   "type": "Feature"
  },
  {
   "geometry": {
    "coordinates": [
     19.924364,
     50.002079
    ],
    "type": "Point"
   },
   "id": 3624,
   "properties": {
    "GlobalID": "9a686564-a91c-4ff5-92ca-5d489908c0ee",
    "OBJECTID": 3624,
    "liczba_tab": 1,
    "panel_1": "Goździkowa",
    "panel_2": null,
    "panel_3": null,
    "panel_4": null,
    "panel_5": null,
    "rodzaj_mon": "E",
    "typ": "emalia biała",
    "zabytkowa": "tak"
   },
   "type": "Feature"
  },
  {
   "geometry": {
    "coordinates": [
     19.924598,
     50.000217
    ],
    "type": "Point"
   },
   "id": 3626,
   "properties": {
    "GlobalID": "701900c6-990b-43fd-b4b5-0a9bdef86ea0",
    "OBJECTID": 3626,
    "liczba_tab": 1,
    "panel_1": "Goździkowa",
    "panel_2": null,
    "panel_3": null,
    "panel_4": null,
    "panel_5": null,
    "rodzaj_mon": "O",
    "typ": "emalia biała",
    "zabytkowa": "tak"
   },
   "type": "Feature"
  },
  {
   "geometry": {
    "coordinates": [
     19.923261,
     50.000361
    ],
    "type": "Point"
   },
   "id": 3628,
   "properties": {
    "GlobalID": "7510e0f8-1712-4848-bdc8-62fc4e9176c8",
    "OBJECTID": 3628,
    "liczba_tab": 1,
    "panel_1": "Goździkowa",
    "panel_2": null,
    "panel_3": null,
    "panel_4": null,
    "panel_5": null,
    "rodzaj_mon": "O",
    "typ": "emalia biała",
    "zabytkowa": "tak"
   },
   "type": "Feature"
  },
  {
   "geometry": {
    "coordinates": [
     19.923356,
     50.001219
    ],
    "type": "Point"
   },
   "id": 3633,
   "properties": {
    "GlobalID": "ebd27e14-90e1-4cf5-894e-967d9466d404",
    "OBJECTID": 3633,
    "liczba_tab": 1,
    "panel_1": "Owocowa",
    "panel_2": null,
    "panel_3": null,
    "panel_4": null,
    "panel_5": null,
    "rodzaj_mon": "O",
    "typ": "emalia biała",
    "zabytkowa": "tak"
   },
   "type": "Feature"
  },
  {
   "geometry": {
    "coordinates": [
     19.92455,
     49.997824
    ],
    "type": "Point"
   },
   "id": 3640,
   "properties": {
    "GlobalID": "867050ac-93b4-43ff-8323-27ff1aa25a3f",
    "OBJECTID": 3640,
    "liczba_tab": 1,
    "panel_1": "Kąpielowa",
    "panel_2": null,
    "panel_3": null,
    "panel_4": null,
    "panel_5": null,
    "rodzaj_mon": "E",
    "typ": "emalia biała",
    "zabytkowa": "tak"
   },
   "type": "Feature"
  },
  {
   "geometry": {
    "coordinates": [
     19.921275,
     49.999168
    ],
    "type": "Point"
   },
   "id": 3641,
   "properties": {
    "GlobalID": "91c595ae-b6c7-456f-a1a6-d08c458252d5",
    "OBJECTID": 3641,
    "liczba_tab": 1,
    "panel_1": "Kąpielowa",
    "panel_2": null,
    "panel_3": null,
    "panel_4": null,
    "panel_5": null,
    "rodzaj_mon": "E",
    "typ": "emalia biała",
    "zabytkowa": "tak"
   },
   "type": "Feature"
  },
  {
   "geometry": {
    "coordinates": [
     19.921157,
     50.002797
    ],
    "type": "Point"
   },
   "id": 3652,
   "properties": {
    "GlobalID": "0a5023ca-7d7b-425a-978d-632fc757036b",
    "OBJECTID": 3652,
    "liczba_tab": 1,
    "panel_1": "Księżycowa",
    "panel_2": null,
    "panel_3": null,
    "panel_4": null,
    "panel_5": null,
    "rodzaj_mon": "O",
    "typ": "emalia biała",
    "zabytkowa": "tak"
   },
   "type": "Feature"
  },
  {
   "geometry": {
    "coordinates": [
     19.9205,
     49.998994
    ],
    "type": "Point"
   },
   "id": 3656,
   "properties": {
    "GlobalID": "6d69e406-4820-4c2b-abd8-5ceaa156647f",
    "OBJECTID": 3656,
    "liczba_tab": 1,
    "panel_1": "Zakopiańska",
    "panel_2": null,
    "panel_3": null,
    "panel_4": null,
    "panel_5": null,
    "rodzaj_mon": "E",
    "typ": "emalia biała",
    "zabytkowa": "tak"
   },
   "type": "Feature"
  },
  {
   "geometry": {
    "coordinates": [
     19.912933,
     49.996118
    ],
    "type": "Point"
   },
   "id": 3664,
   "properties": {
    "GlobalID": "467610c4-c5ad-4fe7-a320-74ece45fb163",
    "OBJECTID": 3664,
    "liczba_tab": 1,
    "panel_1": "Piusa Welońskiego",
    "panel_2": null,
    "panel_3": null,
    "panel_4": null,
    "panel_5": null,
    "rodzaj_mon": "E",
    "typ": "emalia biała",
    "zabytkowa": "tak"
   },
   "type": "Feature"
  },
  {
   "geometry": {
    "coordinates": [
     19.918674,
     49.99569
    ],
    "type": "Point"
   },
   "id": 3673,
   "properties": {
    "GlobalID": "86c3a787-1cf4-48d8-817d-dcd037a67bb1",
    "OBJECTID": 3673,
    "liczba_tab": 1,
    "panel_1": "Zakopiańska",
    "panel_2": null,
    "panel_3": null,
    "panel_4": null,
    "panel_5": null,
    "rodzaj_mon": "E",
    "typ": "emalia biała",
    "zabytkowa": "tak"
   },
   "type": "Feature"
  },
  {
   "geometry": {
    "coordinates": [
     19.912467,
     49.998929
    ],
    "type": "Point"
   },
   "id": 3682,
   "properties": {
    "GlobalID": "4a80ab8e-3234-476c-adad-2480d054822a",
    "OBJECTID": 3682,
    "liczba_tab": 1,
    "panel_1": "Kopernickiego",
    "panel_2": null,
    "panel_3": null,
    "panel_4": null,
    "panel_5": null,
    "rodzaj_mon": "E",
    "typ": "emalia biała",
    "zabytkowa": "tak"
   },
   "type": "Feature"
  },
  {
   "geometry": {
    "coordinates": [
     19.912536,
     50.00035
    ],
    "type": "Point"
   },
   "id": 3686,
   "properties": {
    "GlobalID": "34425e3f-3a76-427e-83cd-d73a2ccf6c05",
    "OBJECTID": 3686,
    "liczba_tab": 1,
    "panel_1": "Bastionowa",
    "panel_2": null,
    "panel_3": null,
    "panel_4": null,
    "panel_5": null,
    "rodzaj_mon": "O",
    "typ": "emalia biała",
    "zabytkowa": "tak"
   },
   "type": "Feature"
  },
  {
   "geometry": {
    "coordinates": [
     19.982183,
     50.079463
    ],
    "type": "Point"
   },
   "id": 3707,
   "properties": {
    "GlobalID": "5817b069-d511-4b47-9fd6-b1c21c947fd6",
    "OBJECTID": 3707,
    "liczba_tab": 1,
    "panel_1": "Ułanów ",
    "panel_2": null,
    "panel_3": null,
    "panel_4": null,
    "panel_5": null,
    "rodzaj_mon": "E",
    "typ": "emalia biała",
    "zabytkowa": "tak"
   },
   "type": "Feature"
  },
  {
   "geometry": {
    "coordinates": [
     19.980769,
     50.073774
    ],
    "type": "Point"
   },
   "id": 3714,
   "properties": {
    "GlobalID": "d5002e3f-f0f1-48d4-9678-3f95109ee85f",
    "OBJECTID": 3714,
    "liczba_tab": 1,
    "panel_1": "Klemensa Janickiego ",
    "panel_2": null,
    "panel_3": null,
    "panel_4": null,
    "panel_5": null,
    "rodzaj_mon": "E",
    "typ": "emalia biała",
    "zabytkowa": "tak"
   },
   "type": "Feature"
  },
  {
   "geometry": {
    "coordinates": [
     19.97436,
     50.080604
    ],
    "type": "Point"
   },
   "id": 3723,
   "properties": {
    "GlobalID": "6b10030c-1b42-4f7c-ae8b-096f112384c5",
    "OBJECTID": 3723,
    "liczba_tab": 1,
    "panel_1": "Janusza Meissnera ",
    "panel_2": null,
    "panel_3": null,
    "panel_4": null,
    "panel_5": null,
    "rodzaj_mon": "O",
    "typ": "emalia biała",
    "zabytkowa": "tak"
   },
   "type": "Feature"
  },
  {
   "geometry": {
    "coordinates": [
     19.971255,
     50.078448
    ],
    "type": "Point"
   },
   "id": 3757,
   "properties": {
    "GlobalID": "ee2e8002-a6b4-4460-a63a-3cc51b29e97a",
    "OBJECTID": 3757,
    "liczba_tab": 1,
    "panel_1": "Pilotów ",
    "panel_2": null,
    "panel_3": null,
    "panel_4": null,
    "panel_5": null,
    "rodzaj_mon": "E",
    "typ": "emalia biała",
    "zabytkowa": "tak"
   },
   "type": "Feature"
  },
  {
   "geometry": {
    "coordinates": [
     19.969515,
     50.076903
    ],
    "type": "Point"
   },
   "id": 3761,
   "properties": {
    "GlobalID": "7a32acde-21bc-42af-b1af-3170186048db",
    "OBJECTID": 3761,
    "liczba_tab": 1,
    "panel_1": "Podmiejska",
    "panel_2": null,
    "panel_3": null,
    "panel_4": null,
    "panel_5": null,
    "rodzaj_mon": "E",
    "typ": "emalia biała",
    "zabytkowa": "tak"
   },
   "type": "Feature"
  },
  {
   "geometry": {
    "coordinates": [
     19.973163,
     50.076069
    ],
    "type": "Point"
   },
   "id": 3774,
   "properties": {
    "GlobalID": "e1e2d0bc-7c40-4cad-bb2e-30db1e0fb554",
    "OBJECTID": 3774,
    "liczba_tab": 1,
    "panel_1": "Majowa",
    "panel_2": null,
    "panel_3": null,
    "panel_4": null,
    "panel_5": null,
    "rodzaj_mon": "E",
    "typ": "emalia biała",
    "zabytkowa": "tak"
   },
   "type": "Feature"
  },
  {
   "geometry": {
    "coordinates": [
     19.980622,
     50.07243
    ],
    "type": "Point"
   },
   "id": 3786,
   "properties": {
    "GlobalID": "726ee3f6-ccb3-4c63-baf0-5dd385dec38e",
    "OBJECTID": 3786,
    "liczba_tab": 1,
    "panel_1": "Śliczna ",
    "panel_2": null,
    "panel_3": null,
    "panel_4": null,
    "panel_5": null,
    "rodzaj_mon": "O",
    "typ": "emalia biała",
    "zabytkowa": "tak"
   },
   "type": "Feature"
  },
  {
   "geometry": {
    "coordinates": [
     19.979811,
     50.072493
    ],
    "type": "Point"
   },
   "id": 3789,
   "properties": {
    "GlobalID": "35712f38-e4ea-48fb-b1af-980b8595ac3c",
    "OBJECTID": 3789,
    "liczba_tab": 1,
    "panel_1": "Śliczna ",
    "panel_2": null,
    "panel_3": null,
    "panel_4": null,
    "panel_5": null,
    "rodzaj_mon": "E",
    "typ": "emalia biała",
    "zabytkowa": "tak"
   },
   "type": "Feature"
  },
  {
   "geometry": {
    "coordinates": [
     19.975318,
     50.07135
    ],
    "type": "Point"
   },
   "id": 3797,
   "properties": {
    "GlobalID": "2f8713a3-1d2b-4407-a54f-2d691eb6c06a",
    "OBJECTID": 3797,
    "liczba_tab": 1,
    "panel_1": "Tadeusza Kantora ",
    "panel_2": null,
    "panel_3": null,
    "panel_4": null,
    "panel_5": null,
    "rodzaj_mon": "E",
    "typ": "emalia biała",
    "zabytkowa": "tak"
   },
   "type": "Feature"
  },
  {
   "geometry": {
    "coordinates": [
     19.980988,
     50.069139
    ],
    "type": "Point"
   },
   "id": 3809,
   "properties": {
    "GlobalID": "39e8cdfb-141f-429d-a3f6-4f1a638c1c4c",
    "OBJECTID": 3809,
    "liczba_tab": 1,
    "panel_1": "Mogilska",
    "panel_2": null,
    "panel_3": null,
    "panel_4": null,
    "panel_5": null,
    "rodzaj_mon": "E",
    "typ": "emalia biała",
    "zabytkowa": "tak"
   },
   "type": "Feature"
  },
  {
   "geometry": {
    "coordinates": [
     19.910595,
     50.005192
    ],
    "type": "Point"
   },
   "id": 3848,
   "properties": {
    "GlobalID": "62aec93c-9b57-49a4-98be-27f8a3beb1c4",
    "OBJECTID": 3848,
    "liczba_tab": 1,
    "panel_1": "Heleny Marusarzówny",
    "panel_2": null,
    "panel_3": null,
    "panel_4": null,
    "panel_5": null,
    "rodzaj_mon": "O",
    "typ": "emalia biała",
    "zabytkowa": "tak"
   },
   "type": "Feature"
  },
  {
   "geometry": {
    "coordinates": [
     19.906055,
     50.004457
    ],
    "type": "Point"
   },
   "id": 3854,
   "properties": {
    "GlobalID": "37cf95f0-1f04-4dbe-95f7-75f7ac74e30b",
    "OBJECTID": 3854,
    "liczba_tab": 1,
    "panel_1": "Fałęcka",
    "panel_2": null,
    "panel_3": null,
    "panel_4": null,
    "panel_5": null,
    "rodzaj_mon": "O",
    "typ": "emalia biała",
    "zabytkowa": "tak"
   },
   "type": "Feature"
  },
  {
   "geometry": {
    "coordinates": [
     19.911694,
     50.003771
    ],
    "type": "Point"
   },
   "id": 3860,
   "properties": {
    "GlobalID": "4c81f6ef-411c-42f3-bc51-3669e5a21a4d",
    "OBJECTID": 3860,
    "liczba_tab": 1,
    "panel_1": "Szmaragdowa",
    "panel_2": null,
    "panel_3": null,
    "panel_4": null,
    "panel_5": null,
    "rodzaj_mon": "E",
    "typ": "emalia biała",
    "zabytkowa": "tak"
   },
   "type": "Feature"
  },
  {
   "geometry": {
    "coordinates": [
     19.906616,
     50.001325
    ],
    "type": "Point"
   },
   "id": 3861,
   "properties": {
    "GlobalID": "1dc3116f-4c03-4ecb-b117-af8b1722d094",
    "OBJECTID": 3861,
    "liczba_tab": 1,
    "panel_1": "Wincentego Kadłubka",
    "panel_2": null,
    "panel_3": null,
    "panel_4": null,
    "panel_5": null,
    "rodzaj_mon": "O",
    "typ": "emalia biała",
    "zabytkowa": "tak"
   },
   "type": "Feature"
  },
  {
   "geometry": {
    "coordinates": [
     19.910786,
     50.000024
    ],
    "type": "Point"
   },
   "id": 3871,
   "properties": {
    "GlobalID": "f8b6395f-a4e9-4961-ae06-52801d80ca3b",
    "OBJECTID": 3871,
    "liczba_tab": 1,
    "panel_1": "Krzyżtoporska",
    "panel_2": null,
    "panel_3": null,
    "panel_4": null,
    "panel_5": null,
    "rodzaj_mon": "O",
    "typ": "emalia biała",
    "zabytkowa": "tak"
   },
   "type": "Feature"
  },
  {
   "geometry": {
    "coordinates": [
     19.908185,
     49.998351
    ],
    "type": "Point"
   },
   "id": 3886,
   "properties": {
    "GlobalID": "03a1e434-d0de-46a6-866f-f55a694d08f4",
    "OBJECTID": 3886,
    "liczba_tab": 1,
    "panel_1": "Kwiatowa",
    "panel_2": null,
    "panel_3": null,
    "panel_4": null,
    "panel_5": null,
    "rodzaj_mon": "E",
    "typ": "emalia niebieska",
    "zabytkowa": "tak"
   },
   "type": "Feature"
  },
  {
   "geometry": {
    "coordinates": [
     19.909461,
     49.999154
    ],
    "type": "Point"
   },
   "id": 3891,
   "properties": {
    "GlobalID": "52c124a4-e947-44dc-b360-f710c7636636",
    "OBJECTID": 3891,
    "liczba_tab": 1,
    "panel_1": "Jana Miodońskiego",
    "panel_2": null,
    "panel_3": null,
    "panel_4": null,
    "panel_5": null,
    "rodzaj_mon": "O",
    "typ": "emalia biała",
    "zabytkowa": "tak"
   },
   "type": "Feature"
  },
  {
   "geometry": {
    "coordinates": [
     19.909051,
     49.999759
    ],
    "type": "Point"
   },
   "id": 3894,
   "properties": {
    "GlobalID": "5db2e05d-c749-4452-a3a1-6d569c7b7665",
    "OBJECTID": 3894,
    "liczba_tab": 1,
    "panel_1": "Ks. Władysława Mączyńskiego",
    "panel_2": null,
    "panel_3": null,
    "panel_4": null,
    "panel_5": null,
    "rodzaj_mon": "O",
    "typ": "emalia biała",
    "zabytkowa": "tak"
   },
   "type": "Feature"
  },
  {
   "geometry": {
    "coordinates": [
     19.908481,
     49.999872
    ],
    "type": "Point"
   },
   "id": 3895,
   "properties": {
    "GlobalID": "6a1969f2-b016-4f93-ac8c-00f53025bd3c",
    "OBJECTID": 3895,
    "liczba_tab": 1,
    "panel_1": "Jana Miodońskiego",
    "panel_2": null,
    "panel_3": null,
    "panel_4": null,
    "panel_5": null,
    "rodzaj_mon": "O",
    "typ": "emalia biała",
    "zabytkowa": "tak"
   },
   "type": "Feature"
  },
  {
   "geometry": {
    "coordinates": [
     19.908388,
     49.999862
    ],
    "type": "Point"
   },
   "id": 3896,
   "properties": {
    "GlobalID": "05c48dda-8da9-4e9b-b7f7-d5879d7e1522",
    "OBJECTID": 3896,
    "liczba_tab": 1,
    "panel_1": "J. Miodońskiego 15",
    "panel_2": null,
    "panel_3": null,
    "panel_4": null,
    "panel_5": null,
    "rodzaj_mon": "O",
    "typ": "emalia biała",
    "zabytkowa": "tak"
   },
   "type": "Feature"
  },
  {
   "geometry": {
    "coordinates": [
     19.906245,
     49.999689
    ],
    "type": "Point"
   },
   "id": 3901,
   "properties": {
    "GlobalID": "135256e5-3ee9-4178-b2da-73c1aae4d794",
    "OBJECTID": 3901,
    "liczba_tab": 1,
    "panel_1": "Chojnicka",
    "panel_2": null,
    "panel_3": null,
    "panel_4": null,
    "panel_5": null,
    "rodzaj_mon": "O",
    "typ": "emalia biała",
    "zabytkowa": "tak"
   },
   "type": "Feature"
  },
  {
   "geometry": {
    "coordinates": [
     19.907269,
     49.999466
    ],
    "type": "Point"
   },
   "id": 3902,
   "properties": {
    "GlobalID": "b289f0aa-5fc2-4642-a073-d0285009fab3",
    "OBJECTID": 3902,
    "liczba_tab": 1,
    "panel_1": "Chojnicka",
    "panel_2": null,
    "panel_3": null,
    "panel_4": null,
    "panel_5": null,
    "rodzaj_mon": "O",
    "typ": "emalia biała",
    "zabytkowa": "tak"
   },
   "type": "Feature"
  },
  {
   "geometry": {
    "coordinates": [
     19.907158,
     49.99917
    ],
    "type": "Point"
   },
   "id": 3904,
   "properties": {
    "GlobalID": "ae4c5c8e-e8c4-4f24-9410-ea28f1b33a59",
    "OBJECTID": 3904,
    "liczba_tab": 1,
    "panel_1": "Amarantowa",
    "panel_2": null,
    "panel_3": null,
    "panel_4": null,
    "panel_5": null,
    "rodzaj_mon": "O",
    "typ": "emalia biała",
    "zabytkowa": "tak"
   },
   "type": "Feature"
  },
  {
   "geometry": {
    "coordinates": [
     19.897804,
     49.999069
    ],
    "type": "Point"
   },
   "id": 3913,
   "properties": {
    "GlobalID": "95784165-a40a-43f2-91da-a8654722a98e",
    "OBJECTID": 3913,
    "liczba_tab": 1,
    "panel_1": "Prof. Wojciecha Marii Bartla",
    "panel_2": null,
    "panel_3": null,
    "panel_4": null,
    "panel_5": null,
    "rodzaj_mon": "E",
    "typ": "emalia biała",
    "zabytkowa": "tak"
   },
   "type": "Feature"
  },
  {
   "geometry": {
    "coordinates": [
     19.905847,
     50.002794
    ],
    "type": "Point"
   },
   "id": 3931,
   "properties": {
    "GlobalID": "166d014d-281b-49a8-a381-dddc21484907",
    "OBJECTID": 3931,
    "liczba_tab": 1,
    "panel_1": "Jana Kluka",
    "panel_2": null,
    "panel_3": null,
    "panel_4": null,
    "panel_5": null,
    "rodzaj_mon": "O",
    "typ": "emalia biała",
    "zabytkowa": "tak"
   },
   "type": "Feature"
  },
  {
   "geometry": {
    "coordinates": [
     19.947923,
     50.097333
    ],
    "type": "Point"
   },
   "id": 3946,
   "properties": {
    "GlobalID": "345025ef-cd2a-4baf-9bd4-b6809b12ed0e",
    "OBJECTID": 3946,
    "liczba_tab": 1,
    "panel_1": "Siewna",
    "panel_2": null,
    "panel_3": null,
    "panel_4": null,
    "panel_5": null,
    "rodzaj_mon": "E",
    "typ": "emalia biała",
    "zabytkowa": "tak"
   },
   "type": "Feature"
  },
  {
   "geometry": {
    "coordinates": [
     19.914298,
     49.987317
    ],
    "type": "Point"
   },
   "id": 3951,
   "properties": {
    "GlobalID": "42c258d5-5307-485e-98ce-895647b74617",
    "OBJECTID": 3951,
    "liczba_tab": 1,
    "panel_1": "Ulica Zakopiańska",
    "panel_2": null,
    "panel_3": null,
    "panel_4": null,
    "panel_5": null,
    "rodzaj_mon": "E",
    "typ": "emalia biała",
    "zabytkowa": "tak"
   },
   "type": "Feature"
  },
  {
   "geometry": {
    "coordinates": [
     19.94762,
     50.099426
    ],
    "type": "Point"
   },
   "id": 3952,
   "properties": {
    "GlobalID": "1ff1b4e7-4cd8-426f-baee-e47616248f1e",
    "OBJECTID": 3952,
    "liczba_tab": 1,
    "panel_1": "Kuźnicy Kołłątajowskiej",
    "panel_2": null,
    "panel_3": null,
    "panel_4": null,
    "panel_5": null,
    "rodzaj_mon": "E",
    "typ": "emalia biała",
    "zabytkowa": "tak"
   },
   "type": "Feature"
  },
  {
   "geometry": {
    "coordinates": [
     19.919274,
     49.980023
    ],
    "type": "Point"
   },
   "id": 3964,
   "properties": {
    "GlobalID": "b31ba184-4732-4af5-bf5a-9a0fd9a65191",
    "OBJECTID": 3964,
    "liczba_tab": 1,
    "panel_1": "Ulica Jerzego Smoleńskiego",
    "panel_2": null,
    "panel_3": null,
    "panel_4": null,
    "panel_5": null,
    "rodzaj_mon": "O",
    "typ": "emalia biała",
    "zabytkowa": "tak"
   },
   "type": "Feature"
  },
  {
   "geometry": {
    "coordinates": [
     19.920935,
     49.987653
    ],
    "type": "Point"
   },
   "id": 3968,
   "properties": {
    "GlobalID": "bda2ea5b-e8ee-472b-a026-7395425220fd",
    "OBJECTID": 3968,
    "liczba_tab": 1,
    "panel_1": "Ulica Starowiejska",
    "panel_2": null,
    "panel_3": null,
    "panel_4": null,
    "panel_5": null,
    "rodzaj_mon": "O",
    "typ": "emalia biała",
    "zabytkowa": "tak"
   },
   "type": "Feature"
  },
  {
   "geometry": {
    "coordinates": [
     19.932241,
     49.989756
    ],
    "type": "Point"
   },
   "id": 3977,
   "properties": {
    "GlobalID": "5a1650f7-ae64-47ce-8ead-8a96b0089c22",
    "OBJECTID": 3977,
    "liczba_tab": 1,
    "panel_1": "Ulica Kazimierza Moszyńskiego",
    "panel_2": null,
    "panel_3": null,
    "panel_4": null,
    "panel_5": null,
    "rodzaj_mon": "O",
    "typ": "emalia biała",
    "zabytkowa": "tak"
   },
   "type": "Feature"
  },
  {
   "geometry": {
    "coordinates": [
     19.928569,
     49.990878
    ],
    "type": "Point"
   },
   "id": 3980,
   "properties": {
    "GlobalID": "fea01999-c5e7-46b5-b3d1-e9a0e3cd5f5f",
    "OBJECTID": 3980,
    "liczba_tab": 1,
    "panel_1": "Ulica Lasogórska",
    "panel_2": null,
    "panel_3": null,
    "panel_4": null,
    "panel_5": null,
    "rodzaj_mon": "O",
    "typ": "emalia biała",
    "zabytkowa": "tak"
   },
   "type": "Feature"
  },
  {
   "geometry": {
    "coordinates": [
     20.012422,
     50.091576
    ],
    "type": "Point"
   },
   "id": 4032,
   "properties": {
    "GlobalID": "0938dfff-89f0-4478-9c2f-bb85f8534451",
    "OBJECTID": 4032,
    "liczba_tab": 1,
    "panel_1": "Samorządowa ",
    "panel_2": null,
    "panel_3": null,
    "panel_4": null,
    "panel_5": null,
    "rodzaj_mon": "E",
    "typ": "emalia biała",
    "zabytkowa": "tak"
   },
   "type": "Feature"
  },
  {
   "geometry": {
    "coordinates": [
     20.010726,
     50.090607
    ],
    "type": "Point"
   },
   "id": 4033,
   "properties": {
    "GlobalID": "89c9d439-d1ad-45ae-af35-31aaa9ea9bf6",
    "OBJECTID": 4033,
    "liczba_tab": 1,
    "panel_1": "Samorządowa ",
    "panel_2": null,
    "panel_3": null,
    "panel_4": null,
    "panel_5": null,
    "rodzaj_mon": "E",
    "typ": "emalia biała",
    "zabytkowa": "tak"
   },
   "type": "Feature"
  },
  {
   "geometry": {
    "coordinates": [
     20.015496,
     50.089787
    ],
    "type": "Point"
   },
   "id": 4038,
   "properties": {
    "GlobalID": "0a209fcd-fa18-4000-9f9c-8d4334c73a57",
    "OBJECTID": 4038,
    "liczba_tab": 1,
    "panel_1": "Świętej Rodziny ",
    "panel_2": null,
    "panel_3": null,
    "panel_4": null,
    "panel_5": null,
    "rodzaj_mon": "E",
    "typ": "emalia biała",
    "zabytkowa": "tak"
   },
   "type": "Feature"
  },
  {
   "geometry": {
    "coordinates": [
     20.013498,
     50.086396
    ],
    "type": "Point"
   },
   "id": 4040,
   "properties": {
    "GlobalID": "67d56ce4-bd5e-41d9-a629-1822c20696ec",
    "OBJECTID": 4040,
    "liczba_tab": 1,
    "panel_1": "Tomasza Janiszewskiego",
    "panel_2": null,
    "panel_3": null,
    "panel_4": null,
    "panel_5": null,
    "rodzaj_mon": "E",
    "typ": "emalia biała",
    "zabytkowa": "tak"
   },
   "type": "Feature"
  },
  {
   "geometry": {
    "coordinates": [
     20.019493,
     50.090759
    ],
    "type": "Point"
   },
   "id": 4061,
   "properties": {
    "GlobalID": "b1d6095a-c08a-4852-abbe-c3e0d4265c1d",
    "OBJECTID": 4061,
    "liczba_tab": 1,
    "panel_1": "Złoczowska ",
    "panel_2": null,
    "panel_3": null,
    "panel_4": null,
    "panel_5": null,
    "rodzaj_mon": "E",
    "typ": "emalia biała",
    "zabytkowa": "tak"
   },
   "type": "Feature"
  },
  {
   "geometry": {
    "coordinates": [
     20.103101,
     50.070139
    ],
    "type": "Point"
   },
   "id": 4082,
   "properties": {
    "GlobalID": "20e1dd69-a428-475c-b129-a09932866961",
    "OBJECTID": 4082,
    "liczba_tab": 1,
    "panel_1": "Nadbrzezie",
    "panel_2": null,
    "panel_3": null,
    "panel_4": null,
    "panel_5": null,
    "rodzaj_mon": "E",
    "typ": "emalia biała",
    "zabytkowa": "tak"
   },
   "type": "Feature"
  },
  {
   "geometry": {
    "coordinates": [
     20.105492,
     50.04547
    ],
    "type": "Point"
   },
   "id": 4084,
   "properties": {
    "GlobalID": "fab5ae87-7937-4d4c-a671-7a0c83c66caf",
    "OBJECTID": 4084,
    "liczba_tab": 1,
    "panel_1": "Popielnik",
    "panel_2": null,
    "panel_3": null,
    "panel_4": null,
    "panel_5": null,
    "rodzaj_mon": "O",
    "typ": "emalia biała",
    "zabytkowa": "tak"
   },
   "type": "Feature"
  },
  {
   "geometry": {
    "coordinates": [
     20.108366,
     50.060507
    ],
    "type": "Point"
   },
   "id": 4094,
   "properties": {
    "GlobalID": "5e50b692-164e-4aa4-a821-aef253f7d604",
    "OBJECTID": 4094,
    "liczba_tab": 1,
    "panel_1": "Karowa",
    "panel_2": null,
    "panel_3": null,
    "panel_4": null,
    "panel_5": null,
    "rodzaj_mon": "E",
    "typ": "emalia biała",
    "zabytkowa": "tak"
   },
   "type": "Feature"
  },
  {
   "geometry": {
    "coordinates": [
     19.943686,
     49.999401
    ],
    "type": "Point"
   },
   "id": 4128,
   "properties": {
    "GlobalID": "c49c7800-8be9-42b5-b438-0354cf2e3e2a",
    "OBJECTID": 4128,
    "liczba_tab": 1,
    "panel_1": "Ulica Przyrodnicza",
    "panel_2": null,
    "panel_3": null,
    "panel_4": null,
    "panel_5": null,
    "rodzaj_mon": "O",
    "typ": "emalia biała",
    "zabytkowa": "tak"
   },
   "type": "Feature"
  },
  {
   "geometry": {
    "coordinates": [
     20.110278,
     50.069819
    ],
    "type": "Point"
   },
   "id": 4130,
   "properties": {
    "GlobalID": "303de214-7c25-45c1-b6f9-3e19ce3ee7c6",
    "OBJECTID": 4130,
    "liczba_tab": 1,
    "panel_1": "Nadbrzezie ",
    "panel_2": null,
    "panel_3": null,
    "panel_4": null,
    "panel_5": null,
    "rodzaj_mon": "O",
    "typ": "emalia biała",
    "zabytkowa": "tak"
   },
   "type": "Feature"
  },
  {
   "geometry": {
    "coordinates": [
     19.942178,
     49.997092
    ],
    "type": "Point"
   },
   "id": 4132,
   "properties": {
    "GlobalID": "80e6d248-685e-4b30-bee0-a8ed91d11398",
    "OBJECTID": 4132,
    "liczba_tab": 1,
    "panel_1": "Ulica Jana Aleksandra Gorczyna",
    "panel_2": null,
    "panel_3": null,
    "panel_4": null,
    "panel_5": null,
    "rodzaj_mon": "O",
    "typ": "emalia biała",
    "zabytkowa": "tak"
   },
   "type": "Feature"
  },
  {
   "geometry": {
    "coordinates": [
     20.113605,
     50.071267
    ],
    "type": "Point"
   },
   "id": 4134,
   "properties": {
    "GlobalID": "3012e964-00cf-4429-a35f-909a236fc3df",
    "OBJECTID": 4134,
    "liczba_tab": 1,
    "panel_1": "Martenowska",
    "panel_2": null,
    "panel_3": null,
    "panel_4": null,
    "panel_5": null,
    "rodzaj_mon": "O",
    "typ": "emalia biała",
    "zabytkowa": "tak"
   },
   "type": "Feature"
  },
  {
   "geometry": {
    "coordinates": [
     20.115891,
     50.06781
    ],
    "type": "Point"
   },
   "id": 4138,
   "properties": {
    "GlobalID": "dea21f9e-20da-4c68-b97f-20c6d79e5f9d",
    "OBJECTID": 4138,
    "liczba_tab": 1,
    "panel_1": "Martenowska ",
    "panel_2": null,
    "panel_3": null,
    "panel_4": null,
    "panel_5": null,
    "rodzaj_mon": "E",
    "typ": "emalia biała",
    "zabytkowa": "tak"
   },
   "type": "Feature"
  },
  {
   "geometry": {
    "coordinates": [
     19.943958,
     49.995379
    ],
    "type": "Point"
   },
   "id": 4139,
   "properties": {
    "GlobalID": "ce5dcfe1-9948-47a3-99f2-ec6dd6cdde08",
    "OBJECTID": 4139,
    "liczba_tab": 1,
    "panel_1": "Ulica Łukasza Opalińskiego",
    "panel_2": null,
    "panel_3": null,
    "panel_4": null,
    "panel_5": null,
    "rodzaj_mon": "O",
    "typ": "emalia biała",
    "zabytkowa": "tak"
   },
   "type": "Feature"
  },
  {
   "geometry": {
    "coordinates": [
     20.115527,
     50.072119
    ],
    "type": "Point"
   },
   "id": 4141,
   "properties": {
    "GlobalID": "e6870876-71be-48f6-a344-b6e700ee9165",
    "OBJECTID": 4141,
    "liczba_tab": 1,
    "panel_1": "Nadbrzezie ",
    "panel_2": null,
    "panel_3": null,
    "panel_4": null,
    "panel_5": null,
    "rodzaj_mon": "O",
    "typ": "emalia biała",
    "zabytkowa": "tak"
   },
   "type": "Feature"
  },
  {
   "geometry": {
    "coordinates": [
     19.940295,
     49.993352
    ],
    "type": "Point"
   },
   "id": 4150,
   "properties": {
    "GlobalID": "8a08eda1-3d5f-46a2-9437-de4d8d24421f",
    "OBJECTID": 4150,
    "liczba_tab": 1,
    "panel_1": "Ulica Merkuriusza Polskiego",
    "panel_2": null,
    "panel_3": null,
    "panel_4": null,
    "panel_5": null,
    "rodzaj_mon": "E",
    "typ": "emalia biała",
    "zabytkowa": "tak"
   },
   "type": "Feature"
  },
  {
   "geometry": {
    "coordinates": [
     19.939954,
     49.993137
    ],
    "type": "Point"
   },
   "id": 4152,
   "properties": {
    "GlobalID": "b27cccc1-d497-4ec6-b367-b033edef69cf",
    "OBJECTID": 4152,
    "liczba_tab": 1,
    "panel_1": "Ulica Tytusa Chałubińskiego",
    "panel_2": null,
    "panel_3": null,
    "panel_4": null,
    "panel_5": null,
    "rodzaj_mon": "O",
    "typ": "emalia biała",
    "zabytkowa": "tak"
   },
   "type": "Feature"
  },
  {
   "geometry": {
    "coordinates": [
     19.939724,
     49.992974
    ],
    "type": "Point"
   },
   "id": 4153,
   "properties": {
    "GlobalID": "9efe2876-6c6d-4de6-9aee-f022fb87e0ea",
    "OBJECTID": 4153,
    "liczba_tab": 1,
    "panel_1": "Ulica Kąpielowa",
    "panel_2": null,
    "panel_3": null,
    "panel_4": null,
    "panel_5": null,
    "rodzaj_mon": "E",
    "typ": "emalia biała",
    "zabytkowa": "tak"
   },
   "type": "Feature"
  },
  {
   "geometry": {
    "coordinates": [
     19.938486,
     49.993184
    ],
    "type": "Point"
   },
   "id": 4166,
   "properties": {
    "GlobalID": "ce07a5ef-1afd-4911-bd09-fb6e74bc8697",
    "OBJECTID": 4166,
    "liczba_tab": 1,
    "panel_1": "Ulica Wypoczynkowa",
    "panel_2": null,
    "panel_3": null,
    "panel_4": null,
    "panel_5": null,
    "rodzaj_mon": "O",
    "typ": "emalia niebieska",
    "zabytkowa": "tak"
   },
   "type": "Feature"
  },
  {
   "geometry": {
    "coordinates": [
     19.937594,
     49.993499
    ],
    "type": "Point"
   },
   "id": 4167,
   "properties": {
    "GlobalID": "b6c8a973-15ae-447e-914b-aa578c5e8a23",
    "OBJECTID": 4167,
    "liczba_tab": 1,
    "panel_1": "Ulica Wypoczynkowa",
    "panel_2": null,
    "panel_3": null,
    "panel_4": null,
    "panel_5": null,
    "rodzaj_mon": "O",
    "typ": "emalia biała",
    "zabytkowa": "tak"
   },
   "type": "Feature"
  },
  {
   "geometry": {
    "coordinates": [
     19.934778,
     49.995267
    ],
    "type": "Point"
   },
   "id": 4168,
   "properties": {
    "GlobalID": "d63f02ca-fd9a-4e5e-ac09-2eb446682e77",
    "OBJECTID": 4168,
    "liczba_tab": 1,
    "panel_1": "Ulica Wypoczynkowa",
    "panel_2": null,
    "panel_3": null,
    "panel_4": null,
    "panel_5": null,
    "rodzaj_mon": "O",
    "typ": "emalia biała",
    "zabytkowa": "tak"
   },
   "type": "Feature"
  },
  {
   "geometry": {
    "coordinates": [
     19.938586,
     49.985187
    ],
    "type": "Point"
   },
   "id": 4183,
   "properties": {
    "GlobalID": "c053007c-af3f-47cf-a49a-bb2ee3a6f65e",
    "OBJECTID": 4183,
    "liczba_tab": 1,
    "panel_1": "Ulica Adama Krzyżanowskiego",
    "panel_2": null,
    "panel_3": null,
    "panel_4": null,
    "panel_5": null,
    "rodzaj_mon": "O",
    "typ": "emalia biała",
    "zabytkowa": "tak"
   },
   "type": "Feature"
  },
  {
   "geometry": {
    "coordinates": [
     20.150422,
     50.084832
    ],
    "type": "Point"
   },
   "id": 4312,
   "properties": {
    "GlobalID": "8241a4bc-239d-4620-941b-ff0b58603ed8",
    "OBJECTID": 4312,
    "liczba_tab": 1,
    "panel_1": "Jeziorko",
    "panel_2": null,
    "panel_3": null,
    "panel_4": null,
    "panel_5": null,
    "rodzaj_mon": "O",
    "typ": "emalia biała",
    "zabytkowa": "tak"
   },
   "type": "Feature"
  },
  {
   "geometry": {
    "coordinates": [
     20.146443,
     50.08735
    ],
    "type": "Point"
   },
   "id": 4315,
   "properties": {
    "GlobalID": "4e7c3a32-30d3-4cc2-a1f5-62708ba333f3",
    "OBJECTID": 4315,
    "liczba_tab": 1,
    "panel_1": "Jeziorko",
    "panel_2": null,
    "panel_3": null,
    "panel_4": null,
    "panel_5": null,
    "rodzaj_mon": "E",
    "typ": "emalia biała",
    "zabytkowa": "tak"
   },
   "type": "Feature"
  },
  {
   "geometry": {
    "coordinates": [
     20.145081,
     50.088572
    ],
    "type": "Point"
   },
   "id": 4317,
   "properties": {
    "GlobalID": "ee2112d1-951e-4d2d-9bcb-48ecd0b6c3b2",
    "OBJECTID": 4317,
    "liczba_tab": 1,
    "panel_1": "Za górą",
    "panel_2": null,
    "panel_3": null,
    "panel_4": null,
    "panel_5": null,
    "rodzaj_mon": "E",
    "typ": "emalia biała",
    "zabytkowa": "tak"
   },
   "type": "Feature"
  },
  {
   "geometry": {
    "coordinates": [
     19.92868,
     50.09602
    ],
    "type": "Point"
   },
   "id": 4330,
   "properties": {
    "GlobalID": "a8fa6aba-8d9b-4765-9d96-78be7425fc45",
    "OBJECTID": 4330,
    "liczba_tab": 1,
    "panel_1": "Mączna",
    "panel_2": null,
    "panel_3": null,
    "panel_4": null,
    "panel_5": null,
    "rodzaj_mon": "O",
    "typ": "emalia biała",
    "zabytkowa": "tak"
   },
   "type": "Feature"
  },
  {
   "geometry": {
    "coordinates": [
     19.944767,
     50.092473
    ],
    "type": "Point"
   },
   "id": 4339,
   "properties": {
    "GlobalID": "e93cc6f6-8480-4c2c-be2f-761ba1347600",
    "OBJECTID": 4339,
    "liczba_tab": 1,
    "panel_1": "Bursztynowa",
    "panel_2": null,
    "panel_3": null,
    "panel_4": null,
    "panel_5": null,
    "rodzaj_mon": "O",
    "typ": "emalia biała",
    "zabytkowa": "tak"
   },
   "type": "Feature"
  },
  {
   "geometry": {
    "coordinates": [
     19.949309,
     50.092087
    ],
    "type": "Point"
   },
   "id": 4347,
   "properties": {
    "GlobalID": "54de6730-452d-468a-bb41-ce5ffbad1b89",
    "OBJECTID": 4347,
    "liczba_tab": 1,
    "panel_1": "Turystyczna boczna ",
    "panel_2": null,
    "panel_3": null,
    "panel_4": null,
    "panel_5": null,
    "rodzaj_mon": "E",
    "typ": "emalia biała",
    "zabytkowa": "tak"
   },
   "type": "Feature"
  },
  {
   "geometry": {
    "coordinates": [
     19.950625,
     50.090928
    ],
    "type": "Point"
   },
   "id": 4355,
   "properties": {
    "GlobalID": "f20c46a0-22e6-44fb-8a67-3fd0884957d0",
    "OBJECTID": 4355,
    "liczba_tab": 1,
    "panel_1": "Zgody ",
    "panel_2": null,
    "panel_3": null,
    "panel_4": null,
    "panel_5": null,
    "rodzaj_mon": "E",
    "typ": "emalia biała",
    "zabytkowa": "tak"
   },
   "type": "Feature"
  },
  {
   "geometry": {
    "coordinates": [
     19.954123,
     50.09265
    ],
    "type": "Point"
   },
   "id": 4387,
   "properties": {
    "GlobalID": "810da8e9-77a6-4a68-8c90-5e3d18b168ec",
    "OBJECTID": 4387,
    "liczba_tab": 1,
    "panel_1": "Polna",
    "panel_2": null,
    "panel_3": null,
    "panel_4": null,
    "panel_5": null,
    "rodzaj_mon": "O",
    "typ": "emalia biała",
    "zabytkowa": "tak"
   },
   "type": "Feature"
  },
  {
   "geometry": {
    "coordinates": [
     19.954658,
     50.093445
    ],
    "type": "Point"
   },
   "id": 4389,
   "properties": {
    "GlobalID": "67b28039-1daf-4673-ae41-b45c7f7e870c",
    "OBJECTID": 4389,
    "liczba_tab": 1,
    "panel_1": "Polna ",
    "panel_2": null,
    "panel_3": null,
    "panel_4": null,
    "panel_5": null,
    "rodzaj_mon": "O",
    "typ": "emalia biała",
    "zabytkowa": "tak"
   },
   "type": "Feature"
  },
  {
   "geometry": {
    "coordinates": [
     19.943132,
     50.092764
    ],
    "type": "Point"
   },
   "id": 4394,
   "properties": {
    "GlobalID": "dbe6dc89-e1b2-41dd-93c0-0d59e21f0bd4",
    "OBJECTID": 4394,
    "liczba_tab": 1,
    "panel_1": "Jazowa",
    "panel_2": null,
    "panel_3": null,
    "panel_4": null,
    "panel_5": null,
    "rodzaj_mon": "E",
    "typ": "emalia biała",
    "zabytkowa": "tak"
   },
   "type": "Feature"
  },
  {
   "geometry": {
    "coordinates": [
     19.944969,
     50.090997
    ],
    "type": "Point"
   },
   "id": 4403,
   "properties": {
    "GlobalID": "62a23800-ef86-4ad0-b579-c9de4f59a1ee",
    "OBJECTID": 4403,
    "liczba_tab": 1,
    "panel_1": "Gabriela Narutowicza",
    "panel_2": null,
    "panel_3": null,
    "panel_4": null,
    "panel_5": null,
    "rodzaj_mon": "O",
    "typ": "emalia biała",
    "zabytkowa": "tak"
   },
   "type": "Feature"
  },
  {
   "geometry": {
    "coordinates": [
     19.980464,
     50.024132
    ],
    "type": "Point"
   },
   "id": 4418,
   "properties": {
    "GlobalID": "f1a09362-1a2c-4017-9e6d-ca1f3d921b76",
    "OBJECTID": 4418,
    "liczba_tab": 1,
    "panel_1": "Władysława Jaksa-Rożena",
    "panel_2": null,
    "panel_3": null,
    "panel_4": null,
    "panel_5": null,
    "rodzaj_mon": "E",
    "typ": "emalia biała",
    "zabytkowa": "tak"
   },
   "type": "Feature"
  },
  {
   "geometry": {
    "coordinates": [
     19.981872,
     50.025072
    ],
    "type": "Point"
   },
   "id": 4429,
   "properties": {
    "GlobalID": "8dd90f7a-2b90-4e45-91cd-de6718a4bbe2",
    "OBJECTID": 4429,
    "liczba_tab": 1,
    "panel_1": "Piotra Bardowskiego ",
    "panel_2": null,
    "panel_3": null,
    "panel_4": null,
    "panel_5": null,
    "rodzaj_mon": "E",
    "typ": "emalia biała",
    "zabytkowa": "tak"
   },
   "type": "Feature"
  },
  {
   "geometry": {
    "coordinates": [
     19.983448,
     50.024582
    ],
    "type": "Point"
   },
   "id": 4430,
   "properties": {
    "GlobalID": "d6bd8db2-3286-4e65-8224-345ff987a88e",
    "OBJECTID": 4430,
    "liczba_tab": 1,
    "panel_1": "Bieżanowska ",
    "panel_2": null,
    "panel_3": null,
    "panel_4": null,
    "panel_5": null,
    "rodzaj_mon": "E",
    "typ": "emalia biała",
    "zabytkowa": "tak"
   },
   "type": "Feature"
  },
  {
   "geometry": {
    "coordinates": [
     19.982352,
     50.025625
    ],
    "type": "Point"
   },
   "id": 4434,
   "properties": {
    "GlobalID": "6e42e5ce-192c-4af9-a67f-6542714e95b0",
    "OBJECTID": 4434,
    "liczba_tab": 1,
    "panel_1": "Andrzeja Sacharowa ",
    "panel_2": null,
    "panel_3": null,
    "panel_4": null,
    "panel_5": null,
    "rodzaj_mon": "O",
    "typ": "emalia biała",
    "zabytkowa": "tak"
   },
   "type": "Feature"
  },
  {
   "geometry": {
    "coordinates": [
     19.980707,
     50.025971
    ],
    "type": "Point"
   },
   "id": 4436,
   "properties": {
    "GlobalID": "4b749197-f7d4-489c-904e-eaf3b7bf4911",
    "OBJECTID": 4436,
    "liczba_tab": 1,
    "panel_1": "Mazurska ",
    "panel_2": null,
    "panel_3": null,
    "panel_4": null,
    "panel_5": null,
    "rodzaj_mon": "E",
    "typ": "emalia biała",
    "zabytkowa": "tak"
   },
   "type": "Feature"
  },
  {
   "geometry": {
    "coordinates": [
     19.960294,
     50.099081
    ],
    "type": "Point"
   },
   "id": 4438,
   "properties": {
    "GlobalID": "0e742d9c-ac52-405f-be9b-389e3f2062ec",
    "OBJECTID": 4438,
    "liczba_tab": 1,
    "panel_1": "Kuźnicy Kołłątajowskiej",
    "panel_2": null,
    "panel_3": null,
    "panel_4": null,
    "panel_5": null,
    "rodzaj_mon": "E",
    "typ": "emalia biała",
    "zabytkowa": "tak"
   },
   "type": "Feature"
  },
  {
   "geometry": {
    "coordinates": [
     19.98289,
     50.026142
    ],
    "type": "Point"
   },
   "id": 4440,
   "properties": {
    "GlobalID": "f6d0deca-1fcb-4732-b228-eb89e4cf372b",
    "OBJECTID": 4440,
    "liczba_tab": 1,
    "panel_1": "Chłopska ",
    "panel_2": null,
    "panel_3": null,
    "panel_4": null,
    "panel_5": null,
    "rodzaj_mon": "E",
    "typ": "emalia biała",
    "zabytkowa": "tak"
   },
   "type": "Feature"
  },
  {
   "geometry": {
    "coordinates": [
     19.988156,
     50.025933
    ],
    "type": "Point"
   },
   "id": 4447,
   "properties": {
    "GlobalID": "84d88ca2-bc3b-422b-ada8-2b0bbd535d83",
    "OBJECTID": 4447,
    "liczba_tab": 1,
    "panel_1": "Kolejowa",
    "panel_2": null,
    "panel_3": null,
    "panel_4": null,
    "panel_5": null,
    "rodzaj_mon": "E",
    "typ": "emalia biała",
    "zabytkowa": "tak"
   },
   "type": "Feature"
  },
  {
   "geometry": {
    "coordinates": [
     19.988215,
     50.025945
    ],
    "type": "Point"
   },
   "id": 4448,
   "properties": {
    "GlobalID": "51a3b05f-e2c2-4a20-85bd-a979b9e7b53f",
    "OBJECTID": 4448,
    "liczba_tab": 1,
    "panel_1": "Maksymiliana i Aleksandra Gierymskich ",
    "panel_2": null,
    "panel_3": null,
    "panel_4": null,
    "panel_5": null,
    "rodzaj_mon": "E",
    "typ": "emalia biała",
    "zabytkowa": "tak"
   },
   "type": "Feature"
  },
  {
   "geometry": {
    "coordinates": [
     19.962667,
     50.109182
    ],
    "type": "Point"
   },
   "id": 4452,
   "properties": {
    "GlobalID": "f5282af2-02d2-49d2-8a45-0a2f87642c0e",
    "OBJECTID": 4452,
    "liczba_tab": 1,
    "panel_1": "Urodzajna ",
    "panel_2": null,
    "panel_3": null,
    "panel_4": null,
    "panel_5": null,
    "rodzaj_mon": "O",
    "typ": "emalia biała",
    "zabytkowa": "tak"
   },
   "type": "Feature"
  },
  {
   "geometry": {
    "coordinates": [
     19.924806,
     50.095833
    ],
    "type": "Point"
   },
   "id": 4478,
   "properties": {
    "GlobalID": "ef5a7112-aa91-48fe-afe4-bdf249527396",
    "OBJECTID": 4478,
    "liczba_tab": 1,
    "panel_1": "Adama Ventulaniego ",
    "panel_2": null,
    "panel_3": null,
    "panel_4": null,
    "panel_5": null,
    "rodzaj_mon": "O",
    "typ": "emalia biała",
    "zabytkowa": "tak"
   },
   "type": "Feature"
  },
  {
   "geometry": {
    "coordinates": [
     19.943176,
     50.091969
    ],
    "type": "Point"
   },
   "id": 4501,
   "properties": {
    "GlobalID": "f818deda-605b-4df6-81a2-33a5b103c240",
    "OBJECTID": 4501,
    "liczba_tab": 1,
    "panel_1": "Bałtycka",
    "panel_2": null,
    "panel_3": null,
    "panel_4": null,
    "panel_5": null,
    "rodzaj_mon": "E",
    "typ": "emalia biała",
    "zabytkowa": "tak"
   },
   "type": "Feature"
  },
  {
   "geometry": {
    "coordinates": [
     19.994738,
     50.025585
    ],
    "type": "Point"
   },
   "id": 4517,
   "properties": {
    "GlobalID": "b1168a84-308a-42c8-b8ed-7d247efd4a7a",
    "OBJECTID": 4517,
    "liczba_tab": 1,
    "panel_1": "Wojciecha Darasza ",
    "panel_2": null,
    "panel_3": null,
    "panel_4": null,
    "panel_5": null,
    "rodzaj_mon": "O",
    "typ": "emalia biała",
    "zabytkowa": "tak"
   },
   "type": "Feature"
  },
  {
   "geometry": {
    "coordinates": [
     19.997642,
     50.023545
    ],
    "type": "Point"
   },
   "id": 4529,
   "properties": {
    "GlobalID": "cf544d09-8d14-44b8-9db7-9bef59fdefba",
    "OBJECTID": 4529,
    "liczba_tab": 1,
    "panel_1": "Solarzy",
    "panel_2": null,
    "panel_3": null,
    "panel_4": null,
    "panel_5": null,
    "rodzaj_mon": "E",
    "typ": "emalia biała",
    "zabytkowa": "tak"
   },
   "type": "Feature"
  },
  {
   "geometry": {
    "coordinates": [
     20.034148,
     50.018437
    ],
    "type": "Point"
   },
   "id": 4556,
   "properties": {
    "GlobalID": "ec7cf6a5-d13c-45a2-969f-81ba9ef1ac9d",
    "OBJECTID": 4556,
    "liczba_tab": 1,
    "panel_1": "Bieżanowska ",
    "panel_2": null,
    "panel_3": null,
    "panel_4": null,
    "panel_5": null,
    "rodzaj_mon": "E",
    "typ": "emalia biała",
    "zabytkowa": "tak"
   },
   "type": "Feature"
  },
  {
   "geometry": {
    "coordinates": [
     20.031808,
     50.020391
    ],
    "type": "Point"
   },
   "id": 4559,
   "properties": {
    "GlobalID": "8870d6cf-e8ef-4596-8aa2-d310e41112fc",
    "OBJECTID": 4559,
    "liczba_tab": 1,
    "panel_1": "Bocznica",
    "panel_2": null,
    "panel_3": null,
    "panel_4": null,
    "panel_5": null,
    "rodzaj_mon": "O",
    "typ": "emalia biała",
    "zabytkowa": "tak"
   },
   "type": "Feature"
  },
  {
   "geometry": {
    "coordinates": [
     20.039859,
     50.017143
    ],
    "type": "Point"
   },
   "id": 4565,
   "properties": {
    "GlobalID": "6138cd7e-2fec-4fdd-a0c1-c5fb982f6cde",
    "OBJECTID": 4565,
    "liczba_tab": 1,
    "panel_1": "Michała i Stanisława Jaglarzów ",
    "panel_2": null,
    "panel_3": null,
    "panel_4": null,
    "panel_5": null,
    "rodzaj_mon": "O",
    "typ": "emalia biała",
    "zabytkowa": "tak"
   },
   "type": "Feature"
  },
  {
   "geometry": {
    "coordinates": [
     20.042994,
     50.016052
    ],
    "type": "Point"
   },
   "id": 4572,
   "properties": {
    "GlobalID": "72a85c62-af5c-423b-b877-b880b0333344",
    "OBJECTID": 4572,
    "liczba_tab": 1,
    "panel_1": "Księdza Jana Kusia",
    "panel_2": null,
    "panel_3": null,
    "panel_4": null,
    "panel_5": null,
    "rodzaj_mon": "O",
    "typ": "emalia biała",
    "zabytkowa": "tak"
   },
   "type": "Feature"
  },
  {
   "geometry": {
    "coordinates": [
     20.043493,
     50.017711
    ],
    "type": "Point"
   },
   "id": 4582,
   "properties": {
    "GlobalID": "39da9aad-1792-4f78-bdd7-ccb70344b43f",
    "OBJECTID": 4582,
    "liczba_tab": 1,
    "panel_1": "Wojciecha z Brudzewa ",
    "panel_2": null,
    "panel_3": null,
    "panel_4": null,
    "panel_5": null,
    "rodzaj_mon": "O",
    "typ": "emalia biała",
    "zabytkowa": "tak"
   },
   "type": "Feature"
  },
  {
   "geometry": {
    "coordinates": [
     20.042161,
     50.015032
    ],
    "type": "Point"
   },
   "id": 4591,
   "properties": {
    "GlobalID": "6c03b187-eb24-44cb-b612-3aa996d557af",
    "OBJECTID": 4591,
    "liczba_tab": 1,
    "panel_1": "Ludwika Jędrzejczyka ",
    "panel_2": null,
    "panel_3": null,
    "panel_4": null,
    "panel_5": null,
    "rodzaj_mon": "E",
    "typ": "emalia biała",
    "zabytkowa": "tak"
   },
   "type": "Feature"
  },
  {
   "geometry": {
    "coordinates": [
     20.047427,
     50.013883
    ],
    "type": "Point"
   },
   "id": 4598,
   "properties": {
    "GlobalID": "e81c1c07-f35e-45ba-bfca-343264c889d0",
    "OBJECTID": 4598,
    "liczba_tab": 1,
    "panel_1": "Brunona Schulza",
    "panel_2": null,
    "panel_3": null,
    "panel_4": null,
    "panel_5": null,
    "rodzaj_mon": "E",
    "typ": "emalia biała",
    "zabytkowa": "tak"
   },
   "type": "Feature"
  },
  {
   "geometry": {
    "coordinates": [
     20.037384,
     50.011937
    ],
    "type": "Point"
   },
   "id": 4623,
   "properties": {
    "GlobalID": "c8df335c-9020-4e41-b348-8046e286ab59",
    "OBJECTID": 4623,
    "liczba_tab": 1,
    "panel_1": "Drożdżowa ",
    "panel_2": null,
    "panel_3": null,
    "panel_4": null,
    "panel_5": null,
    "rodzaj_mon": "E",
    "typ": "emalia biała",
    "zabytkowa": "tak"
   },
   "type": "Feature"
  },
  {
   "geometry": {
    "coordinates": [
     20.037134,
     50.015233
    ],
    "type": "Point"
   },
   "id": 4625,
   "properties": {
    "GlobalID": "b76687eb-c180-4a8a-9f47-3389bad3f1dc",
    "OBJECTID": 4625,
    "liczba_tab": 1,
    "panel_1": "Wojciecha Lipowskiego ",
    "panel_2": null,
    "panel_3": null,
    "panel_4": null,
    "panel_5": null,
    "rodzaj_mon": "O",
    "typ": "emalia biała",
    "zabytkowa": "tak"
   },
   "type": "Feature"
  },
  {
   "geometry": {
    "coordinates": [
     20.03857,
     50.016392
    ],
    "type": "Point"
   },
   "id": 4630,
   "properties": {
    "GlobalID": "c0a223af-aa71-43d5-a03d-931b08a5ce99",
    "OBJECTID": 4630,
    "liczba_tab": 1,
    "panel_1": "Braci Jamków ",
    "panel_2": null,
    "panel_3": null,
    "panel_4": null,
    "panel_5": null,
    "rodzaj_mon": "E",
    "typ": "emalia biała",
    "zabytkowa": "tak"
   },
   "type": "Feature"
  },
  {
   "geometry": {
    "coordinates": [
     20.03852,
     50.016477
    ],
    "type": "Point"
   },
   "id": 4631,
   "properties": {
    "GlobalID": "73bc2ac7-adb8-4e0b-ba90-35bf70f1a2be",
    "OBJECTID": 4631,
    "liczba_tab": 1,
    "panel_1": "Braci Jamków ",
    "panel_2": null,
    "panel_3": null,
    "panel_4": null,
    "panel_5": null,
    "rodzaj_mon": "E",
    "typ": "emalia biała",
    "zabytkowa": "tak"
   },
   "type": "Feature"
  },
  {
   "geometry": {
    "coordinates": [
     20.035046,
     50.0105
    ],
    "type": "Point"
   },
   "id": 4638,
   "properties": {
    "GlobalID": "e6a40907-77a0-4fc6-9a29-4f2929f8c9b9",
    "OBJECTID": 4638,
    "liczba_tab": 1,
    "panel_1": "Rakuś ",
    "panel_2": null,
    "panel_3": null,
    "panel_4": null,
    "panel_5": null,
    "rodzaj_mon": "Se",
    "typ": "emalia biała",
    "zabytkowa": "tak"
   },
   "type": "Feature"
  },
  {
   "geometry": {
    "coordinates": [
     20.035173,
     50.009535
    ],
    "type": "Point"
   },
   "id": 4642,
   "properties": {
    "GlobalID": "1b5476b6-9e48-49c9-b660-93c4d0766828",
    "OBJECTID": 4642,
    "liczba_tab": 1,
    "panel_1": "Rakuś ",
    "panel_2": null,
    "panel_3": null,
    "panel_4": null,
    "panel_5": null,
    "rodzaj_mon": "O",
    "typ": "emalia biała",
    "zabytkowa": "tak"
   },
   "type": "Feature"
  },
  {
   "geometry": {
    "coordinates": [
     20.05055,
     50.013068
    ],
    "type": "Point"
   },
   "id": 4677,
   "properties": {
    "GlobalID": "bdf206fc-5196-42da-93a2-093d9d01a03f",
    "OBJECTID": 4677,
    "liczba_tab": 1,
    "panel_1": "Potrzask ",
    "panel_2": null,
    "panel_3": null,
    "panel_4": null,
    "panel_5": null,
    "rodzaj_mon": "O",
    "typ": "emalia biała",
    "zabytkowa": "tak"
   },
   "type": "Feature"
  },
  {
   "geometry": {
    "coordinates": [
     20.051387,
     50.016109
    ],
    "type": "Point"
   },
   "id": 4684,
   "properties": {
    "GlobalID": "d7b920cd-4fb2-4f85-b390-ec0f8fdb1a10",
    "OBJECTID": 4684,
    "liczba_tab": 1,
    "panel_1": "Henryka Sucharskiego ",
    "panel_2": null,
    "panel_3": null,
    "panel_4": null,
    "panel_5": null,
    "rodzaj_mon": "O",
    "typ": "emalia biała",
    "zabytkowa": "tak"
   },
   "type": "Feature"
  },
  {
   "geometry": {
    "coordinates": [
     20.036031,
     50.005643
    ],
    "type": "Point"
   },
   "id": 4702,
   "properties": {
    "GlobalID": "d70f0e6a-ad81-4a34-b4c4-189cc7314c40",
    "OBJECTID": 4702,
    "liczba_tab": 1,
    "panel_1": "Fryderyka Zolla ",
    "panel_2": null,
    "panel_3": null,
    "panel_4": null,
    "panel_5": null,
    "rodzaj_mon": "O",
    "typ": "emalia biała",
    "zabytkowa": "tak"
   },
   "type": "Feature"
  },
  {
   "geometry": {
    "coordinates": [
     20.030803,
     50.009152
    ],
    "type": "Point"
   },
   "id": 4709,
   "properties": {
    "GlobalID": "38b214b4-c1eb-44ab-b05d-1e250044a90e",
    "OBJECTID": 4709,
    "liczba_tab": 1,
    "panel_1": "Zbigniewa Małka ",
    "panel_2": null,
    "panel_3": null,
    "panel_4": null,
    "panel_5": null,
    "rodzaj_mon": "E",
    "typ": "emalia biała",
    "zabytkowa": "tak"
   },
   "type": "Feature"
  },
  {
   "geometry": {
    "coordinates": [
     19.913423,
     50.024592
    ],
    "type": "Point"
   },
   "id": 4754,
   "properties": {
    "GlobalID": "3fcecb3b-2bfc-403a-b097-202c4fde6fc0",
    "OBJECTID": 4754,
    "liczba_tab": 1,
    "panel_1": "Pastelowa",
    "panel_2": null,
    "panel_3": null,
    "panel_4": null,
    "panel_5": null,
    "rodzaj_mon": "O",
    "typ": "emalia biała",
    "zabytkowa": "tak"
   },
   "type": "Feature"
  },
  {
   "geometry": {
    "coordinates": [
     19.909973,
     50.024418
    ],
    "type": "Point"
   },
   "id": 4756,
   "properties": {
    "GlobalID": "d44ed978-aae2-4bbe-8b41-d612f3cb5a04",
    "OBJECTID": 4756,
    "liczba_tab": 1,
    "panel_1": "Zachodnia",
    "panel_2": null,
    "panel_3": null,
    "panel_4": null,
    "panel_5": null,
    "rodzaj_mon": "E",
    "typ": "emalia biała",
    "zabytkowa": "tak"
   },
   "type": "Feature"
  },
  {
   "geometry": {
    "coordinates": [
     19.911632,
     50.022515
    ],
    "type": "Point"
   },
   "id": 4770,
   "properties": {
    "GlobalID": "44a45ab0-6d5f-4284-8c4e-83362e23acec",
    "OBJECTID": 4770,
    "liczba_tab": 1,
    "panel_1": "Liściasta",
    "panel_2": null,
    "panel_3": null,
    "panel_4": null,
    "panel_5": null,
    "rodzaj_mon": "E",
    "typ": "emalia biała",
    "zabytkowa": "tak"
   },
   "type": "Feature"
  },
  {
   "geometry": {
    "coordinates": [
     19.909786,
     50.022154
    ],
    "type": "Point"
   },
   "id": 4773,
   "properties": {
    "GlobalID": "8a25c6e5-ad67-46bc-afcf-1cc623088c08",
    "OBJECTID": 4773,
    "liczba_tab": 1,
    "panel_1": "Sąsiedzka",
    "panel_2": null,
    "panel_3": null,
    "panel_4": null,
    "panel_5": null,
    "rodzaj_mon": "Se",
    "typ": "emalia biała",
    "zabytkowa": "tak"
   },
   "type": "Feature"
  },
  {
   "geometry": {
    "coordinates": [
     19.89822,
     50.002017
    ],
    "type": "Point"
   },
   "id": 4784,
   "properties": {
    "GlobalID": "e95225eb-c430-4c85-961d-ef2798a4a1af",
    "OBJECTID": 4784,
    "liczba_tab": 1,
    "panel_1": "Dęboroga",
    "panel_2": null,
    "panel_3": null,
    "panel_4": null,
    "panel_5": null,
    "rodzaj_mon": "O",
    "typ": "emalia biała",
    "zabytkowa": "tak"
   },
   "type": "Feature"
  },
  {
   "geometry": {
    "coordinates": [
     19.897619,
     50.002281
    ],
    "type": "Point"
   },
   "id": 4785,
   "properties": {
    "GlobalID": "d4c24e00-0b8d-47a2-82ae-dbcc8b905e2a",
    "OBJECTID": 4785,
    "liczba_tab": 1,
    "panel_1": "Dęboroga",
    "panel_2": null,
    "panel_3": null,
    "panel_4": null,
    "panel_5": null,
    "rodzaj_mon": "O",
    "typ": "emalia biała",
    "zabytkowa": "tak"
   },
   "type": "Feature"
  },
  {
   "geometry": {
    "coordinates": [
     19.897484,
     50.001973
    ],
    "type": "Point"
   },
   "id": 4786,
   "properties": {
    "GlobalID": "10918c03-8c57-46b8-b869-00b95a456ff4",
    "OBJECTID": 4786,
    "liczba_tab": 1,
    "panel_1": "Zbaraska",
    "panel_2": null,
    "panel_3": null,
    "panel_4": null,
    "panel_5": null,
    "rodzaj_mon": "S",
    "typ": "emalia biała",
    "zabytkowa": "tak"
   },
   "type": "Feature"
  },
  {
   "geometry": {
    "coordinates": [
     19.898116,
     50.000986
    ],
    "type": "Point"
   },
   "id": 4793,
   "properties": {
    "GlobalID": "63b39614-a12e-404f-8fce-39297bfd1c6d",
    "OBJECTID": 4793,
    "liczba_tab": 1,
    "panel_1": "Laudańska",
    "panel_2": null,
    "panel_3": null,
    "panel_4": null,
    "panel_5": null,
    "rodzaj_mon": "E",
    "typ": "emalia biała",
    "zabytkowa": "tak"
   },
   "type": "Feature"
  },
  {
   "geometry": {
    "coordinates": [
     19.8979,
     50.000735
    ],
    "type": "Point"
   },
   "id": 4807,
   "properties": {
    "GlobalID": "e5e14544-d146-4731-bad3-ed21cf2735c0",
    "OBJECTID": 4807,
    "liczba_tab": 1,
    "panel_1": "Anusi",
    "panel_2": null,
    "panel_3": null,
    "panel_4": null,
    "panel_5": null,
    "rodzaj_mon": "O",
    "typ": "emalia biała",
    "zabytkowa": "tak"
   },
   "type": "Feature"
  },
  {
   "geometry": {
    "coordinates": [
     19.896835,
     50.000861
    ],
    "type": "Point"
   },
   "id": 4808,
   "properties": {
    "GlobalID": "36b01c55-143d-4be9-82b5-c06ed13f33a5",
    "OBJECTID": 4808,
    "liczba_tab": 1,
    "panel_1": "Billewiczów",
    "panel_2": null,
    "panel_3": null,
    "panel_4": null,
    "panel_5": null,
    "rodzaj_mon": "O",
    "typ": "emalia biała",
    "zabytkowa": "tak"
   },
   "type": "Feature"
  },
  {
   "geometry": {
    "coordinates": [
     19.897326,
     49.99948
    ],
    "type": "Point"
   },
   "id": 4814,
   "properties": {
    "GlobalID": "0b862cc1-70a5-46ac-88aa-c9e310b8586b",
    "OBJECTID": 4814,
    "liczba_tab": 1,
    "panel_1": "Prof. Bolesława W. Wicherkiewicza",
    "panel_2": null,
    "panel_3": null,
    "panel_4": null,
    "panel_5": null,
    "rodzaj_mon": "E",
    "typ": "emalia biała",
    "zabytkowa": "tak"
   },
   "type": "Feature"
  },
  {
   "geometry": {
    "coordinates": [
     20.02825,
     50.010468
    ],
    "type": "Point"
   },
   "id": 4825,
   "properties": {
    "GlobalID": "58cac934-fdee-471d-b951-96f41ab7c6a0",
    "OBJECTID": 4825,
    "liczba_tab": 1,
    "panel_1": "Kolonijna ",
    "panel_2": null,
    "panel_3": null,
    "panel_4": null,
    "panel_5": null,
    "rodzaj_mon": "E",
    "typ": "emalia biała",
    "zabytkowa": "tak"
   },
   "type": "Feature"
  },
  {
   "geometry": {
    "coordinates": [
     20.034171,
     50.012259
    ],
    "type": "Point"
   },
   "id": 4836,
   "properties": {
    "GlobalID": "2774810b-2373-4732-948b-eec1e0ab43f6",
    "OBJECTID": 4836,
    "liczba_tab": 1,
    "panel_1": "Ludwika Gardowskiego ",
    "panel_2": null,
    "panel_3": null,
    "panel_4": null,
    "panel_5": null,
    "rodzaj_mon": "E",
    "typ": "emalia biała",
    "zabytkowa": "tak"
   },
   "type": "Feature"
  },
  {
   "geometry": {
    "coordinates": [
     20.033956,
     50.013045
    ],
    "type": "Point"
   },
   "id": 4837,
   "properties": {
    "GlobalID": "627b8cba-37e5-481d-ac44-ae3f350b8797",
    "OBJECTID": 4837,
    "liczba_tab": 1,
    "panel_1": "Rakuś ",
    "panel_2": null,
    "panel_3": null,
    "panel_4": null,
    "panel_5": null,
    "rodzaj_mon": "O",
    "typ": "emalia biała",
    "zabytkowa": "tak"
   },
   "type": "Feature"
  },
  {
   "geometry": {
    "coordinates": [
     19.9935,
     50.023825
    ],
    "type": "Point"
   },
   "id": 4863,
   "properties": {
    "GlobalID": "023dff26-0180-4d5f-a4c5-e0c5afce660c",
    "OBJECTID": 4863,
    "liczba_tab": 1,
    "panel_1": "Marcina Bielskiego ",
    "panel_2": null,
    "panel_3": null,
    "panel_4": null,
    "panel_5": null,
    "rodzaj_mon": "E",
    "typ": "emalia biała",
    "zabytkowa": "tak"
   },
   "type": "Feature"
  },
  {
   "geometry": {
    "coordinates": [
     19.992702,
     50.021261
    ],
    "type": "Point"
   },
   "id": 4871,
   "properties": {
    "GlobalID": "697c6f79-6134-4842-925d-57ba488b1d2c",
    "OBJECTID": 4871,
    "liczba_tab": 1,
    "panel_1": "Promienna ",
    "panel_2": null,
    "panel_3": null,
    "panel_4": null,
    "panel_5": null,
    "rodzaj_mon": "Se",
    "typ": "metalowa niebieska",
    "zabytkowa": "tak"
   },
   "type": "Feature"
  },
  {
   "geometry": {
    "coordinates": [
     19.990705,
     50.022893
    ],
    "type": "Point"
   },
   "id": 4885,
   "properties": {
    "GlobalID": "55c36267-6745-4004-9411-9ee5ad6cd1a6",
    "OBJECTID": 4885,
    "liczba_tab": 1,
    "panel_1": "Snycerska ",
    "panel_2": null,
    "panel_3": null,
    "panel_4": null,
    "panel_5": null,
    "rodzaj_mon": "O",
    "typ": "emalia biała",
    "zabytkowa": "tak"
   },
   "type": "Feature"
  },
  {
   "geometry": {
    "coordinates": [
     19.990417,
     50.022961
    ],
    "type": "Point"
   },
   "id": 4886,
   "properties": {
    "GlobalID": "fbb3a95f-2384-45bf-9068-cd182c4bbddc",
    "OBJECTID": 4886,
    "liczba_tab": 1,
    "panel_1": "Prosta",
    "panel_2": null,
    "panel_3": null,
    "panel_4": null,
    "panel_5": null,
    "rodzaj_mon": "E",
    "typ": "emalia biała",
    "zabytkowa": "tak"
   },
   "type": "Feature"
  },
  {
   "geometry": {
    "coordinates": [
     19.99195,
     50.025139
    ],
    "type": "Point"
   },
   "id": 4888,
   "properties": {
    "GlobalID": "55694d90-5892-4aa6-aa95-8b52ad2bc290",
    "OBJECTID": 4888,
    "liczba_tab": 1,
    "panel_1": "Bieżanowska ",
    "panel_2": null,
    "panel_3": null,
    "panel_4": null,
    "panel_5": null,
    "rodzaj_mon": "E",
    "typ": "emalia biała",
    "zabytkowa": "tak"
   },
   "type": "Feature"
  },
  {
   "geometry": {
    "coordinates": [
     19.987307,
     50.025104
    ],
    "type": "Point"
   },
   "id": 4890,
   "properties": {
    "GlobalID": "284ecbd4-0d99-44fc-a039-c63c3f7b0f68",
    "OBJECTID": 4890,
    "liczba_tab": 1,
    "panel_1": "Wojciecha Gersona ",
    "panel_2": null,
    "panel_3": null,
    "panel_4": null,
    "panel_5": null,
    "rodzaj_mon": "E",
    "typ": "emalia biała",
    "zabytkowa": "tak"
   },
   "type": "Feature"
  },
  {
   "geometry": {
    "coordinates": [
     19.985373,
     50.0223
    ],
    "type": "Point"
   },
   "id": 4896,
   "properties": {
    "GlobalID": "e4790bbd-c8d5-4f4d-971b-369ac74f10ec",
    "OBJECTID": 4896,
    "liczba_tab": 1,
    "panel_1": "Wojciecha Gersona ",
    "panel_2": null,
    "panel_3": null,
    "panel_4": null,
    "panel_5": null,
    "rodzaj_mon": "E",
    "typ": "emalia biała",
    "zabytkowa": "tak"
   },
   "type": "Feature"
  },
  {
   "geometry": {
    "coordinates": [
     19.981628,
     50.023307
    ],
    "type": "Point"
   },
   "id": 4897,
   "properties": {
    "GlobalID": "608fccee-edae-42cd-b212-bfce0fcb30cf",
    "OBJECTID": 4897,
    "liczba_tab": 1,
    "panel_1": "Aleja Adolfa Dygasińskiego ",
    "panel_2": null,
    "panel_3": null,
    "panel_4": null,
    "panel_5": null,
    "rodzaj_mon": "E",
    "typ": "emalia biała",
    "zabytkowa": "tak"
   },
   "type": "Feature"
  },
  {
   "geometry": {
    "coordinates": [
     19.895838,
     49.999919
    ],
    "type": "Point"
   },
   "id": 4914,
   "properties": {
    "GlobalID": "10660833-52e9-4fe4-8b60-2ca2d6e0dd1e",
    "OBJECTID": 4914,
    "liczba_tab": 1,
    "panel_1": "Zaporoska",
    "panel_2": null,
    "panel_3": null,
    "panel_4": null,
    "panel_5": null,
    "rodzaj_mon": "E",
    "typ": "emalia biała",
    "zabytkowa": "tak"
   },
   "type": "Feature"
  },
  {
   "geometry": {
    "coordinates": [
     19.895832,
     50.003904
    ],
    "type": "Point"
   },
   "id": 4920,
   "properties": {
    "GlobalID": "6c832b42-0a6c-4f71-9af3-84bc8a4fc901",
    "OBJECTID": 4920,
    "liczba_tab": 1,
    "panel_1": "Arktyczna",
    "panel_2": null,
    "panel_3": null,
    "panel_4": null,
    "panel_5": null,
    "rodzaj_mon": "S",
    "typ": "emalia biała",
    "zabytkowa": "tak"
   },
   "type": "Feature"
  },
  {
   "geometry": {
    "coordinates": [
     19.905371,
     50.009052
    ],
    "type": "Point"
   },
   "id": 4944,
   "properties": {
    "GlobalID": "5c610946-1fbf-414b-bc90-86c1d520cfd5",
    "OBJECTID": 4944,
    "liczba_tab": 1,
    "panel_1": "Skośna",
    "panel_2": null,
    "panel_3": null,
    "panel_4": null,
    "panel_5": null,
    "rodzaj_mon": "O",
    "typ": "emalia biała",
    "zabytkowa": "tak"
   },
   "type": "Feature"
  },
  {
   "geometry": {
    "coordinates": [
     19.903033,
     50.024581
    ],
    "type": "Point"
   },
   "id": 4971,
   "properties": {
    "GlobalID": "0964c6d4-7757-49ff-852c-2526b1cb23c0",
    "OBJECTID": 4971,
    "liczba_tab": 1,
    "panel_1": "Jana Gutenberga",
    "panel_2": null,
    "panel_3": null,
    "panel_4": null,
    "panel_5": null,
    "rodzaj_mon": "E",
    "typ": "emalia biała",
    "zabytkowa": "tak"
   },
   "type": "Feature"
  },
  {
   "geometry": {
    "coordinates": [
     19.907214,
     50.021153
    ],
    "type": "Point"
   },
   "id": 4976,
   "properties": {
    "GlobalID": "5bdec103-f7f2-4add-a369-590795ac76c3",
    "OBJECTID": 4976,
    "liczba_tab": 1,
    "panel_1": "Zalesie",
    "panel_2": null,
    "panel_3": null,
    "panel_4": null,
    "panel_5": null,
    "rodzaj_mon": "E",
    "typ": "emalia biała",
    "zabytkowa": "tak"
   },
   "type": "Feature"
  },
  {
   "geometry": {
    "coordinates": [
     19.905871,
     50.021544
    ],
    "type": "Point"
   },
   "id": 4977,
   "properties": {
    "GlobalID": "2cac7d83-3cf5-4830-b4ed-91bea0afc853",
    "OBJECTID": 4977,
    "liczba_tab": 1,
    "panel_1": "Przemiarki",
    "panel_2": null,
    "panel_3": null,
    "panel_4": null,
    "panel_5": null,
    "rodzaj_mon": "E",
    "typ": "emalia biała",
    "zabytkowa": "tak"
   },
   "type": "Feature"
  },
  {
   "geometry": {
    "coordinates": [
     19.904994,
     50.018924
    ],
    "type": "Point"
   },
   "id": 4980,
   "properties": {
    "GlobalID": "8069db6d-3d3f-4795-9b2f-acbc2fbbfc80",
    "OBJECTID": 4980,
    "liczba_tab": 1,
    "panel_1": "Szuwarowa",
    "panel_2": null,
    "panel_3": null,
    "panel_4": null,
    "panel_5": null,
    "rodzaj_mon": "E",
    "typ": "emalia biała",
    "zabytkowa": "tak"
   },
   "type": "Feature"
  },
  {
   "geometry": {
    "coordinates": [
     19.898813,
     50.018991
    ],
    "type": "Point"
   },
   "id": 4981,
   "properties": {
    "GlobalID": "5a269837-7c8f-430b-902c-089123beed47",
    "OBJECTID": 4981,
    "liczba_tab": 1,
    "panel_1": "Chmieleniec",
    "panel_2": null,
    "panel_3": null,
    "panel_4": null,
    "panel_5": null,
    "rodzaj_mon": "E",
    "typ": "emalia biała",
    "zabytkowa": "tak"
   },
   "type": "Feature"
  },
  {
   "geometry": {
    "coordinates": [
     19.899672,
     50.018975
    ],
    "type": "Point"
   },
   "id": 4982,
   "properties": {
    "GlobalID": "e3cef209-545e-400e-8f44-c881e324d058",
    "OBJECTID": 4982,
    "liczba_tab": 1,
    "panel_1": "Chmieleniec",
    "panel_2": null,
    "panel_3": null,
    "panel_4": null,
    "panel_5": null,
    "rodzaj_mon": "E",
    "typ": "emalia biała",
    "zabytkowa": "tak"
   },
   "type": "Feature"
  },
  {
   "geometry": {
    "coordinates": [
     19.898069,
     50.017997
    ],
    "type": "Point"
   },
   "id": 4984,
   "properties": {
    "GlobalID": "897f0ef4-493d-4d50-a71f-563e490a9c71",
    "OBJECTID": 4984,
    "liczba_tab": 1,
    "panel_1": "Chmieleniec",
    "panel_2": null,
    "panel_3": null,
    "panel_4": null,
    "panel_5": null,
    "rodzaj_mon": "E",
    "typ": "emalia biała",
    "zabytkowa": "tak"
   },
   "type": "Feature"
  },
  {
   "geometry": {
    "coordinates": [
     20.037702,
     50.074837
    ],
    "type": "Point"
   },
   "id": 5007,
   "properties": {
    "GlobalID": "93e56b8e-ecb6-48d1-a80f-e4fc0a253602",
    "OBJECTID": 5007,
    "liczba_tab": 1,
    "panel_1": "Centrum „C”",
    "panel_2": null,
    "panel_3": null,
    "panel_4": null,
    "panel_5": null,
    "rodzaj_mon": "E",
    "typ": "emalia niebieska",
    "zabytkowa": "tak"
   },
   "type": "Feature"
  },
  {
   "geometry": {
    "coordinates": [
     20.038453,
     50.07471
    ],
    "type": "Point"
   },
   "id": 5008,
   "properties": {
    "GlobalID": "1dc13f69-6eaf-4e31-99ba-2040fbcb1f73",
    "OBJECTID": 5008,
    "liczba_tab": 1,
    "panel_1": "Aleja Róż",
    "panel_2": null,
    "panel_3": null,
    "panel_4": null,
    "panel_5": null,
    "rodzaj_mon": "E",
    "typ": "emalia biała",
    "zabytkowa": "tak"
   },
   "type": "Feature"
  },
  {
   "geometry": {
    "coordinates": [
     20.038463,
     50.074737
    ],
    "type": "Point"
   },
   "id": 5009,
   "properties": {
    "GlobalID": "7a5f21e4-a526-4c08-84fd-340469a8d51c",
    "OBJECTID": 5009,
    "liczba_tab": 1,
    "panel_1": "Aleja Przyjaźni",
    "panel_2": null,
    "panel_3": null,
    "panel_4": null,
    "panel_5": null,
    "rodzaj_mon": "E",
    "typ": "emalia biała",
    "zabytkowa": "tak"
   },
   "type": "Feature"
  },
  {
   "geometry": {
    "coordinates": [
     20.038485,
     50.074733
    ],
    "type": "Point"
   },
   "id": 5010,
   "properties": {
    "GlobalID": "465f01f2-cf8b-4e2c-8e23-599a5d1a3ff3",
    "OBJECTID": 5010,
    "liczba_tab": 1,
    "panel_1": "Osiedle Centrum B",
    "panel_2": null,
    "panel_3": null,
    "panel_4": null,
    "panel_5": null,
    "rodzaj_mon": "E",
    "typ": "emalia biała",
    "zabytkowa": "tak"
   },
   "type": "Feature"
  },
  {
   "geometry": {
    "coordinates": [
     20.040536,
     50.074447
    ],
    "type": "Point"
   },
   "id": 5012,
   "properties": {
    "GlobalID": "ae55db12-e227-4392-8dec-b615ad2ad6af",
    "OBJECTID": 5012,
    "liczba_tab": 1,
    "panel_1": "Aleja Przyjaźni",
    "panel_2": null,
    "panel_3": null,
    "panel_4": null,
    "panel_5": null,
    "rodzaj_mon": "E",
    "typ": "emalia biała",
    "zabytkowa": "tak"
   },
   "type": "Feature"
  },
  {
   "geometry": {
    "coordinates": [
     20.047048,
     50.075052
    ],
    "type": "Point"
   },
   "id": 5015,
   "properties": {
    "GlobalID": "70984093-fa98-49da-bb77-03f21b2c0373",
    "OBJECTID": 5015,
    "liczba_tab": 1,
    "panel_1": "Andrzeja Struga",
    "panel_2": null,
    "panel_3": null,
    "panel_4": null,
    "panel_5": null,
    "rodzaj_mon": "E",
    "typ": "emalia biała",
    "zabytkowa": "tak"
   },
   "type": "Feature"
  },
  {
   "geometry": {
    "coordinates": [
     20.047048,
     50.075052
    ],
    "type": "Point"
   },
   "id": 5016,
   "properties": {
    "GlobalID": "3ceeaf29-8590-40c3-b005-a6dbb1fe405f",
    "OBJECTID": 5016,
    "liczba_tab": 1,
    "panel_1": "Osiedle Szkolne",
    "panel_2": null,
    "panel_3": null,
    "panel_4": null,
    "panel_5": null,
    "rodzaj_mon": "E",
    "typ": "emalia niebieska",
    "zabytkowa": "tak"
   },
   "type": "Feature"
  },
  {
   "geometry": {
    "coordinates": [
     20.047084,
     50.075053
    ],
    "type": "Point"
   },
   "id": 5017,
   "properties": {
    "GlobalID": "5d6d79e8-fbb2-4a83-bf84-789ce633a799",
    "OBJECTID": 5017,
    "liczba_tab": 1,
    "panel_1": "Osiedle Szkolne",
    "panel_2": null,
    "panel_3": null,
    "panel_4": null,
    "panel_5": null,
    "rodzaj_mon": "E",
    "typ": "emalia niebieska",
    "zabytkowa": "tak"
   },
   "type": "Feature"
  },
  {
   "geometry": {
    "coordinates": [
     20.050082,
     50.075882
    ],
    "type": "Point"
   },
   "id": 5019,
   "properties": {
    "GlobalID": "68245747-cefe-4cdb-994a-d3058b92b2cd",
    "OBJECTID": 5019,
    "liczba_tab": 1,
    "panel_1": "Osiedle Szkolne",
    "panel_2": null,
    "panel_3": null,
    "panel_4": null,
    "panel_5": null,
    "rodzaj_mon": "E",
    "typ": "emalia niebieska",
    "zabytkowa": "tak"
   },
   "type": "Feature"
  },
  {
   "geometry": {
    "coordinates": [
     20.048228,
     50.074813
    ],
    "type": "Point"
   },
   "id": 5021,
   "properties": {
    "GlobalID": "242b120c-d281-46e5-893b-66a33ecf781f",
    "OBJECTID": 5021,
    "liczba_tab": 1,
    "panel_1": "Osiedle Stalowe",
    "panel_2": null,
    "panel_3": null,
    "panel_4": null,
    "panel_5": null,
    "rodzaj_mon": "E",
    "typ": "emalia niebieska",
    "zabytkowa": "tak"
   },
   "type": "Feature"
  },
  {
   "geometry": {
    "coordinates": [
     20.04793,
     50.074741
    ],
    "type": "Point"
   },
   "id": 5022,
   "properties": {
    "GlobalID": "13610943-b8ec-4f97-b194-ae52ffc328b1",
    "OBJECTID": 5022,
    "liczba_tab": 1,
    "panel_1": "Osiedle Stalowe",
    "panel_2": null,
    "panel_3": null,
    "panel_4": null,
    "panel_5": null,
    "rodzaj_mon": "E",
    "typ": "emalia niebieska",
    "zabytkowa": "tak"
   },
   "type": "Feature"
  },
  {
   "geometry": {
    "coordinates": [
     20.047553,
     50.074642
    ],
    "type": "Point"
   },
   "id": 5023,
   "properties": {
    "GlobalID": "3f3dc659-173a-4fe6-a911-eeb0c969fbbb",
    "OBJECTID": 5023,
    "liczba_tab": 1,
    "panel_1": "Osiedle Stalowe",
    "panel_2": null,
    "panel_3": null,
    "panel_4": null,
    "panel_5": null,
    "rodzaj_mon": "E",
    "typ": "emalia niebieska",
    "zabytkowa": "tak"
   },
   "type": "Feature"
  },
  {
   "geometry": {
    "coordinates": [
     20.047387,
     50.074331
    ],
    "type": "Point"
   },
   "id": 5025,
   "properties": {
    "GlobalID": "eab0f1a2-83e1-4e32-b5d8-012ffe3bfeaa",
    "OBJECTID": 5025,
    "liczba_tab": 1,
    "panel_1": "Osiedle Stalowe",
    "panel_2": null,
    "panel_3": null,
    "panel_4": null,
    "panel_5": null,
    "rodzaj_mon": "E",
    "typ": "emalia niebieska",
    "zabytkowa": "tak"
   },
   "type": "Feature"
  },
  {
   "geometry": {
    "coordinates": [
     20.047642,
     50.073898
    ],
    "type": "Point"
   },
   "id": 5026,
   "properties": {
    "GlobalID": "aeabe049-02e3-4271-a802-0399fd525548",
    "OBJECTID": 5026,
    "liczba_tab": 1,
    "panel_1": "Władysława Orkana",
    "panel_2": null,
    "panel_3": null,
    "panel_4": null,
    "panel_5": null,
    "rodzaj_mon": "E",
    "typ": "emalia biała",
    "zabytkowa": "tak"
   },
   "type": "Feature"
  },
  {
   "geometry": {
    "coordinates": [
     20.047996,
     50.073443
    ],
    "type": "Point"
   },
   "id": 5027,
   "properties": {
    "GlobalID": "7b5577b4-9b05-454d-8e63-5edf1ab3658a",
    "OBJECTID": 5027,
    "liczba_tab": 1,
    "panel_1": "Władysława Orkana",
    "panel_2": null,
    "panel_3": null,
    "panel_4": null,
    "panel_5": null,
    "rodzaj_mon": "E",
    "typ": "emalia biała",
    "zabytkowa": "tak"
   },
   "type": "Feature"
  },
  {
   "geometry": {
    "coordinates": [
     20.04962,
     50.073134
    ],
    "type": "Point"
   },
   "id": 5028,
   "properties": {
    "GlobalID": "142bf8fa-bd20-4fed-b9a8-66fb343c59ee",
    "OBJECTID": 5028,
    "liczba_tab": 1,
    "panel_1": "Władysława Orkana",
    "panel_2": null,
    "panel_3": null,
    "panel_4": null,
    "panel_5": null,
    "rodzaj_mon": "E",
    "typ": "emalia biała",
    "zabytkowa": "tak"
   },
   "type": "Feature"
  },
  {
   "geometry": {
    "coordinates": [
     20.04962,
     50.073134
    ],
    "type": "Point"
   },
   "id": 5029,
   "properties": {
    "GlobalID": "8d67ae02-5171-41e8-b49e-3e6adbed3c64",
    "OBJECTID": 5029,
    "liczba_tab": 1,
    "panel_1": "Osiedle Willowe",
    "panel_2": null,
    "panel_3": null,
    "panel_4": null,
    "panel_5": null,
    "rodzaj_mon": "E",
    "typ": "emalia niebieska",
    "zabytkowa": "tak"
   },
   "type": "Feature"
  },
  {
   "geometry": {
    "coordinates": [
     20.050772,
     50.073019
    ],
    "type": "Point"
   },
   "id": 5030,
   "properties": {
    "GlobalID": "2e147664-e85a-435c-bccc-62568a3d4d1d",
    "OBJECTID": 5030,
    "liczba_tab": 1,
    "panel_1": "Osiedle Willowe",
    "panel_2": null,
    "panel_3": null,
    "panel_4": null,
    "panel_5": null,
    "rodzaj_mon": "E",
    "typ": "emalia niebieska",
    "zabytkowa": "tak"
   },
   "type": "Feature"
  },
  {
   "geometry": {
    "coordinates": [
     20.051111,
     50.073327
    ],
    "type": "Point"
   },
   "id": 5031,
   "properties": {
    "GlobalID": "1c486c16-8d24-4f15-9d79-f290e2a68a74",
    "OBJECTID": 5031,
    "liczba_tab": 1,
    "panel_1": "Władysława Orkana",
    "panel_2": null,
    "panel_3": null,
    "panel_4": null,
    "panel_5": null,
    "rodzaj_mon": "E",
    "typ": "emalia biała",
    "zabytkowa": "tak"
   },
   "type": "Feature"
  },
  {
   "geometry": {
    "coordinates": [
     20.051111,
     50.073327
    ],
    "type": "Point"
   },
   "id": 5032,
   "properties": {
    "GlobalID": "9f7d53c2-9472-4831-b662-f6ec345286b6",
    "OBJECTID": 5032,
    "liczba_tab": 1,
    "panel_1": "Osiedle Stalowe",
    "panel_2": null,
    "panel_3": null,
    "panel_4": null,
    "panel_5": null,
    "rodzaj_mon": "E",
    "typ": "emalia niebieska",
    "zabytkowa": "tak"
   },
   "type": "Feature"
  },
  {
   "geometry": {
    "coordinates": [
     20.05285,
     50.073029
    ],
    "type": "Point"
   },
   "id": 5034,
   "properties": {
    "GlobalID": "340dee84-ee7e-4b5e-912c-23a3a6f91a4b",
    "OBJECTID": 5034,
    "liczba_tab": 1,
    "panel_1": "Władysława Orkana",
    "panel_2": null,
    "panel_3": null,
    "panel_4": null,
    "panel_5": null,
    "rodzaj_mon": "E",
    "typ": "emalia biała",
    "zabytkowa": "tak"
   },
   "type": "Feature"
  },
  {
   "geometry": {
    "coordinates": [
     20.05306,
     50.072994
    ],
    "type": "Point"
   },
   "id": 5035,
   "properties": {
    "GlobalID": "abb6c0df-12d5-4407-a6a1-a64ffe3e77d2",
    "OBJECTID": 5035,
    "liczba_tab": 1,
    "panel_1": "Władysława Orkana",
    "panel_2": null,
    "panel_3": null,
    "panel_4": null,
    "panel_5": null,
    "rodzaj_mon": "E",
    "typ": "emalia biała",
    "zabytkowa": "tak"
   },
   "type": "Feature"
  },
  {
   "geometry": {
    "coordinates": [
     20.051375,
     50.072906
    ],
    "type": "Point"
   },
   "id": 5037,
   "properties": {
    "GlobalID": "eb93bf51-0bbd-4160-94d1-0ac7d985c226",
    "OBJECTID": 5037,
    "liczba_tab": 1,
    "panel_1": "Osiedle Willowe",
    "panel_2": null,
    "panel_3": null,
    "panel_4": null,
    "panel_5": null,
    "rodzaj_mon": "E",
    "typ": "emalia niebieska",
    "zabytkowa": "tak"
   },
   "type": "Feature"
  },
  {
   "geometry": {
    "coordinates": [
     20.051443,
     50.072674
    ],
    "type": "Point"
   },
   "id": 5038,
   "properties": {
    "GlobalID": "19cec3c8-8eca-43ed-b69a-1176d3d5913a",
    "OBJECTID": 5038,
    "liczba_tab": 1,
    "panel_1": "Osiedle Willowe",
    "panel_2": null,
    "panel_3": null,
    "panel_4": null,
    "panel_5": null,
    "rodzaj_mon": "E",
    "typ": "emalia niebieska",
    "zabytkowa": "tak"
   },
   "type": "Feature"
  },
  {
   "geometry": {
    "coordinates": [
     20.051756,
     50.072228
    ],
    "type": "Point"
   },
   "id": 5039,
   "properties": {
    "GlobalID": "d069eff8-95ec-47e5-a9de-f58b3ebec028",
    "OBJECTID": 5039,
    "liczba_tab": 1,
    "panel_1": "Osiedle Willowe",
    "panel_2": null,
    "panel_3": null,
    "panel_4": null,
    "panel_5": null,
    "rodzaj_mon": "E",
    "typ": "emalia niebieska",
    "zabytkowa": "tak"
   },
   "type": "Feature"
  },
  {
   "geometry": {
    "coordinates": [
     20.051744,
     50.071952
    ],
    "type": "Point"
   },
   "id": 5040,
   "properties": {
    "GlobalID": "ca888c69-4cc6-43dd-8bb5-f4844221ab38",
    "OBJECTID": 5040,
    "liczba_tab": 1,
    "panel_1": "Osiedle Willowe",
    "panel_2": null,
    "panel_3": null,
    "panel_4": null,
    "panel_5": null,
    "rodzaj_mon": "E",
    "typ": "emalia niebieska",
    "zabytkowa": "tak"
   },
   "type": "Feature"
  },
  {
   "geometry": {
    "coordinates": [
     20.051318,
     50.071935
    ],
    "type": "Point"
   },
   "id": 5041,
   "properties": {
    "GlobalID": "5fab8060-c623-4812-beee-de2c738161ce",
    "OBJECTID": 5041,
    "liczba_tab": 1,
    "panel_1": "Henryka Rutkowskiego",
    "panel_2": null,
    "panel_3": null,
    "panel_4": null,
    "panel_5": null,
    "rodzaj_mon": "E",
    "typ": "emalia niebieska",
    "zabytkowa": "tak"
   },
   "type": "Feature"
  },
  {
   "geometry": {
    "coordinates": [
     20.051183,
     50.071696
    ],
    "type": "Point"
   },
   "id": 5042,
   "properties": {
    "GlobalID": "0e7b0b74-3d9d-459d-b10b-166c68709102",
    "OBJECTID": 5042,
    "liczba_tab": 1,
    "panel_1": "Osiedle Willowe",
    "panel_2": null,
    "panel_3": null,
    "panel_4": null,
    "panel_5": null,
    "rodzaj_mon": "E",
    "typ": "emalia niebieska",
    "zabytkowa": "tak"
   },
   "type": "Feature"
  },
  {
   "geometry": {
    "coordinates": [
     20.046907,
     50.071613
    ],
    "type": "Point"
   },
   "id": 5043,
   "properties": {
    "GlobalID": "cb7820dc-efce-46db-97d8-123175ba1b7b",
    "OBJECTID": 5043,
    "liczba_tab": 1,
    "panel_1": "Stanisława Mierzwy",
    "panel_2": null,
    "panel_3": null,
    "panel_4": null,
    "panel_5": null,
    "rodzaj_mon": "E",
    "typ": "emalia biała",
    "zabytkowa": "tak"
   },
   "type": "Feature"
  },
  {
   "geometry": {
    "coordinates": [
     20.046388,
     50.070685
    ],
    "type": "Point"
   },
   "id": 5044,
   "properties": {
    "GlobalID": "c16ab7b5-5b30-45b1-8ddf-ee64048988d2",
    "OBJECTID": 5044,
    "liczba_tab": 1,
    "panel_1": "Osiedle Wandy",
    "panel_2": null,
    "panel_3": null,
    "panel_4": null,
    "panel_5": null,
    "rodzaj_mon": "E",
    "typ": "emalia niebieska",
    "zabytkowa": "tak"
   },
   "type": "Feature"
  },
  {
   "geometry": {
    "coordinates": [
     20.04653,
     50.071015
    ],
    "type": "Point"
   },
   "id": 5045,
   "properties": {
    "GlobalID": "4ca9e546-2cc1-4574-ab74-6acce1d356e1",
    "OBJECTID": 5045,
    "liczba_tab": 1,
    "panel_1": "Osiedle Wandy",
    "panel_2": null,
    "panel_3": null,
    "panel_4": null,
    "panel_5": null,
    "rodzaj_mon": "E",
    "typ": "emalia niebieska",
    "zabytkowa": "tak"
   },
   "type": "Feature"
  },
  {
   "geometry": {
    "coordinates": [
     20.046514,
     50.072053
    ],
    "type": "Point"
   },
   "id": 5047,
   "properties": {
    "GlobalID": "76e67f0e-e95e-4216-b73d-4f362b810397",
    "OBJECTID": 5047,
    "liczba_tab": 1,
    "panel_1": "Stanisława Mierzwy",
    "panel_2": null,
    "panel_3": null,
    "panel_4": null,
    "panel_5": null,
    "rodzaj_mon": "E",
    "typ": "emalia biała",
    "zabytkowa": "tak"
   },
   "type": "Feature"
  },
  {
   "geometry": {
    "coordinates": [
     20.043311,
     50.072616
    ],
    "type": "Point"
   },
   "id": 5048,
   "properties": {
    "GlobalID": "ba2cbf81-69ce-4407-b060-d902513d6d87",
    "OBJECTID": 5048,
    "liczba_tab": 1,
    "panel_1": "Stanisława Mierzwy",
    "panel_2": null,
    "panel_3": null,
    "panel_4": null,
    "panel_5": null,
    "rodzaj_mon": "E",
    "typ": "emalia biała",
    "zabytkowa": "tak"
   },
   "type": "Feature"
  },
  {
   "geometry": {
    "coordinates": [
     20.043311,
     50.072616
    ],
    "type": "Point"
   },
   "id": 5049,
   "properties": {
    "GlobalID": "cdead395-8c64-4152-984c-ba924f381846",
    "OBJECTID": 5049,
    "liczba_tab": 1,
    "panel_1": "Osiedle Hutnicze",
    "panel_2": null,
    "panel_3": null,
    "panel_4": null,
    "panel_5": null,
    "rodzaj_mon": "E",
    "typ": "emalia niebieska",
    "zabytkowa": "tak"
   },
   "type": "Feature"
  },
  {
   "geometry": {
    "coordinates": [
     19.961846,
     49.973628
    ],
    "type": "Point"
   },
   "id": 5069,
   "properties": {
    "GlobalID": "23822ac6-4ae5-4a8b-93c5-8d56342c6d66",
    "OBJECTID": 5069,
    "liczba_tab": 1,
    "panel_1": "Ulica Matematyków Krakowskich",
    "panel_2": null,
    "panel_3": null,
    "panel_4": null,
    "panel_5": null,
    "rodzaj_mon": "O",
    "typ": "emalia biała",
    "zabytkowa": "tak"
   },
   "type": "Feature"
  },
  {
   "geometry": {
    "coordinates": [
     19.960819,
     49.973571
    ],
    "type": "Point"
   },
   "id": 5070,
   "properties": {
    "GlobalID": "8d3785c2-0d52-4b3f-bca7-973e5cbaf06e",
    "OBJECTID": 5070,
    "liczba_tab": 1,
    "panel_1": "Ulica Matematyków Krakowskich",
    "panel_2": null,
    "panel_3": null,
    "panel_4": null,
    "panel_5": null,
    "rodzaj_mon": "E",
    "typ": "emalia biała",
    "zabytkowa": "tak"
   },
   "type": "Feature"
  },
  {
   "geometry": {
    "coordinates": [
     19.951127,
     49.976611
    ],
    "type": "Point"
   },
   "id": 5096,
   "properties": {
    "GlobalID": "3aba0a14-4606-45ac-ab21-09aed0fbddae",
    "OBJECTID": 5096,
    "liczba_tab": 1,
    "panel_1": "Ulica Stanisława Grzepskiego",
    "panel_2": null,
    "panel_3": null,
    "panel_4": null,
    "panel_5": null,
    "rodzaj_mon": "O",
    "typ": "emalia biała",
    "zabytkowa": "tak"
   },
   "type": "Feature"
  },
  {
   "geometry": {
    "coordinates": [
     19.96097,
     49.983115
    ],
    "type": "Point"
   },
   "id": 5103,
   "properties": {
    "GlobalID": "b4761dc1-3484-4760-a43a-650206fa9850",
    "OBJECTID": 5103,
    "liczba_tab": 1,
    "panel_1": "Ulica Lwa Landaua",
    "panel_2": null,
    "panel_3": null,
    "panel_4": null,
    "panel_5": null,
    "rodzaj_mon": "E",
    "typ": "emalia biała",
    "zabytkowa": "tak"
   },
   "type": "Feature"
  },
  {
   "geometry": {
    "coordinates": [
     19.95462,
     50.090053
    ],
    "type": "Point"
   },
   "id": 5114,
   "properties": {
    "GlobalID": "4a502628-cab8-4a07-bafe-ca944f1763ed",
    "OBJECTID": 5114,
    "liczba_tab": 1,
    "panel_1": "Nad Strugą",
    "panel_2": null,
    "panel_3": null,
    "panel_4": null,
    "panel_5": null,
    "rodzaj_mon": "E",
    "typ": "emalia biała",
    "zabytkowa": "tak"
   },
   "type": "Feature"
  },
  {
   "geometry": {
    "coordinates": [
     19.955616,
     49.984571
    ],
    "type": "Point"
   },
   "id": 5116,
   "properties": {
    "GlobalID": "befdc682-6182-44a6-910e-8756df4914d3",
    "OBJECTID": 5116,
    "liczba_tab": 1,
    "panel_1": "Ulica Dróżka",
    "panel_2": null,
    "panel_3": null,
    "panel_4": null,
    "panel_5": null,
    "rodzaj_mon": "O",
    "typ": "emalia biała",
    "zabytkowa": "tak"
   },
   "type": "Feature"
  },
  {
   "geometry": {
    "coordinates": [
     19.947145,
     49.984718
    ],
    "type": "Point"
   },
   "id": 5127,
   "properties": {
    "GlobalID": "79636a13-4003-4a4a-b7c3-7e0658107008",
    "OBJECTID": 5127,
    "liczba_tab": 1,
    "panel_1": "Ulica Prof. A. Bochnaka",
    "panel_2": null,
    "panel_3": null,
    "panel_4": null,
    "panel_5": null,
    "rodzaj_mon": "E",
    "typ": "emalia biała",
    "zabytkowa": "tak"
   },
   "type": "Feature"
  },
  {
   "geometry": {
    "coordinates": [
     19.952008,
     49.984254
    ],
    "type": "Point"
   },
   "id": 5131,
   "properties": {
    "GlobalID": "fe1fbf81-6764-4a2a-9c0c-6453c6618495",
    "OBJECTID": 5131,
    "liczba_tab": 1,
    "panel_1": "Ulica Wróblowicka",
    "panel_2": null,
    "panel_3": null,
    "panel_4": null,
    "panel_5": null,
    "rodzaj_mon": "O",
    "typ": "emalia biała",
    "zabytkowa": "tak"
   },
   "type": "Feature"
  },
  {
   "geometry": {
    "coordinates": [
     19.954178,
     49.979807
    ],
    "type": "Point"
   },
   "id": 5134,
   "properties": {
    "GlobalID": "ad17c282-3b31-4159-99b4-6686deca0abe",
    "OBJECTID": 5134,
    "liczba_tab": 1,
    "panel_1": "Ulica Henryka Niewodniczańskiego",
    "panel_2": null,
    "panel_3": null,
    "panel_4": null,
    "panel_5": null,
    "rodzaj_mon": "E",
    "typ": "emalia biała",
    "zabytkowa": "tak"
   },
   "type": "Feature"
  },
  {
   "geometry": {
    "coordinates": [
     19.945796,
     49.975724
    ],
    "type": "Point"
   },
   "id": 5135,
   "properties": {
    "GlobalID": "f1cf280b-580a-4324-b3c4-b63208ff0b42",
    "OBJECTID": 5135,
    "liczba_tab": 1,
    "panel_1": "Ulica Mirosława Krzyżanowskiego",
    "panel_2": null,
    "panel_3": null,
    "panel_4": null,
    "panel_5": null,
    "rodzaj_mon": "E",
    "typ": "emalia biała",
    "zabytkowa": "tak"
   },
   "type": "Feature"
  },
  {
   "geometry": {
    "coordinates": [
     19.945665,
     49.975849
    ],
    "type": "Point"
   },
   "id": 5139,
   "properties": {
    "GlobalID": "eb209e6a-5870-4a8f-b2c8-e772954c0a4e",
    "OBJECTID": 5139,
    "liczba_tab": 1,
    "panel_1": "Ulica Gościnna",
    "panel_2": null,
    "panel_3": null,
    "panel_4": null,
    "panel_5": null,
    "rodzaj_mon": "E",
    "typ": "emalia biała",
    "zabytkowa": "tak"
   },
   "type": "Feature"
  },
  {
   "geometry": {
    "coordinates": [
     19.942636,
     49.975861
    ],
    "type": "Point"
   },
   "id": 5140,
   "properties": {
    "GlobalID": "a1f00b12-9e5c-4185-abd6-6e4f545b1b07",
    "OBJECTID": 5140,
    "liczba_tab": 1,
    "panel_1": "Ulica Gościnna",
    "panel_2": null,
    "panel_3": null,
    "panel_4": null,
    "panel_5": null,
    "rodzaj_mon": "E",
    "typ": "emalia biała",
    "zabytkowa": "tak"
   },
   "type": "Feature"
  },
  {
   "geometry": {
    "coordinates": [
     19.941027,
     49.97606
    ],
    "type": "Point"
   },
   "id": 5141,
   "properties": {
    "GlobalID": "fea2e400-683e-4ef8-a2fe-48e7ebd7a6b0",
    "OBJECTID": 5141,
    "liczba_tab": 1,
    "panel_1": "Ulica Gościnna",
    "panel_2": null,
    "panel_3": null,
    "panel_4": null,
    "panel_5": null,
    "rodzaj_mon": "O",
    "typ": "emalia biała",
    "zabytkowa": "tak"
   },
   "type": "Feature"
  },
  {
   "geometry": {
    "coordinates": [
     19.94464,
     49.978806
    ],
    "type": "Point"
   },
   "id": 5143,
   "properties": {
    "GlobalID": "b2d54ce1-90c4-4ff3-a13a-68e61a5eee17",
    "OBJECTID": 5143,
    "liczba_tab": 1,
    "panel_1": "Ulica Mirosława Krzyżanowskiego",
    "panel_2": null,
    "panel_3": null,
    "panel_4": null,
    "panel_5": null,
    "rodzaj_mon": "E",
    "typ": "emalia biała",
    "zabytkowa": "tak"
   },
   "type": "Feature"
  },
  {
   "geometry": {
    "coordinates": [
     19.938725,
     49.981093
    ],
    "type": "Point"
   },
   "id": 5154,
   "properties": {
    "GlobalID": "343c10f4-0aa7-4674-8f69-0e97ab85d79f",
    "OBJECTID": 5154,
    "liczba_tab": 1,
    "panel_1": "Ulica Kajetana Koźmiana",
    "panel_2": null,
    "panel_3": null,
    "panel_4": null,
    "panel_5": null,
    "rodzaj_mon": "O",
    "typ": "emalia biała",
    "zabytkowa": "tak"
   },
   "type": "Feature"
  },
  {
   "geometry": {
    "coordinates": [
     19.947877,
     50.086704
    ],
    "type": "Point"
   },
   "id": 5181,
   "properties": {
    "GlobalID": "3ff7134d-20ab-450e-9471-9b90a6d5adc4",
    "OBJECTID": 5181,
    "liczba_tab": 1,
    "panel_1": "Żmujdzka",
    "panel_2": null,
    "panel_3": null,
    "panel_4": null,
    "panel_5": null,
    "rodzaj_mon": "E",
    "typ": "emalia biała",
    "zabytkowa": "tak"
   },
   "type": "Feature"
  },
  {
   "geometry": {
    "coordinates": [
     19.948762,
     50.086333
    ],
    "type": "Point"
   },
   "id": 5183,
   "properties": {
    "GlobalID": "8c422658-2ce5-484b-b974-5bb18ba93aa0",
    "OBJECTID": 5183,
    "liczba_tab": 1,
    "panel_1": "Żmujdzka",
    "panel_2": null,
    "panel_3": null,
    "panel_4": null,
    "panel_5": null,
    "rodzaj_mon": "E",
    "typ": "emalia biała",
    "zabytkowa": "tak"
   },
   "type": "Feature"
  },
  {
   "geometry": {
    "coordinates": [
     19.939919,
     50.090186
    ],
    "type": "Point"
   },
   "id": 5194,
   "properties": {
    "GlobalID": "3e6910bb-5622-4d5f-b1aa-1c91e9d62bc3",
    "OBJECTID": 5194,
    "liczba_tab": 1,
    "panel_1": "Janusza Korczaka ",
    "panel_2": null,
    "panel_3": null,
    "panel_4": null,
    "panel_5": null,
    "rodzaj_mon": "O",
    "typ": "emalia biała",
    "zabytkowa": "tak"
   },
   "type": "Feature"
  },
  {
   "geometry": {
    "coordinates": [
     19.926126,
     50.038497
    ],
    "type": "Point"
   },
   "id": 5200,
   "properties": {
    "GlobalID": "3a73c88f-9b51-4ae0-8b06-4a20b0364deb",
    "OBJECTID": 5200,
    "liczba_tab": 1,
    "panel_1": "Rozdroże",
    "panel_2": null,
    "panel_3": null,
    "panel_4": null,
    "panel_5": null,
    "rodzaj_mon": "E",
    "typ": "emalia biała",
    "zabytkowa": "tak"
   },
   "type": "Feature"
  },
  {
   "geometry": {
    "coordinates": [
     19.926348,
     50.044819
    ],
    "type": "Point"
   },
   "id": 5212,
   "properties": {
    "GlobalID": "73e88eb2-1bc8-4198-80c3-23b811e23948",
    "OBJECTID": 5212,
    "liczba_tab": 1,
    "panel_1": "Dworska",
    "panel_2": null,
    "panel_3": null,
    "panel_4": null,
    "panel_5": null,
    "rodzaj_mon": "E",
    "typ": "emalia biała",
    "zabytkowa": "tak"
   },
   "type": "Feature"
  },
  {
   "geometry": {
    "coordinates": [
     19.926323,
     50.044825
    ],
    "type": "Point"
   },
   "id": 5213,
   "properties": {
    "GlobalID": "971d1b83-8506-46be-9417-356a78ea4a09",
    "OBJECTID": 5213,
    "liczba_tab": 1,
    "panel_1": "Szwedzka",
    "panel_2": null,
    "panel_3": null,
    "panel_4": null,
    "panel_5": null,
    "rodzaj_mon": "E",
    "typ": "emalia biała",
    "zabytkowa": "tak"
   },
   "type": "Feature"
  },
  {
   "geometry": {
    "coordinates": [
     19.927006,
     50.046796
    ],
    "type": "Point"
   },
   "id": 5219,
   "properties": {
    "GlobalID": "2accfc9d-da13-4d7f-99e0-90beb01b8a68",
    "OBJECTID": 5219,
    "liczba_tab": 1,
    "panel_1": "Mieszczańska",
    "panel_2": null,
    "panel_3": null,
    "panel_4": null,
    "panel_5": null,
    "rodzaj_mon": "E",
    "typ": "emalia biała",
    "zabytkowa": "tak"
   },
   "type": "Feature"
  },
  {
   "geometry": {
    "coordinates": [
     19.927881,
     50.045798
    ],
    "type": "Point"
   },
   "id": 5220,
   "properties": {
    "GlobalID": "34d7401c-425e-451e-abe2-0024969cd910",
    "OBJECTID": 5220,
    "liczba_tab": 1,
    "panel_1": "Mieszczańska",
    "panel_2": null,
    "panel_3": null,
    "panel_4": null,
    "panel_5": null,
    "rodzaj_mon": "E",
    "typ": "emalia biała",
    "zabytkowa": "tak"
   },
   "type": "Feature"
  },
  {
   "geometry": {
    "coordinates": [
     19.934697,
     50.03505
    ],
    "type": "Point"
   },
   "id": 5244,
   "properties": {
    "GlobalID": "8931a401-82a7-4500-84cc-08b9e7b97c42",
    "OBJECTID": 5244,
    "liczba_tab": 1,
    "panel_1": "Rydlówka",
    "panel_2": null,
    "panel_3": null,
    "panel_4": null,
    "panel_5": null,
    "rodzaj_mon": "E",
    "typ": "metalowa biała",
    "zabytkowa": "tak"
   },
   "type": "Feature"
  },
  {
   "geometry": {
    "coordinates": [
     19.934716,
     50.035042
    ],
    "type": "Point"
   },
   "id": 5245,
   "properties": {
    "GlobalID": "4334d060-467b-4510-8c36-ca807b381c7f",
    "OBJECTID": 5245,
    "liczba_tab": 1,
    "panel_1": "Aleja Generała Jana Skrzyneckiego",
    "panel_2": null,
    "panel_3": null,
    "panel_4": null,
    "panel_5": null,
    "rodzaj_mon": "E",
    "typ": "metalowa biała",
    "zabytkowa": "tak"
   },
   "type": "Feature"
  },
  {
   "geometry": {
    "coordinates": [
     20.117368,
     50.115851
    ],
    "type": "Point"
   },
   "id": 5251,
   "properties": {
    "GlobalID": "84fda407-b45a-4369-a597-18d2e9e2c26e",
    "OBJECTID": 5251,
    "liczba_tab": 1,
    "panel_1": "Józefa Pankiewicza ",
    "panel_2": null,
    "panel_3": null,
    "panel_4": null,
    "panel_5": null,
    "rodzaj_mon": "O",
    "typ": "emalia biała",
    "zabytkowa": "tak"
   },
   "type": "Feature"
  },
  {
   "geometry": {
    "coordinates": [
     19.970301,
     50.025662
    ],
    "type": "Point"
   },
   "id": 5259,
   "properties": {
    "GlobalID": "3ecc2a36-b9ab-4b02-9b9a-bcf3173253df",
    "OBJECTID": 5259,
    "liczba_tab": 1,
    "panel_1": "Ulica Tomasza Zana",
    "panel_2": null,
    "panel_3": null,
    "panel_4": null,
    "panel_5": null,
    "rodzaj_mon": "E",
    "typ": "emalia niebieska",
    "zabytkowa": "tak"
   },
   "type": "Feature"
  },
  {
   "geometry": {
    "coordinates": [
     19.969947,
     50.026509
    ],
    "type": "Point"
   },
   "id": 5262,
   "properties": {
    "GlobalID": "a4a2de7a-90b7-4e71-8d3a-7622b2765988",
    "OBJECTID": 5262,
    "liczba_tab": 1,
    "panel_1": "Ulica Wiktora Heltmana",
    "panel_2": null,
    "panel_3": null,
    "panel_4": null,
    "panel_5": null,
    "rodzaj_mon": "E",
    "typ": "emalia biała",
    "zabytkowa": "tak"
   },
   "type": "Feature"
  },
  {
   "geometry": {
    "coordinates": [
     20.114779,
     50.109965
    ],
    "type": "Point"
   },
   "id": 5264,
   "properties": {
    "GlobalID": "8254f697-8059-4266-b87e-0c747d5e4c25",
    "OBJECTID": 5264,
    "liczba_tab": 1,
    "panel_1": "Jana Stanisława Bystronia",
    "panel_2": null,
    "panel_3": null,
    "panel_4": null,
    "panel_5": null,
    "rodzaj_mon": "E",
    "typ": "emalia biała",
    "zabytkowa": "tak"
   },
   "type": "Feature"
  },
  {
   "geometry": {
    "coordinates": [
     19.96568,
     50.025016
    ],
    "type": "Point"
   },
   "id": 5274,
   "properties": {
    "GlobalID": "2e4ca539-420e-426b-aa38-28fe6d001835",
    "OBJECTID": 5274,
    "liczba_tab": 1,
    "panel_1": "Ulica Krawiecka",
    "panel_2": null,
    "panel_3": null,
    "panel_4": null,
    "panel_5": null,
    "rodzaj_mon": "O",
    "typ": "emalia biała",
    "zabytkowa": "tak"
   },
   "type": "Feature"
  },
  {
   "geometry": {
    "coordinates": [
     19.965876,
     50.022564
    ],
    "type": "Point"
   },
   "id": 5278,
   "properties": {
    "GlobalID": "ef85c0fc-f25b-4c2f-b20b-47a4a3fa85d6",
    "OBJECTID": 5278,
    "liczba_tab": 1,
    "panel_1": "Ulica Malborska",
    "panel_2": null,
    "panel_3": null,
    "panel_4": null,
    "panel_5": null,
    "rodzaj_mon": "E",
    "typ": "emalia biała",
    "zabytkowa": "tak"
   },
   "type": "Feature"
  },
  {
   "geometry": {
    "coordinates": [
     19.965778,
     50.022567
    ],
    "type": "Point"
   },
   "id": 5279,
   "properties": {
    "GlobalID": "cfaf64db-078e-42d4-b7bc-2bc491815e5d",
    "OBJECTID": 5279,
    "liczba_tab": 1,
    "panel_1": "Ulica Szkolna",
    "panel_2": null,
    "panel_3": null,
    "panel_4": null,
    "panel_5": null,
    "rodzaj_mon": "E",
    "typ": "emalia biała",
    "zabytkowa": "tak"
   },
   "type": "Feature"
  },
  {
   "geometry": {
    "coordinates": [
     19.964997,
     50.023847
    ],
    "type": "Point"
   },
   "id": 5286,
   "properties": {
    "GlobalID": "b0b2f8c8-0ae9-4fac-83ab-349845521672",
    "OBJECTID": 5286,
    "liczba_tab": 1,
    "panel_1": "Ul. Szkolna",
    "panel_2": null,
    "panel_3": null,
    "panel_4": null,
    "panel_5": null,
    "rodzaj_mon": "E",
    "typ": "emalia niebieska",
    "zabytkowa": "tak"
   },
   "type": "Feature"
  },
  {
   "geometry": {
    "coordinates": [
     19.96319,
     50.02681
    ],
    "type": "Point"
   },
   "id": 5291,
   "properties": {
    "GlobalID": "86a9dbfa-bd21-485a-8344-efae9a7ca536",
    "OBJECTID": 5291,
    "liczba_tab": 1,
    "panel_1": "Ulica Łabędzia",
    "panel_2": null,
    "panel_3": null,
    "panel_4": null,
    "panel_5": null,
    "rodzaj_mon": "O",
    "typ": "emalia biała",
    "zabytkowa": "tak"
   },
   "type": "Feature"
  },
  {
   "geometry": {
    "coordinates": [
     20.101173,
     50.118162
    ],
    "type": "Point"
   },
   "id": 5292,
   "properties": {
    "GlobalID": "eb529528-65ed-4865-bc2d-5bb10bf0ee0d",
    "OBJECTID": 5292,
    "liczba_tab": 1,
    "panel_1": "Soczyny",
    "panel_2": null,
    "panel_3": null,
    "panel_4": null,
    "panel_5": null,
    "rodzaj_mon": "E",
    "typ": "emalia biała",
    "zabytkowa": "tak"
   },
   "type": "Feature"
  },
  {
   "geometry": {
    "coordinates": [
     19.962309,
     50.026768
    ],
    "type": "Point"
   },
   "id": 5293,
   "properties": {
    "GlobalID": "cff44092-31ba-4661-ac7b-0da73fe85286",
    "OBJECTID": 5293,
    "liczba_tab": 2,
    "panel_1": "Pańska",
    "panel_2": "Maurycego Mochnackiego",
    "panel_3": null,
    "panel_4": null,
    "panel_5": null,
    "rodzaj_mon": "S",
    "typ": "metalowa niebieska",
    "zabytkowa": "tak"
   },
   "type": "Feature"
  },
  {
   "geometry": {
    "coordinates": [
     20.037835,
     50.085351
    ],
    "type": "Point"
   },
   "id": 5296,
   "properties": {
    "GlobalID": "34d55a3d-61b4-4f33-bdf2-695113eefcae",
    "OBJECTID": 5296,
    "liczba_tab": 1,
    "panel_1": "Cienista",
    "panel_2": null,
    "panel_3": null,
    "panel_4": null,
    "panel_5": null,
    "rodzaj_mon": "E",
    "typ": "emalia biała",
    "zabytkowa": "tak"
   },
   "type": "Feature"
  },
  {
   "geometry": {
    "coordinates": [
     20.03244,
     50.086481
    ],
    "type": "Point"
   },
   "id": 5298,
   "properties": {
    "GlobalID": "ec6fada2-01da-4e4c-aaf6-32c557673299",
    "OBJECTID": 5298,
    "liczba_tab": 1,
    "panel_1": "Cienista",
    "panel_2": null,
    "panel_3": null,
    "panel_4": null,
    "panel_5": null,
    "rodzaj_mon": "E",
    "typ": "emalia biała",
    "zabytkowa": "tak"
   },
   "type": "Feature"
  },
  {
   "geometry": {
    "coordinates": [
     20.104066,
     50.109845
    ],
    "type": "Point"
   },
   "id": 5311,
   "properties": {
    "GlobalID": "89beb80d-794f-4288-a5ea-c6bed4f2ca83",
    "OBJECTID": 5311,
    "liczba_tab": 1,
    "panel_1": "Aleksandra Orłowski ",
    "panel_2": null,
    "panel_3": null,
    "panel_4": null,
    "panel_5": null,
    "rodzaj_mon": "O",
    "typ": "emalia biała",
    "zabytkowa": "tak"
   },
   "type": "Feature"
  },
  {
   "geometry": {
    "coordinates": [
     20.106109,
     50.109604
    ],
    "type": "Point"
   },
   "id": 5318,
   "properties": {
    "GlobalID": "99d8129d-fb22-4c30-84fc-f7f05a618b0b",
    "OBJECTID": 5318,
    "liczba_tab": 1,
    "panel_1": "Aleksandra Orłowskiego ",
    "panel_2": null,
    "panel_3": null,
    "panel_4": null,
    "panel_5": null,
    "rodzaj_mon": "O",
    "typ": "emalia biała",
    "zabytkowa": "tak"
   },
   "type": "Feature"
  },
  {
   "geometry": {
    "coordinates": [
     19.957333,
     50.022365
    ],
    "type": "Point"
   },
   "id": 5319,
   "properties": {
    "GlobalID": "9e7c0264-b08f-45ac-8815-aa5d0e632a30",
    "OBJECTID": 5319,
    "liczba_tab": 1,
    "panel_1": "Ulica Edwarda Heila",
    "panel_2": null,
    "panel_3": null,
    "panel_4": null,
    "panel_5": null,
    "rodzaj_mon": "E",
    "typ": "emalia biała",
    "zabytkowa": "tak"
   },
   "type": "Feature"
  },
  {
   "geometry": {
    "coordinates": [
     19.952814,
     50.021579
    ],
    "type": "Point"
   },
   "id": 5328,
   "properties": {
    "GlobalID": "ea00c968-dc2a-45fc-8abd-54b308966c9f",
    "OBJECTID": 5328,
    "liczba_tab": 1,
    "panel_1": "Ul. Wspólna",
    "panel_2": null,
    "panel_3": null,
    "panel_4": null,
    "panel_5": null,
    "rodzaj_mon": "E",
    "typ": "emalia niebieska",
    "zabytkowa": "tak"
   },
   "type": "Feature"
  },
  {
   "geometry": {
    "coordinates": [
     19.954439,
     50.020201
    ],
    "type": "Point"
   },
   "id": 5330,
   "properties": {
    "GlobalID": "c11580d4-6116-49af-abed-815be02240d8",
    "OBJECTID": 5330,
    "liczba_tab": 1,
    "panel_1": "Ulica Wspólna",
    "panel_2": null,
    "panel_3": null,
    "panel_4": null,
    "panel_5": null,
    "rodzaj_mon": "E",
    "typ": "emalia zielona",
    "zabytkowa": "tak"
   },
   "type": "Feature"
  },
  {
   "geometry": {
    "coordinates": [
     19.959932,
     50.019301
    ],
    "type": "Point"
   },
   "id": 5344,
   "properties": {
    "GlobalID": "de211520-6246-43b6-9911-3b6e2f65eec5",
    "OBJECTID": 5344,
    "liczba_tab": 1,
    "panel_1": "Ulica Turniejowa",
    "panel_2": null,
    "panel_3": null,
    "panel_4": null,
    "panel_5": null,
    "rodzaj_mon": "E",
    "typ": "emalia biała",
    "zabytkowa": "tak"
   },
   "type": "Feature"
  },
  {
   "geometry": {
    "coordinates": [
     20.108632,
     50.105405
    ],
    "type": "Point"
   },
   "id": 5346,
   "properties": {
    "GlobalID": "8945c668-40fd-4c7b-b2d6-a69c54f726a1",
    "OBJECTID": 5346,
    "liczba_tab": 1,
    "panel_1": "Władysława Szkoczylasa ",
    "panel_2": null,
    "panel_3": null,
    "panel_4": null,
    "panel_5": null,
    "rodzaj_mon": "Se",
    "typ": "emalia biała",
    "zabytkowa": "tak"
   },
   "type": "Feature"
  },
  {
   "geometry": {
    "coordinates": [
     19.957221,
     50.018927
    ],
    "type": "Point"
   },
   "id": 5357,
   "properties": {
    "GlobalID": "15901e8e-8d12-40a7-833c-528551ca240b",
    "OBJECTID": 5357,
    "liczba_tab": 1,
    "panel_1": "Ulica Podgwiezdna",
    "panel_2": null,
    "panel_3": null,
    "panel_4": null,
    "panel_5": null,
    "rodzaj_mon": "O",
    "typ": "emalia biała",
    "zabytkowa": "tak"
   },
   "type": "Feature"
  },
  {
   "geometry": {
    "coordinates": [
     19.959007,
     50.017893
    ],
    "type": "Point"
   },
   "id": 5369,
   "properties": {
    "GlobalID": "d3333eb6-daac-4dcf-81fe-f930f317c560",
    "OBJECTID": 5369,
    "liczba_tab": 1,
    "panel_1": "Ulica Dobczycka",
    "panel_2": null,
    "panel_3": null,
    "panel_4": null,
    "panel_5": null,
    "rodzaj_mon": "O",
    "typ": "emalia biała",
    "zabytkowa": "tak"
   },
   "type": "Feature"
  },
  {
   "geometry": {
    "coordinates": [
     19.95749,
     50.017145
    ],
    "type": "Point"
   },
   "id": 5383,
   "properties": {
    "GlobalID": "c50189f7-d6b0-49a2-9880-48e54561516d",
    "OBJECTID": 5383,
    "liczba_tab": 1,
    "panel_1": "Ulica Przekątna",
    "panel_2": null,
    "panel_3": null,
    "panel_4": null,
    "panel_5": null,
    "rodzaj_mon": "O",
    "typ": "emalia biała",
    "zabytkowa": "tak"
   },
   "type": "Feature"
  },
  {
   "geometry": {
    "coordinates": [
     19.963469,
     50.016107
    ],
    "type": "Point"
   },
   "id": 5399,
   "properties": {
    "GlobalID": "7692daaa-8dd4-4635-96ae-df8d246ccbb7",
    "OBJECTID": 5399,
    "liczba_tab": 1,
    "panel_1": "Ulica Franciszka Karpińskiego",
    "panel_2": null,
    "panel_3": null,
    "panel_4": null,
    "panel_5": null,
    "rodzaj_mon": "E",
    "typ": "emalia biała",
    "zabytkowa": "tak"
   },
   "type": "Feature"
  },
  {
   "geometry": {
    "coordinates": [
     20.033571,
     50.084593
    ],
    "type": "Point"
   },
   "id": 5415,
   "properties": {
    "GlobalID": "2b3890b9-d74e-4f23-be27-51a0b8c455ce",
    "OBJECTID": 5415,
    "liczba_tab": 1,
    "panel_1": "Szybka ",
    "panel_2": null,
    "panel_3": null,
    "panel_4": null,
    "panel_5": null,
    "rodzaj_mon": "E",
    "typ": "emalia biała",
    "zabytkowa": "tak"
   },
   "type": "Feature"
  },
  {
   "geometry": {
    "coordinates": [
     19.921809,
     50.082678
    ],
    "type": "Point"
   },
   "id": 5438,
   "properties": {
    "GlobalID": "03e087c9-d777-4cc3-a0af-d8d650170c5a",
    "OBJECTID": 5438,
    "liczba_tab": 1,
    "panel_1": "Pod fortem ",
    "panel_2": null,
    "panel_3": null,
    "panel_4": null,
    "panel_5": null,
    "rodzaj_mon": "E",
    "typ": "emalia biała",
    "zabytkowa": "tak"
   },
   "type": "Feature"
  },
  {
   "geometry": {
    "coordinates": [
     20.013296,
     50.084898
    ],
    "type": "Point"
   },
   "id": 5444,
   "properties": {
    "GlobalID": "12273e88-32bc-467b-aae0-24f3f7161fe2",
    "OBJECTID": 5444,
    "liczba_tab": 1,
    "panel_1": "Osiedle Kościuszkowskie ",
    "panel_2": null,
    "panel_3": null,
    "panel_4": null,
    "panel_5": null,
    "rodzaj_mon": "E",
    "typ": "emalia biała",
    "zabytkowa": "tak"
   },
   "type": "Feature"
  },
  {
   "geometry": {
    "coordinates": [
     19.912095,
     50.088348
    ],
    "type": "Point"
   },
   "id": 5450,
   "properties": {
    "GlobalID": "ab61e0b9-0f9c-452b-b720-447fc42f91eb",
    "OBJECTID": 5450,
    "liczba_tab": 1,
    "panel_1": "Gdyńska ",
    "panel_2": null,
    "panel_3": null,
    "panel_4": null,
    "panel_5": null,
    "rodzaj_mon": "O",
    "typ": "emalia biała",
    "zabytkowa": "tak"
   },
   "type": "Feature"
  },
  {
   "geometry": {
    "coordinates": [
     19.912453,
     50.087034
    ],
    "type": "Point"
   },
   "id": 5455,
   "properties": {
    "GlobalID": "2c79939d-b3a0-4f3a-a729-853a92a763bb",
    "OBJECTID": 5455,
    "liczba_tab": 1,
    "panel_1": "Józefa Chełmońskiego",
    "panel_2": null,
    "panel_3": null,
    "panel_4": null,
    "panel_5": null,
    "rodzaj_mon": "E",
    "typ": "emalia biała",
    "zabytkowa": "tak"
   },
   "type": "Feature"
  },
  {
   "geometry": {
    "coordinates": [
     19.912152,
     50.086838
    ],
    "type": "Point"
   },
   "id": 5457,
   "properties": {
    "GlobalID": "67a22745-25f8-46cb-9c6c-36af843a87df",
    "OBJECTID": 5457,
    "liczba_tab": 1,
    "panel_1": "Murarska ",
    "panel_2": null,
    "panel_3": null,
    "panel_4": null,
    "panel_5": null,
    "rodzaj_mon": "E",
    "typ": "emalia biała",
    "zabytkowa": "tak"
   },
   "type": "Feature"
  },
  {
   "geometry": {
    "coordinates": [
     19.928709,
     50.048378
    ],
    "type": "Point"
   },
   "id": 5469,
   "properties": {
    "GlobalID": "75b3f836-3315-4e67-998d-a1bf37fdc128",
    "OBJECTID": 5469,
    "liczba_tab": 1,
    "panel_1": "Konfederacka",
    "panel_2": null,
    "panel_3": null,
    "panel_4": null,
    "panel_5": null,
    "rodzaj_mon": "E",
    "typ": "emalia biała",
    "zabytkowa": "tak"
   },
   "type": "Feature"
  },
  {
   "geometry": {
    "coordinates": [
     19.912573,
     50.086329
    ],
    "type": "Point"
   },
   "id": 5473,
   "properties": {
    "GlobalID": "21d72791-37d7-41fc-ace6-93d6004deb6d",
    "OBJECTID": 5473,
    "liczba_tab": 1,
    "panel_1": "Piotra Wysockiego ",
    "panel_2": null,
    "panel_3": null,
    "panel_4": null,
    "panel_5": null,
    "rodzaj_mon": "E",
    "typ": "emalia biała",
    "zabytkowa": "tak"
   },
   "type": "Feature"
  },
  {
   "geometry": {
    "coordinates": [
     19.912827,
     50.086584
    ],
    "type": "Point"
   },
   "id": 5475,
   "properties": {
    "GlobalID": "6a687504-8e80-443c-98c5-cbaf51bf3401",
    "OBJECTID": 5475,
    "liczba_tab": 1,
    "panel_1": "Piotra Wysockiego ",
    "panel_2": null,
    "panel_3": null,
    "panel_4": null,
    "panel_5": null,
    "rodzaj_mon": "E",
    "typ": "emalia biała",
    "zabytkowa": "tak"
   },
   "type": "Feature"
  },
  {
   "geometry": {
    "coordinates": [
     19.927618,
     50.049158
    ],
    "type": "Point"
   },
   "id": 5517,
   "properties": {
    "GlobalID": "020497ea-1384-496a-bbef-2b5702421ca2",
    "OBJECTID": 5517,
    "liczba_tab": 1,
    "panel_1": "Pułaskiego",
    "panel_2": null,
    "panel_3": null,
    "panel_4": null,
    "panel_5": null,
    "rodzaj_mon": "E",
    "typ": "emalia biała",
    "zabytkowa": "tak"
   },
   "type": "Feature"
  },
  {
   "geometry": {
    "coordinates": [
     19.926185,
     50.049311
    ],
    "type": "Point"
   },
   "id": 5520,
   "properties": {
    "GlobalID": "29e3fa8b-cd42-4bd4-b4c8-cc9461eea490",
    "OBJECTID": 5520,
    "liczba_tab": 1,
    "panel_1": "Skwerowa",
    "panel_2": null,
    "panel_3": null,
    "panel_4": null,
    "panel_5": null,
    "rodzaj_mon": "E",
    "typ": "emalia biała",
    "zabytkowa": "tak"
   },
   "type": "Feature"
  },
  {
   "geometry": {
    "coordinates": [
     19.915037,
     50.085733
    ],
    "type": "Point"
   },
   "id": 5527,
   "properties": {
    "GlobalID": "5645d691-8f9b-4812-9292-09dac23f1528",
    "OBJECTID": 5527,
    "liczba_tab": 1,
    "panel_1": "Józefa Chełmońskiego ",
    "panel_2": null,
    "panel_3": null,
    "panel_4": null,
    "panel_5": null,
    "rodzaj_mon": "E",
    "typ": "emalia biała",
    "zabytkowa": "tak"
   },
   "type": "Feature"
  },
  {
   "geometry": {
    "coordinates": [
     19.926619,
     50.048935
    ],
    "type": "Point"
   },
   "id": 5531,
   "properties": {
    "GlobalID": "792bd13b-f9d4-4317-aef7-0f812378353e",
    "OBJECTID": 5531,
    "liczba_tab": 1,
    "panel_1": "Skwerowa",
    "panel_2": null,
    "panel_3": null,
    "panel_4": null,
    "panel_5": null,
    "rodzaj_mon": "E",
    "typ": "emalia biała",
    "zabytkowa": "tak"
   },
   "type": "Feature"
  },
  {
   "geometry": {
    "coordinates": [
     19.926769,
     50.048883
    ],
    "type": "Point"
   },
   "id": 5533,
   "properties": {
    "GlobalID": "e2edb31b-d012-43e3-8cf8-e8826b7d089d",
    "OBJECTID": 5533,
    "liczba_tab": 1,
    "panel_1": "Kazimierza Pułaskiego",
    "panel_2": null,
    "panel_3": null,
    "panel_4": null,
    "panel_5": null,
    "rodzaj_mon": "E",
    "typ": "emalia biała",
    "zabytkowa": "tak"
   },
   "type": "Feature"
  },
  {
   "geometry": {
    "coordinates": [
     19.922967,
     50.047509
    ],
    "type": "Point"
   },
   "id": 5539,
   "properties": {
    "GlobalID": "54981c7d-4fe6-4e75-b995-aad373d20da0",
    "OBJECTID": 5539,
    "liczba_tab": 1,
    "panel_1": "Obrońców Poczty Gdańskiej",
    "panel_2": null,
    "panel_3": null,
    "panel_4": null,
    "panel_5": null,
    "rodzaj_mon": "O",
    "typ": "emalia biała",
    "zabytkowa": "tak"
   },
   "type": "Feature"
  },
  {
   "geometry": {
    "coordinates": [
     19.921627,
     50.048179
    ],
    "type": "Point"
   },
   "id": 5552,
   "properties": {
    "GlobalID": "0c058b38-b724-4daa-81ce-765e992b162f",
    "OBJECTID": 5552,
    "liczba_tab": 1,
    "panel_1": "Dębnicka",
    "panel_2": null,
    "panel_3": null,
    "panel_4": null,
    "panel_5": null,
    "rodzaj_mon": "O",
    "typ": "emalia biała",
    "zabytkowa": "tak"
   },
   "type": "Feature"
  },
  {
   "geometry": {
    "coordinates": [
     19.922236,
     50.050949
    ],
    "type": "Point"
   },
   "id": 5563,
   "properties": {
    "GlobalID": "aea0571c-7bc9-43b0-83f9-ff9f9b1ad153",
    "OBJECTID": 5563,
    "liczba_tab": 1,
    "panel_1": "Tyniecka",
    "panel_2": null,
    "panel_3": null,
    "panel_4": null,
    "panel_5": null,
    "rodzaj_mon": "E",
    "typ": "emalia biała",
    "zabytkowa": "tak"
   },
   "type": "Feature"
  },
  {
   "geometry": {
    "coordinates": [
     19.910811,
     50.046336
    ],
    "type": "Point"
   },
   "id": 5579,
   "properties": {
    "GlobalID": "46ffbf10-8807-4c85-a1f5-725c0dd30921",
    "OBJECTID": 5579,
    "liczba_tab": 1,
    "panel_1": "Jana Pietrusińskiego",
    "panel_2": null,
    "panel_3": null,
    "panel_4": null,
    "panel_5": null,
    "rodzaj_mon": "E",
    "typ": "emalia biała",
    "zabytkowa": "tak"
   },
   "type": "Feature"
  },
  {
   "geometry": {
    "coordinates": [
     19.911227,
     50.045496
    ],
    "type": "Point"
   },
   "id": 5581,
   "properties": {
    "GlobalID": "009a1d04-277d-4cf3-baa3-b6d6bba17bb9",
    "OBJECTID": 5581,
    "liczba_tab": 1,
    "panel_1": "Heleny i Leona Patynów",
    "panel_2": null,
    "panel_3": null,
    "panel_4": null,
    "panel_5": null,
    "rodzaj_mon": "O",
    "typ": "emalia biała",
    "zabytkowa": "tak"
   },
   "type": "Feature"
  },
  {
   "geometry": {
    "coordinates": [
     19.919549,
     50.043741
    ],
    "type": "Point"
   },
   "id": 5588,
   "properties": {
    "GlobalID": "0811e53e-e0c0-4a67-a8fa-74652fc3e2c9",
    "OBJECTID": 5588,
    "liczba_tab": 1,
    "panel_1": "Ks. Stefana Pawlickiego",
    "panel_2": null,
    "panel_3": null,
    "panel_4": null,
    "panel_5": null,
    "rodzaj_mon": "E",
    "typ": "emalia biała",
    "zabytkowa": "tak"
   },
   "type": "Feature"
  },
  {
   "geometry": {
    "coordinates": [
     19.919518,
     50.043594
    ],
    "type": "Point"
   },
   "id": 5589,
   "properties": {
    "GlobalID": "06d0bd2c-e3d8-409c-83a6-539604bdfb4c",
    "OBJECTID": 5589,
    "liczba_tab": 1,
    "panel_1": "Ks. Stefana Pawlickiego",
    "panel_2": null,
    "panel_3": null,
    "panel_4": null,
    "panel_5": null,
    "rodzaj_mon": "O",
    "typ": "emalia biała",
    "zabytkowa": "tak"
   },
   "type": "Feature"
  },
  {
   "geometry": {
    "coordinates": [
     20.115126,
     50.107479
    ],
    "type": "Point"
   },
   "id": 5593,
   "properties": {
    "GlobalID": "2156c59c-99c3-427a-878b-bb173cfe6f5e",
    "OBJECTID": 5593,
    "liczba_tab": 1,
    "panel_1": "Lasowisko",
    "panel_2": null,
    "panel_3": null,
    "panel_4": null,
    "panel_5": null,
    "rodzaj_mon": "E",
    "typ": "emalia biała",
    "zabytkowa": "tak"
   },
   "type": "Feature"
  },
  {
   "geometry": {
    "coordinates": [
     19.920197,
     50.039259
    ],
    "type": "Point"
   },
   "id": 5614,
   "properties": {
    "GlobalID": "66671f12-ce52-4f60-9ac9-9e09fbe1db4e",
    "OBJECTID": 5614,
    "liczba_tab": 1,
    "panel_1": "Św. Jacka",
    "panel_2": null,
    "panel_3": null,
    "panel_4": null,
    "panel_5": null,
    "rodzaj_mon": "O",
    "typ": "emalia biała",
    "zabytkowa": "tak"
   },
   "type": "Feature"
  },
  {
   "geometry": {
    "coordinates": [
     19.920308,
     50.040456
    ],
    "type": "Point"
   },
   "id": 5615,
   "properties": {
    "GlobalID": "2972fa4a-80e3-4e78-9da2-624bc4f973c2",
    "OBJECTID": 5615,
    "liczba_tab": 1,
    "panel_1": "Św. Jacka",
    "panel_2": null,
    "panel_3": null,
    "panel_4": null,
    "panel_5": null,
    "rodzaj_mon": "O",
    "typ": "emalia biała",
    "zabytkowa": "tak"
   },
   "type": "Feature"
  },
  {
   "geometry": {
    "coordinates": [
     20.074336,
     50.040558
    ],
    "type": "Point"
   },
   "id": 5617,
   "properties": {
    "GlobalID": "13790909-5a71-408e-9ba4-3a4bfe9dd204",
    "OBJECTID": 5617,
    "liczba_tab": 1,
    "panel_1": "Łutnia",
    "panel_2": null,
    "panel_3": null,
    "panel_4": null,
    "panel_5": null,
    "rodzaj_mon": "E",
    "typ": "emalia biała",
    "zabytkowa": "tak"
   },
   "type": "Feature"
  },
  {
   "geometry": {
    "coordinates": [
     19.916793,
     50.041972
    ],
    "type": "Point"
   },
   "id": 5618,
   "properties": {
    "GlobalID": "5597f42b-7a9e-4e19-9043-bb756a1fff66",
    "OBJECTID": 5618,
    "liczba_tab": 1,
    "panel_1": "Salezyańska",
    "panel_2": null,
    "panel_3": null,
    "panel_4": null,
    "panel_5": null,
    "rodzaj_mon": "E",
    "typ": "emalia biała",
    "zabytkowa": "tak"
   },
   "type": "Feature"
  },
  {
   "geometry": {
    "coordinates": [
     20.075028,
     50.043012
    ],
    "type": "Point"
   },
   "id": 5620,
   "properties": {
    "GlobalID": "89e148de-5630-4cfa-9245-1afe4ce44488",
    "OBJECTID": 5620,
    "liczba_tab": 1,
    "panel_1": "Bugaj",
    "panel_2": null,
    "panel_3": null,
    "panel_4": null,
    "panel_5": null,
    "rodzaj_mon": "E",
    "typ": "emalia biała",
    "zabytkowa": "tak"
   },
   "type": "Feature"
  },
  {
   "geometry": {
    "coordinates": [
     20.061172,
     50.043812
    ],
    "type": "Point"
   },
   "id": 5639,
   "properties": {
    "GlobalID": "83441c83-1e7b-467a-9edb-15e8c9f6c610",
    "OBJECTID": 5639,
    "liczba_tab": 1,
    "panel_1": "Pod gwiazdami ",
    "panel_2": null,
    "panel_3": null,
    "panel_4": null,
    "panel_5": null,
    "rodzaj_mon": "S",
    "typ": "metalowa niebieska",
    "zabytkowa": "tak"
   },
   "type": "Feature"
  },
  {
   "geometry": {
    "coordinates": [
     20.061742,
     50.04479
    ],
    "type": "Point"
   },
   "id": 5641,
   "properties": {
    "GlobalID": "429125ac-0e34-4f75-9d6b-2c828d106acf",
    "OBJECTID": 5641,
    "liczba_tab": 1,
    "panel_1": "Henryka Czeczotta ",
    "panel_2": null,
    "panel_3": null,
    "panel_4": null,
    "panel_5": null,
    "rodzaj_mon": "S",
    "typ": "metalowa niebieska",
    "zabytkowa": "tak"
   },
   "type": "Feature"
  },
  {
   "geometry": {
    "coordinates": [
     19.912033,
     50.031914
    ],
    "type": "Point"
   },
   "id": 5684,
   "properties": {
    "GlobalID": "9017876c-a6ad-4475-bf35-79a3102dd36f",
    "OBJECTID": 5684,
    "liczba_tab": 1,
    "panel_1": "Pychowicka",
    "panel_2": null,
    "panel_3": null,
    "panel_4": null,
    "panel_5": null,
    "rodzaj_mon": "E",
    "typ": "emalia biała",
    "zabytkowa": "tak"
   },
   "type": "Feature"
  },
  {
   "geometry": {
    "coordinates": [
     19.921605,
     50.033333
    ],
    "type": "Point"
   },
   "id": 5686,
   "properties": {
    "GlobalID": "9f60c6cf-770d-4ba9-8dd1-27aa7ffba05e",
    "OBJECTID": 5686,
    "liczba_tab": 1,
    "panel_1": "Kobierzyńska",
    "panel_2": null,
    "panel_3": null,
    "panel_4": null,
    "panel_5": null,
    "rodzaj_mon": "E",
    "typ": "emalia biała",
    "zabytkowa": "tak"
   },
   "type": "Feature"
  },
  {
   "geometry": {
    "coordinates": [
     19.945726,
     50.10283
    ],
    "type": "Point"
   },
   "id": 5697,
   "properties": {
    "GlobalID": "cdae2520-713c-478a-9593-810595e401df",
    "OBJECTID": 5697,
    "liczba_tab": 1,
    "panel_1": "Porzeczkowa ",
    "panel_2": null,
    "panel_3": null,
    "panel_4": null,
    "panel_5": null,
    "rodzaj_mon": "E",
    "typ": "emalia biała",
    "zabytkowa": "tak"
   },
   "type": "Feature"
  },
  {
   "geometry": {
    "coordinates": [
     19.944558,
     50.105326
    ],
    "type": "Point"
   },
   "id": 5701,
   "properties": {
    "GlobalID": "ec759d78-b76b-44f3-a64b-d14c00043cfa",
    "OBJECTID": 5701,
    "liczba_tab": 1,
    "panel_1": "Dróżnicka ",
    "panel_2": null,
    "panel_3": null,
    "panel_4": null,
    "panel_5": null,
    "rodzaj_mon": "O",
    "typ": "emalia biała",
    "zabytkowa": "tak"
   },
   "type": "Feature"
  },
  {
   "geometry": {
    "coordinates": [
     19.943057,
     50.106999
    ],
    "type": "Point"
   },
   "id": 5703,
   "properties": {
    "GlobalID": "93077e25-c2a1-46c5-bcbf-d458b0496fd4",
    "OBJECTID": 5703,
    "liczba_tab": 1,
    "panel_1": "Bibicka",
    "panel_2": null,
    "panel_3": null,
    "panel_4": null,
    "panel_5": null,
    "rodzaj_mon": "E",
    "typ": "emalia biała",
    "zabytkowa": "tak"
   },
   "type": "Feature"
  },
  {
   "geometry": {
    "coordinates": [
     19.946385,
     50.109452
    ],
    "type": "Point"
   },
   "id": 5722,
   "properties": {
    "GlobalID": "588ba45c-8920-4b9a-988c-0b5f38a7a6fb",
    "OBJECTID": 5722,
    "liczba_tab": 1,
    "panel_1": "Okulistów ",
    "panel_2": null,
    "panel_3": null,
    "panel_4": null,
    "panel_5": null,
    "rodzaj_mon": "E",
    "typ": "metalowa biała",
    "zabytkowa": "tak"
   },
   "type": "Feature"
  },
  {
   "geometry": {
    "coordinates": [
     19.972203,
     50.022703
    ],
    "type": "Point"
   },
   "id": 5731,
   "properties": {
    "GlobalID": "1bbaac4f-b56f-43e6-bfe0-370fe98c9f9f",
    "OBJECTID": 5731,
    "liczba_tab": 1,
    "panel_1": "Ulica Bronisława Pierackiego",
    "panel_2": null,
    "panel_3": null,
    "panel_4": null,
    "panel_5": null,
    "rodzaj_mon": "O",
    "typ": "emalia biała",
    "zabytkowa": "tak"
   },
   "type": "Feature"
  },
  {
   "geometry": {
    "coordinates": [
     19.970161,
     50.024202
    ],
    "type": "Point"
   },
   "id": 5732,
   "properties": {
    "GlobalID": "5a977554-3a08-4ad7-8d8b-917e08e97d2d",
    "OBJECTID": 5732,
    "liczba_tab": 1,
    "panel_1": "Ulica Malborska",
    "panel_2": null,
    "panel_3": null,
    "panel_4": null,
    "panel_5": null,
    "rodzaj_mon": "E",
    "typ": "emalia biała",
    "zabytkowa": "tak"
   },
   "type": "Feature"
  },
  {
   "geometry": {
    "coordinates": [
     19.969979,
     50.023932
    ],
    "type": "Point"
   },
   "id": 5734,
   "properties": {
    "GlobalID": "44e2e75a-0d77-41b7-8120-9b49d8363141",
    "OBJECTID": 5734,
    "liczba_tab": 1,
    "panel_1": "Ulica L. Lisa-Kuli",
    "panel_2": null,
    "panel_3": null,
    "panel_4": null,
    "panel_5": null,
    "rodzaj_mon": "E",
    "typ": "emalia biała",
    "zabytkowa": "tak"
   },
   "type": "Feature"
  },
  {
   "geometry": {
    "coordinates": [
     19.970387,
     50.023142
    ],
    "type": "Point"
   },
   "id": 5735,
   "properties": {
    "GlobalID": "7179b310-26ed-40ea-8aee-db851a449fc5",
    "OBJECTID": 5735,
    "liczba_tab": 1,
    "panel_1": "Ulica Leopolda Lisa-Kuli",
    "panel_2": null,
    "panel_3": null,
    "panel_4": null,
    "panel_5": null,
    "rodzaj_mon": "E",
    "typ": "emalia biała",
    "zabytkowa": "tak"
   },
   "type": "Feature"
  },
  {
   "geometry": {
    "coordinates": [
     20.033405,
     50.088021
    ],
    "type": "Point"
   },
   "id": 5742,
   "properties": {
    "GlobalID": "d5a7b5b1-cbea-452e-8cc5-a8ab831d4913",
    "OBJECTID": 5742,
    "liczba_tab": 1,
    "panel_1": "Kaczeńcowa",
    "panel_2": null,
    "panel_3": null,
    "panel_4": null,
    "panel_5": null,
    "rodzaj_mon": "E",
    "typ": "emalia biała",
    "zabytkowa": "tak"
   },
   "type": "Feature"
  },
  {
   "geometry": {
    "coordinates": [
     19.967421,
     50.015678
    ],
    "type": "Point"
   },
   "id": 5790,
   "properties": {
    "GlobalID": "33b6ca1a-5ea6-46e0-97d2-1c5fe9a09e53",
    "OBJECTID": 5790,
    "liczba_tab": 1,
    "panel_1": "Ulica Białoruska",
    "panel_2": null,
    "panel_3": null,
    "panel_4": null,
    "panel_5": null,
    "rodzaj_mon": "E",
    "typ": "emalia biała",
    "zabytkowa": "tak"
   },
   "type": "Feature"
  },
  {
   "geometry": {
    "coordinates": [
     19.967218,
     50.01578
    ],
    "type": "Point"
   },
   "id": 5793,
   "properties": {
    "GlobalID": "e4dab28d-8886-4dea-bfe4-7200e6fb9575",
    "OBJECTID": 5793,
    "liczba_tab": 1,
    "panel_1": "Ulica Białoruska",
    "panel_2": null,
    "panel_3": null,
    "panel_4": null,
    "panel_5": null,
    "rodzaj_mon": "E",
    "typ": "emalia biała",
    "zabytkowa": "tak"
   },
   "type": "Feature"
  },
  {
   "geometry": {
    "coordinates": [
     19.963828,
     50.015885
    ],
    "type": "Point"
   },
   "id": 5797,
   "properties": {
    "GlobalID": "df40fbda-4167-4dc4-ba57-49082451ec87",
    "OBJECTID": 5797,
    "liczba_tab": 1,
    "panel_1": "Ulica Łużycka",
    "panel_2": null,
    "panel_3": null,
    "panel_4": null,
    "panel_5": null,
    "rodzaj_mon": "E",
    "typ": "emalia biała",
    "zabytkowa": "tak"
   },
   "type": "Feature"
  },
  {
   "geometry": {
    "coordinates": [
     19.94969,
     50.020035
    ],
    "type": "Point"
   },
   "id": 5824,
   "properties": {
    "GlobalID": "fcdf48b9-1f7d-4c41-a322-30231388f407",
    "OBJECTID": 5824,
    "liczba_tab": 4,
    "panel_1": "Bystra",
    "panel_2": "Bystra",
    "panel_3": "Zielona",
    "panel_4": "Zielona",
    "panel_5": null,
    "rodzaj_mon": "Se",
    "typ": "metalowa niebieska",
    "zabytkowa": "tak"
   },
   "type": "Feature"
  },
  {
   "geometry": {
    "coordinates": [
     19.946248,
     50.020469
    ],
    "type": "Point"
   },
   "id": 5836,
   "properties": {
    "GlobalID": "bbe0355a-e2c4-4c86-a3cb-547a8eea4993",
    "OBJECTID": 5836,
    "liczba_tab": 1,
    "panel_1": "Ulica Strumienna",
    "panel_2": null,
    "panel_3": null,
    "panel_4": null,
    "panel_5": null,
    "rodzaj_mon": "O",
    "typ": "emalia biała",
    "zabytkowa": "tak"
   },
   "type": "Feature"
  },
  {
   "geometry": {
    "coordinates": [
     19.947185,
     50.019098
    ],
    "type": "Point"
   },
   "id": 5842,
   "properties": {
    "GlobalID": "7339558c-d7d4-40fe-b160-4497f3de6586",
    "OBJECTID": 5842,
    "liczba_tab": 1,
    "panel_1": "Ulica Pierzchówka",
    "panel_2": null,
    "panel_3": null,
    "panel_4": null,
    "panel_5": null,
    "rodzaj_mon": "O",
    "typ": "emalia biała",
    "zabytkowa": "tak"
   },
   "type": "Feature"
  },
  {
   "geometry": {
    "coordinates": [
     20.050659,
     50.021673
    ],
    "type": "Point"
   },
   "id": 5852,
   "properties": {
    "GlobalID": "77cd4324-8a72-402f-a2ae-f92d1707b2ac",
    "OBJECTID": 5852,
    "liczba_tab": 1,
    "panel_1": "Agatowa",
    "panel_2": null,
    "panel_3": null,
    "panel_4": null,
    "panel_5": null,
    "rodzaj_mon": "E",
    "typ": "emalia biała",
    "zabytkowa": "tak"
   },
   "type": "Feature"
  },
  {
   "geometry": {
    "coordinates": [
     20.050424,
     50.021518
    ],
    "type": "Point"
   },
   "id": 5853,
   "properties": {
    "GlobalID": "aa77fd74-53af-4c79-a24a-b02b5c7d1359",
    "OBJECTID": 5853,
    "liczba_tab": 1,
    "panel_1": "Topazowa",
    "panel_2": null,
    "panel_3": null,
    "panel_4": null,
    "panel_5": null,
    "rodzaj_mon": "E",
    "typ": "emalia biała",
    "zabytkowa": "tak"
   },
   "type": "Feature"
  },
  {
   "geometry": {
    "coordinates": [
     20.049746,
     50.021446
    ],
    "type": "Point"
   },
   "id": 5856,
   "properties": {
    "GlobalID": "634b7ae0-4e49-4476-a85f-99799d720b0c",
    "OBJECTID": 5856,
    "liczba_tab": 1,
    "panel_1": "Topazowa",
    "panel_2": null,
    "panel_3": null,
    "panel_4": null,
    "panel_5": null,
    "rodzaj_mon": "E",
    "typ": "emalia biała",
    "zabytkowa": "tak"
   },
   "type": "Feature"
  },
  {
   "geometry": {
    "coordinates": [
     20.049385,
     50.021621
    ],
    "type": "Point"
   },
   "id": 5859,
   "properties": {
    "GlobalID": "e91a9e2b-68a3-40d7-b0e5-b0eb7828e600",
    "OBJECTID": 5859,
    "liczba_tab": 1,
    "panel_1": "Agatowa",
    "panel_2": null,
    "panel_3": null,
    "panel_4": null,
    "panel_5": null,
    "rodzaj_mon": "E",
    "typ": "emalia biała",
    "zabytkowa": "tak"
   },
   "type": "Feature"
  },
  {
   "geometry": {
    "coordinates": [
     20.048873,
     50.021544
    ],
    "type": "Point"
   },
   "id": 5861,
   "properties": {
    "GlobalID": "a01786d5-e8ae-4e08-ac2b-56ca6d4dca9d",
    "OBJECTID": 5861,
    "liczba_tab": 1,
    "panel_1": "Topazowa",
    "panel_2": null,
    "panel_3": null,
    "panel_4": null,
    "panel_5": null,
    "rodzaj_mon": "E",
    "typ": "emalia niebieska",
    "zabytkowa": "tak"
   },
   "type": "Feature"
  },
  {
   "geometry": {
    "coordinates": [
     20.048349,
     50.02151
    ],
    "type": "Point"
   },
   "id": 5862,
   "properties": {
    "GlobalID": "68ca6219-a4b3-4c62-bad3-b6edc643c98c",
    "OBJECTID": 5862,
    "liczba_tab": 1,
    "panel_1": "Topazowa",
    "panel_2": null,
    "panel_3": null,
    "panel_4": null,
    "panel_5": null,
    "rodzaj_mon": "E",
    "typ": "emalia niebieska",
    "zabytkowa": "tak"
   },
   "type": "Feature"
  },
  {
   "geometry": {
    "coordinates": [
     19.947347,
     50.015081
    ],
    "type": "Point"
   },
   "id": 5869,
   "properties": {
    "GlobalID": "66a49ecb-6163-4584-be28-c11156cc7101",
    "OBJECTID": 5869,
    "liczba_tab": 1,
    "panel_1": "Ulica Przykopy",
    "panel_2": null,
    "panel_3": null,
    "panel_4": null,
    "panel_5": null,
    "rodzaj_mon": "E",
    "typ": "emalia biała",
    "zabytkowa": "tak"
   },
   "type": "Feature"
  },
  {
   "geometry": {
    "coordinates": [
     20.048143,
     50.020622
    ],
    "type": "Point"
   },
   "id": 5870,
   "properties": {
    "GlobalID": "6341cb4a-91f6-484e-a5ac-e0047576f5cf",
    "OBJECTID": 5870,
    "liczba_tab": 1,
    "panel_1": "Nefrytowa",
    "panel_2": null,
    "panel_3": null,
    "panel_4": null,
    "panel_5": null,
    "rodzaj_mon": "E",
    "typ": "emalia biała",
    "zabytkowa": "tak"
   },
   "type": "Feature"
  },
  {
   "geometry": {
    "coordinates": [
     20.050532,
     50.020582
    ],
    "type": "Point"
   },
   "id": 5874,
   "properties": {
    "GlobalID": "9d000045-0941-4bc3-a4ac-4deda8989766",
    "OBJECTID": 5874,
    "liczba_tab": 1,
    "panel_1": "Złocieniowa ",
    "panel_2": null,
    "panel_3": null,
    "panel_4": null,
    "panel_5": null,
    "rodzaj_mon": "E",
    "typ": "emalia biała",
    "zabytkowa": "tak"
   },
   "type": "Feature"
  },
  {
   "geometry": {
    "coordinates": [
     20.057623,
     50.018433
    ],
    "type": "Point"
   },
   "id": 5877,
   "properties": {
    "GlobalID": "6747b9d9-f86b-42db-920b-6ef56b77b6d0",
    "OBJECTID": 5877,
    "liczba_tab": 1,
    "panel_1": "Feliksa Jasieńskiego ",
    "panel_2": null,
    "panel_3": null,
    "panel_4": null,
    "panel_5": null,
    "rodzaj_mon": "E",
    "typ": "emalia biała",
    "zabytkowa": "tak"
   },
   "type": "Feature"
  },
  {
   "geometry": {
    "coordinates": [
     20.051585,
     50.021265
    ],
    "type": "Point"
   },
   "id": 5881,
   "properties": {
    "GlobalID": "e6cd4932-51ab-47cf-bf66-253c7b4a4f31",
    "OBJECTID": 5881,
    "liczba_tab": 1,
    "panel_1": "Złocieniowa ",
    "panel_2": null,
    "panel_3": null,
    "panel_4": null,
    "panel_5": null,
    "rodzaj_mon": "E",
    "typ": "emalia biała",
    "zabytkowa": "tak"
   },
   "type": "Feature"
  },
  {
   "geometry": {
    "coordinates": [
     20.050636,
     50.020803
    ],
    "type": "Point"
   },
   "id": 5883,
   "properties": {
    "GlobalID": "da41dc67-bf88-4a09-92a4-8e3c275e5421",
    "OBJECTID": 5883,
    "liczba_tab": 1,
    "panel_1": "Złocieniowa ",
    "panel_2": null,
    "panel_3": null,
    "panel_4": null,
    "panel_5": null,
    "rodzaj_mon": "E",
    "typ": "emalia biała",
    "zabytkowa": "tak"
   },
   "type": "Feature"
  },
  {
   "geometry": {
    "coordinates": [
     20.049964,
     50.042314
    ],
    "type": "Point"
   },
   "id": 5902,
   "properties": {
    "GlobalID": "58c4c654-4ff6-4e6c-9524-74d616210640",
    "OBJECTID": 5902,
    "liczba_tab": 1,
    "panel_1": "Rączna ",
    "panel_2": null,
    "panel_3": null,
    "panel_4": null,
    "panel_5": null,
    "rodzaj_mon": "O",
    "typ": "metalowa niebieska",
    "zabytkowa": "tak"
   },
   "type": "Feature"
  },
  {
   "geometry": {
    "coordinates": [
     19.985637,
     50.047435
    ],
    "type": "Point"
   },
   "id": 5946,
   "properties": {
    "GlobalID": "43a5bf5f-6dff-4851-93c3-0c080a88f889",
    "OBJECTID": 5946,
    "liczba_tab": 1,
    "panel_1": "Księdza Wincentego Turka",
    "panel_2": null,
    "panel_3": null,
    "panel_4": null,
    "panel_5": null,
    "rodzaj_mon": "E",
    "typ": "emalia biała",
    "zabytkowa": "tak"
   },
   "type": "Feature"
  },
  {
   "geometry": {
    "coordinates": [
     20.145214,
     50.093095
    ],
    "type": "Point"
   },
   "id": 5962,
   "properties": {
    "GlobalID": "1913248b-f513-4ddb-8686-8856494d6dd0",
    "OBJECTID": 5962,
    "liczba_tab": 1,
    "panel_1": "Spławy",
    "panel_2": null,
    "panel_3": null,
    "panel_4": null,
    "panel_5": null,
    "rodzaj_mon": "O",
    "typ": "emalia biała",
    "zabytkowa": "tak"
   },
   "type": "Feature"
  },
  {
   "geometry": {
    "coordinates": [
     20.026563,
     50.046628
    ],
    "type": "Point"
   },
   "id": 5964,
   "properties": {
    "GlobalID": "d3fb40cd-c2c2-44bc-968c-cad1314ea776",
    "OBJECTID": 5964,
    "liczba_tab": 1,
    "panel_1": "Golikówka ",
    "panel_2": null,
    "panel_3": null,
    "panel_4": null,
    "panel_5": null,
    "rodzaj_mon": "E",
    "typ": "emalia biała",
    "zabytkowa": "tak"
   },
   "type": "Feature"
  },
  {
   "geometry": {
    "coordinates": [
     19.948908,
     50.011355
    ],
    "type": "Point"
   },
   "id": 5966,
   "properties": {
    "GlobalID": "34a7f946-4459-424c-8589-3a8eecda3abf",
    "OBJECTID": 5966,
    "liczba_tab": 1,
    "panel_1": "Ulica Daliowa",
    "panel_2": null,
    "panel_3": null,
    "panel_4": null,
    "panel_5": null,
    "rodzaj_mon": "E",
    "typ": "emalia biała",
    "zabytkowa": "tak"
   },
   "type": "Feature"
  },
  {
   "geometry": {
    "coordinates": [
     19.956906,
     49.999421
    ],
    "type": "Point"
   },
   "id": 5995,
   "properties": {
    "GlobalID": "d398749c-a628-42fb-bc02-d3993495c200",
    "OBJECTID": 5995,
    "liczba_tab": 1,
    "panel_1": "Ulica Sobonowicka",
    "panel_2": null,
    "panel_3": null,
    "panel_4": null,
    "panel_5": null,
    "rodzaj_mon": "O",
    "typ": "emalia biała",
    "zabytkowa": "tak"
   },
   "type": "Feature"
  },
  {
   "geometry": {
    "coordinates": [
     19.95652,
     49.999461
    ],
    "type": "Point"
   },
   "id": 6000,
   "properties": {
    "GlobalID": "8fdecac6-b3a8-4e08-ba7f-d0ecb33dbd5c",
    "OBJECTID": 6000,
    "liczba_tab": 1,
    "panel_1": "Ulica Soboniowicka",
    "panel_2": null,
    "panel_3": null,
    "panel_4": null,
    "panel_5": null,
    "rodzaj_mon": "O",
    "typ": "emalia biała",
    "zabytkowa": "tak"
   },
   "type": "Feature"
  },
  {
   "geometry": {
    "coordinates": [
     19.96162,
     49.997669
    ],
    "type": "Point"
   },
   "id": 6005,
   "properties": {
    "GlobalID": "f26f2794-1925-4991-9b1b-217684a7dc42",
    "OBJECTID": 6005,
    "liczba_tab": 1,
    "panel_1": "Ulica Miarowa",
    "panel_2": null,
    "panel_3": null,
    "panel_4": null,
    "panel_5": null,
    "rodzaj_mon": "O",
    "typ": "emalia biała",
    "zabytkowa": "tak"
   },
   "type": "Feature"
  },
  {
   "geometry": {
    "coordinates": [
     19.962405,
     49.997399
    ],
    "type": "Point"
   },
   "id": 6008,
   "properties": {
    "GlobalID": "a4388ff1-dbab-48a6-b9b0-a78601f4a776",
    "OBJECTID": 6008,
    "liczba_tab": 1,
    "panel_1": "Ulica Miarowa",
    "panel_2": null,
    "panel_3": null,
    "panel_4": null,
    "panel_5": null,
    "rodzaj_mon": "Se",
    "typ": "emalia biała",
    "zabytkowa": "tak"
   },
   "type": "Feature"
  },
  {
   "geometry": {
    "coordinates": [
     20.017636,
     50.036291
    ],
    "type": "Point"
   },
   "id": 6013,
   "properties": {
    "GlobalID": "36a351f0-cf7a-488b-a9d8-a37602f38b7f",
    "OBJECTID": 6013,
    "liczba_tab": 1,
    "panel_1": "Obrońców Modlina ",
    "panel_2": null,
    "panel_3": null,
    "panel_4": null,
    "panel_5": null,
    "rodzaj_mon": "O",
    "typ": "emalia biała",
    "zabytkowa": "tak"
   },
   "type": "Feature"
  },
  {
   "geometry": {
    "coordinates": [
     19.978186,
     49.996916
    ],
    "type": "Point"
   },
   "id": 6022,
   "properties": {
    "GlobalID": "0cda918a-6529-4915-93c9-c673219a5371",
    "OBJECTID": 6022,
    "liczba_tab": 1,
    "panel_1": "Ulica Szczawnicka",
    "panel_2": null,
    "panel_3": null,
    "panel_4": null,
    "panel_5": null,
    "rodzaj_mon": "O",
    "typ": "emalia biała",
    "zabytkowa": "tak"
   },
   "type": "Feature"
  },
  {
   "geometry": {
    "coordinates": [
     19.976811,
     49.995873
    ],
    "type": "Point"
   },
   "id": 6024,
   "properties": {
    "GlobalID": "dc1b6653-a659-46ae-9c94-cdf3e0965bc2",
    "OBJECTID": 6024,
    "liczba_tab": 1,
    "panel_1": "Ulica Szczawnicka",
    "panel_2": null,
    "panel_3": null,
    "panel_4": null,
    "panel_5": null,
    "rodzaj_mon": "O",
    "typ": "emalia biała",
    "zabytkowa": "tak"
   },
   "type": "Feature"
  },
  {
   "geometry": {
    "coordinates": [
     19.973067,
     49.993996
    ],
    "type": "Point"
   },
   "id": 6025,
   "properties": {
    "GlobalID": "dddbd51e-3052-4637-883b-6e5375fc21b8",
    "OBJECTID": 6025,
    "liczba_tab": 1,
    "panel_1": "Ulica Szczawnicka",
    "panel_2": null,
    "panel_3": null,
    "panel_4": null,
    "panel_5": null,
    "rodzaj_mon": "E",
    "typ": "emalia biała",
    "zabytkowa": "tak"
   },
   "type": "Feature"
  },
  {
   "geometry": {
    "coordinates": [
     19.970585,
     49.99196
    ],
    "type": "Point"
   },
   "id": 6036,
   "properties": {
    "GlobalID": "b46febaa-88bf-47b6-88be-6e53f1910a48",
    "OBJECTID": 6036,
    "liczba_tab": 1,
    "panel_1": "Ulica Tuchowska",
    "panel_2": null,
    "panel_3": null,
    "panel_4": null,
    "panel_5": null,
    "rodzaj_mon": "O",
    "typ": "emalia biała",
    "zabytkowa": "tak"
   },
   "type": "Feature"
  },
  {
   "geometry": {
    "coordinates": [
     19.965345,
     49.996412
    ],
    "type": "Point"
   },
   "id": 6040,
   "properties": {
    "GlobalID": "44cc858c-4c96-4ae4-b8f7-7ea19babfc88",
    "OBJECTID": 6040,
    "liczba_tab": 1,
    "panel_1": "Ulica Do Luboni",
    "panel_2": null,
    "panel_3": null,
    "panel_4": null,
    "panel_5": null,
    "rodzaj_mon": "E",
    "typ": "emalia biała",
    "zabytkowa": "tak"
   },
   "type": "Feature"
  },
  {
   "geometry": {
    "coordinates": [
     19.96534,
     49.996404
    ],
    "type": "Point"
   },
   "id": 6042,
   "properties": {
    "GlobalID": "c3c5179e-6d19-457f-beac-9e5b720137a3",
    "OBJECTID": 6042,
    "liczba_tab": 1,
    "panel_1": "Ulica Miarowa",
    "panel_2": null,
    "panel_3": null,
    "panel_4": null,
    "panel_5": null,
    "rodzaj_mon": "E",
    "typ": "emalia biała",
    "zabytkowa": "tak"
   },
   "type": "Feature"
  },
  {
   "geometry": {
    "coordinates": [
     19.963773,
     49.996327
    ],
    "type": "Point"
   },
   "id": 6043,
   "properties": {
    "GlobalID": "8c37aa5d-f593-4f8d-9c10-6b2059f9cc71",
    "OBJECTID": 6043,
    "liczba_tab": 1,
    "panel_1": "Ulica Do Luboni",
    "panel_2": null,
    "panel_3": null,
    "panel_4": null,
    "panel_5": null,
    "rodzaj_mon": "O",
    "typ": "emalia biała",
    "zabytkowa": "tak"
   },
   "type": "Feature"
  },
  {
   "geometry": {
    "coordinates": [
     19.993994,
     50.04819
    ],
    "type": "Point"
   },
   "id": 6044,
   "properties": {
    "GlobalID": "75d5b011-3027-4f44-b9fc-5e1c709ce0b1",
    "OBJECTID": 6044,
    "liczba_tab": 1,
    "panel_1": "Lasówka",
    "panel_2": null,
    "panel_3": null,
    "panel_4": null,
    "panel_5": null,
    "rodzaj_mon": "E",
    "typ": "emalia biała",
    "zabytkowa": "tak"
   },
   "type": "Feature"
  },
  {
   "geometry": {
    "coordinates": [
     19.994194,
     50.045296
    ],
    "type": "Point"
   },
   "id": 6045,
   "properties": {
    "GlobalID": "c1a761ae-b115-42e7-91c9-0cb839b6af9a",
    "OBJECTID": 6045,
    "liczba_tab": 1,
    "panel_1": "Lasówka",
    "panel_2": null,
    "panel_3": null,
    "panel_4": null,
    "panel_5": null,
    "rodzaj_mon": "E",
    "typ": "emalia biała",
    "zabytkowa": "tak"
   },
   "type": "Feature"
  },
  {
   "geometry": {
    "coordinates": [
     19.961325,
     49.9943
    ],
    "type": "Point"
   },
   "id": 6048,
   "properties": {
    "GlobalID": "5e78d2c4-c45e-46cc-a974-015d08708fc8",
    "OBJECTID": 6048,
    "liczba_tab": 1,
    "panel_1": "Ulica Podgórki",
    "panel_2": null,
    "panel_3": null,
    "panel_4": null,
    "panel_5": null,
    "rodzaj_mon": "E",
    "typ": "emalia biała",
    "zabytkowa": "tak"
   },
   "type": "Feature"
  },
  {
   "geometry": {
    "coordinates": [
     19.970994,
     49.991343
    ],
    "type": "Point"
   },
   "id": 6050,
   "properties": {
    "GlobalID": "e76f1bc6-c79f-4328-9126-be07f46f18f1",
    "OBJECTID": 6050,
    "liczba_tab": 1,
    "panel_1": "Droga Rokadowa",
    "panel_2": null,
    "panel_3": null,
    "panel_4": null,
    "panel_5": null,
    "rodzaj_mon": "O",
    "typ": "emalia biała",
    "zabytkowa": "tak"
   },
   "type": "Feature"
  },
  {
   "geometry": {
    "coordinates": [
     19.972392,
     49.990668
    ],
    "type": "Point"
   },
   "id": 6051,
   "properties": {
    "GlobalID": "28110ca0-185b-498f-a5c1-e3d541764498",
    "OBJECTID": 6051,
    "liczba_tab": 1,
    "panel_1": "Ulica Tuchowska",
    "panel_2": null,
    "panel_3": null,
    "panel_4": null,
    "panel_5": null,
    "rodzaj_mon": "E",
    "typ": "emalia biała",
    "zabytkowa": "tak"
   },
   "type": "Feature"
  },
  {
   "geometry": {
    "coordinates": [
     19.96297,
     49.988196
    ],
    "type": "Point"
   },
   "id": 6055,
   "properties": {
    "GlobalID": "41fec49e-bdde-4d3c-b01c-3720f3045347",
    "OBJECTID": 6055,
    "liczba_tab": 1,
    "panel_1": "Ulica Adama Kuryłowicza",
    "panel_2": null,
    "panel_3": null,
    "panel_4": null,
    "panel_5": null,
    "rodzaj_mon": "E",
    "typ": "emalia biała",
    "zabytkowa": "tak"
   },
   "type": "Feature"
  },
  {
   "geometry": {
    "coordinates": [
     19.973239,
     49.986191
    ],
    "type": "Point"
   },
   "id": 6070,
   "properties": {
    "GlobalID": "94572dda-1ad7-4d13-8a36-c2f2f3846bb9",
    "OBJECTID": 6070,
    "liczba_tab": 1,
    "panel_1": "Jerzego Kuryłowicza",
    "panel_2": null,
    "panel_3": null,
    "panel_4": null,
    "panel_5": null,
    "rodzaj_mon": "E",
    "typ": "emalia biała",
    "zabytkowa": "tak"
   },
   "type": "Feature"
  },
  {
   "geometry": {
    "coordinates": [
     19.97864,
     49.985655
    ],
    "type": "Point"
   },
   "id": 6072,
   "properties": {
    "GlobalID": "6fab4b1e-47bd-4777-91a6-d8ff8eedf306",
    "OBJECTID": 6072,
    "liczba_tab": 1,
    "panel_1": "Ulica Geologów",
    "panel_2": null,
    "panel_3": null,
    "panel_4": null,
    "panel_5": null,
    "rodzaj_mon": "E",
    "typ": "emalia biała",
    "zabytkowa": "tak"
   },
   "type": "Feature"
  },
  {
   "geometry": {
    "coordinates": [
     19.984574,
     49.984624
    ],
    "type": "Point"
   },
   "id": 6074,
   "properties": {
    "GlobalID": "061e0c2b-408f-4e4d-901a-6397f4631789",
    "OBJECTID": 6074,
    "liczba_tab": 1,
    "panel_1": "Ulica Bronisława Malinowskiego",
    "panel_2": null,
    "panel_3": null,
    "panel_4": null,
    "panel_5": null,
    "rodzaj_mon": "O",
    "typ": "emalia biała",
    "zabytkowa": "tak"
   },
   "type": "Feature"
  },
  {
   "geometry": {
    "coordinates": [
     19.987844,
     49.985299
    ],
    "type": "Point"
   },
   "id": 6075,
   "properties": {
    "GlobalID": "25a5f44c-9b12-47a3-8217-76c7022555cf",
    "OBJECTID": 6075,
    "liczba_tab": 1,
    "panel_1": "Ulica Bronisława Malinowskiego",
    "panel_2": null,
    "panel_3": null,
    "panel_4": null,
    "panel_5": null,
    "rodzaj_mon": "O",
    "typ": "emalia biała",
    "zabytkowa": "tak"
   },
   "type": "Feature"
  },
  {
   "geometry": {
    "coordinates": [
     19.989317,
     49.985227
    ],
    "type": "Point"
   },
   "id": 6080,
   "properties": {
    "GlobalID": "36376a85-b778-4486-95af-0172636bb36e",
    "OBJECTID": 6080,
    "liczba_tab": 1,
    "panel_1": "Ulica Bronisława Malinowskiego",
    "panel_2": null,
    "panel_3": null,
    "panel_4": null,
    "panel_5": null,
    "rodzaj_mon": "O",
    "typ": "emalia biała",
    "zabytkowa": "tak"
   },
   "type": "Feature"
  },
  {
   "geometry": {
    "coordinates": [
     19.989534,
     49.985551
    ],
    "type": "Point"
   },
   "id": 6082,
   "properties": {
    "GlobalID": "97e9ddda-d119-4a90-9cb9-0953a2c2e7ce",
    "OBJECTID": 6082,
    "liczba_tab": 1,
    "panel_1": "Ulica Włodzimierza Gruszczyńskiego",
    "panel_2": null,
    "panel_3": null,
    "panel_4": null,
    "panel_5": null,
    "rodzaj_mon": "O",
    "typ": "emalia biała",
    "zabytkowa": "tak"
   },
   "type": "Feature"
  },
  {
   "geometry": {
    "coordinates": [
     19.990251,
     50.038383
    ],
    "type": "Point"
   },
   "id": 6095,
   "properties": {
    "GlobalID": "8d2d1997-4120-453c-a482-d34660a75fde",
    "OBJECTID": 6095,
    "liczba_tab": 1,
    "panel_1": "Łanowa",
    "panel_2": null,
    "panel_3": null,
    "panel_4": null,
    "panel_5": null,
    "rodzaj_mon": "E",
    "typ": "emalia biała",
    "zabytkowa": "tak"
   },
   "type": "Feature"
  },
  {
   "geometry": {
    "coordinates": [
     19.98849,
     50.038114
    ],
    "type": "Point"
   },
   "id": 6097,
   "properties": {
    "GlobalID": "aaca4502-981d-4910-a49c-f4c194f34e09",
    "OBJECTID": 6097,
    "liczba_tab": 1,
    "panel_1": "Źródlana ",
    "panel_2": null,
    "panel_3": null,
    "panel_4": null,
    "panel_5": null,
    "rodzaj_mon": "E",
    "typ": "emalia biała",
    "zabytkowa": "tak"
   },
   "type": "Feature"
  },
  {
   "geometry": {
    "coordinates": [
     19.986271,
     50.039025
    ],
    "type": "Point"
   },
   "id": 6098,
   "properties": {
    "GlobalID": "bcd7af50-248f-43aa-8d26-f53e9ccfc43b",
    "OBJECTID": 6098,
    "liczba_tab": 1,
    "panel_1": "Źródlana ",
    "panel_2": null,
    "panel_3": null,
    "panel_4": null,
    "panel_5": null,
    "rodzaj_mon": "E",
    "typ": "emalia biała",
    "zabytkowa": "tak"
   },
   "type": "Feature"
  },
  {
   "geometry": {
    "coordinates": [
     19.976751,
     50.043167
    ],
    "type": "Point"
   },
   "id": 6169,
   "properties": {
    "GlobalID": "3e9a082f-3791-49d7-a538-0e33788ade18",
    "OBJECTID": 6169,
    "liczba_tab": 1,
    "panel_1": "Sarmacka",
    "panel_2": null,
    "panel_3": null,
    "panel_4": null,
    "panel_5": null,
    "rodzaj_mon": "E",
    "typ": "emalia biała",
    "zabytkowa": "tak"
   },
   "type": "Feature"
  },
  {
   "geometry": {
    "coordinates": [
     19.978652,
     50.043145
    ],
    "type": "Point"
   },
   "id": 6177,
   "properties": {
    "GlobalID": "3f04c4ea-0342-42d0-887b-5906a07f2786",
    "OBJECTID": 6177,
    "liczba_tab": 1,
    "panel_1": "Stróża Rybna ",
    "panel_2": null,
    "panel_3": null,
    "panel_4": null,
    "panel_5": null,
    "rodzaj_mon": "Se",
    "typ": "metalowa niebieska",
    "zabytkowa": "tak"
   },
   "type": "Feature"
  },
  {
   "geometry": {
    "coordinates": [
     19.980238,
     50.045125
    ],
    "type": "Point"
   },
   "id": 6180,
   "properties": {
    "GlobalID": "c927fe54-500b-4a6c-94af-0e04fd76a292",
    "OBJECTID": 6180,
    "liczba_tab": 1,
    "panel_1": "Paproci ",
    "panel_2": null,
    "panel_3": null,
    "panel_4": null,
    "panel_5": null,
    "rodzaj_mon": "E",
    "typ": "emalia biała",
    "zabytkowa": "tak"
   },
   "type": "Feature"
  },
  {
   "geometry": {
    "coordinates": [
     19.985582,
     50.041795
    ],
    "type": "Point"
   },
   "id": 6187,
   "properties": {
    "GlobalID": "846cddf7-7990-411b-801f-2753c35b47b6",
    "OBJECTID": 6187,
    "liczba_tab": 1,
    "panel_1": "Księdza Ignacego Stoszki ",
    "panel_2": null,
    "panel_3": null,
    "panel_4": null,
    "panel_5": null,
    "rodzaj_mon": "O",
    "typ": "emalia biała",
    "zabytkowa": "tak"
   },
   "type": "Feature"
  },
  {
   "geometry": {
    "coordinates": [
     19.986446,
     50.044123
    ],
    "type": "Point"
   },
   "id": 6189,
   "properties": {
    "GlobalID": "3a27592e-0a27-41fe-88c2-e2a0d9c87039",
    "OBJECTID": 6189,
    "liczba_tab": 1,
    "panel_1": "Szczygla",
    "panel_2": null,
    "panel_3": null,
    "panel_4": null,
    "panel_5": null,
    "rodzaj_mon": "O",
    "typ": "emalia biała",
    "zabytkowa": "tak"
   },
   "type": "Feature"
  },
  {
   "geometry": {
    "coordinates": [
     19.989938,
     50.042648
    ],
    "type": "Point"
   },
   "id": 6190,
   "properties": {
    "GlobalID": "35e3c906-55f2-4ddf-9baf-b2ed9455a501",
    "OBJECTID": 6190,
    "liczba_tab": 1,
    "panel_1": "Przewóz ",
    "panel_2": null,
    "panel_3": null,
    "panel_4": null,
    "panel_5": null,
    "rodzaj_mon": "E",
    "typ": "emalia biała",
    "zabytkowa": "tak"
   },
   "type": "Feature"
  },
  {
   "geometry": {
    "coordinates": [
     19.978453,
     50.021868
    ],
    "type": "Point"
   },
   "id": 6202,
   "properties": {
    "GlobalID": "969a37cc-245b-4b0d-98af-5bae57418b70",
    "OBJECTID": 6202,
    "liczba_tab": 1,
    "panel_1": "Ulica Jarosławska",
    "panel_2": null,
    "panel_3": null,
    "panel_4": null,
    "panel_5": null,
    "rodzaj_mon": "E",
    "typ": "emalia biała",
    "zabytkowa": "tak"
   },
   "type": "Feature"
  },
  {
   "geometry": {
    "coordinates": [
     19.978518,
     50.021762
    ],
    "type": "Point"
   },
   "id": 6203,
   "properties": {
    "GlobalID": "d33776a4-fe32-482e-94cc-d532574d2f3f",
    "OBJECTID": 6203,
    "liczba_tab": 1,
    "panel_1": "Ulica Jarosławska",
    "panel_2": null,
    "panel_3": null,
    "panel_4": null,
    "panel_5": null,
    "rodzaj_mon": "E",
    "typ": "emalia biała",
    "zabytkowa": "tak"
   },
   "type": "Feature"
  },
  {
   "geometry": {
    "coordinates": [
     19.978832,
     50.021401
    ],
    "type": "Point"
   },
   "id": 6204,
   "properties": {
    "GlobalID": "c66e9e8a-ceef-48e6-a3b6-820336a32451",
    "OBJECTID": 6204,
    "liczba_tab": 1,
    "panel_1": "Ulica Wolska",
    "panel_2": null,
    "panel_3": null,
    "panel_4": null,
    "panel_5": null,
    "rodzaj_mon": "E",
    "typ": "emalia biała",
    "zabytkowa": "tak"
   },
   "type": "Feature"
  },
  {
   "geometry": {
    "coordinates": [
     19.984689,
     50.020327
    ],
    "type": "Point"
   },
   "id": 6211,
   "properties": {
    "GlobalID": "4f6cf3b9-87df-4758-a057-97c022ebfd56",
    "OBJECTID": 6211,
    "liczba_tab": 1,
    "panel_1": "Ulica Wojciecha Stattlera",
    "panel_2": null,
    "panel_3": null,
    "panel_4": null,
    "panel_5": null,
    "rodzaj_mon": "E",
    "typ": "emalia biała",
    "zabytkowa": "tak"
   },
   "type": "Feature"
  },
  {
   "geometry": {
    "coordinates": [
     19.98305,
     50.019037
    ],
    "type": "Point"
   },
   "id": 6212,
   "properties": {
    "GlobalID": "ca7c378a-0667-4deb-9619-d4f961b4a7db",
    "OBJECTID": 6212,
    "liczba_tab": 1,
    "panel_1": "Ulica Wojciecha Stattlera",
    "panel_2": null,
    "panel_3": null,
    "panel_4": null,
    "panel_5": null,
    "rodzaj_mon": "E",
    "typ": "emalia biała",
    "zabytkowa": "tak"
   },
   "type": "Feature"
  },
  {
   "geometry": {
    "coordinates": [
     19.894014,
     50.086039
    ],
    "type": "Point"
   },
   "id": 6229,
   "properties": {
    "GlobalID": "9d3a53a9-5ba7-4e3d-96aa-b7c9bbc60fdc",
    "OBJECTID": 6229,
    "liczba_tab": 1,
    "panel_1": "E. Radzikowskiego ",
    "panel_2": null,
    "panel_3": null,
    "panel_4": null,
    "panel_5": null,
    "rodzaj_mon": "E",
    "typ": "emalia biała",
    "zabytkowa": "tak"
   },
   "type": "Feature"
  },
  {
   "geometry": {
    "coordinates": [
     19.897778,
     50.08504
    ],
    "type": "Point"
   },
   "id": 6232,
   "properties": {
    "GlobalID": "320b0f57-ecc3-4944-a414-5fdc6b97afd6",
    "OBJECTID": 6232,
    "liczba_tab": 1,
    "panel_1": "Walerego Eliasza Radzikowskiego ",
    "panel_2": null,
    "panel_3": null,
    "panel_4": null,
    "panel_5": null,
    "rodzaj_mon": "E",
    "typ": "emalia biała",
    "zabytkowa": "tak"
   },
   "type": "Feature"
  },
  {
   "geometry": {
    "coordinates": [
     19.90684,
     50.085882
    ],
    "type": "Point"
   },
   "id": 6241,
   "properties": {
    "GlobalID": "c058e746-21a3-4fbc-b924-12ef9287116a",
    "OBJECTID": 6241,
    "liczba_tab": 1,
    "panel_1": "Gnieźnieńska ",
    "panel_2": null,
    "panel_3": null,
    "panel_4": null,
    "panel_5": null,
    "rodzaj_mon": "O",
    "typ": "emalia biała",
    "zabytkowa": "tak"
   },
   "type": "Feature"
  },
  {
   "geometry": {
    "coordinates": [
     20.168603,
     50.107733
    ],
    "type": "Point"
   },
   "id": 6251,
   "properties": {
    "GlobalID": "d43c81aa-5b31-44ea-a9fc-fc584ff84175",
    "OBJECTID": 6251,
    "liczba_tab": 1,
    "panel_1": "Podbiałowa",
    "panel_2": null,
    "panel_3": null,
    "panel_4": null,
    "panel_5": null,
    "rodzaj_mon": "O",
    "typ": "emalia biała",
    "zabytkowa": "tak"
   },
   "type": "Feature"
  },
  {
   "geometry": {
    "coordinates": [
     20.173219,
     50.096465
    ],
    "type": "Point"
   },
   "id": 6265,
   "properties": {
    "GlobalID": "b7ec4812-de26-4d47-8b27-27d32ccb850a",
    "OBJECTID": 6265,
    "liczba_tab": 1,
    "panel_1": "Andrzeja Stopki",
    "panel_2": null,
    "panel_3": null,
    "panel_4": null,
    "panel_5": null,
    "rodzaj_mon": "E",
    "typ": "emalia biała",
    "zabytkowa": "tak"
   },
   "type": "Feature"
  },
  {
   "geometry": {
    "coordinates": [
     20.174615,
     50.092679
    ],
    "type": "Point"
   },
   "id": 6268,
   "properties": {
    "GlobalID": "b687cd36-92b5-4bf2-a6fe-c97f4308adb0",
    "OBJECTID": 6268,
    "liczba_tab": 1,
    "panel_1": "Andrzeja Stopki ",
    "panel_2": null,
    "panel_3": null,
    "panel_4": null,
    "panel_5": null,
    "rodzaj_mon": "E",
    "typ": "emalia biała",
    "zabytkowa": "tak"
   },
   "type": "Feature"
  },
  {
   "geometry": {
    "coordinates": [
     20.072489,
     50.06057
    ],
    "type": "Point"
   },
   "id": 6287,
   "properties": {
    "GlobalID": "5aacc853-3450-4e6a-afbb-62d101ce8a1a",
    "OBJECTID": 6287,
    "liczba_tab": 1,
    "panel_1": "Na Niwach ",
    "panel_2": null,
    "panel_3": null,
    "panel_4": null,
    "panel_5": null,
    "rodzaj_mon": "O",
    "typ": "emalia biała",
    "zabytkowa": "tak"
   },
   "type": "Feature"
  },
  {
   "geometry": {
    "coordinates": [
     20.070299,
     50.062888
    ],
    "type": "Point"
   },
   "id": 6293,
   "properties": {
    "GlobalID": "e1b972d8-12d1-424f-b642-05406ab27eec",
    "OBJECTID": 6293,
    "liczba_tab": 1,
    "panel_1": "Kopaniec",
    "panel_2": null,
    "panel_3": null,
    "panel_4": null,
    "panel_5": null,
    "rodzaj_mon": "E",
    "typ": "emalia biała",
    "zabytkowa": "tak"
   },
   "type": "Feature"
  },
  {
   "geometry": {
    "coordinates": [
     19.906046,
     50.093154
    ],
    "type": "Point"
   },
   "id": 6450,
   "properties": {
    "GlobalID": "6ee90bcd-a129-4e13-a14c-0991d31400ca",
    "OBJECTID": 6450,
    "liczba_tab": 1,
    "panel_1": "Gen. Wojciecha  Kiwierskiego ",
    "panel_2": null,
    "panel_3": null,
    "panel_4": null,
    "panel_5": null,
    "rodzaj_mon": "E",
    "typ": "emalia biała",
    "zabytkowa": "tak"
   },
   "type": "Feature"
  },
  {
   "geometry": {
    "coordinates": [
     19.911046,
     50.096973
    ],
    "type": "Point"
   },
   "id": 6472,
   "properties": {
    "GlobalID": "17ce1df9-efde-410c-9264-c67f210d1102",
    "OBJECTID": 6472,
    "liczba_tab": 1,
    "panel_1": "Orlich Gniazd ",
    "panel_2": null,
    "panel_3": null,
    "panel_4": null,
    "panel_5": null,
    "rodzaj_mon": "O",
    "typ": "emalia biała",
    "zabytkowa": "tak"
   },
   "type": "Feature"
  },
  {
   "geometry": {
    "coordinates": [
     19.906328,
     50.10318
    ],
    "type": "Point"
   },
   "id": 6482,
   "properties": {
    "GlobalID": "c0754b9a-a5fb-4d17-b9eb-b5b4d04cb050",
    "OBJECTID": 6482,
    "liczba_tab": 1,
    "panel_1": "Poziomkowa ",
    "panel_2": null,
    "panel_3": null,
    "panel_4": null,
    "panel_5": null,
    "rodzaj_mon": "E",
    "typ": "emalia biała",
    "zabytkowa": "tak"
   },
   "type": "Feature"
  },
  {
   "geometry": {
    "coordinates": [
     19.895516,
     50.112494
    ],
    "type": "Point"
   },
   "id": 6502,
   "properties": {
    "GlobalID": "5b262a02-8ee5-4c03-a682-95d108c58ad1",
    "OBJECTID": 6502,
    "liczba_tab": 1,
    "panel_1": "Gaik",
    "panel_2": null,
    "panel_3": null,
    "panel_4": null,
    "panel_5": null,
    "rodzaj_mon": "O",
    "typ": "emalia biała",
    "zabytkowa": "tak"
   },
   "type": "Feature"
  },
  {
   "geometry": {
    "coordinates": [
     19.894441,
     50.11235
    ],
    "type": "Point"
   },
   "id": 6505,
   "properties": {
    "GlobalID": "fa708663-5682-4caa-9e8f-6972d065a8a8",
    "OBJECTID": 6505,
    "liczba_tab": 1,
    "panel_1": "Potoczek ",
    "panel_2": null,
    "panel_3": null,
    "panel_4": null,
    "panel_5": null,
    "rodzaj_mon": "O",
    "typ": "emalia biała",
    "zabytkowa": "tak"
   },
   "type": "Feature"
  },
  {
   "geometry": {
    "coordinates": [
     19.893005,
     50.113758
    ],
    "type": "Point"
   },
   "id": 6506,
   "properties": {
    "GlobalID": "91ca98cc-87fb-4745-a61b-cd832dd600fc",
    "OBJECTID": 6506,
    "liczba_tab": 1,
    "panel_1": "Potoczek",
    "panel_2": null,
    "panel_3": null,
    "panel_4": null,
    "panel_5": null,
    "rodzaj_mon": "Se",
    "typ": "emalia biała",
    "zabytkowa": "tak"
   },
   "type": "Feature"
  },
  {
   "geometry": {
    "coordinates": [
     20.186804,
     50.080917
    ],
    "type": "Point"
   },
   "id": 6520,
   "properties": {
    "GlobalID": "978095ad-6789-4669-a9fd-2694374f96f7",
    "OBJECTID": 6520,
    "liczba_tab": 1,
    "panel_1": "Wiewiórcza",
    "panel_2": null,
    "panel_3": null,
    "panel_4": null,
    "panel_5": null,
    "rodzaj_mon": "E",
    "typ": "emalia biała",
    "zabytkowa": "tak"
   },
   "type": "Feature"
  },
  {
   "geometry": {
    "coordinates": [
     20.183212,
     50.09058
    ],
    "type": "Point"
   },
   "id": 6523,
   "properties": {
    "GlobalID": "596dd77d-6a6d-43e5-8adf-939231eac3ed",
    "OBJECTID": 6523,
    "liczba_tab": 1,
    "panel_1": "Pysocice ",
    "panel_2": null,
    "panel_3": null,
    "panel_4": null,
    "panel_5": null,
    "rodzaj_mon": "E",
    "typ": "emalia biała",
    "zabytkowa": "tak"
   },
   "type": "Feature"
  },
  {
   "geometry": {
    "coordinates": [
     20.181179,
     50.098824
    ],
    "type": "Point"
   },
   "id": 6529,
   "properties": {
    "GlobalID": "bd1479bf-3b50-4893-b5b2-f3d2c9ddb1e0",
    "OBJECTID": 6529,
    "liczba_tab": 1,
    "panel_1": "Kuśnierska",
    "panel_2": null,
    "panel_3": null,
    "panel_4": null,
    "panel_5": null,
    "rodzaj_mon": "E",
    "typ": "emalia biała",
    "zabytkowa": "tak"
   },
   "type": "Feature"
  },
  {
   "geometry": {
    "coordinates": [
     20.178883,
     50.098379
    ],
    "type": "Point"
   },
   "id": 6532,
   "properties": {
    "GlobalID": "b4fa9154-61a8-4203-b82f-ec5c47e59e53",
    "OBJECTID": 6532,
    "liczba_tab": 1,
    "panel_1": "Kuśnierska",
    "panel_2": null,
    "panel_3": null,
    "panel_4": null,
    "panel_5": null,
    "rodzaj_mon": "E",
    "typ": "emalia biała",
    "zabytkowa": "tak"
   },
   "type": "Feature"
  },
  {
   "geometry": {
    "coordinates": [
     20.009229,
     50.072887
    ],
    "type": "Point"
   },
   "id": 6546,
   "properties": {
    "GlobalID": "9d3375c2-bd00-4b6c-b4f7-2634b40bd87f",
    "OBJECTID": 6546,
    "liczba_tab": 1,
    "panel_1": "Narciarska ",
    "panel_2": null,
    "panel_3": null,
    "panel_4": null,
    "panel_5": null,
    "rodzaj_mon": "E",
    "typ": "emalia biała",
    "zabytkowa": "tak"
   },
   "type": "Feature"
  },
  {
   "geometry": {
    "coordinates": [
     19.891003,
     50.097623
    ],
    "type": "Point"
   },
   "id": 6552,
   "properties": {
    "GlobalID": "ae5f7e1e-5287-4dea-95f1-a4183f444a25",
    "OBJECTID": 6552,
    "liczba_tab": 1,
    "panel_1": "Jasnogórska",
    "panel_2": null,
    "panel_3": null,
    "panel_4": null,
    "panel_5": null,
    "rodzaj_mon": "O",
    "typ": "emalia biała",
    "zabytkowa": "tak"
   },
   "type": "Feature"
  },
  {
   "geometry": {
    "coordinates": [
     19.883269,
     50.101998
    ],
    "type": "Point"
   },
   "id": 6570,
   "properties": {
    "GlobalID": "68bf833b-8db9-4bf6-b9dd-b84ce710ad5c",
    "OBJECTID": 6570,
    "liczba_tab": 1,
    "panel_1": "Budrysów ",
    "panel_2": null,
    "panel_3": null,
    "panel_4": null,
    "panel_5": null,
    "rodzaj_mon": "E",
    "typ": "emalia biała",
    "zabytkowa": "tak"
   },
   "type": "Feature"
  },
  {
   "geometry": {
    "coordinates": [
     19.885341,
     50.101876
    ],
    "type": "Point"
   },
   "id": 6579,
   "properties": {
    "GlobalID": "befbeb4d-5bd9-4982-a598-e9599aab6888",
    "OBJECTID": 6579,
    "liczba_tab": 1,
    "panel_1": "Chmurna ",
    "panel_2": null,
    "panel_3": null,
    "panel_4": null,
    "panel_5": null,
    "rodzaj_mon": "Se",
    "typ": "emalia biała",
    "zabytkowa": "tak"
   },
   "type": "Feature"
  },
  {
   "geometry": {
    "coordinates": [
     19.89265,
     50.092748
    ],
    "type": "Point"
   },
   "id": 6603,
   "properties": {
    "GlobalID": "261c2ea2-d8ea-4901-9c79-76bf7210aa45",
    "OBJECTID": 6603,
    "liczba_tab": 1,
    "panel_1": "Sosnowiecka ",
    "panel_2": null,
    "panel_3": null,
    "panel_4": null,
    "panel_5": null,
    "rodzaj_mon": "O",
    "typ": "emalia biała",
    "zabytkowa": "tak"
   },
   "type": "Feature"
  },
  {
   "geometry": {
    "coordinates": [
     19.883159,
     50.090295
    ],
    "type": "Point"
   },
   "id": 6615,
   "properties": {
    "GlobalID": "190e2c18-6e6f-4126-a22a-e79f83a20b8e",
    "OBJECTID": 6615,
    "liczba_tab": 1,
    "panel_1": "Eliasza Radzikowskiego ",
    "panel_2": null,
    "panel_3": null,
    "panel_4": null,
    "panel_5": null,
    "rodzaj_mon": "O",
    "typ": "emalia biała",
    "zabytkowa": "tak"
   },
   "type": "Feature"
  },
  {
   "geometry": {
    "coordinates": [
     19.907593,
     50.079799
    ],
    "type": "Point"
   },
   "id": 6638,
   "properties": {
    "GlobalID": "1e3c64e0-58fe-403e-b40e-43bc2364801d",
    "OBJECTID": 6638,
    "liczba_tab": 1,
    "panel_1": "Wojciecha Halczyna",
    "panel_2": null,
    "panel_3": null,
    "panel_4": null,
    "panel_5": null,
    "rodzaj_mon": "E",
    "typ": "emalia biała",
    "zabytkowa": "tak"
   },
   "type": "Feature"
  },
  {
   "geometry": {
    "coordinates": [
     19.902829,
     50.079086
    ],
    "type": "Point"
   },
   "id": 6640,
   "properties": {
    "GlobalID": "a2bb3d9d-a4f9-4af8-8e22-1fa08d27d0e4",
    "OBJECTID": 6640,
    "liczba_tab": 1,
    "panel_1": "Lucjana Rydla",
    "panel_2": null,
    "panel_3": null,
    "panel_4": null,
    "panel_5": null,
    "rodzaj_mon": "E",
    "typ": "emalia biała",
    "zabytkowa": "tak"
   },
   "type": "Feature"
  },
  {
   "geometry": {
    "coordinates": [
     19.902794,
     50.079222
    ],
    "type": "Point"
   },
   "id": 6641,
   "properties": {
    "GlobalID": "a694d75d-1f45-4842-9d37-c114cbecda67",
    "OBJECTID": 6641,
    "liczba_tab": 1,
    "panel_1": "Lucjana Rydla",
    "panel_2": null,
    "panel_3": null,
    "panel_4": null,
    "panel_5": null,
    "rodzaj_mon": "S",
    "typ": "emalia biała",
    "zabytkowa": "tak"
   },
   "type": "Feature"
  },
  {
   "geometry": {
    "coordinates": [
     19.903957,
     50.078901
    ],
    "type": "Point"
   },
   "id": 6642,
   "properties": {
    "GlobalID": "aee45e1a-931a-46f5-aa1c-cb783fd5e748",
    "OBJECTID": 6642,
    "liczba_tab": 1,
    "panel_1": "Lucjana Rydla",
    "panel_2": null,
    "panel_3": null,
    "panel_4": null,
    "panel_5": null,
    "rodzaj_mon": "E",
    "typ": "emalia biała",
    "zabytkowa": "tak"
   },
   "type": "Feature"
  },
  {
   "geometry": {
    "coordinates": [
     19.905529,
     50.078282
    ],
    "type": "Point"
   },
   "id": 6644,
   "properties": {
    "GlobalID": "91419b86-b3b3-40de-af7a-c2818b19bfb3",
    "OBJECTID": 6644,
    "liczba_tab": 1,
    "panel_1": "Grenadierów",
    "panel_2": null,
    "panel_3": null,
    "panel_4": null,
    "panel_5": null,
    "rodzaj_mon": "E",
    "typ": "emalia biała",
    "zabytkowa": "tak"
   },
   "type": "Feature"
  },
  {
   "geometry": {
    "coordinates": [
     19.905454,
     50.077964
    ],
    "type": "Point"
   },
   "id": 6645,
   "properties": {
    "GlobalID": "f8452149-4b71-4e23-ac83-075f7a11f931",
    "OBJECTID": 6645,
    "liczba_tab": 1,
    "panel_1": "Grenadierów",
    "panel_2": null,
    "panel_3": null,
    "panel_4": null,
    "panel_5": null,
    "rodzaj_mon": "E",
    "typ": "emalia biała",
    "zabytkowa": "tak"
   },
   "type": "Feature"
  },
  {
   "geometry": {
    "coordinates": [
     19.906376,
     50.07774
    ],
    "type": "Point"
   },
   "id": 6646,
   "properties": {
    "GlobalID": "693ccd86-31e5-453c-81d3-7cdd0092f2eb",
    "OBJECTID": 6646,
    "liczba_tab": 1,
    "panel_1": "Grenadierów",
    "panel_2": null,
    "panel_3": null,
    "panel_4": null,
    "panel_5": null,
    "rodzaj_mon": "E",
    "typ": "emalia biała",
    "zabytkowa": "tak"
   },
   "type": "Feature"
  },
  {
   "geometry": {
    "coordinates": [
     19.902552,
     50.078656
    ],
    "type": "Point"
   },
   "id": 6649,
   "properties": {
    "GlobalID": "30ea0fe5-1b62-4650-a32f-924fb8a528da",
    "OBJECTID": 6649,
    "liczba_tab": 1,
    "panel_1": "Zaczarowane Koło",
    "panel_2": null,
    "panel_3": null,
    "panel_4": null,
    "panel_5": null,
    "rodzaj_mon": "E",
    "typ": "emalia biała",
    "zabytkowa": "tak"
   },
   "type": "Feature"
  },
  {
   "geometry": {
    "coordinates": [
     19.903675,
     50.078492
    ],
    "type": "Point"
   },
   "id": 6650,
   "properties": {
    "GlobalID": "aed2ee23-4f65-47b9-a00d-93336e1acceb",
    "OBJECTID": 6650,
    "liczba_tab": 1,
    "panel_1": "Zaczarowane Koło",
    "panel_2": null,
    "panel_3": null,
    "panel_4": null,
    "panel_5": null,
    "rodzaj_mon": "E",
    "typ": "emalia biała",
    "zabytkowa": "tak"
   },
   "type": "Feature"
  },
  {
   "geometry": {
    "coordinates": [
     19.904282,
     50.078331
    ],
    "type": "Point"
   },
   "id": 6651,
   "properties": {
    "GlobalID": "4d760f32-7b98-4292-8348-19ddb504f8e8",
    "OBJECTID": 6651,
    "liczba_tab": 1,
    "panel_1": "Zaczarowane Koło",
    "panel_2": null,
    "panel_3": null,
    "panel_4": null,
    "panel_5": null,
    "rodzaj_mon": "E",
    "typ": "emalia biała",
    "zabytkowa": "tak"
   },
   "type": "Feature"
  },
  {
   "geometry": {
    "coordinates": [
     19.900326,
     50.078205
    ],
    "type": "Point"
   },
   "id": 6653,
   "properties": {
    "GlobalID": "13c1160d-6a95-44a4-8c9b-e88c1d1882a8",
    "OBJECTID": 6653,
    "liczba_tab": 1,
    "panel_1": "Krakusów",
    "panel_2": null,
    "panel_3": null,
    "panel_4": null,
    "panel_5": null,
    "rodzaj_mon": "E",
    "typ": "emalia biała",
    "zabytkowa": "tak"
   },
   "type": "Feature"
  },
  {
   "geometry": {
    "coordinates": [
     19.897861,
     50.081393
    ],
    "type": "Point"
   },
   "id": 6661,
   "properties": {
    "GlobalID": "8d6b7047-f357-458b-80c6-91db41ba38d4",
    "OBJECTID": 6661,
    "liczba_tab": 1,
    "panel_1": "Bolesława Wallek-Walewskiego",
    "panel_2": null,
    "panel_3": null,
    "panel_4": null,
    "panel_5": null,
    "rodzaj_mon": "E",
    "typ": "emalia biała",
    "zabytkowa": "tak"
   },
   "type": "Feature"
  },
  {
   "geometry": {
    "coordinates": [
     19.895445,
     50.081558
    ],
    "type": "Point"
   },
   "id": 6666,
   "properties": {
    "GlobalID": "ce499169-e1c6-4fe3-9322-c4cc98dea94d",
    "OBJECTID": 6666,
    "liczba_tab": 1,
    "panel_1": "Złoty Róg",
    "panel_2": null,
    "panel_3": null,
    "panel_4": null,
    "panel_5": null,
    "rodzaj_mon": "E",
    "typ": "emalia biała",
    "zabytkowa": "tak"
   },
   "type": "Feature"
  },
  {
   "geometry": {
    "coordinates": [
     19.897026,
     50.079388
    ],
    "type": "Point"
   },
   "id": 6674,
   "properties": {
    "GlobalID": "b5dbc0e5-7a4e-4d70-b09d-25031c87bbf8",
    "OBJECTID": 6674,
    "liczba_tab": 1,
    "panel_1": "Bronowicka",
    "panel_2": null,
    "panel_3": null,
    "panel_4": null,
    "panel_5": null,
    "rodzaj_mon": "E",
    "typ": "emalia biała",
    "zabytkowa": "tak"
   },
   "type": "Feature"
  },
  {
   "geometry": {
    "coordinates": [
     19.897043,
     50.079396
    ],
    "type": "Point"
   },
   "id": 6675,
   "properties": {
    "GlobalID": "bca0b3b5-c8ba-4c1a-bfd4-c9a91de0df76",
    "OBJECTID": 6675,
    "liczba_tab": 1,
    "panel_1": "Wjazdowa",
    "panel_2": null,
    "panel_3": null,
    "panel_4": null,
    "panel_5": null,
    "rodzaj_mon": "E",
    "typ": "emalia biała",
    "zabytkowa": "tak"
   },
   "type": "Feature"
  },
  {
   "geometry": {
    "coordinates": [
     19.894452,
     50.079995
    ],
    "type": "Point"
   },
   "id": 6688,
   "properties": {
    "GlobalID": "5a33b242-e47c-4d25-8ca5-38da67d9d8eb",
    "OBJECTID": 6688,
    "liczba_tab": 1,
    "panel_1": "Bronowicka",
    "panel_2": null,
    "panel_3": null,
    "panel_4": null,
    "panel_5": null,
    "rodzaj_mon": "E",
    "typ": "emalia biała",
    "zabytkowa": "tak"
   },
   "type": "Feature"
  },
  {
   "geometry": {
    "coordinates": [
     19.898944,
     50.076265
    ],
    "type": "Point"
   },
   "id": 6698,
   "properties": {
    "GlobalID": "6d2d3c86-abfc-4f8b-8581-6efae4a572ad",
    "OBJECTID": 6698,
    "liczba_tab": 1,
    "panel_1": "Jerzego Samuela Bandtkiego",
    "panel_2": null,
    "panel_3": null,
    "panel_4": null,
    "panel_5": null,
    "rodzaj_mon": "E",
    "typ": "emalia biała",
    "zabytkowa": "tak"
   },
   "type": "Feature"
  },
  {
   "geometry": {
    "coordinates": [
     19.899119,
     50.078051
    ],
    "type": "Point"
   },
   "id": 6699,
   "properties": {
    "GlobalID": "68a7f894-ab7e-450f-bcfb-0de98b4bdd75",
    "OBJECTID": 6699,
    "liczba_tab": 1,
    "panel_1": "Jerzego Samuela Bandtkiego",
    "panel_2": null,
    "panel_3": null,
    "panel_4": null,
    "panel_5": null,
    "rodzaj_mon": "E",
    "typ": "emalia biała",
    "zabytkowa": "tak"
   },
   "type": "Feature"
  },
  {
   "geometry": {
    "coordinates": [
     19.888875,
     50.075604
    ],
    "type": "Point"
   },
   "id": 6709,
   "properties": {
    "GlobalID": "995cea94-996c-4b00-82ab-4ced0af88e0b",
    "OBJECTID": 6709,
    "liczba_tab": 1,
    "panel_1": "Armii Krajowej",
    "panel_2": null,
    "panel_3": null,
    "panel_4": null,
    "panel_5": null,
    "rodzaj_mon": "E",
    "typ": "emalia biała",
    "zabytkowa": "tak"
   },
   "type": "Feature"
  },
  {
   "geometry": {
    "coordinates": [
     19.894299,
     50.076669
    ],
    "type": "Point"
   },
   "id": 6722,
   "properties": {
    "GlobalID": "f9e711c0-0d7e-417e-bd31-915772cd2baf",
    "OBJECTID": 6722,
    "liczba_tab": 1,
    "panel_1": "Jerzego Szablowskiego",
    "panel_2": null,
    "panel_3": null,
    "panel_4": null,
    "panel_5": null,
    "rodzaj_mon": "O",
    "typ": "emalia biała",
    "zabytkowa": "tak"
   },
   "type": "Feature"
  },
  {
   "geometry": {
    "coordinates": [
     19.901063,
     50.072589
    ],
    "type": "Point"
   },
   "id": 6736,
   "properties": {
    "GlobalID": "f50eac0b-6388-4127-aec5-74ef9be26634",
    "OBJECTID": 6736,
    "liczba_tab": 1,
    "panel_1": "Juliusza Lea",
    "panel_2": null,
    "panel_3": null,
    "panel_4": null,
    "panel_5": null,
    "rodzaj_mon": "E",
    "typ": "emalia biała",
    "zabytkowa": "tak"
   },
   "type": "Feature"
  },
  {
   "geometry": {
    "coordinates": [
     19.901091,
     50.072606
    ],
    "type": "Point"
   },
   "id": 6737,
   "properties": {
    "GlobalID": "6ba75b12-c73f-4f11-8ba9-079df7f35297",
    "OBJECTID": 6737,
    "liczba_tab": 1,
    "panel_1": "Młodej Polski",
    "panel_2": null,
    "panel_3": null,
    "panel_4": null,
    "panel_5": null,
    "rodzaj_mon": "E",
    "typ": "emalia biała",
    "zabytkowa": "tak"
   },
   "type": "Feature"
  },
  {
   "geometry": {
    "coordinates": [
     19.904086,
     50.076262
    ],
    "type": "Point"
   },
   "id": 6745,
   "properties": {
    "GlobalID": "be2a87a4-c691-4d0f-bcf2-01697084c96e",
    "OBJECTID": 6745,
    "liczba_tab": 1,
    "panel_1": "Adama Staszczyka",
    "panel_2": null,
    "panel_3": null,
    "panel_4": null,
    "panel_5": null,
    "rodzaj_mon": "E",
    "typ": "emalia biała",
    "zabytkowa": "tak"
   },
   "type": "Feature"
  },
  {
   "geometry": {
    "coordinates": [
     19.904062,
     50.076284
    ],
    "type": "Point"
   },
   "id": 6746,
   "properties": {
    "GlobalID": "3e7c20ed-69d8-430e-8608-b245d25c13da",
    "OBJECTID": 6746,
    "liczba_tab": 1,
    "panel_1": "Bronowicka",
    "panel_2": null,
    "panel_3": null,
    "panel_4": null,
    "panel_5": null,
    "rodzaj_mon": "E",
    "typ": "emalia biała",
    "zabytkowa": "tak"
   },
   "type": "Feature"
  },
  {
   "geometry": {
    "coordinates": [
     19.900383,
     50.075155
    ],
    "type": "Point"
   },
   "id": 6758,
   "properties": {
    "GlobalID": "8cf4e2e6-eb2b-4b61-85be-dda971f920d2",
    "OBJECTID": 6758,
    "liczba_tab": 1,
    "panel_1": "Lucjana Rydla",
    "panel_2": null,
    "panel_3": null,
    "panel_4": null,
    "panel_5": null,
    "rodzaj_mon": "E",
    "typ": "emalia biała",
    "zabytkowa": "tak"
   },
   "type": "Feature"
  },
  {
   "geometry": {
    "coordinates": [
     19.903947,
     50.075735
    ],
    "type": "Point"
   },
   "id": 6762,
   "properties": {
    "GlobalID": "73388d0f-3b57-40c1-8cdd-66c00b4e8f7b",
    "OBJECTID": 6762,
    "liczba_tab": 1,
    "panel_1": "Krzywy Zaułek",
    "panel_2": null,
    "panel_3": null,
    "panel_4": null,
    "panel_5": null,
    "rodzaj_mon": "E",
    "typ": "emalia biała",
    "zabytkowa": "tak"
   },
   "type": "Feature"
  },
  {
   "geometry": {
    "coordinates": [
     19.903806,
     50.075193
    ],
    "type": "Point"
   },
   "id": 6765,
   "properties": {
    "GlobalID": "40aa8db3-6cd2-4c0e-99de-83f41e4d3870",
    "OBJECTID": 6765,
    "liczba_tab": 1,
    "panel_1": "Adama Staszczyka",
    "panel_2": null,
    "panel_3": null,
    "panel_4": null,
    "panel_5": null,
    "rodzaj_mon": "E",
    "typ": "emalia biała",
    "zabytkowa": "tak"
   },
   "type": "Feature"
  },
  {
   "geometry": {
    "coordinates": [
     19.902377,
     50.074791
    ],
    "type": "Point"
   },
   "id": 6773,
   "properties": {
    "GlobalID": "3836a9ea-91c6-4f6c-bd8d-6295fd8784db",
    "OBJECTID": 6773,
    "liczba_tab": 1,
    "panel_1": "Kaspra Żelechowskiego",
    "panel_2": null,
    "panel_3": null,
    "panel_4": null,
    "panel_5": null,
    "rodzaj_mon": "E",
    "typ": "emalia biała",
    "zabytkowa": "tak"
   },
   "type": "Feature"
  },
  {
   "geometry": {
    "coordinates": [
     19.892327,
     50.066405
    ],
    "type": "Point"
   },
   "id": 6782,
   "properties": {
    "GlobalID": "8a03c402-ab24-4e4c-a5ea-9e21290b64b1",
    "OBJECTID": 6782,
    "liczba_tab": 1,
    "panel_1": "Mydlnicka",
    "panel_2": null,
    "panel_3": null,
    "panel_4": null,
    "panel_5": null,
    "rodzaj_mon": "O",
    "typ": "emalia biała",
    "zabytkowa": "tak"
   },
   "type": "Feature"
  },
  {
   "geometry": {
    "coordinates": [
     20.190007,
     50.065338
    ],
    "type": "Point"
   },
   "id": 6795,
   "properties": {
    "GlobalID": "a5309a37-10a5-446c-b500-858ba4dfc4d3",
    "OBJECTID": 6795,
    "liczba_tab": 1,
    "panel_1": "Zakępie",
    "panel_2": null,
    "panel_3": null,
    "panel_4": null,
    "panel_5": null,
    "rodzaj_mon": "E",
    "typ": "emalia biała",
    "zabytkowa": "tak"
   },
   "type": "Feature"
  },
  {
   "geometry": {
    "coordinates": [
     19.889124,
     50.082504
    ],
    "type": "Point"
   },
   "id": 6799,
   "properties": {
    "GlobalID": "1bb9554e-8199-4bd4-b620-6563fbd76ee0",
    "OBJECTID": 6799,
    "liczba_tab": 1,
    "panel_1": "Wernyhory",
    "panel_2": null,
    "panel_3": null,
    "panel_4": null,
    "panel_5": null,
    "rodzaj_mon": "O",
    "typ": "emalia biała",
    "zabytkowa": "tak"
   },
   "type": "Feature"
  },
  {
   "geometry": {
    "coordinates": [
     20.195331,
     50.064342
    ],
    "type": "Point"
   },
   "id": 6804,
   "properties": {
    "GlobalID": "3ba2f1f0-0d71-4b70-a1ee-0fb9cc5b1ff1",
    "OBJECTID": 6804,
    "liczba_tab": 1,
    "panel_1": "Plac Marii Turzyny ",
    "panel_2": null,
    "panel_3": null,
    "panel_4": null,
    "panel_5": null,
    "rodzaj_mon": "E",
    "typ": "emalia biała",
    "zabytkowa": "tak"
   },
   "type": "Feature"
  },
  {
   "geometry": {
    "coordinates": [
     19.880596,
     50.082326
    ],
    "type": "Point"
   },
   "id": 6808,
   "properties": {
    "GlobalID": "fa30281a-83c7-40f5-b352-b97a4fe5baf7",
    "OBJECTID": 6808,
    "liczba_tab": 1,
    "panel_1": "Balicka",
    "panel_2": null,
    "panel_3": null,
    "panel_4": null,
    "panel_5": null,
    "rodzaj_mon": "E",
    "typ": "emalia biała",
    "zabytkowa": "tak"
   },
   "type": "Feature"
  },
  {
   "geometry": {
    "coordinates": [
     19.880623,
     50.082342
    ],
    "type": "Point"
   },
   "id": 6810,
   "properties": {
    "GlobalID": "d748fdc4-9b72-42aa-a1f2-dc2be3369515",
    "OBJECTID": 6810,
    "liczba_tab": 1,
    "panel_1": "Zielony Most",
    "panel_2": null,
    "panel_3": null,
    "panel_4": null,
    "panel_5": null,
    "rodzaj_mon": "E",
    "typ": "emalia biała",
    "zabytkowa": "tak"
   },
   "type": "Feature"
  },
  {
   "geometry": {
    "coordinates": [
     19.880153,
     50.082357
    ],
    "type": "Point"
   },
   "id": 6814,
   "properties": {
    "GlobalID": "d961699c-fdd4-4b07-be67-1326098e083d",
    "OBJECTID": 6814,
    "liczba_tab": 1,
    "panel_1": "Balicka",
    "panel_2": null,
    "panel_3": null,
    "panel_4": null,
    "panel_5": null,
    "rodzaj_mon": "E",
    "typ": "emalia biała",
    "zabytkowa": "tak"
   },
   "type": "Feature"
  },
  {
   "geometry": {
    "coordinates": [
     19.87983,
     50.078932
    ],
    "type": "Point"
   },
   "id": 6823,
   "properties": {
    "GlobalID": "d839e8e1-f792-4e06-abf7-90989ad7166d",
    "OBJECTID": 6823,
    "liczba_tab": 1,
    "panel_1": "Samuela Bogumiła Lindego",
    "panel_2": null,
    "panel_3": null,
    "panel_4": null,
    "panel_5": null,
    "rodzaj_mon": "E",
    "typ": "emalia biała",
    "zabytkowa": "tak"
   },
   "type": "Feature"
  },
  {
   "geometry": {
    "coordinates": [
     19.879858,
     50.078964
    ],
    "type": "Point"
   },
   "id": 6824,
   "properties": {
    "GlobalID": "803df189-0866-4e00-bc04-89eb7dbb3cc8",
    "OBJECTID": 6824,
    "liczba_tab": 1,
    "panel_1": "Na Błonie",
    "panel_2": null,
    "panel_3": null,
    "panel_4": null,
    "panel_5": null,
    "rodzaj_mon": "E",
    "typ": "emalia biała",
    "zabytkowa": "tak"
   },
   "type": "Feature"
  },
  {
   "geometry": {
    "coordinates": [
     20.00177,
     50.003733
    ],
    "type": "Point"
   },
   "id": 6842,
   "properties": {
    "GlobalID": "0658f5ab-8606-4711-9faa-73a7b3139176",
    "OBJECTID": 6842,
    "liczba_tab": 1,
    "panel_1": "Ulica Snozy",
    "panel_2": null,
    "panel_3": null,
    "panel_4": null,
    "panel_5": null,
    "rodzaj_mon": "O",
    "typ": "emalia biała",
    "zabytkowa": "tak"
   },
   "type": "Feature"
  },
  {
   "geometry": {
    "coordinates": [
     20.201783,
     50.058727
    ],
    "type": "Point"
   },
   "id": 6845,
   "properties": {
    "GlobalID": "30016172-c15e-4bf1-9749-f364d759d106",
    "OBJECTID": 6845,
    "liczba_tab": 1,
    "panel_1": "Wiązowa",
    "panel_2": null,
    "panel_3": null,
    "panel_4": null,
    "panel_5": null,
    "rodzaj_mon": "E",
    "typ": "emalia biała",
    "zabytkowa": "tak"
   },
   "type": "Feature"
  },
  {
   "geometry": {
    "coordinates": [
     20.009425,
     50.005067
    ],
    "type": "Point"
   },
   "id": 6853,
   "properties": {
    "GlobalID": "b2595bbd-ead7-4aeb-a9b9-f1da64acda45",
    "OBJECTID": 6853,
    "liczba_tab": 1,
    "panel_1": "Ulica Alberta Schweitzera",
    "panel_2": null,
    "panel_3": null,
    "panel_4": null,
    "panel_5": null,
    "rodzaj_mon": "E",
    "typ": "emalia biała",
    "zabytkowa": "tak"
   },
   "type": "Feature"
  },
  {
   "geometry": {
    "coordinates": [
     20.205584,
     50.052896
    ],
    "type": "Point"
   },
   "id": 6863,
   "properties": {
    "GlobalID": "2813d1e2-daf7-49a1-bc3f-8bffdb2e2afd",
    "OBJECTID": 6863,
    "liczba_tab": 1,
    "panel_1": "Brzeska",
    "panel_2": null,
    "panel_3": null,
    "panel_4": null,
    "panel_5": null,
    "rodzaj_mon": "E",
    "typ": "emalia biała",
    "zabytkowa": "tak"
   },
   "type": "Feature"
  },
  {
   "geometry": {
    "coordinates": [
     19.887959,
     50.07701
    ],
    "type": "Point"
   },
   "id": 6864,
   "properties": {
    "GlobalID": "a3795388-c098-40d0-924e-902b7481a594",
    "OBJECTID": 6864,
    "liczba_tab": 1,
    "panel_1": "Armii Krajowej",
    "panel_2": null,
    "panel_3": null,
    "panel_4": null,
    "panel_5": null,
    "rodzaj_mon": "E",
    "typ": "emalia biała",
    "zabytkowa": "tak"
   },
   "type": "Feature"
  },
  {
   "geometry": {
    "coordinates": [
     20.006788,
     50.005721
    ],
    "type": "Point"
   },
   "id": 6871,
   "properties": {
    "GlobalID": "5b328279-0fed-4cec-b4d0-08be8471de7a",
    "OBJECTID": 6871,
    "liczba_tab": 1,
    "panel_1": "Ul. Ludwika Rydygiera",
    "panel_2": null,
    "panel_3": null,
    "panel_4": null,
    "panel_5": null,
    "rodzaj_mon": "E",
    "typ": "emalia biała",
    "zabytkowa": "tak"
   },
   "type": "Feature"
  },
  {
   "geometry": {
    "coordinates": [
     19.878641,
     50.071635
    ],
    "type": "Point"
   },
   "id": 6876,
   "properties": {
    "GlobalID": "e30842e2-46fd-4141-af09-bf356e21786a",
    "OBJECTID": 6876,
    "liczba_tab": 1,
    "panel_1": "Pamiętna",
    "panel_2": null,
    "panel_3": null,
    "panel_4": null,
    "panel_5": null,
    "rodzaj_mon": "E",
    "typ": "emalia biała",
    "zabytkowa": "tak"
   },
   "type": "Feature"
  },
  {
   "geometry": {
    "coordinates": [
     19.881206,
     50.076118
    ],
    "type": "Point"
   },
   "id": 6883,
   "properties": {
    "GlobalID": "a846c44c-2d87-4f6e-89ed-b5b558231f95",
    "OBJECTID": 6883,
    "liczba_tab": 1,
    "panel_1": "Wiedeńska",
    "panel_2": null,
    "panel_3": null,
    "panel_4": null,
    "panel_5": null,
    "rodzaj_mon": "E",
    "typ": "emalia biała",
    "zabytkowa": "tak"
   },
   "type": "Feature"
  },
  {
   "geometry": {
    "coordinates": [
     20.198048,
     50.055876
    ],
    "type": "Point"
   },
   "id": 6905,
   "properties": {
    "GlobalID": "697c0968-06fe-422c-9f97-621c1f0d4e9c",
    "OBJECTID": 6905,
    "liczba_tab": 1,
    "panel_1": "Plażowa ",
    "panel_2": null,
    "panel_3": null,
    "panel_4": null,
    "panel_5": null,
    "rodzaj_mon": "O",
    "typ": "emalia biała",
    "zabytkowa": "tak"
   },
   "type": "Feature"
  },
  {
   "geometry": {
    "coordinates": [
     19.887214,
     50.073617
    ],
    "type": "Point"
   },
   "id": 6909,
   "properties": {
    "GlobalID": "1d1db450-1c44-4250-9502-35d8689f77bb",
    "OBJECTID": 6909,
    "liczba_tab": 1,
    "panel_1": "K. Popiela",
    "panel_2": null,
    "panel_3": null,
    "panel_4": null,
    "panel_5": null,
    "rodzaj_mon": "E",
    "typ": "emalia biała",
    "zabytkowa": "tak"
   },
   "type": "Feature"
  },
  {
   "geometry": {
    "coordinates": [
     19.88263,
     50.074634
    ],
    "type": "Point"
   },
   "id": 6927,
   "properties": {
    "GlobalID": "5d4ab67b-b151-42e0-98fa-c97b9bbeae4c",
    "OBJECTID": 6927,
    "liczba_tab": 1,
    "panel_1": "Rtm. W. Pileckiego",
    "panel_2": null,
    "panel_3": null,
    "panel_4": null,
    "panel_5": null,
    "rodzaj_mon": "E",
    "typ": "emalia biała",
    "zabytkowa": "tak"
   },
   "type": "Feature"
  },
  {
   "geometry": {
    "coordinates": [
     19.881373,
     50.0747
    ],
    "type": "Point"
   },
   "id": 6931,
   "properties": {
    "GlobalID": "d513732c-e613-4dde-a287-4298f292505b",
    "OBJECTID": 6931,
    "liczba_tab": 1,
    "panel_1": "Jana Stróżyckiego",
    "panel_2": null,
    "panel_3": null,
    "panel_4": null,
    "panel_5": null,
    "rodzaj_mon": "E",
    "typ": "emalia biała",
    "zabytkowa": "tak"
   },
   "type": "Feature"
  },
  {
   "geometry": {
    "coordinates": [
     19.982223,
     50.011624
    ],
    "type": "Point"
   },
   "id": 6946,
   "properties": {
    "GlobalID": "787d6d74-7af8-46dd-bed7-a5c79b8f238a",
    "OBJECTID": 6946,
    "liczba_tab": 1,
    "panel_1": "Ulica Mokra",
    "panel_2": null,
    "panel_3": null,
    "panel_4": null,
    "panel_5": null,
    "rodzaj_mon": "E",
    "typ": "emalia biała",
    "zabytkowa": "tak"
   },
   "type": "Feature"
  },
  {
   "geometry": {
    "coordinates": [
     19.987756,
     50.007982
    ],
    "type": "Point"
   },
   "id": 6962,
   "properties": {
    "GlobalID": "80d39e24-baf1-4060-a20b-badf09355602",
    "OBJECTID": 6962,
    "liczba_tab": 1,
    "panel_1": "Ulica Przewiewna",
    "panel_2": null,
    "panel_3": null,
    "panel_4": null,
    "panel_5": null,
    "rodzaj_mon": "E",
    "typ": "emalia biała",
    "zabytkowa": "tak"
   },
   "type": "Feature"
  },
  {
   "geometry": {
    "coordinates": [
     19.870796,
     50.080785
    ],
    "type": "Point"
   },
   "id": 6967,
   "properties": {
    "GlobalID": "f88bd644-3fc9-4828-b190-c549443c5a7a",
    "OBJECTID": 6967,
    "liczba_tab": 1,
    "panel_1": "Balicka",
    "panel_2": null,
    "panel_3": null,
    "panel_4": null,
    "panel_5": null,
    "rodzaj_mon": "O",
    "typ": "emalia biała",
    "zabytkowa": "tak"
   },
   "type": "Feature"
  },
  {
   "geometry": {
    "coordinates": [
     19.837446,
     50.090091
    ],
    "type": "Point"
   },
   "id": 6995,
   "properties": {
    "GlobalID": "325f3014-2666-444a-ad99-eeb1229091c4",
    "OBJECTID": 6995,
    "liczba_tab": 1,
    "panel_1": "Balicka",
    "panel_2": null,
    "panel_3": null,
    "panel_4": null,
    "panel_5": null,
    "rodzaj_mon": "O",
    "typ": "emalia niebieska",
    "zabytkowa": "tak"
   },
   "type": "Feature"
  },
  {
   "geometry": {
    "coordinates": [
     19.842175,
     50.082585
    ],
    "type": "Point"
   },
   "id": 7001,
   "properties": {
    "GlobalID": "f046122d-e1fb-4dc2-b3a7-ed6f62af5e48",
    "OBJECTID": 7001,
    "liczba_tab": 1,
    "panel_1": "Dobiesława Kurozwęckiego",
    "panel_2": null,
    "panel_3": null,
    "panel_4": null,
    "panel_5": null,
    "rodzaj_mon": "O",
    "typ": "emalia biała",
    "zabytkowa": "tak"
   },
   "type": "Feature"
  },
  {
   "geometry": {
    "coordinates": [
     19.848348,
     50.081889
    ],
    "type": "Point"
   },
   "id": 7014,
   "properties": {
    "GlobalID": "3b4eacf9-5fba-4276-9087-6d2d9cb18b08",
    "OBJECTID": 7014,
    "liczba_tab": 1,
    "panel_1": "Zakliki z Mydlnik",
    "panel_2": null,
    "panel_3": null,
    "panel_4": null,
    "panel_5": null,
    "rodzaj_mon": "E",
    "typ": "emalia biała",
    "zabytkowa": "tak"
   },
   "type": "Feature"
  },
  {
   "geometry": {
    "coordinates": [
     19.866303,
     50.07228
    ],
    "type": "Point"
   },
   "id": 7017,
   "properties": {
    "GlobalID": "26c79383-26cf-4ad2-979a-74ff0b90ab0e",
    "OBJECTID": 7017,
    "liczba_tab": 1,
    "panel_1": "Nad Zalewem",
    "panel_2": null,
    "panel_3": null,
    "panel_4": null,
    "panel_5": null,
    "rodzaj_mon": "E",
    "typ": "emalia biała",
    "zabytkowa": "tak"
   },
   "type": "Feature"
  },
  {
   "geometry": {
    "coordinates": [
     19.852144,
     50.077677
    ],
    "type": "Point"
   },
   "id": 7019,
   "properties": {
    "GlobalID": "d74308f3-3b9f-436e-a17b-a95f12ab81a5",
    "OBJECTID": 7019,
    "liczba_tab": 1,
    "panel_1": "Józefa Becka",
    "panel_2": null,
    "panel_3": null,
    "panel_4": null,
    "panel_5": null,
    "rodzaj_mon": "O",
    "typ": "emalia biała",
    "zabytkowa": "tak"
   },
   "type": "Feature"
  },
  {
   "geometry": {
    "coordinates": [
     20.175319,
     50.059608
    ],
    "type": "Point"
   },
   "id": 7031,
   "properties": {
    "GlobalID": "4445243f-63e0-4a89-b5e1-4ab35cd06cfd",
    "OBJECTID": 7031,
    "liczba_tab": 1,
    "panel_1": "Drożyska ",
    "panel_2": null,
    "panel_3": null,
    "panel_4": null,
    "panel_5": null,
    "rodzaj_mon": "O",
    "typ": "emalia biała",
    "zabytkowa": "tak"
   },
   "type": "Feature"
  },
  {
   "geometry": {
    "coordinates": [
     19.913458,
     50.057493
    ],
    "type": "Point"
   },
   "id": 7056,
   "properties": {
    "GlobalID": "3c9168a8-e640-45d3-a7bd-d107d0233f33",
    "OBJECTID": 7056,
    "liczba_tab": 1,
    "panel_1": "Kasztelańska",
    "panel_2": null,
    "panel_3": null,
    "panel_4": null,
    "panel_5": null,
    "rodzaj_mon": "E",
    "typ": "emalia biała",
    "zabytkowa": "tak"
   },
   "type": "Feature"
  },
  {
   "geometry": {
    "coordinates": [
     19.911813,
     50.057283
    ],
    "type": "Point"
   },
   "id": 7059,
   "properties": {
    "GlobalID": "88772357-c42c-45da-b02d-185cc0621e32",
    "OBJECTID": 7059,
    "liczba_tab": 1,
    "panel_1": "Aleja Marszałka Ferdinanda Focha",
    "panel_2": null,
    "panel_3": null,
    "panel_4": null,
    "panel_5": null,
    "rodzaj_mon": "E",
    "typ": "emalia biała",
    "zabytkowa": "tak"
   },
   "type": "Feature"
  },
  {
   "geometry": {
    "coordinates": [
     20.165787,
     50.07163
    ],
    "type": "Point"
   },
   "id": 7063,
   "properties": {
    "GlobalID": "393963bf-f527-4be3-bd50-da064c32cd30",
    "OBJECTID": 7063,
    "liczba_tab": 1,
    "panel_1": "Ziemska",
    "panel_2": null,
    "panel_3": null,
    "panel_4": null,
    "panel_5": null,
    "rodzaj_mon": "O",
    "typ": "emalia biała",
    "zabytkowa": "tak"
   },
   "type": "Feature"
  },
  {
   "geometry": {
    "coordinates": [
     20.15875,
     50.070596
    ],
    "type": "Point"
   },
   "id": 7083,
   "properties": {
    "GlobalID": "caa09ea9-40c2-4872-b093-5092c6f48808",
    "OBJECTID": 7083,
    "liczba_tab": 1,
    "panel_1": "Romana Prawocheńskiego ",
    "panel_2": null,
    "panel_3": null,
    "panel_4": null,
    "panel_5": null,
    "rodzaj_mon": "O",
    "typ": "emalia biała",
    "zabytkowa": "tak"
   },
   "type": "Feature"
  },
  {
   "geometry": {
    "coordinates": [
     19.917858,
     50.055572
    ],
    "type": "Point"
   },
   "id": 7106,
   "properties": {
    "GlobalID": "7de7173a-7dc5-491c-8d95-24f77e5bb6e6",
    "OBJECTID": 7106,
    "liczba_tab": 1,
    "panel_1": "Salwatorska",
    "panel_2": null,
    "panel_3": null,
    "panel_4": null,
    "panel_5": null,
    "rodzaj_mon": "E",
    "typ": "emalia biała",
    "zabytkowa": "tak"
   },
   "type": "Feature"
  },
  {
   "geometry": {
    "coordinates": [
     19.916261,
     50.057209
    ],
    "type": "Point"
   },
   "id": 7126,
   "properties": {
    "GlobalID": "b30c0a89-9c06-4999-b1e5-f1dd361553b2",
    "OBJECTID": 7126,
    "liczba_tab": 1,
    "panel_1": "Leona Wyczółkowskiego",
    "panel_2": null,
    "panel_3": null,
    "panel_4": null,
    "panel_5": null,
    "rodzaj_mon": "E",
    "typ": "emalia biała",
    "zabytkowa": "tak"
   },
   "type": "Feature"
  },
  {
   "geometry": {
    "coordinates": [
     19.96675,
     50.004984
    ],
    "type": "Point"
   },
   "id": 7173,
   "properties": {
    "GlobalID": "c2147817-63f1-4f7a-8de1-2181d02859e4",
    "OBJECTID": 7173,
    "liczba_tab": 1,
    "panel_1": "Ulica Błogosławionej Franciszki Siedliskiej",
    "panel_2": null,
    "panel_3": null,
    "panel_4": null,
    "panel_5": null,
    "rodzaj_mon": "O",
    "typ": "emalia biała",
    "zabytkowa": "tak"
   },
   "type": "Feature"
  },
  {
   "geometry": {
    "coordinates": [
     19.921391,
     50.055075
    ],
    "type": "Point"
   },
   "id": 7183,
   "properties": {
    "GlobalID": "7808d351-9a69-400e-a9f0-b6a71ff83878",
    "OBJECTID": 7183,
    "liczba_tab": 1,
    "panel_1": "Plac Na Stawach",
    "panel_2": null,
    "panel_3": null,
    "panel_4": null,
    "panel_5": null,
    "rodzaj_mon": "E",
    "typ": "emalia biała",
    "zabytkowa": "tak"
   },
   "type": "Feature"
  },
  {
   "geometry": {
    "coordinates": [
     19.92339,
     50.05399
    ],
    "type": "Point"
   },
   "id": 7189,
   "properties": {
    "GlobalID": "337981ce-a554-4207-a3d6-8b0a789eba5a",
    "OBJECTID": 7189,
    "liczba_tab": 1,
    "panel_1": "Marcina Lelewela-Borelowskiego",
    "panel_2": null,
    "panel_3": null,
    "panel_4": null,
    "panel_5": null,
    "rodzaj_mon": "E",
    "typ": "emalia biała",
    "zabytkowa": "tak"
   },
   "type": "Feature"
  },
  {
   "geometry": {
    "coordinates": [
     19.923384,
     50.053962
    ],
    "type": "Point"
   },
   "id": 7191,
   "properties": {
    "GlobalID": "02a6827e-8091-4412-b36f-3c6876570303",
    "OBJECTID": 7191,
    "liczba_tab": 1,
    "panel_1": "Tadeusza Kościuszki",
    "panel_2": null,
    "panel_3": null,
    "panel_4": null,
    "panel_5": null,
    "rodzaj_mon": "E",
    "typ": "emalia biała",
    "zabytkowa": "tak"
   },
   "type": "Feature"
  },
  {
   "geometry": {
    "coordinates": [
     19.966437,
     50.009893
    ],
    "type": "Point"
   },
   "id": 7251,
   "properties": {
    "GlobalID": "7b32b9a3-8c8b-4410-95e5-4b720b8e7fa3",
    "OBJECTID": 7251,
    "liczba_tab": 1,
    "panel_1": "Ulica Tuchowska",
    "panel_2": null,
    "panel_3": null,
    "panel_4": null,
    "panel_5": null,
    "rodzaj_mon": "Se",
    "typ": "emalia biała",
    "zabytkowa": "tak"
   },
   "type": "Feature"
  },
  {
   "geometry": {
    "coordinates": [
     19.968427,
     50.011516
    ],
    "type": "Point"
   },
   "id": 7258,
   "properties": {
    "GlobalID": "5eb6b630-a26b-4be4-8a8a-4f76ab26ab19",
    "OBJECTID": 7258,
    "liczba_tab": 1,
    "panel_1": "Ulica Rodziny Jędów",
    "panel_2": null,
    "panel_3": null,
    "panel_4": null,
    "panel_5": null,
    "rodzaj_mon": "E",
    "typ": "emalia biała",
    "zabytkowa": "tak"
   },
   "type": "Feature"
  },
  {
   "geometry": {
    "coordinates": [
     19.853628,
     50.029135
    ],
    "type": "Point"
   },
   "id": 7278,
   "properties": {
    "GlobalID": "373f3bb0-2e32-4f66-a8c4-ee0b2e3925b0",
    "OBJECTID": 7278,
    "liczba_tab": 1,
    "panel_1": "Krzewowa",
    "panel_2": null,
    "panel_3": null,
    "panel_4": null,
    "panel_5": null,
    "rodzaj_mon": "E",
    "typ": "emalia biała",
    "zabytkowa": "tak"
   },
   "type": "Feature"
  },
  {
   "geometry": {
    "coordinates": [
     19.92453,
     50.0577
    ],
    "type": "Point"
   },
   "id": 7295,
   "properties": {
    "GlobalID": "2844c36d-dd5f-4e7f-b429-748cadb3c788",
    "OBJECTID": 7295,
    "liczba_tab": 1,
    "panel_1": "Rtm. Zbigniewa Dunin-Wąsowicza",
    "panel_2": null,
    "panel_3": null,
    "panel_4": null,
    "panel_5": null,
    "rodzaj_mon": "E",
    "typ": "emalia biała",
    "zabytkowa": "tak"
   },
   "type": "Feature"
  },
  {
   "geometry": {
    "coordinates": [
     19.921988,
     50.056287
    ],
    "type": "Point"
   },
   "id": 7302,
   "properties": {
    "GlobalID": "2705f0d7-21e9-4ed8-ac3e-8753bfa8c3aa",
    "OBJECTID": 7302,
    "liczba_tab": 1,
    "panel_1": "Rtm. Zbigniewa Dunin-Wąsowicza",
    "panel_2": null,
    "panel_3": null,
    "panel_4": null,
    "panel_5": null,
    "rodzaj_mon": "E",
    "typ": "emalia biała",
    "zabytkowa": "tak"
   },
   "type": "Feature"
  },
  {
   "geometry": {
    "coordinates": [
     19.92659,
     50.055035
    ],
    "type": "Point"
   },
   "id": 7304,
   "properties": {
    "GlobalID": "0b4c8d05-c47f-488d-8db0-b944f7261c88",
    "OBJECTID": 7304,
    "liczba_tab": 1,
    "panel_1": "Władysława Syrokomli",
    "panel_2": null,
    "panel_3": null,
    "panel_4": null,
    "panel_5": null,
    "rodzaj_mon": "E",
    "typ": "emalia biała",
    "zabytkowa": "tak"
   },
   "type": "Feature"
  },
  {
   "geometry": {
    "coordinates": [
     19.92542,
     50.054302
    ],
    "type": "Point"
   },
   "id": 7306,
   "properties": {
    "GlobalID": "f8428c67-a3d5-44d0-b58f-7cac4b86f6d2",
    "OBJECTID": 7306,
    "liczba_tab": 1,
    "panel_1": "Tadeusza Kościuszki",
    "panel_2": null,
    "panel_3": null,
    "panel_4": null,
    "panel_5": null,
    "rodzaj_mon": "E",
    "typ": "emalia biała",
    "zabytkowa": "tak"
   },
   "type": "Feature"
  },
  {
   "geometry": {
    "coordinates": [
     19.914377,
     50.052332
    ],
    "type": "Point"
   },
   "id": 7317,
   "properties": {
    "GlobalID": "10b22214-eb1b-4b10-a3e6-6be88b0dff62",
    "OBJECTID": 7317,
    "liczba_tab": 1,
    "panel_1": "Tadeusza Kościuszki",
    "panel_2": null,
    "panel_3": null,
    "panel_4": null,
    "panel_5": null,
    "rodzaj_mon": "E",
    "typ": "emalia biała",
    "zabytkowa": "tak"
   },
   "type": "Feature"
  },
  {
   "geometry": {
    "coordinates": [
     19.913325,
     50.052476
    ],
    "type": "Point"
   },
   "id": 7322,
   "properties": {
    "GlobalID": "844719c1-335f-4032-96f7-605dc2027f8d",
    "OBJECTID": 7322,
    "liczba_tab": 1,
    "panel_1": "Księcia Józefa",
    "panel_2": null,
    "panel_3": null,
    "panel_4": null,
    "panel_5": null,
    "rodzaj_mon": "E",
    "typ": "emalia biała",
    "zabytkowa": "tak"
   },
   "type": "Feature"
  },
  {
   "geometry": {
    "coordinates": [
     19.909942,
     50.054611
    ],
    "type": "Point"
   },
   "id": 7326,
   "properties": {
    "GlobalID": "8b961b1a-2d49-4916-beb6-ca9cbe9053c2",
    "OBJECTID": 7326,
    "liczba_tab": 1,
    "panel_1": "Królowej Jadwigi",
    "panel_2": null,
    "panel_3": null,
    "panel_4": null,
    "panel_5": null,
    "rodzaj_mon": "E",
    "typ": "emalia biała",
    "zabytkowa": "tak"
   },
   "type": "Feature"
  },
  {
   "geometry": {
    "coordinates": [
     19.9167,
     50.05259
    ],
    "type": "Point"
   },
   "id": 7334,
   "properties": {
    "GlobalID": "ed793d8b-f4e1-4add-b0ee-fa96b079ff46",
    "OBJECTID": 7334,
    "liczba_tab": null,
    "panel_1": "Tadeusza Kościuszki",
    "panel_2": null,
    "panel_3": null,
    "panel_4": null,
    "panel_5": null,
    "rodzaj_mon": "E",
    "typ": "emalia biała",
    "zabytkowa": "tak"
   },
   "type": "Feature"
  },
  {
   "geometry": {
    "coordinates": [
     19.817795,
     50.013315
    ],
    "type": "Point"
   },
   "id": 7350,
   "properties": {
    "GlobalID": "ca3393d0-147e-48a7-b005-41d6acf59301",
    "OBJECTID": 7350,
    "liczba_tab": 1,
    "panel_1": "Obrony Tyńca",
    "panel_2": null,
    "panel_3": null,
    "panel_4": null,
    "panel_5": null,
    "rodzaj_mon": "E",
    "typ": "emalia biała",
    "zabytkowa": "tak"
   },
   "type": "Feature"
  },
  {
   "geometry": {
    "coordinates": [
     19.814711,
     50.014203
    ],
    "type": "Point"
   },
   "id": 7352,
   "properties": {
    "GlobalID": "ccc3d981-ee9d-4ced-82de-fc3e07c655e0",
    "OBJECTID": 7352,
    "liczba_tab": 1,
    "panel_1": "Zakleśnie",
    "panel_2": null,
    "panel_3": null,
    "panel_4": null,
    "panel_5": null,
    "rodzaj_mon": "E",
    "typ": "emalia biała",
    "zabytkowa": "tak"
   },
   "type": "Feature"
  },
  {
   "geometry": {
    "coordinates": [
     19.821466,
     50.018248
    ],
    "type": "Point"
   },
   "id": 7358,
   "properties": {
    "GlobalID": "db2aa779-b420-45db-8f14-efba04d1e0bd",
    "OBJECTID": 7358,
    "liczba_tab": 1,
    "panel_1": "Nad Czerną",
    "panel_2": null,
    "panel_3": null,
    "panel_4": null,
    "panel_5": null,
    "rodzaj_mon": "O",
    "typ": "emalia biała",
    "zabytkowa": "tak"
   },
   "type": "Feature"
  },
  {
   "geometry": {
    "coordinates": [
     19.81965,
     50.01832
    ],
    "type": "Point"
   },
   "id": 7359,
   "properties": {
    "GlobalID": "a49adf04-7d59-4b6b-bbd5-a4955c585d52",
    "OBJECTID": 7359,
    "liczba_tab": 1,
    "panel_1": "Nad Czerną",
    "panel_2": null,
    "panel_3": null,
    "panel_4": null,
    "panel_5": null,
    "rodzaj_mon": "O",
    "typ": "emalia biała",
    "zabytkowa": "tak"
   },
   "type": "Feature"
  },
  {
   "geometry": {
    "coordinates": [
     19.818569,
     50.018095
    ],
    "type": "Point"
   },
   "id": 7362,
   "properties": {
    "GlobalID": "1fa2e305-c768-4d80-a968-9508165cc778",
    "OBJECTID": 7362,
    "liczba_tab": 1,
    "panel_1": "Zagórze",
    "panel_2": null,
    "panel_3": null,
    "panel_4": null,
    "panel_5": null,
    "rodzaj_mon": "O",
    "typ": "emalia biała",
    "zabytkowa": "tak"
   },
   "type": "Feature"
  },
  {
   "geometry": {
    "coordinates": [
     19.811043,
     50.016564
    ],
    "type": "Point"
   },
   "id": 7364,
   "properties": {
    "GlobalID": "cc8fa4c6-7a80-42d1-8f98-56336cf8cafb",
    "OBJECTID": 7364,
    "liczba_tab": 1,
    "panel_1": "Stanisława Szczygielskiego",
    "panel_2": null,
    "panel_3": null,
    "panel_4": null,
    "panel_5": null,
    "rodzaj_mon": "E",
    "typ": "emalia biała",
    "zabytkowa": "tak"
   },
   "type": "Feature"
  },
  {
   "geometry": {
    "coordinates": [
     19.811722,
     50.015641
    ],
    "type": "Point"
   },
   "id": 7368,
   "properties": {
    "GlobalID": "06b260c1-e91b-462a-bb42-af3713c69c3a",
    "OBJECTID": 7368,
    "liczba_tab": 1,
    "panel_1": "Stanisława Szczygielskiego",
    "panel_2": null,
    "panel_3": null,
    "panel_4": null,
    "panel_5": null,
    "rodzaj_mon": "O",
    "typ": "emalia biała",
    "zabytkowa": "tak"
   },
   "type": "Feature"
  },
  {
   "geometry": {
    "coordinates": [
     19.808869,
     50.013183
    ],
    "type": "Point"
   },
   "id": 7372,
   "properties": {
    "GlobalID": "c0779502-1a62-4d01-9f22-7799e288df99",
    "OBJECTID": 7372,
    "liczba_tab": 1,
    "panel_1": "Bogucianka",
    "panel_2": null,
    "panel_3": null,
    "panel_4": null,
    "panel_5": null,
    "rodzaj_mon": "E",
    "typ": "emalia biała",
    "zabytkowa": "tak"
   },
   "type": "Feature"
  },
  {
   "geometry": {
    "coordinates": [
     19.808877,
     50.015471
    ],
    "type": "Point"
   },
   "id": 7374,
   "properties": {
    "GlobalID": "6b949f1d-9eb1-486a-94b5-914388b064c0",
    "OBJECTID": 7374,
    "liczba_tab": 1,
    "panel_1": "Bogucianka",
    "panel_2": null,
    "panel_3": null,
    "panel_4": null,
    "panel_5": null,
    "rodzaj_mon": "E",
    "typ": "emalia biała",
    "zabytkowa": "tak"
   },
   "type": "Feature"
  },
  {
   "geometry": {
    "coordinates": [
     19.808457,
     50.015823
    ],
    "type": "Point"
   },
   "id": 7376,
   "properties": {
    "GlobalID": "5b49f96f-dbd5-4957-94d9-00a50087719a",
    "OBJECTID": 7376,
    "liczba_tab": 1,
    "panel_1": "Benedyktyńska",
    "panel_2": null,
    "panel_3": null,
    "panel_4": null,
    "panel_5": null,
    "rodzaj_mon": "E",
    "typ": "emalia biała",
    "zabytkowa": "tak"
   },
   "type": "Feature"
  },
  {
   "geometry": {
    "coordinates": [
     19.808823,
     50.015851
    ],
    "type": "Point"
   },
   "id": 7377,
   "properties": {
    "GlobalID": "c7b8d623-86fd-4025-b26f-54e63930fbfd",
    "OBJECTID": 7377,
    "liczba_tab": 1,
    "panel_1": "Benedyktyńska",
    "panel_2": null,
    "panel_3": null,
    "panel_4": null,
    "panel_5": null,
    "rodzaj_mon": "O",
    "typ": "emalia biała",
    "zabytkowa": "tak"
   },
   "type": "Feature"
  },
  {
   "geometry": {
    "coordinates": [
     19.809014,
     50.015849
    ],
    "type": "Point"
   },
   "id": 7378,
   "properties": {
    "GlobalID": "aae23e00-73ac-4383-b459-1055b215e33e",
    "OBJECTID": 7378,
    "liczba_tab": 1,
    "panel_1": "Bolesława Śmiałego",
    "panel_2": null,
    "panel_3": null,
    "panel_4": null,
    "panel_5": null,
    "rodzaj_mon": "E",
    "typ": "emalia biała",
    "zabytkowa": "tak"
   },
   "type": "Feature"
  },
  {
   "geometry": {
    "coordinates": [
     19.804008,
     50.019107
    ],
    "type": "Point"
   },
   "id": 7383,
   "properties": {
    "GlobalID": "de682661-4bd1-4705-9d68-b893f2c48cf4",
    "OBJECTID": 7383,
    "liczba_tab": 1,
    "panel_1": "Benedyktyńska",
    "panel_2": null,
    "panel_3": null,
    "panel_4": null,
    "panel_5": null,
    "rodzaj_mon": "O",
    "typ": "emalia biała",
    "zabytkowa": "tak"
   },
   "type": "Feature"
  },
  {
   "geometry": {
    "coordinates": [
     19.804062,
     50.014737
    ],
    "type": "Point"
   },
   "id": 7392,
   "properties": {
    "GlobalID": "52e2633b-bca2-4f5e-8481-4da69fa98dbe",
    "OBJECTID": 7392,
    "liczba_tab": 1,
    "panel_1": "Heligundy",
    "panel_2": null,
    "panel_3": null,
    "panel_4": null,
    "panel_5": null,
    "rodzaj_mon": "E",
    "typ": "emalia biała",
    "zabytkowa": "tak"
   },
   "type": "Feature"
  },
  {
   "geometry": {
    "coordinates": [
     19.812074,
     50.010344
    ],
    "type": "Point"
   },
   "id": 7395,
   "properties": {
    "GlobalID": "542a1579-0f65-43f9-abe1-720be8fae875",
    "OBJECTID": 7395,
    "liczba_tab": 1,
    "panel_1": "Juranda ze Spychowa",
    "panel_2": null,
    "panel_3": null,
    "panel_4": null,
    "panel_5": null,
    "rodzaj_mon": "O",
    "typ": "emalia biała",
    "zabytkowa": "tak"
   },
   "type": "Feature"
  },
  {
   "geometry": {
    "coordinates": [
     19.811733,
     50.010272
    ],
    "type": "Point"
   },
   "id": 7396,
   "properties": {
    "GlobalID": "6a855230-96e0-42b7-aa61-4325ea54c0dd",
    "OBJECTID": 7396,
    "liczba_tab": 1,
    "panel_1": "Bogucianka",
    "panel_2": null,
    "panel_3": null,
    "panel_4": null,
    "panel_5": null,
    "rodzaj_mon": "E",
    "typ": "emalia biała",
    "zabytkowa": "tak"
   },
   "type": "Feature"
  },
  {
   "geometry": {
    "coordinates": [
     19.814772,
     50.008343
    ],
    "type": "Point"
   },
   "id": 7400,
   "properties": {
    "GlobalID": "b82e3552-f2b8-4c69-ad84-788d3b944e4e",
    "OBJECTID": 7400,
    "liczba_tab": 1,
    "panel_1": "Stępice",
    "panel_2": null,
    "panel_3": null,
    "panel_4": null,
    "panel_5": null,
    "rodzaj_mon": "O",
    "typ": "emalia biała",
    "zabytkowa": "tak"
   },
   "type": "Feature"
  },
  {
   "geometry": {
    "coordinates": [
     19.885523,
     50.065727
    ],
    "type": "Point"
   },
   "id": 7423,
   "properties": {
    "GlobalID": "65582576-e6cb-4a01-adb8-8c4d0a51b29a",
    "OBJECTID": 7423,
    "liczba_tab": 1,
    "panel_1": "Strzelnica",
    "panel_2": null,
    "panel_3": null,
    "panel_4": null,
    "panel_5": null,
    "rodzaj_mon": "O",
    "typ": "emalia biała",
    "zabytkowa": "tak"
   },
   "type": "Feature"
  },
  {
   "geometry": {
    "coordinates": [
     19.886271,
     50.066358
    ],
    "type": "Point"
   },
   "id": 7424,
   "properties": {
    "GlobalID": "d8ba031f-cb88-404c-a693-0478a1899ef8",
    "OBJECTID": 7424,
    "liczba_tab": 1,
    "panel_1": "Strzelnica",
    "panel_2": null,
    "panel_3": null,
    "panel_4": null,
    "panel_5": null,
    "rodzaj_mon": "E",
    "typ": "emalia biała",
    "zabytkowa": "tak"
   },
   "type": "Feature"
  },
  {
   "geometry": {
    "coordinates": [
     19.884658,
     50.066042
    ],
    "type": "Point"
   },
   "id": 7428,
   "properties": {
    "GlobalID": "c0aeb0d0-c575-4ffb-bcec-f9c34214a0f3",
    "OBJECTID": 7428,
    "liczba_tab": 1,
    "panel_1": "Złota",
    "panel_2": null,
    "panel_3": null,
    "panel_4": null,
    "panel_5": null,
    "rodzaj_mon": "E",
    "typ": "emalia biała",
    "zabytkowa": "tak"
   },
   "type": "Feature"
  },
  {
   "geometry": {
    "coordinates": [
     19.884081,
     50.064657
    ],
    "type": "Point"
   },
   "id": 7435,
   "properties": {
    "GlobalID": "23509edd-f6e2-4ee9-8af5-f45c0974dea4",
    "OBJECTID": 7435,
    "liczba_tab": 1,
    "panel_1": "Zygmunta Wyrobka",
    "panel_2": null,
    "panel_3": null,
    "panel_4": null,
    "panel_5": null,
    "rodzaj_mon": "O",
    "typ": "emalia biała",
    "zabytkowa": "tak"
   },
   "type": "Feature"
  },
  {
   "geometry": {
    "coordinates": [
     19.887004,
     50.063263
    ],
    "type": "Point"
   },
   "id": 7440,
   "properties": {
    "GlobalID": "195173b1-33df-40c5-aa24-7a76d9879b32",
    "OBJECTID": 7440,
    "liczba_tab": 1,
    "panel_1": "Ludwika Krzywickiego",
    "panel_2": null,
    "panel_3": null,
    "panel_4": null,
    "panel_5": null,
    "rodzaj_mon": "O",
    "typ": "emalia biała",
    "zabytkowa": "tak"
   },
   "type": "Feature"
  },
  {
   "geometry": {
    "coordinates": [
     19.991996,
     49.97327
    ],
    "type": "Point"
   },
   "id": 7450,
   "properties": {
    "GlobalID": "3338da7a-9469-41ae-8ed5-08cc3686ca05",
    "OBJECTID": 7450,
    "liczba_tab": 1,
    "panel_1": "Ulica Elżbiety Drużbackiej",
    "panel_2": null,
    "panel_3": null,
    "panel_4": null,
    "panel_5": null,
    "rodzaj_mon": "E",
    "typ": "emalia biała",
    "zabytkowa": "tak"
   },
   "type": "Feature"
  },
  {
   "geometry": {
    "coordinates": [
     19.997245,
     49.973943
    ],
    "type": "Point"
   },
   "id": 7451,
   "properties": {
    "GlobalID": "c87dc813-ed99-4996-8167-ae56851ca32d",
    "OBJECTID": 7451,
    "liczba_tab": 1,
    "panel_1": "Ulica Elżbiety Drużbackiej",
    "panel_2": null,
    "panel_3": null,
    "panel_4": null,
    "panel_5": null,
    "rodzaj_mon": "E",
    "typ": "emalia biała",
    "zabytkowa": "tak"
   },
   "type": "Feature"
  },
  {
   "geometry": {
    "coordinates": [
     19.991219,
     49.973108
    ],
    "type": "Point"
   },
   "id": 7453,
   "properties": {
    "GlobalID": "2dc81814-3c4a-4fbc-90f7-5c0c450acf32",
    "OBJECTID": 7453,
    "liczba_tab": 1,
    "panel_1": "Ulica Heleny Chanieckiej",
    "panel_2": null,
    "panel_3": null,
    "panel_4": null,
    "panel_5": null,
    "rodzaj_mon": "O",
    "typ": "emalia biała",
    "zabytkowa": "tak"
   },
   "type": "Feature"
  },
  {
   "geometry": {
    "coordinates": [
     19.987237,
     49.973402
    ],
    "type": "Point"
   },
   "id": 7454,
   "properties": {
    "GlobalID": "8d956d62-cb75-49f1-8c95-00b5a1524ac2",
    "OBJECTID": 7454,
    "liczba_tab": 1,
    "panel_1": "Ulica Elżbiety Drużbackiej",
    "panel_2": null,
    "panel_3": null,
    "panel_4": null,
    "panel_5": null,
    "rodzaj_mon": "E",
    "typ": "emalia biała",
    "zabytkowa": "tak"
   },
   "type": "Feature"
  },
  {
   "geometry": {
    "coordinates": [
     19.990943,
     49.975409
    ],
    "type": "Point"
   },
   "id": 7458,
   "properties": {
    "GlobalID": "4299631b-76ea-471a-9cb9-68a8e733b10e",
    "OBJECTID": 7458,
    "liczba_tab": 1,
    "panel_1": "Ulica Heleny Chanieckiej",
    "panel_2": null,
    "panel_3": null,
    "panel_4": null,
    "panel_5": null,
    "rodzaj_mon": "E",
    "typ": "emalia biała",
    "zabytkowa": "tak"
   },
   "type": "Feature"
  },
  {
   "geometry": {
    "coordinates": [
     19.996205,
     49.983515
    ],
    "type": "Point"
   },
   "id": 7462,
   "properties": {
    "GlobalID": "d4e81450-f0bd-4e4a-ba5d-5869d775c15c",
    "OBJECTID": 7462,
    "liczba_tab": 1,
    "panel_1": "Ulica Berdyczowska",
    "panel_2": null,
    "panel_3": null,
    "panel_4": null,
    "panel_5": null,
    "rodzaj_mon": "O",
    "typ": "emalia biała",
    "zabytkowa": "tak"
   },
   "type": "Feature"
  },
  {
   "geometry": {
    "coordinates": [
     20.018364,
     49.986272
    ],
    "type": "Point"
   },
   "id": 7465,
   "properties": {
    "GlobalID": "0bd959c4-6216-4b90-a948-b6372b00e68c",
    "OBJECTID": 7465,
    "liczba_tab": 1,
    "panel_1": "Ulica Krzemieniecka",
    "panel_2": null,
    "panel_3": null,
    "panel_4": null,
    "panel_5": null,
    "rodzaj_mon": "E",
    "typ": "emalia biała",
    "zabytkowa": "tak"
   },
   "type": "Feature"
  },
  {
   "geometry": {
    "coordinates": [
     19.996749,
     49.992586
    ],
    "type": "Point"
   },
   "id": 7470,
   "properties": {
    "GlobalID": "da969d36-2f0e-47e5-a7a2-424a1c32df92",
    "OBJECTID": 7470,
    "liczba_tab": 1,
    "panel_1": "Ulica Jerzego Lande",
    "panel_2": null,
    "panel_3": null,
    "panel_4": null,
    "panel_5": null,
    "rodzaj_mon": "O",
    "typ": "emalia biała",
    "zabytkowa": "tak"
   },
   "type": "Feature"
  },
  {
   "geometry": {
    "coordinates": [
     19.997111,
     49.994756
    ],
    "type": "Point"
   },
   "id": 7475,
   "properties": {
    "GlobalID": "55d5ced4-4289-4898-bf98-24b39865348a",
    "OBJECTID": 7475,
    "liczba_tab": 1,
    "panel_1": "Ulica Antoniego Hoborskiego",
    "panel_2": null,
    "panel_3": null,
    "panel_4": null,
    "panel_5": null,
    "rodzaj_mon": "E",
    "typ": "emalia biała",
    "zabytkowa": "tak"
   },
   "type": "Feature"
  },
  {
   "geometry": {
    "coordinates": [
     19.99054,
     49.997218
    ],
    "type": "Point"
   },
   "id": 7489,
   "properties": {
    "GlobalID": "58dcdf85-566d-4d11-a805-6ea38cb03edc",
    "OBJECTID": 7489,
    "liczba_tab": 1,
    "panel_1": "Ulica Harcerzy Krakowskich ",
    "panel_2": null,
    "panel_3": null,
    "panel_4": null,
    "panel_5": null,
    "rodzaj_mon": "E",
    "typ": "emalia biała",
    "zabytkowa": "tak"
   },
   "type": "Feature"
  },
  {
   "geometry": {
    "coordinates": [
     19.977982,
     49.991915
    ],
    "type": "Point"
   },
   "id": 7494,
   "properties": {
    "GlobalID": "10a213cd-a071-4631-bb23-3a2f42e25bbe",
    "OBJECTID": 7494,
    "liczba_tab": 1,
    "panel_1": "Ulica Osterwy",
    "panel_2": null,
    "panel_3": null,
    "panel_4": null,
    "panel_5": null,
    "rodzaj_mon": "O",
    "typ": "emalia biała",
    "zabytkowa": "tak"
   },
   "type": "Feature"
  },
  {
   "geometry": {
    "coordinates": [
     20.029569,
     50.078336
    ],
    "type": "Point"
   },
   "id": 7510,
   "properties": {
    "GlobalID": "b6c9240d-992e-4795-a62e-57eb4e6417d9",
    "OBJECTID": 7510,
    "liczba_tab": 1,
    "panel_1": "Osiedle Teatralne",
    "panel_2": null,
    "panel_3": null,
    "panel_4": null,
    "panel_5": null,
    "rodzaj_mon": "E",
    "typ": "emalia biała",
    "zabytkowa": "tak"
   },
   "type": "Feature"
  },
  {
   "geometry": {
    "coordinates": [
     20.025857,
     50.072999
    ],
    "type": "Point"
   },
   "id": 7514,
   "properties": {
    "GlobalID": "8d572e96-1ca3-48f0-ae24-5c58e0ef8b4c",
    "OBJECTID": 7514,
    "liczba_tab": 1,
    "panel_1": "Aleja Jana Pawła II",
    "panel_2": null,
    "panel_3": null,
    "panel_4": null,
    "panel_5": null,
    "rodzaj_mon": "E",
    "typ": "emalia biała",
    "zabytkowa": "tak"
   },
   "type": "Feature"
  },
  {
   "geometry": {
    "coordinates": [
     20.019744,
     50.0736
    ],
    "type": "Point"
   },
   "id": 7515,
   "properties": {
    "GlobalID": "d11f2c72-db25-426b-b6fe-6caee3442177",
    "OBJECTID": 7515,
    "liczba_tab": 1,
    "panel_1": "Ulica Jana Pawła II",
    "panel_2": null,
    "panel_3": null,
    "panel_4": null,
    "panel_5": null,
    "rodzaj_mon": "E",
    "typ": "emalia biała",
    "zabytkowa": "tak"
   },
   "type": "Feature"
  },
  {
   "geometry": {
    "coordinates": [
     20.026987,
     50.077072
    ],
    "type": "Point"
   },
   "id": 7519,
   "properties": {
    "GlobalID": "ee457cd4-700f-45fe-93c0-5cc6000f685c",
    "OBJECTID": 7519,
    "liczba_tab": 1,
    "panel_1": "Ulica Kotoniarska",
    "panel_2": null,
    "panel_3": null,
    "panel_4": null,
    "panel_5": null,
    "rodzaj_mon": "E",
    "typ": "emalia biała",
    "zabytkowa": "tak"
   },
   "type": "Feature"
  },
  {
   "geometry": {
    "coordinates": [
     20.039697,
     50.078291
    ],
    "type": "Point"
   },
   "id": 7524,
   "properties": {
    "GlobalID": "8b91d08e-0d65-4479-9fd8-5839211b32b5",
    "OBJECTID": 7524,
    "liczba_tab": 1,
    "panel_1": "Aleja Róż",
    "panel_2": null,
    "panel_3": null,
    "panel_4": null,
    "panel_5": null,
    "rodzaj_mon": "E",
    "typ": "emalia biała",
    "zabytkowa": "tak"
   },
   "type": "Feature"
  },
  {
   "geometry": {
    "coordinates": [
     20.039413,
     50.079627
    ],
    "type": "Point"
   },
   "id": 7529,
   "properties": {
    "GlobalID": "3590e236-6e99-44e9-882c-cd05b3523228",
    "OBJECTID": 7529,
    "liczba_tab": 1,
    "panel_1": "Aleja Róż",
    "panel_2": null,
    "panel_3": null,
    "panel_4": null,
    "panel_5": null,
    "rodzaj_mon": "E",
    "typ": "emalia biała",
    "zabytkowa": "tak"
   },
   "type": "Feature"
  },
  {
   "geometry": {
    "coordinates": [
     20.038379,
     50.079388
    ],
    "type": "Point"
   },
   "id": 7530,
   "properties": {
    "GlobalID": "507ed602-86c9-4203-9d78-3f0c0af072bb",
    "OBJECTID": 7530,
    "liczba_tab": 1,
    "panel_1": "Osiedle Górali",
    "panel_2": null,
    "panel_3": null,
    "panel_4": null,
    "panel_5": null,
    "rodzaj_mon": "E",
    "typ": "emalia niebieska",
    "zabytkowa": "tak"
   },
   "type": "Feature"
  },
  {
   "geometry": {
    "coordinates": [
     20.036781,
     50.079523
    ],
    "type": "Point"
   },
   "id": 7531,
   "properties": {
    "GlobalID": "92b7b508-a5a3-4f01-bca9-4d0cb0f10802",
    "OBJECTID": 7531,
    "liczba_tab": 1,
    "panel_1": "Stefana Żeromskiego",
    "panel_2": null,
    "panel_3": null,
    "panel_4": null,
    "panel_5": null,
    "rodzaj_mon": "E",
    "typ": "emalia biała",
    "zabytkowa": "tak"
   },
   "type": "Feature"
  },
  {
   "geometry": {
    "coordinates": [
     20.036646,
     50.079544
    ],
    "type": "Point"
   },
   "id": 7532,
   "properties": {
    "GlobalID": "6ad3f03a-605e-464b-8abc-94a33c25932d",
    "OBJECTID": 7532,
    "liczba_tab": 1,
    "panel_1": "Osiedle Górali",
    "panel_2": null,
    "panel_3": null,
    "panel_4": null,
    "panel_5": null,
    "rodzaj_mon": "E",
    "typ": "emalia niebieska",
    "zabytkowa": "tak"
   },
   "type": "Feature"
  },
  {
   "geometry": {
    "coordinates": [
     20.035892,
     50.07983
    ],
    "type": "Point"
   },
   "id": 7534,
   "properties": {
    "GlobalID": "9663d717-0eff-4f00-8c6f-fc845c5747b8",
    "OBJECTID": 7534,
    "liczba_tab": 1,
    "panel_1": "Obrońców Krzyża",
    "panel_2": null,
    "panel_3": null,
    "panel_4": null,
    "panel_5": null,
    "rodzaj_mon": "E",
    "typ": "emalia biała",
    "zabytkowa": "tak"
   },
   "type": "Feature"
  },
  {
   "geometry": {
    "coordinates": [
     20.035026,
     50.080792
    ],
    "type": "Point"
   },
   "id": 7535,
   "properties": {
    "GlobalID": "c2175430-03fc-4bb3-88f3-382328c9ecdb",
    "OBJECTID": 7535,
    "liczba_tab": 1,
    "panel_1": "Ignacego Mościckiego",
    "panel_2": null,
    "panel_3": null,
    "panel_4": null,
    "panel_5": null,
    "rodzaj_mon": "E",
    "typ": "emalia biała",
    "zabytkowa": "tak"
   },
   "type": "Feature"
  },
  {
   "geometry": {
    "coordinates": [
     20.034393,
     50.08099
    ],
    "type": "Point"
   },
   "id": 7537,
   "properties": {
    "GlobalID": "7e010cdd-ad88-41dd-b2ee-9ba216bce9de",
    "OBJECTID": 7537,
    "liczba_tab": 1,
    "panel_1": "Obrońców Krzyża",
    "panel_2": null,
    "panel_3": null,
    "panel_4": null,
    "panel_5": null,
    "rodzaj_mon": "E",
    "typ": "emalia biała",
    "zabytkowa": "tak"
   },
   "type": "Feature"
  },
  {
   "geometry": {
    "coordinates": [
     20.034444,
     50.08097
    ],
    "type": "Point"
   },
   "id": 7538,
   "properties": {
    "GlobalID": "67eb5c15-b4ca-4019-ae35-a1692afd5b97",
    "OBJECTID": 7538,
    "liczba_tab": 1,
    "panel_1": "Osiedle Krakowiaków",
    "panel_2": null,
    "panel_3": null,
    "panel_4": null,
    "panel_5": null,
    "rodzaj_mon": "E",
    "typ": "emalia niebieska",
    "zabytkowa": "tak"
   },
   "type": "Feature"
  },
  {
   "geometry": {
    "coordinates": [
     20.037394,
     50.078911
    ],
    "type": "Point"
   },
   "id": 7540,
   "properties": {
    "GlobalID": "99789909-2a00-4439-ba96-981f5df63ec9",
    "OBJECTID": 7540,
    "liczba_tab": 1,
    "panel_1": "Osiedle Urocze",
    "panel_2": null,
    "panel_3": null,
    "panel_4": null,
    "panel_5": null,
    "rodzaj_mon": "E",
    "typ": "emalia niebieska",
    "zabytkowa": "tak"
   },
   "type": "Feature"
  },
  {
   "geometry": {
    "coordinates": [
     20.037453,
     50.078935
    ],
    "type": "Point"
   },
   "id": 7541,
   "properties": {
    "GlobalID": "e6bd2dd4-4bf7-4fa5-9b2e-740e9c578d32",
    "OBJECTID": 7541,
    "liczba_tab": 1,
    "panel_1": "Stefana Żeromskiego",
    "panel_2": null,
    "panel_3": null,
    "panel_4": null,
    "panel_5": null,
    "rodzaj_mon": "E",
    "typ": "emalia biała",
    "zabytkowa": "tak"
   },
   "type": "Feature"
  },
  {
   "geometry": {
    "coordinates": [
     20.039056,
     50.078727
    ],
    "type": "Point"
   },
   "id": 7542,
   "properties": {
    "GlobalID": "f737f440-1150-4d30-9e08-02d2285aba08",
    "OBJECTID": 7542,
    "liczba_tab": 1,
    "panel_1": "Stefana Żeromskiego",
    "panel_2": null,
    "panel_3": null,
    "panel_4": null,
    "panel_5": null,
    "rodzaj_mon": "E",
    "typ": "emalia biała",
    "zabytkowa": "tak"
   },
   "type": "Feature"
  },
  {
   "geometry": {
    "coordinates": [
     20.039148,
     50.078632
    ],
    "type": "Point"
   },
   "id": 7543,
   "properties": {
    "GlobalID": "aaee2b16-fe65-4d3b-a5d5-95f5ae07fa52",
    "OBJECTID": 7543,
    "liczba_tab": 1,
    "panel_1": "Aleja Róż",
    "panel_2": null,
    "panel_3": null,
    "panel_4": null,
    "panel_5": null,
    "rodzaj_mon": "E",
    "typ": "emalia biała",
    "zabytkowa": "tak"
   },
   "type": "Feature"
  },
  {
   "geometry": {
    "coordinates": [
     20.039017,
     50.078557
    ],
    "type": "Point"
   },
   "id": 7544,
   "properties": {
    "GlobalID": "505fac3a-8498-483d-83f8-34df38871769",
    "OBJECTID": 7544,
    "liczba_tab": 1,
    "panel_1": "Osiedle Urocze",
    "panel_2": null,
    "panel_3": null,
    "panel_4": null,
    "panel_5": null,
    "rodzaj_mon": "E",
    "typ": "emalia niebieska",
    "zabytkowa": "tak"
   },
   "type": "Feature"
  },
  {
   "geometry": {
    "coordinates": [
     20.05007,
     50.068737
    ],
    "type": "Point"
   },
   "id": 7550,
   "properties": {
    "GlobalID": "7f728c03-39d6-440f-963a-125d7f678177",
    "OBJECTID": 7550,
    "liczba_tab": 1,
    "panel_1": "Osiedle Młodości",
    "panel_2": null,
    "panel_3": null,
    "panel_4": null,
    "panel_5": null,
    "rodzaj_mon": "E",
    "typ": "emalia niebieska",
    "zabytkowa": "tak"
   },
   "type": "Feature"
  },
  {
   "geometry": {
    "coordinates": [
     20.050089,
     50.068745
    ],
    "type": "Point"
   },
   "id": 7551,
   "properties": {
    "GlobalID": "8a4d98fb-d26e-4a6b-b3be-a74ecc4e7161",
    "OBJECTID": 7551,
    "liczba_tab": 1,
    "panel_1": "Osiedle Młodości",
    "panel_2": null,
    "panel_3": null,
    "panel_4": null,
    "panel_5": null,
    "rodzaj_mon": "E",
    "typ": "emalia niebieska",
    "zabytkowa": "tak"
   },
   "type": "Feature"
  },
  {
   "geometry": {
    "coordinates": [
     20.044945,
     50.067222
    ],
    "type": "Point"
   },
   "id": 7556,
   "properties": {
    "GlobalID": "5a340648-1422-4ec5-9511-8ce20a673f01",
    "OBJECTID": 7556,
    "liczba_tab": 1,
    "panel_1": "Zachemskiego Jakuba",
    "panel_2": null,
    "panel_3": null,
    "panel_4": null,
    "panel_5": null,
    "rodzaj_mon": "E",
    "typ": "emalia biała",
    "zabytkowa": "tak"
   },
   "type": "Feature"
  },
  {
   "geometry": {
    "coordinates": [
     20.045174,
     50.068779
    ],
    "type": "Point"
   },
   "id": 7560,
   "properties": {
    "GlobalID": "766d257b-f7b6-437a-8040-92bce8128731",
    "OBJECTID": 7560,
    "liczba_tab": 1,
    "panel_1": "Osiedle Na Skarpie",
    "panel_2": null,
    "panel_3": null,
    "panel_4": null,
    "panel_5": null,
    "rodzaj_mon": "E",
    "typ": "emalia niebieska",
    "zabytkowa": "tak"
   },
   "type": "Feature"
  },
  {
   "geometry": {
    "coordinates": [
     20.045766,
     50.077154
    ],
    "type": "Point"
   },
   "id": 7565,
   "properties": {
    "GlobalID": "9014e362-a733-48a5-a7ae-8187871f5667",
    "OBJECTID": 7565,
    "liczba_tab": 1,
    "panel_1": "Osiedle Szkolne",
    "panel_2": null,
    "panel_3": null,
    "panel_4": null,
    "panel_5": null,
    "rodzaj_mon": "E",
    "typ": "emalia niebieska",
    "zabytkowa": "tak"
   },
   "type": "Feature"
  },
  {
   "geometry": {
    "coordinates": [
     20.045605,
     50.077335
    ],
    "type": "Point"
   },
   "id": 7566,
   "properties": {
    "GlobalID": "c9adf0a3-27d6-4024-9390-77012945bc88",
    "OBJECTID": 7566,
    "liczba_tab": 1,
    "panel_1": "Andrzeja Struga",
    "panel_2": null,
    "panel_3": null,
    "panel_4": null,
    "panel_5": null,
    "rodzaj_mon": "E",
    "typ": "emalia biała",
    "zabytkowa": "tak"
   },
   "type": "Feature"
  },
  {
   "geometry": {
    "coordinates": [
     20.045223,
     50.077828
    ],
    "type": "Point"
   },
   "id": 7567,
   "properties": {
    "GlobalID": "891fdf92-9c6e-47f0-83be-cd0ca5878a25",
    "OBJECTID": 7567,
    "liczba_tab": 1,
    "panel_1": "Andrzeja Struga",
    "panel_2": null,
    "panel_3": null,
    "panel_4": null,
    "panel_5": null,
    "rodzaj_mon": "E",
    "typ": "emalia biała",
    "zabytkowa": "tak"
   },
   "type": "Feature"
  },
  {
   "geometry": {
    "coordinates": [
     20.044663,
     50.078559
    ],
    "type": "Point"
   },
   "id": 7568,
   "properties": {
    "GlobalID": "da916e14-6570-4b7e-ad2b-e0cf827a5af4",
    "OBJECTID": 7568,
    "liczba_tab": 1,
    "panel_1": "Stefana Żeromskiego",
    "panel_2": null,
    "panel_3": null,
    "panel_4": null,
    "panel_5": null,
    "rodzaj_mon": "E",
    "typ": "emalia biała",
    "zabytkowa": "tak"
   },
   "type": "Feature"
  },
  {
   "geometry": {
    "coordinates": [
     20.044682,
     50.078566
    ],
    "type": "Point"
   },
   "id": 7569,
   "properties": {
    "GlobalID": "6def4373-840b-43c5-8e3e-459f67b6e168",
    "OBJECTID": 7569,
    "liczba_tab": 1,
    "panel_1": "Osiedle Zielone",
    "panel_2": null,
    "panel_3": null,
    "panel_4": null,
    "panel_5": null,
    "rodzaj_mon": "E",
    "typ": "emalia niebieska",
    "zabytkowa": "tak"
   },
   "type": "Feature"
  },
  {
   "geometry": {
    "coordinates": [
     20.04279,
     50.07821
    ],
    "type": "Point"
   },
   "id": 7574,
   "properties": {
    "GlobalID": "00fb42a1-bad8-4415-a7c1-4620128a2a8d",
    "OBJECTID": 7574,
    "liczba_tab": 1,
    "panel_1": "Stefana Żeromskiego",
    "panel_2": null,
    "panel_3": null,
    "panel_4": null,
    "panel_5": null,
    "rodzaj_mon": "E",
    "typ": "emalia biała",
    "zabytkowa": "tak"
   },
   "type": "Feature"
  },
  {
   "geometry": {
    "coordinates": [
     20.040132,
     50.079502
    ],
    "type": "Point"
   },
   "id": 7577,
   "properties": {
    "GlobalID": "f39ed5cc-f470-49ee-85c4-e0b3b3df7a8e",
    "OBJECTID": 7577,
    "liczba_tab": 1,
    "panel_1": "Osiedle Zielone",
    "panel_2": null,
    "panel_3": null,
    "panel_4": null,
    "panel_5": null,
    "rodzaj_mon": "E",
    "typ": "emalia niebieska",
    "zabytkowa": "tak"
   },
   "type": "Feature"
  },
  {
   "geometry": {
    "coordinates": [
     20.040358,
     50.080285
    ],
    "type": "Point"
   },
   "id": 7578,
   "properties": {
    "GlobalID": "60d0f37f-4afb-439b-b061-058c85b52841",
    "OBJECTID": 7578,
    "liczba_tab": 1,
    "panel_1": "Aleja Róż",
    "panel_2": null,
    "panel_3": null,
    "panel_4": null,
    "panel_5": null,
    "rodzaj_mon": "E",
    "typ": "emalia biała",
    "zabytkowa": "tak"
   },
   "type": "Feature"
  },
  {
   "geometry": {
    "coordinates": [
     20.040713,
     50.0814
    ],
    "type": "Point"
   },
   "id": 7580,
   "properties": {
    "GlobalID": "aa21c29d-7d17-46c9-94ab-fc44db7eee41",
    "OBJECTID": 7580,
    "liczba_tab": 1,
    "panel_1": "Osiedle Sportowe",
    "panel_2": null,
    "panel_3": null,
    "panel_4": null,
    "panel_5": null,
    "rodzaj_mon": "E",
    "typ": "emalia niebieska",
    "zabytkowa": "tak"
   },
   "type": "Feature"
  },
  {
   "geometry": {
    "coordinates": [
     20.040776,
     50.08133
    ],
    "type": "Point"
   },
   "id": 7581,
   "properties": {
    "GlobalID": "cfbb4898-790e-4325-a564-fefeee3b6310",
    "OBJECTID": 7581,
    "liczba_tab": 1,
    "panel_1": "Ignacego Mościckiego",
    "panel_2": null,
    "panel_3": null,
    "panel_4": null,
    "panel_5": null,
    "rodzaj_mon": "E",
    "typ": "emalia biała",
    "zabytkowa": "tak"
   },
   "type": "Feature"
  },
  {
   "geometry": {
    "coordinates": [
     20.040885,
     50.081041
    ],
    "type": "Point"
   },
   "id": 7582,
   "properties": {
    "GlobalID": "2318ba0e-6b68-47ae-8279-529d9e980e07",
    "OBJECTID": 7582,
    "liczba_tab": 1,
    "panel_1": "Ignacego Mościckiego",
    "panel_2": null,
    "panel_3": null,
    "panel_4": null,
    "panel_5": null,
    "rodzaj_mon": "E",
    "typ": "emalia biała",
    "zabytkowa": "tak"
   },
   "type": "Feature"
  },
  {
   "geometry": {
    "coordinates": [
     20.046645,
     50.079906
    ],
    "type": "Point"
   },
   "id": 7587,
   "properties": {
    "GlobalID": "2f95a8c1-ef30-4c97-b09e-31584e62a4cc",
    "OBJECTID": 7587,
    "liczba_tab": 1,
    "panel_1": "Stanisława Wojciechowskiego",
    "panel_2": null,
    "panel_3": null,
    "panel_4": null,
    "panel_5": null,
    "rodzaj_mon": "E",
    "typ": "emalia biała",
    "zabytkowa": "tak"
   },
   "type": "Feature"
  },
  {
   "geometry": {
    "coordinates": [
     20.046682,
     50.079923
    ],
    "type": "Point"
   },
   "id": 7588,
   "properties": {
    "GlobalID": "4240f072-bf76-4446-ba64-02d5e26c8972",
    "OBJECTID": 7588,
    "liczba_tab": 1,
    "panel_1": "Osiedle Szkolne",
    "panel_2": null,
    "panel_3": null,
    "panel_4": null,
    "panel_5": null,
    "rodzaj_mon": "E",
    "typ": "emalia niebieska",
    "zabytkowa": "tak"
   },
   "type": "Feature"
  },
  {
   "geometry": {
    "coordinates": [
     20.047919,
     50.080523
    ],
    "type": "Point"
   },
   "id": 7589,
   "properties": {
    "GlobalID": "f942b614-8e4d-45dd-a8d7-b7c343731062",
    "OBJECTID": 7589,
    "liczba_tab": 1,
    "panel_1": "Bulwarowa",
    "panel_2": null,
    "panel_3": null,
    "panel_4": null,
    "panel_5": null,
    "rodzaj_mon": "E",
    "typ": "emalia biała",
    "zabytkowa": "tak"
   },
   "type": "Feature"
  },
  {
   "geometry": {
    "coordinates": [
     20.047889,
     50.080521
    ],
    "type": "Point"
   },
   "id": 7591,
   "properties": {
    "GlobalID": "6e6acfb4-011f-4e08-bd2a-26ffb6ae4a99",
    "OBJECTID": 7591,
    "liczba_tab": 1,
    "panel_1": "Osiedle Szkolne",
    "panel_2": null,
    "panel_3": null,
    "panel_4": null,
    "panel_5": null,
    "rodzaj_mon": "E",
    "typ": "emalia niebieska",
    "zabytkowa": "tak"
   },
   "type": "Feature"
  },
  {
   "geometry": {
    "coordinates": [
     20.047086,
     50.080894
    ],
    "type": "Point"
   },
   "id": 7592,
   "properties": {
    "GlobalID": "44399e28-0b43-4622-8eb2-9ccd1a1e71f4",
    "OBJECTID": 7592,
    "liczba_tab": 1,
    "panel_1": "Stanisława Wojciechowskiego",
    "panel_2": null,
    "panel_3": null,
    "panel_4": null,
    "panel_5": null,
    "rodzaj_mon": "E",
    "typ": "emalia biała",
    "zabytkowa": "tak"
   },
   "type": "Feature"
  },
  {
   "geometry": {
    "coordinates": [
     20.047076,
     50.080921
    ],
    "type": "Point"
   },
   "id": 7593,
   "properties": {
    "GlobalID": "df90a6c5-8bba-4206-88c6-ed5d9eda027f",
    "OBJECTID": 7593,
    "liczba_tab": 1,
    "panel_1": "Bulwarowa",
    "panel_2": null,
    "panel_3": null,
    "panel_4": null,
    "panel_5": null,
    "rodzaj_mon": "E",
    "typ": "emalia biała",
    "zabytkowa": "tak"
   },
   "type": "Feature"
  },
  {
   "geometry": {
    "coordinates": [
     20.047045,
     50.080931
    ],
    "type": "Point"
   },
   "id": 7594,
   "properties": {
    "GlobalID": "e4688887-d9e1-4dc7-bbf4-e35831af38cf",
    "OBJECTID": 7594,
    "liczba_tab": 1,
    "panel_1": "Osiedle Sportowe",
    "panel_2": null,
    "panel_3": null,
    "panel_4": null,
    "panel_5": null,
    "rodzaj_mon": "E",
    "typ": "emalia niebieska",
    "zabytkowa": "tak"
   },
   "type": "Feature"
  },
  {
   "geometry": {
    "coordinates": [
     20.044195,
     50.082079
    ],
    "type": "Point"
   },
   "id": 7595,
   "properties": {
    "GlobalID": "dfe30715-0fe0-4a03-b707-e86a1dfe5f8f",
    "OBJECTID": 7595,
    "liczba_tab": 1,
    "panel_1": "Bulwarowa",
    "panel_2": null,
    "panel_3": null,
    "panel_4": null,
    "panel_5": null,
    "rodzaj_mon": "E",
    "typ": "emalia biała",
    "zabytkowa": "tak"
   },
   "type": "Feature"
  },
  {
   "geometry": {
    "coordinates": [
     20.043049,
     50.081023
    ],
    "type": "Point"
   },
   "id": 7596,
   "properties": {
    "GlobalID": "9c425335-a5bb-41d9-8e77-1244f0f86384",
    "OBJECTID": 7596,
    "liczba_tab": 1,
    "panel_1": "Ignacego Mościckiego",
    "panel_2": null,
    "panel_3": null,
    "panel_4": null,
    "panel_5": null,
    "rodzaj_mon": "E",
    "typ": "emalia biała",
    "zabytkowa": "tak"
   },
   "type": "Feature"
  },
  {
   "geometry": {
    "coordinates": [
     20.043013,
     50.08103
    ],
    "type": "Point"
   },
   "id": 7597,
   "properties": {
    "GlobalID": "408ca023-c9a3-4447-acc2-d8776fd5ea84",
    "OBJECTID": 7597,
    "liczba_tab": 1,
    "panel_1": "Osiedle Sportowe",
    "panel_2": null,
    "panel_3": null,
    "panel_4": null,
    "panel_5": null,
    "rodzaj_mon": "E",
    "typ": "emalia niebieska",
    "zabytkowa": "tak"
   },
   "type": "Feature"
  },
  {
   "geometry": {
    "coordinates": [
     20.043081,
     50.08104
    ],
    "type": "Point"
   },
   "id": 7598,
   "properties": {
    "GlobalID": "c492a5ca-f496-4180-9339-84a3237dd79b",
    "OBJECTID": 7598,
    "liczba_tab": 1,
    "panel_1": "Osiedle Sportowe",
    "panel_2": null,
    "panel_3": null,
    "panel_4": null,
    "panel_5": null,
    "rodzaj_mon": "E",
    "typ": "emalia niebieska",
    "zabytkowa": "tak"
   },
   "type": "Feature"
  },
  {
   "geometry": {
    "coordinates": [
     20.036571,
     50.081615
    ],
    "type": "Point"
   },
   "id": 7601,
   "properties": {
    "GlobalID": "4cbe1e8f-608b-4b81-8926-c8a510a83f1e",
    "OBJECTID": 7601,
    "liczba_tab": 1,
    "panel_1": "Ignacego Mościckiego",
    "panel_2": null,
    "panel_3": null,
    "panel_4": null,
    "panel_5": null,
    "rodzaj_mon": "E",
    "typ": "emalia biała",
    "zabytkowa": "tak"
   },
   "type": "Feature"
  },
  {
   "geometry": {
    "coordinates": [
     20.036553,
     50.081622
    ],
    "type": "Point"
   },
   "id": 7602,
   "properties": {
    "GlobalID": "b9c0e362-408a-4247-b52a-03f944d62be3",
    "OBJECTID": 7602,
    "liczba_tab": 1,
    "panel_1": "Osiedle Górali",
    "panel_2": null,
    "panel_3": null,
    "panel_4": null,
    "panel_5": null,
    "rodzaj_mon": "E",
    "typ": "emalia niebieska",
    "zabytkowa": "tak"
   },
   "type": "Feature"
  },
  {
   "geometry": {
    "coordinates": [
     20.035762,
     50.081623
    ],
    "type": "Point"
   },
   "id": 7603,
   "properties": {
    "GlobalID": "b75471e1-e860-4d4b-bcb1-58a20fee9c38",
    "OBJECTID": 7603,
    "liczba_tab": 1,
    "panel_1": "Osiedle Krakowiaków",
    "panel_2": null,
    "panel_3": null,
    "panel_4": null,
    "panel_5": null,
    "rodzaj_mon": "E",
    "typ": "emalia niebieska",
    "zabytkowa": "tak"
   },
   "type": "Feature"
  },
  {
   "geometry": {
    "coordinates": [
     20.038707,
     50.083699
    ],
    "type": "Point"
   },
   "id": 7604,
   "properties": {
    "GlobalID": "bdbdceff-3d31-48ed-ad61-2edeff8823e4",
    "OBJECTID": 7604,
    "liczba_tab": 1,
    "panel_1": "Osiedlowa",
    "panel_2": null,
    "panel_3": null,
    "panel_4": null,
    "panel_5": null,
    "rodzaj_mon": "E",
    "typ": "emalia biała",
    "zabytkowa": "tak"
   },
   "type": "Feature"
  },
  {
   "geometry": {
    "coordinates": [
     20.038312,
     50.082791
    ],
    "type": "Point"
   },
   "id": 7605,
   "properties": {
    "GlobalID": "6c47ad45-81a2-438e-a0e2-04dece976f5a",
    "OBJECTID": 7605,
    "liczba_tab": 1,
    "panel_1": "Osiedlowa",
    "panel_2": null,
    "panel_3": null,
    "panel_4": null,
    "panel_5": null,
    "rodzaj_mon": "E",
    "typ": "emalia biała",
    "zabytkowa": "tak"
   },
   "type": "Feature"
  },
  {
   "geometry": {
    "coordinates": [
     20.038248,
     50.082644
    ],
    "type": "Point"
   },
   "id": 7606,
   "properties": {
    "GlobalID": "73e3cac0-12c9-48e2-8926-dbc83ad45408",
    "OBJECTID": 7606,
    "liczba_tab": 1,
    "panel_1": "Stalowa",
    "panel_2": null,
    "panel_3": null,
    "panel_4": null,
    "panel_5": null,
    "rodzaj_mon": "E",
    "typ": "emalia biała",
    "zabytkowa": "tak"
   },
   "type": "Feature"
  },
  {
   "geometry": {
    "coordinates": [
     19.911309,
     50.052511
    ],
    "type": "Point"
   },
   "id": 7609,
   "properties": {
    "GlobalID": "e8aeb5f2-9f29-4eeb-8869-73f3e5366a7c",
    "OBJECTID": 7609,
    "liczba_tab": 1,
    "panel_1": "Gontyna",
    "panel_2": null,
    "panel_3": null,
    "panel_4": null,
    "panel_5": null,
    "rodzaj_mon": "E",
    "typ": "emalia biała",
    "zabytkowa": "tak"
   },
   "type": "Feature"
  },
  {
   "geometry": {
    "coordinates": [
     19.909881,
     50.05344
    ],
    "type": "Point"
   },
   "id": 7613,
   "properties": {
    "GlobalID": "fec41801-8739-4627-9d90-469c80c205ea",
    "OBJECTID": 7613,
    "liczba_tab": 1,
    "panel_1": "Św. Bronisławy",
    "panel_2": null,
    "panel_3": null,
    "panel_4": null,
    "panel_5": null,
    "rodzaj_mon": "E",
    "typ": "emalia biała",
    "zabytkowa": "tak"
   },
   "type": "Feature"
  },
  {
   "geometry": {
    "coordinates": [
     19.899783,
     50.057544
    ],
    "type": "Point"
   },
   "id": 7618,
   "properties": {
    "GlobalID": "3c6e07a4-1d14-4eb1-a145-791b3464d6d0",
    "OBJECTID": 7618,
    "liczba_tab": 1,
    "panel_1": "Wlastimila Hofmana",
    "panel_2": null,
    "panel_3": null,
    "panel_4": null,
    "panel_5": null,
    "rodzaj_mon": "E",
    "typ": "emalia biała",
    "zabytkowa": "tak"
   },
   "type": "Feature"
  },
  {
   "geometry": {
    "coordinates": [
     19.877639,
     50.050389
    ],
    "type": "Point"
   },
   "id": 7638,
   "properties": {
    "GlobalID": "95cbb3be-d957-4831-b25b-8a5e82b118fe",
    "OBJECTID": 7638,
    "liczba_tab": 1,
    "panel_1": "Uboczna",
    "panel_2": null,
    "panel_3": null,
    "panel_4": null,
    "panel_5": null,
    "rodzaj_mon": "O",
    "typ": "emalia biała",
    "zabytkowa": "tak"
   },
   "type": "Feature"
  },
  {
   "geometry": {
    "coordinates": [
     19.858667,
     50.046552
    ],
    "type": "Point"
   },
   "id": 7673,
   "properties": {
    "GlobalID": "5bf21f09-36cd-4b67-a2a0-2af60b3683db",
    "OBJECTID": 7673,
    "liczba_tab": 1,
    "panel_1": "Gajówka",
    "panel_2": null,
    "panel_3": null,
    "panel_4": null,
    "panel_5": null,
    "rodzaj_mon": "Se",
    "typ": "emalia biała",
    "zabytkowa": "tak"
   },
   "type": "Feature"
  },
  {
   "geometry": {
    "coordinates": [
     19.868054,
     50.061384
    ],
    "type": "Point"
   },
   "id": 7707,
   "properties": {
    "GlobalID": "fc505bb6-748c-4906-8868-abaa8bac4115",
    "OBJECTID": 7707,
    "liczba_tab": 1,
    "panel_1": "Jeleniowa",
    "panel_2": null,
    "panel_3": null,
    "panel_4": null,
    "panel_5": null,
    "rodzaj_mon": "E",
    "typ": "emalia biała",
    "zabytkowa": "tak"
   },
   "type": "Feature"
  },
  {
   "geometry": {
    "coordinates": [
     19.872231,
     50.060219
    ],
    "type": "Point"
   },
   "id": 7736,
   "properties": {
    "GlobalID": "91d61544-4cd4-4df6-9c66-92cee0bdec5a",
    "OBJECTID": 7736,
    "liczba_tab": 1,
    "panel_1": "Lisia",
    "panel_2": null,
    "panel_3": null,
    "panel_4": null,
    "panel_5": null,
    "rodzaj_mon": "O",
    "typ": "emalia biała",
    "zabytkowa": "tak"
   },
   "type": "Feature"
  },
  {
   "geometry": {
    "coordinates": [
     20.153232,
     50.065405
    ],
    "type": "Point"
   },
   "id": 7742,
   "properties": {
    "GlobalID": "71d6eecb-eefa-4557-9c25-5aadb09bedfb",
    "OBJECTID": 7742,
    "liczba_tab": 1,
    "panel_1": "Rzepakowa",
    "panel_2": null,
    "panel_3": null,
    "panel_4": null,
    "panel_5": null,
    "rodzaj_mon": "E",
    "typ": "emalia biała",
    "zabytkowa": "tak"
   },
   "type": "Feature"
  },
  {
   "geometry": {
    "coordinates": [
     20.150131,
     50.075231
    ],
    "type": "Point"
   },
   "id": 7744,
   "properties": {
    "GlobalID": "fcc9eb79-b033-495b-8925-5e76799d4264",
    "OBJECTID": 7744,
    "liczba_tab": 1,
    "panel_1": "Rzepakowa",
    "panel_2": null,
    "panel_3": null,
    "panel_4": null,
    "panel_5": null,
    "rodzaj_mon": "O",
    "typ": "emalia biała",
    "zabytkowa": "tak"
   },
   "type": "Feature"
  },
  {
   "geometry": {
    "coordinates": [
     19.877608,
     50.06714
    ],
    "type": "Point"
   },
   "id": 7754,
   "properties": {
    "GlobalID": "25d443bf-c193-48f2-b7fe-78d85cc79f11",
    "OBJECTID": 7754,
    "liczba_tab": 1,
    "panel_1": "Rogalskiego",
    "panel_2": null,
    "panel_3": null,
    "panel_4": null,
    "panel_5": null,
    "rodzaj_mon": "O",
    "typ": "emalia biała",
    "zabytkowa": "tak"
   },
   "type": "Feature"
  },
  {
   "geometry": {
    "coordinates": [
     19.858711,
     50.070915
    ],
    "type": "Point"
   },
   "id": 7776,
   "properties": {
    "GlobalID": "bbe770e9-521e-4d1d-88c7-3c9857c5258f",
    "OBJECTID": 7776,
    "liczba_tab": 1,
    "panel_1": "Bronisława Czecha",
    "panel_2": null,
    "panel_3": null,
    "panel_4": null,
    "panel_5": null,
    "rodzaj_mon": "O",
    "typ": "emalia biała",
    "zabytkowa": "tak"
   },
   "type": "Feature"
  },
  {
   "geometry": {
    "coordinates": [
     19.858977,
     50.070954
    ],
    "type": "Point"
   },
   "id": 7777,
   "properties": {
    "GlobalID": "ed4c9bfb-648d-4701-b5d0-b0bfb6a073bb",
    "OBJECTID": 7777,
    "liczba_tab": 1,
    "panel_1": "Bronisława Czecha",
    "panel_2": null,
    "panel_3": null,
    "panel_4": null,
    "panel_5": null,
    "rodzaj_mon": "O",
    "typ": "emalia biała",
    "zabytkowa": "tak"
   },
   "type": "Feature"
  },
  {
   "geometry": {
    "coordinates": [
     19.855929,
     50.0701
    ],
    "type": "Point"
   },
   "id": 7780,
   "properties": {
    "GlobalID": "a29b218f-c984-44fc-8ae4-63c1e7c1f8cb",
    "OBJECTID": 7780,
    "liczba_tab": 1,
    "panel_1": "Pylna",
    "panel_2": null,
    "panel_3": null,
    "panel_4": null,
    "panel_5": null,
    "rodzaj_mon": "Se",
    "typ": "emalia biała",
    "zabytkowa": "tak"
   },
   "type": "Feature"
  },
  {
   "geometry": {
    "coordinates": [
     19.852532,
     50.068212
    ],
    "type": "Point"
   },
   "id": 7792,
   "properties": {
    "GlobalID": "01392a32-cd9f-4d57-a4ff-5afc2a2a02a1",
    "OBJECTID": 7792,
    "liczba_tab": 1,
    "panel_1": "Rysi Stok",
    "panel_2": null,
    "panel_3": null,
    "panel_4": null,
    "panel_5": null,
    "rodzaj_mon": "O",
    "typ": "emalia biała",
    "zabytkowa": "tak"
   },
   "type": "Feature"
  },
  {
   "geometry": {
    "coordinates": [
     19.854437,
     50.067086
    ],
    "type": "Point"
   },
   "id": 7804,
   "properties": {
    "GlobalID": "9890a886-3ffd-4186-a7f9-f144f3d5c09c",
    "OBJECTID": 7804,
    "liczba_tab": 1,
    "panel_1": "Leona Chwistka",
    "panel_2": null,
    "panel_3": null,
    "panel_4": null,
    "panel_5": null,
    "rodzaj_mon": "O",
    "typ": "emalia biała",
    "zabytkowa": "tak"
   },
   "type": "Feature"
  },
  {
   "geometry": {
    "coordinates": [
     19.859641,
     50.067626
    ],
    "type": "Point"
   },
   "id": 7821,
   "properties": {
    "GlobalID": "a7b4a3d7-68bf-4c6d-bc67-d6a1b008acdd",
    "OBJECTID": 7821,
    "liczba_tab": 1,
    "panel_1": "Sarnie Uroczysko",
    "panel_2": null,
    "panel_3": null,
    "panel_4": null,
    "panel_5": null,
    "rodzaj_mon": "E",
    "typ": "emalia biała",
    "zabytkowa": "tak"
   },
   "type": "Feature"
  },
  {
   "geometry": {
    "coordinates": [
     19.861748,
     50.067047
    ],
    "type": "Point"
   },
   "id": 7823,
   "properties": {
    "GlobalID": "fdd760e1-09e6-4d9b-a9d6-c6702f8a42be",
    "OBJECTID": 7823,
    "liczba_tab": 1,
    "panel_1": "Kazimierza Nitscha",
    "panel_2": null,
    "panel_3": null,
    "panel_4": null,
    "panel_5": null,
    "rodzaj_mon": "O",
    "typ": "emalia biała",
    "zabytkowa": "tak"
   },
   "type": "Feature"
  },
  {
   "geometry": {
    "coordinates": [
     19.864714,
     50.066388
    ],
    "type": "Point"
   },
   "id": 7826,
   "properties": {
    "GlobalID": "78f1f2b1-0caa-4f0e-af67-a145e09d3d30",
    "OBJECTID": 7826,
    "liczba_tab": 1,
    "panel_1": "Aleja Sosnowa",
    "panel_2": null,
    "panel_3": null,
    "panel_4": null,
    "panel_5": null,
    "rodzaj_mon": "O",
    "typ": "emalia biała",
    "zabytkowa": "tak"
   },
   "type": "Feature"
  },
  {
   "geometry": {
    "coordinates": [
     19.87426,
     50.062992
    ],
    "type": "Point"
   },
   "id": 7829,
   "properties": {
    "GlobalID": "d6c37bfa-41a9-4ac2-b274-94756d83af03",
    "OBJECTID": 7829,
    "liczba_tab": 1,
    "panel_1": "28 Lipca 1943 r",
    "panel_2": null,
    "panel_3": null,
    "panel_4": null,
    "panel_5": null,
    "rodzaj_mon": "O",
    "typ": "emalia biała",
    "zabytkowa": "tak"
   },
   "type": "Feature"
  },
  {
   "geometry": {
    "coordinates": [
     19.859219,
     50.069439
    ],
    "type": "Point"
   },
   "id": 7840,
   "properties": {
    "GlobalID": "5703e899-a95f-47ce-88fb-a162686eb875",
    "OBJECTID": 7840,
    "liczba_tab": 1,
    "panel_1": "Królowej Jadwigi",
    "panel_2": null,
    "panel_3": null,
    "panel_4": null,
    "panel_5": null,
    "rodzaj_mon": "E",
    "typ": "emalia biała",
    "zabytkowa": "tak"
   },
   "type": "Feature"
  },
  {
   "geometry": {
    "coordinates": [
     19.826108,
     50.044889
    ],
    "type": "Point"
   },
   "id": 7874,
   "properties": {
    "GlobalID": "8bd9df68-d07e-4f6c-9c84-e5c13ca6927d",
    "OBJECTID": 7874,
    "liczba_tab": 1,
    "panel_1": "Bagatela",
    "panel_2": null,
    "panel_3": null,
    "panel_4": null,
    "panel_5": null,
    "rodzaj_mon": "O",
    "typ": "emalia biała",
    "zabytkowa": "tak"
   },
   "type": "Feature"
  },
  {
   "geometry": {
    "coordinates": [
     19.826027,
     50.044417
    ],
    "type": "Point"
   },
   "id": 7875,
   "properties": {
    "GlobalID": "67da0796-3ab4-488b-b50f-2d1c3cdb781e",
    "OBJECTID": 7875,
    "liczba_tab": 1,
    "panel_1": "Bagatela",
    "panel_2": null,
    "panel_3": null,
    "panel_4": null,
    "panel_5": null,
    "rodzaj_mon": "O",
    "typ": "emalia biała",
    "zabytkowa": "tak"
   },
   "type": "Feature"
  },
  {
   "geometry": {
    "coordinates": [
     19.824058,
     50.044753
    ],
    "type": "Point"
   },
   "id": 7878,
   "properties": {
    "GlobalID": "415d0b0f-8132-4ea8-b8fd-a78d37444fe6",
    "OBJECTID": 7878,
    "liczba_tab": 1,
    "panel_1": "Wincentego Oszustkowskiego",
    "panel_2": null,
    "panel_3": null,
    "panel_4": null,
    "panel_5": null,
    "rodzaj_mon": "O",
    "typ": "emalia biała",
    "zabytkowa": "tak"
   },
   "type": "Feature"
  },
  {
   "geometry": {
    "coordinates": [
     19.821246,
     50.041514
    ],
    "type": "Point"
   },
   "id": 7895,
   "properties": {
    "GlobalID": "c7c64301-2557-4a83-8cdf-f7d97948a1fc",
    "OBJECTID": 7895,
    "liczba_tab": 1,
    "panel_1": "Sokola",
    "panel_2": null,
    "panel_3": null,
    "panel_4": null,
    "panel_5": null,
    "rodzaj_mon": "O",
    "typ": "emalia biała",
    "zabytkowa": "tak"
   },
   "type": "Feature"
  },
  {
   "geometry": {
    "coordinates": [
     19.824208,
     50.038431
    ],
    "type": "Point"
   },
   "id": 7901,
   "properties": {
    "GlobalID": "34d4f2ab-41e2-4cc7-bc88-2116f09e6cb1",
    "OBJECTID": 7901,
    "liczba_tab": 1,
    "panel_1": "Na Górkach",
    "panel_2": null,
    "panel_3": null,
    "panel_4": null,
    "panel_5": null,
    "rodzaj_mon": "E",
    "typ": "emalia biała",
    "zabytkowa": "tak"
   },
   "type": "Feature"
  },
  {
   "geometry": {
    "coordinates": [
     19.821448,
     50.037758
    ],
    "type": "Point"
   },
   "id": 7902,
   "properties": {
    "GlobalID": "b3063710-6ee9-4c9a-a713-e2541058df6f",
    "OBJECTID": 7902,
    "liczba_tab": 1,
    "panel_1": "Bielańska",
    "panel_2": null,
    "panel_3": null,
    "panel_4": null,
    "panel_5": null,
    "rodzaj_mon": "O",
    "typ": "emalia biała",
    "zabytkowa": "tak"
   },
   "type": "Feature"
  },
  {
   "geometry": {
    "coordinates": [
     19.82787,
     50.041004
    ],
    "type": "Point"
   },
   "id": 7914,
   "properties": {
    "GlobalID": "abad58dd-9ee3-456e-a08d-9da6bf4a28ea",
    "OBJECTID": 7914,
    "liczba_tab": 1,
    "panel_1": "Kaszubska",
    "panel_2": null,
    "panel_3": null,
    "panel_4": null,
    "panel_5": null,
    "rodzaj_mon": "E",
    "typ": "emalia biała",
    "zabytkowa": "tak"
   },
   "type": "Feature"
  },
  {
   "geometry": {
    "coordinates": [
     19.828966,
     50.0398
    ],
    "type": "Point"
   },
   "id": 7922,
   "properties": {
    "GlobalID": "0cf62636-8e71-4379-989e-adf6eacb3a88",
    "OBJECTID": 7922,
    "liczba_tab": 1,
    "panel_1": "Skalna",
    "panel_2": null,
    "panel_3": null,
    "panel_4": null,
    "panel_5": null,
    "rodzaj_mon": "O",
    "typ": "emalia biała",
    "zabytkowa": "tak"
   },
   "type": "Feature"
  },
  {
   "geometry": {
    "coordinates": [
     19.832154,
     50.042002
    ],
    "type": "Point"
   },
   "id": 7932,
   "properties": {
    "GlobalID": "4ecb06f5-86b3-41d1-9355-5758d3276282",
    "OBJECTID": 7932,
    "liczba_tab": 1,
    "panel_1": "Daleka",
    "panel_2": null,
    "panel_3": null,
    "panel_4": null,
    "panel_5": null,
    "rodzaj_mon": "Se",
    "typ": "emalia biała",
    "zabytkowa": "tak"
   },
   "type": "Feature"
  },
  {
   "geometry": {
    "coordinates": [
     20.13514,
     50.058816
    ],
    "type": "Point"
   },
   "id": 7970,
   "properties": {
    "GlobalID": "5e079f91-fb26-4e4f-9216-a9d635930a65",
    "OBJECTID": 7970,
    "liczba_tab": 1,
    "panel_1": "Branicka",
    "panel_2": null,
    "panel_3": null,
    "panel_4": null,
    "panel_5": null,
    "rodzaj_mon": "E",
    "typ": "emalia biała",
    "zabytkowa": "tak"
   },
   "type": "Feature"
  },
  {
   "geometry": {
    "coordinates": [
     20.149795,
     50.056214
    ],
    "type": "Point"
   },
   "id": 7976,
   "properties": {
    "GlobalID": "299e72ac-a3e2-4ecf-b216-ced1a7cc3dba",
    "OBJECTID": 7976,
    "liczba_tab": 1,
    "panel_1": "Tatarakowa",
    "panel_2": null,
    "panel_3": null,
    "panel_4": null,
    "panel_5": null,
    "rodzaj_mon": "O",
    "typ": "emalia biała",
    "zabytkowa": "tak"
   },
   "type": "Feature"
  },
  {
   "geometry": {
    "coordinates": [
     20.14111,
     50.064417
    ],
    "type": "Point"
   },
   "id": 7982,
   "properties": {
    "GlobalID": "41b10247-1145-4ebf-8c55-5ee0ce11d909",
    "OBJECTID": 7982,
    "liczba_tab": 1,
    "panel_1": "Gen. Michała Karczewicza-Tokarzewskiego ",
    "panel_2": null,
    "panel_3": null,
    "panel_4": null,
    "panel_5": null,
    "rodzaj_mon": "O",
    "typ": "emalia biała",
    "zabytkowa": "tak"
   },
   "type": "Feature"
  },
  {
   "geometry": {
    "coordinates": [
     20.142677,
     50.068912
    ],
    "type": "Point"
   },
   "id": 7986,
   "properties": {
    "GlobalID": "4d5ad750-2ecf-4b84-a458-0e8c9f60b595",
    "OBJECTID": 7986,
    "liczba_tab": 1,
    "panel_1": "Plastusia",
    "panel_2": null,
    "panel_3": null,
    "panel_4": null,
    "panel_5": null,
    "rodzaj_mon": "E",
    "typ": "emalia biała",
    "zabytkowa": "tak"
   },
   "type": "Feature"
  },
  {
   "geometry": {
    "coordinates": [
     20.122029,
     50.048276
    ],
    "type": "Point"
   },
   "id": 7994,
   "properties": {
    "GlobalID": "e921a20a-3ebb-413a-aaf0-609eb1a50e8f",
    "OBJECTID": 7994,
    "liczba_tab": 1,
    "panel_1": "Kłosowa",
    "panel_2": null,
    "panel_3": null,
    "panel_4": null,
    "panel_5": null,
    "rodzaj_mon": "E",
    "typ": "emalia biała",
    "zabytkowa": "tak"
   },
   "type": "Feature"
  },
  {
   "geometry": {
    "coordinates": [
     20.125534,
     50.04875
    ],
    "type": "Point"
   },
   "id": 8004,
   "properties": {
    "GlobalID": "f60e0213-86ab-4e44-bd60-f9e8c7b8b020",
    "OBJECTID": 8004,
    "liczba_tab": 1,
    "panel_1": "Rumiankowa",
    "panel_2": null,
    "panel_3": null,
    "panel_4": null,
    "panel_5": null,
    "rodzaj_mon": "E",
    "typ": "emalia biała",
    "zabytkowa": "tak"
   },
   "type": "Feature"
  },
  {
   "geometry": {
    "coordinates": [
     20.134296,
     50.049659
    ],
    "type": "Point"
   },
   "id": 8008,
   "properties": {
    "GlobalID": "9f717166-a63d-4797-81ac-ebddf7852be0",
    "OBJECTID": 8008,
    "liczba_tab": 1,
    "panel_1": "Kąkolowa",
    "panel_2": null,
    "panel_3": null,
    "panel_4": null,
    "panel_5": null,
    "rodzaj_mon": "O",
    "typ": "emalia biała",
    "zabytkowa": "tak"
   },
   "type": "Feature"
  },
  {
   "geometry": {
    "coordinates": [
     20.125024,
     50.054549
    ],
    "type": "Point"
   },
   "id": 8010,
   "properties": {
    "GlobalID": "48eec486-a88f-4ba4-b33e-a4a8ae8a41fc",
    "OBJECTID": 8010,
    "liczba_tab": 1,
    "panel_1": "Kąkolowa ",
    "panel_2": null,
    "panel_3": null,
    "panel_4": null,
    "panel_5": null,
    "rodzaj_mon": "E",
    "typ": "emalia biała",
    "zabytkowa": "tak"
   },
   "type": "Feature"
  },
  {
   "geometry": {
    "coordinates": [
     20.123975,
     50.055134
    ],
    "type": "Point"
   },
   "id": 8012,
   "properties": {
    "GlobalID": "cba1bc0b-ff23-4460-9b40-2206b93ce379",
    "OBJECTID": 8012,
    "liczba_tab": 1,
    "panel_1": "Branicka",
    "panel_2": null,
    "panel_3": null,
    "panel_4": null,
    "panel_5": null,
    "rodzaj_mon": "E",
    "typ": "emalia biała",
    "zabytkowa": "tak"
   },
   "type": "Feature"
  },
  {
   "geometry": {
    "coordinates": [
     20.154261,
     50.077225
    ],
    "type": "Point"
   },
   "id": 8015,
   "properties": {
    "GlobalID": "4d903645-5c5d-4895-96d1-26943c2b0dbe",
    "OBJECTID": 8015,
    "liczba_tab": 1,
    "panel_1": "Jeziorko",
    "panel_2": null,
    "panel_3": null,
    "panel_4": null,
    "panel_5": null,
    "rodzaj_mon": "E",
    "typ": "emalia biała",
    "zabytkowa": "tak"
   },
   "type": "Feature"
  },
  {
   "geometry": {
    "coordinates": [
     20.033787,
     50.082489
    ],
    "type": "Point"
   },
   "id": 8016,
   "properties": {
    "GlobalID": "4761aa63-151e-4bfd-9d9e-e401e97585b7",
    "OBJECTID": 8016,
    "liczba_tab": 1,
    "panel_1": "Osiedle Krakowiaków",
    "panel_2": null,
    "panel_3": null,
    "panel_4": null,
    "panel_5": null,
    "rodzaj_mon": "E",
    "typ": "emalia niebieska",
    "zabytkowa": "tak"
   },
   "type": "Feature"
  },
  {
   "geometry": {
    "coordinates": [
     19.928045,
     50.084189
    ],
    "type": "Point"
   },
   "id": 8025,
   "properties": {
    "GlobalID": "0a4024f9-b5ac-457c-8501-0060383c06f1",
    "OBJECTID": 8025,
    "liczba_tab": null,
    "panel_1": "Józefa Wybickiego",
    "panel_2": null,
    "panel_3": null,
    "panel_4": null,
    "panel_5": null,
    "rodzaj_mon": "E",
    "typ": "emalia biała",
    "zabytkowa": "tak"
   },
   "type": "Feature"
  },
  {
   "geometry": {
    "coordinates": [
     19.957578,
     50.046716
    ],
    "type": "Point"
   },
   "id": 8039,
   "properties": {
    "GlobalID": "a68da1ed-fde2-47e7-8c0c-15835348cf36",
    "OBJECTID": 8039,
    "liczba_tab": 1,
    "panel_1": "Traugutta",
    "panel_2": null,
    "panel_3": null,
    "panel_4": null,
    "panel_5": null,
    "rodzaj_mon": "E",
    "typ": "emalia biała",
    "zabytkowa": "tak"
   },
   "type": "Feature"
  },
  {
   "geometry": {
    "coordinates": [
     19.944102,
     50.054136
    ],
    "type": "Point"
   },
   "id": 8051,
   "properties": {
    "GlobalID": "42e7533e-b072-41da-9186-92e0c38a4d73",
    "OBJECTID": 8051,
    "liczba_tab": 1,
    "panel_1": "Brzozowa",
    "panel_2": null,
    "panel_3": null,
    "panel_4": null,
    "panel_5": null,
    "rodzaj_mon": "E",
    "typ": "emalia biała",
    "zabytkowa": "tak"
   },
   "type": "Feature"
  },
  {
   "geometry": {
    "coordinates": [
     19.954688,
     50.057958
    ],
    "type": "Point"
   },
   "id": 8056,
   "properties": {
    "GlobalID": "356923d0-746a-46ad-be6f-2c95cd500bef",
    "OBJECTID": 8056,
    "liczba_tab": 1,
    "panel_1": "Jana Karola Chodkiewicza 4",
    "panel_2": null,
    "panel_3": null,
    "panel_4": null,
    "panel_5": null,
    "rodzaj_mon": "E",
    "typ": "emalia biała",
    "zabytkowa": "tak"
   },
   "type": "Feature"
  },
  {
   "geometry": {
    "coordinates": [
     19.954412,
     50.067372
    ],
    "type": "Point"
   },
   "id": 8070,
   "properties": {
    "GlobalID": "e002a241-00aa-4962-91fe-aead9b7c9a4e",
    "OBJECTID": 8070,
    "liczba_tab": 1,
    "panel_1": "Aleksandra Lubomirskiego ",
    "panel_2": null,
    "panel_3": null,
    "panel_4": null,
    "panel_5": null,
    "rodzaj_mon": "E",
    "typ": "emalia biała",
    "zabytkowa": "tak"
   },
   "type": "Feature"
  },
  {
   "geometry": {
    "coordinates": [
     19.954678,
     50.067316
    ],
    "type": "Point"
   },
   "id": 8071,
   "properties": {
    "GlobalID": "6d034f99-073b-418a-857b-154d74e41422",
    "OBJECTID": 8071,
    "liczba_tab": 1,
    "panel_1": "Aleksandra Lubomirskiego ",
    "panel_2": null,
    "panel_3": null,
    "panel_4": null,
    "panel_5": null,
    "rodzaj_mon": "E",
    "typ": "emalia biała",
    "zabytkowa": "tak"
   },
   "type": "Feature"
  },
  {
   "geometry": {
    "coordinates": [
     19.956116,
     50.067044
    ],
    "type": "Point"
   },
   "id": 8072,
   "properties": {
    "GlobalID": "bfdeda6b-4be4-4fc2-9ea2-c46e44dc3a80",
    "OBJECTID": 8072,
    "liczba_tab": 1,
    "panel_1": "Aleksandra Lubomirskiego ",
    "panel_2": null,
    "panel_3": null,
    "panel_4": null,
    "panel_5": null,
    "rodzaj_mon": "E",
    "typ": "emalia biała",
    "zabytkowa": "tak"
   },
   "type": "Feature"
  },
  {
   "geometry": {
    "coordinates": [
     19.957065,
     50.066867
    ],
    "type": "Point"
   },
   "id": 8073,
   "properties": {
    "GlobalID": "b1f9e8d8-792d-4943-9629-e5cbfbe4f04a",
    "OBJECTID": 8073,
    "liczba_tab": 1,
    "panel_1": "Aleksandra Lubomirskiego ",
    "panel_2": null,
    "panel_3": null,
    "panel_4": null,
    "panel_5": null,
    "rodzaj_mon": "E",
    "typ": "emalia biała",
    "zabytkowa": "tak"
   },
   "type": "Feature"
  },
  {
   "geometry": {
    "coordinates": [
     19.927808,
     50.063247
    ],
    "type": "Point"
   },
   "id": 8093,
   "properties": {
    "GlobalID": "a27abc2b-d9fe-4ca6-9ae6-860bc1189f1f",
    "OBJECTID": 8093,
    "liczba_tab": 1,
    "panel_1": "Krupnicza",
    "panel_2": null,
    "panel_3": null,
    "panel_4": null,
    "panel_5": null,
    "rodzaj_mon": "E",
    "typ": "emalia biała",
    "zabytkowa": "tak"
   },
   "type": "Feature"
  },
  {
   "geometry": {
    "coordinates": [
     19.927965,
     50.066183
    ],
    "type": "Point"
   },
   "id": 8094,
   "properties": {
    "GlobalID": "69b08e64-3fd9-4f2f-97c3-90d1bc59ac9b",
    "OBJECTID": 8094,
    "liczba_tab": 1,
    "panel_1": "Jana Kochanowskiego ",
    "panel_2": null,
    "panel_3": null,
    "panel_4": null,
    "panel_5": null,
    "rodzaj_mon": "E",
    "typ": "emalia biała",
    "zabytkowa": "tak"
   },
   "type": "Feature"
  },
  {
   "geometry": {
    "coordinates": [
     19.928924,
     50.061161
    ],
    "type": "Point"
   },
   "id": 8098,
   "properties": {
    "GlobalID": "cd67e739-f24e-4954-a463-24e9588924e3",
    "OBJECTID": 8098,
    "liczba_tab": 1,
    "panel_1": "Plac gen. Władysława Sikorskiego",
    "panel_2": null,
    "panel_3": null,
    "panel_4": null,
    "panel_5": null,
    "rodzaj_mon": "E",
    "typ": "emalia biała",
    "zabytkowa": "tak"
   },
   "type": "Feature"
  },
  {
   "geometry": {
    "coordinates": [
     20.029212,
     50.074058
    ],
    "type": "Point"
   },
   "id": 8099,
   "properties": {
    "GlobalID": "27ac444e-9588-475e-97ae-810068a4c58e",
    "OBJECTID": 8099,
    "liczba_tab": 1,
    "panel_1": "Osiedle Kolorowe",
    "panel_2": null,
    "panel_3": null,
    "panel_4": null,
    "panel_5": null,
    "rodzaj_mon": "E",
    "typ": "emalia niebieska",
    "zabytkowa": "tak"
   },
   "type": "Feature"
  },
  {
   "geometry": {
    "coordinates": [
     19.910353,
     50.068701
    ],
    "type": "Point"
   },
   "id": 8126,
   "properties": {
    "GlobalID": "41424b14-6751-4570-b870-6c6425dc950e",
    "OBJECTID": 8126,
    "liczba_tab": 1,
    "panel_1": "Toruńska",
    "panel_2": null,
    "panel_3": null,
    "panel_4": null,
    "panel_5": null,
    "rodzaj_mon": "E",
    "typ": "emalia biała",
    "zabytkowa": "tak"
   },
   "type": "Feature"
  },
  {
   "geometry": {
    "coordinates": [
     19.883731,
     50.082302
    ],
    "type": "Point"
   },
   "id": 8129,
   "properties": {
    "GlobalID": "9674ed62-66d5-40e3-9050-4d53f3a4bc78",
    "OBJECTID": 8129,
    "liczba_tab": 1,
    "panel_1": "balicka",
    "panel_2": null,
    "panel_3": null,
    "panel_4": null,
    "panel_5": null,
    "rodzaj_mon": "E",
    "typ": "emalia biała",
    "zabytkowa": "tak"
   },
   "type": "Feature"
  },
  {
   "geometry": {
    "coordinates": [
     20.047554,
     50.077656
    ],
    "type": "Point"
   },
   "id": 8130,
   "properties": {
    "GlobalID": "2a11769c-1fb1-424f-bee6-c497135f41c3",
    "OBJECTID": 8130,
    "liczba_tab": 1,
    "panel_1": "Edwarda Rydza-Śmigłego",
    "panel_2": null,
    "panel_3": null,
    "panel_4": null,
    "panel_5": null,
    "rodzaj_mon": "E",
    "typ": "emalia biała",
    "zabytkowa": "tak"
   },
   "type": "Feature"
  },
  {
   "geometry": {
    "coordinates": [
     20.0384,
     50.07455
    ],
    "type": "Point"
   },
   "id": 8131,
   "properties": {
    "GlobalID": "4220db03-0435-480d-85f9-3fd1769b7f34",
    "OBJECTID": 8131,
    "liczba_tab": 1,
    "panel_1": "os. Centrum B",
    "panel_2": null,
    "panel_3": null,
    "panel_4": null,
    "panel_5": null,
    "rodzaj_mon": "E",
    "typ": "emalia niebieska",
    "zabytkowa": "tak"
   },
   "type": "Feature"
  },
  {
   "geometry": {
    "coordinates": [
     19.941448,
     49.993586
    ],
    "type": "Point"
   },
   "id": 8144,
   "properties": {
    "GlobalID": "daed11dc-7e8d-404c-8ac9-ce1ce6e73b5b",
    "OBJECTID": 8144,
    "liczba_tab": 1,
    "panel_1": "Ulica Merkuriusza Polskiego",
    "panel_2": null,
    "panel_3": null,
    "panel_4": null,
    "panel_5": null,
    "rodzaj_mon": "E",
    "typ": "emalia biała",
    "zabytkowa": "tak"
   },
   "type": "Feature"
  },
  {
   "geometry": {
    "coordinates": [
     19.948921,
     49.996187
    ],
    "type": "Point"
   },
   "id": 8145,
   "properties": {
    "GlobalID": "d238f176-24d0-4a83-8bcc-e6ecfc5e4072",
    "OBJECTID": 8145,
    "liczba_tab": 1,
    "panel_1": "Józefa Morozewicza",
    "panel_2": null,
    "panel_3": null,
    "panel_4": null,
    "panel_5": null,
    "rodzaj_mon": "E",
    "typ": "emalia biała",
    "zabytkowa": "tak"
   },
   "type": "Feature"
  },
  {
   "geometry": {
    "coordinates": [
     19.931049,
     49.990052
    ],
    "type": "Point"
   },
   "id": 8148,
   "properties": {
    "GlobalID": "7e8b84bd-9ce5-4cdf-8b71-71ea6d427140",
    "OBJECTID": 8148,
    "liczba_tab": 1,
    "panel_1": "Kazimierza Moszyńskiego",
    "panel_2": null,
    "panel_3": null,
    "panel_4": null,
    "panel_5": null,
    "rodzaj_mon": "E",
    "typ": "emalia biała",
    "zabytkowa": "tak"
   },
   "type": "Feature"
  },
  {
   "geometry": {
    "coordinates": [
     19.895178,
     50.048921
    ],
    "type": "Point"
   },
   "id": 8149,
   "properties": {
    "GlobalID": "2477d307-f7dd-47a8-830e-3183081b9962",
    "OBJECTID": 8149,
    "liczba_tab": 1,
    "panel_1": "Wodocigowa",
    "panel_2": null,
    "panel_3": null,
    "panel_4": null,
    "panel_5": null,
    "rodzaj_mon": "O",
    "typ": "emalia biała",
    "zabytkowa": "tak"
   },
   "type": "Feature"
  },
  {
   "geometry": {
    "coordinates": [
     19.92367,
     50.044435
    ],
    "type": "Point"
   },
   "id": 8152,
   "properties": {
    "GlobalID": "f9b604a1-a662-4333-b715-4fe4402aabef",
    "OBJECTID": 8152,
    "liczba_tab": 1,
    "panel_1": "Twardowskiego ",
    "panel_2": null,
    "panel_3": null,
    "panel_4": null,
    "panel_5": null,
    "rodzaj_mon": "E",
    "typ": "emalia biała",
    "zabytkowa": "tak"
   },
   "type": "Feature"
  },
  {
   "geometry": {
    "coordinates": [
     20.029045,
     50.077633
    ],
    "type": "Point"
   },
   "id": 8161,
   "properties": {
    "GlobalID": "9dba6b01-2e49-49a1-9865-21da5e0340a9",
    "OBJECTID": 8161,
    "liczba_tab": null,
    "panel_1": "gen. Wł. Andersa",
    "panel_2": null,
    "panel_3": null,
    "panel_4": null,
    "panel_5": null,
    "rodzaj_mon": null,
    "typ": "emalia biała",
    "zabytkowa": "tak"
   },
   "type": "Feature"
  },
  {
   "geometry": {
    "coordinates": [
     19.91351,
     50.052623
    ],
    "type": "Point"
   },
   "id": 8165,
   "properties": {
    "GlobalID": "8177d76d-7b55-41ef-8bd0-45c2a10ff5cc",
    "OBJECTID": 8165,
    "liczba_tab": null,
    "panel_1": null,
    "panel_2": null,
    "panel_3": null,
    "panel_4": null,
    "panel_5": null,
    "rodzaj_mon": null,
    "typ": "emalia biała",
    "zabytkowa": "tak"
   },
   "type": "Feature"
  },
  {
   "geometry": {
    "coordinates": [
     20.200176,
     50.058711
    ],
    "type": "Point"
   },
   "id": 8168,
   "properties": {
    "GlobalID": "c627de3a-afba-4415-8fc8-1e679971db23",
    "OBJECTID": 8168,
    "liczba_tab": null,
    "panel_1": "Wiązowa",
    "panel_2": null,
    "panel_3": null,
    "panel_4": null,
    "panel_5": null,
    "rodzaj_mon": null,
    "typ": "emalia biała",
    "zabytkowa": "tak"
   },
   "type": "Feature"
  },
  {
   "geometry": {
    "coordinates": [
     19.989325,
     50.026909
    ],
    "type": "Point"
   },
   "id": 8169,
   "properties": {
    "GlobalID": "b51be8b2-4055-45b5-a0d6-95eb40687cd6",
    "OBJECTID": 8169,
    "liczba_tab": 1,
    "panel_1": "Gierymskich",
    "panel_2": null,
    "panel_3": null,
    "panel_4": null,
    "panel_5": null,
    "rodzaj_mon": "E",
    "typ": "emalia biała",
    "zabytkowa": "tak"
   },
   "type": "Feature"
  },
  {
   "geometry": {
    "coordinates": [
     20.109649,
     50.066655
    ],
    "type": "Point"
   },
   "id": 8173,
   "properties": {
    "GlobalID": "6daf3fda-c9ec-483d-805d-0021b83dabe7",
    "OBJECTID": 8173,
    "liczba_tab": 1,
    "panel_1": "Suchy Jar",
    "panel_2": null,
    "panel_3": null,
    "panel_4": null,
    "panel_5": null,
    "rodzaj_mon": "E",
    "typ": "emalia biała",
    "zabytkowa": "tak"
   },
   "type": "Feature"
  },
  {
   "geometry": {
    "coordinates": [
     19.953985,
     50.08576
    ],
    "type": "Point"
   },
   "id": 8178,
   "properties": {
    "GlobalID": "8acc2795-0164-462a-abb8-289d72a54c43",
    "OBJECTID": 8178,
    "liczba_tab": 1,
    "panel_1": "Aleja 29 Listopada",
    "panel_2": null,
    "panel_3": null,
    "panel_4": null,
    "panel_5": null,
    "rodzaj_mon": "E",
    "typ": "emalia biała",
    "zabytkowa": "tak"
   },
   "type": "Feature"
  },
  {
   "geometry": {
    "coordinates": [
     19.961336,
     50.075841
    ],
    "type": "Point"
   },
   "id": 8224,
   "properties": {
    "GlobalID": "c2b5d801-26bf-4671-95e1-936a7d7da89b",
    "OBJECTID": 8224,
    "liczba_tab": 1,
    "panel_1": "Bolesława Chrobrego",
    "panel_2": null,
    "panel_3": null,
    "panel_4": null,
    "panel_5": null,
    "rodzaj_mon": "E",
    "typ": "emalia biała",
    "zabytkowa": "tak"
   },
   "type": "Feature"
  },
  {
   "geometry": {
    "coordinates": [
     19.928241,
     50.067406
    ],
    "type": "Point"
   },
   "id": 8226,
   "properties": {
    "GlobalID": "edf209a9-687f-4983-b9f1-8514dd104834",
    "OBJECTID": 8226,
    "liczba_tab": null,
    "panel_1": null,
    "panel_2": null,
    "panel_3": null,
    "panel_4": null,
    "panel_5": null,
    "rodzaj_mon": null,
    "typ": "emalia biała",
    "zabytkowa": "tak"
   },
   "type": "Feature"
  },
  {
   "geometry": {
    "coordinates": [
     19.923918,
     50.062208
    ],
    "type": "Point"
   },
   "id": 8227,
   "properties": {
    "GlobalID": "f3c8bc99-3a7b-43ab-b488-e524d70d8992",
    "OBJECTID": 8227,
    "liczba_tab": 1,
    "panel_1": "Krupnicza",
    "panel_2": null,
    "panel_3": null,
    "panel_4": null,
    "panel_5": null,
    "rodzaj_mon": "E",
    "typ": "emalia biała",
    "zabytkowa": "tak"
   },
   "type": "Feature"
  }
 ],
 "meta": {
  "count": 923,
  "geometryType": "esriGeometryPoint",
  "item": {
   "access": "public",
   "accessInformation": null,
   "itemId": "2701a1e22dde42f0bf3020925c4755d2",
   "itemPage": "https://www.arcgis.com/home/item.html?id=2701a1e22dde42f0bf3020925c4755d2",
   "licence": "UNVERIFIED",
   "licenseInfo": null,
   "modified": "2025-08-28T07:13:46.000Z",
   "owner": "spytkowskig_1",
   "title": "Zabytkowe tablice SIM"
  },
  "layerId": 0,
  "layerName": "inwentaryzacja_ulicowki_",
  "objectIdField": "OBJECTID",
  "query": "where=1%3D1&outFields=*&f=geojson&outSR=4326&geometryPrecision=6&orderByFields=OBJECTID+ASC&resultOffset=<paged>&resultRecordCount=1000",
  "retrievedAt": "2026-10-03T13:24:09Z",
  "service": "Zabytkowe_tablice_SIM",
  "source": "Kraków municipal ArcGIS Online (Zintegrowana Platforma GIS - Gmina Miejska Kraków)",
  "url": "https://services-eu1.arcgis.com/svTzSt3AvH7sK6q9/ArcGIS/rest/services/Zabytkowe_tablice_SIM/FeatureServer/0",
  "what": "historic enamel street-name signs kept by the City Information System (SIM), layer inwentaryzacja_ulicowki_; panel_1..5 = sign text (street names), not memorial plaques"
 },
 "type": "FeatureCollection"
}
